weather_id,event_id,weather_date,temperature_c,rainfall_mm,humidity_percent,wind_speed_kmph,weather_condition
900001,400021,2025-11-04,27.6,7.9,54.2,3.0,Storm
900002,402144,2026-01-19,23.9,28.3,58.6,23.2,Haze
900003,401050,2024-11-19,30.5,5.3,63.9,15.0,Cloudy
900004,403174,2025-05-30,23.4,11.5,38.4,5.3,Clear
900006,400222,2025-05-16,21.5,14.4,27.4,2.1,Clear
900007,403128,2024-02-28,16.1,4.1,49.9,3.4,Heavy Rain
900008,400955,2025-01-13,23.9,1.8,45.1,47.9,Rain
900009,400197,2024-02-01,33.9,2.0,54.3,0.4,Storm
900010,404074,2024-08-23,30.6,0.5,55.3,10.6,Heavy Rain
900011,404605,2025-07-01,31.0,5.6,67.4,3.1,Heavy Rain
900012,403485,2026-05-20,15.6,3.9,67.3,2.1,Storm
900013,403466,2024-12-14,18.3,8.4,81.7,6.4,Cloudy
900014,401316,2026-05-19,41.3,12.3,61.1,1.3,Haze
900015,400253,2025-10-29,7.8,13.9,57.6,8.0,Clear
900016,400471,2025-06-01,25.7,8.0,49.5,29.1,Rain
900017,403377,2026-01-30,13.9,10.6,69.9,22.5,Cloudy
900018,402601,2024-06-03,19.3,12.0,41.2,44.1,Storm
900019,401292,2025-08-28,22.0,18.1,50.1,10.0,Clear
900020,400685,2024-03-09,22.8,2.5,49.6,8.5,Heavy Rain
900021,402328,2024-07-03,36.0,10.1,78.7,25.8,Clear
900022,402453,2025-04-19,37.1,0.3,86.7,20.7,Rain
900023,403894,2024-07-03,20.6,18.7,69.2,7.3,Heavy Rain
900024,400526,2025-02-24,31.6,3.7,56.4,23.3,Clear
900025,400179,2025-01-01,24.9,5.4,65.3,6.0,Rain
900026,402948,2025-02-02,32.7,3.7,62.3,15.5,Storm
900027,401658,2025-03-16,32.8,3.7,88.1,5.4,Haze
900028,402159,2025-09-28,29.6,6.2,49.1,35.5,Rain
900029,402482,2024-05-04,43.7,8.2,74.5,16.5,Heavy Rain
900030,401796,2024-03-08,44.7,0.1,65.8,32.8,Cloudy
900031,404182,2024-07-22,34.2,3.7,62.2,16.3,Rain
900032,402191,2025-04-16,30.1,4.0,38.3,17.4,Storm
900033,404230,2026-05-17,34.7,9.1,60.6,0.9,Rain
900034,401909,2025-09-23,21.6,6.0,46.1,11.7,Clear
900035,400335,2026-05-03,14.8,33.7,69.8,14.2,Haze
900036,404280,2024-05-13,33.4,11.1,64.3,10.4,Rain
900037,404993,2024-10-18,22.4,0.4,38.1,16.5,Rain
900038,400397,2026-01-28,29.3,8.2,54.4,13.2,Clear
900039,401822,2026-06-20,25.5,4.0,82.0,3.8,Haze
900040,403593,2024-07-18,17.1,1.5,61.4,21.5,Storm
900041,403477,2024-09-24,29.4,5.0,57.1,2.0,Heavy Rain
900042,401632,2024-05-19,29.3,4.5,73.2,18.2,Haze
900043,404826,2025-04-07,27.0,0.7,63.8,8.6,Heavy Rain
900044,401460,2024-08-25,36.1,20.6,76.7,1.0,Heavy Rain
900045,403748,2024-03-31,13.6,5.7,67.1,7.3,Heavy Rain
900046,403568,2024-02-18,20.3,0.8,50.6,4.1,Heavy Rain
900047,404283,2026-03-15,18.0,5.4,61.4,61.8,Clear
900048,400066,2024-01-03,23.7,8.5,42.2,2.3,Clear
900049,400748,2026-06-12,13.0,5.0,85.3,23.9,Haze
900050,401638,2025-01-18,29.0,7.3,63.3,5.4,Heavy Rain
900051,404240,2025-10-22,15.3,0.1,67.1,4.1,Cloudy
900052,403420,2025-04-20,30.7,4.0,53.1,6.1,Haze
900053,401560,2025-05-23,25.6,3.5,77.7,0.6,Clear
900054,404684,2024-12-11,19.1,21.0,67.0,7.5,Clear
900055,401215,2025-05-03,30.1,28.9,61.8,23.5,Cloudy
900056,404923,2024-12-15,30.7,3.6,25.4,12.3,Clear
900057,404409,2026-07-15,36.4,4.4,74.9,8.5,Clear
900058,400330,2024-01-31,12.1,4.6,77.9,6.2,Rain
900059,402393,2025-09-13,25.2,18.8,68.6,6.3,Haze
900060,403539,2025-05-13,39.4,17.2,85.0,16.3,Cloudy
900061,401224,2024-07-09,18.8,17.2,67.6,37.4,Cloudy
900062,400515,2024-09-10,31.5,3.9,66.9,10.5,Cloudy
900063,400754,2025-12-02,35.2,7.4,51.7,3.0,Cloudy
900064,402030,2024-01-08,20.8,18.7,64.3,12.8,Heavy Rain
900065,404176,2025-12-24,23.6,12.3,41.7,29.7,Cloudy
900066,402282,2024-03-25,49.3,8.4,70.0,4.8,Storm
900067,401455,2026-06-26,20.2,17.7,81.6,18.0,Haze
900068,403988,2025-06-11,19.8,3.9,40.8,9.5,Heavy Rain
900069,404074,2025-04-25,37.2,3.4,45.6,5.2,Clear
900070,403361,2024-04-07,35.4,15.1,73.6,4.3,Cloudy
900071,404331,2025-11-08,29.8,11.5,45.5,4.9,Rain
900072,402000,2024-09-23,31.1,10.4,75.9,3.7,Clear
900073,400872,2024-12-11,35.6,4.1,75.6,5.4,Cloudy
900074,402454,2025-11-22,34.4,13.9,67.7,10.7,Rain
900075,403916,2026-04-09,40.7,12.5,69.1,12.7,Heavy Rain
900076,401260,2024-12-15,17.0,0.6,69.3,17.0,Clear
900077,400870,2025-12-22,35.7,27.8,65.0,2.0,Heavy Rain
900079,401354,2026-04-26,16.9,5.2,76.1,3.5,Storm
900080,401211,2024-10-16,27.9,7.8,92.0,12.2,Clear
900081,404659,2024-04-12,32.0,9.7,58.6,29.8,Clear
900082,401260,2025-02-09,27.1,17.3,28.4,8.1,Haze
900083,402365,2026-01-20,29.7,4.3,66.4,0.9,Clear
900084,402444,2025-05-03,16.0,0.9,48.1,0.8,Storm
900085,401080,2025-01-12,28.4,1.6,92.0,15.4,Cloudy
900086,401019,2026-05-20,35.0,12.0,78.0,12.6,Rain
900087,400305,2025-08-27,40.1,2.0,69.3,1.8,Clear
900088,404099,2026-02-08,35.3,2.7,73.0,16.9,Heavy Rain
900089,400886,2024-11-28,24.0,3.2,84.2,17.0,Storm
900090,402220,2024-11-28,22.0,3.4,30.0,5.4,Storm
900091,400475,2026-02-07,25.7,16.5,84.9,11.7,Cloudy
900092,403381,2024-03-03,28.4,20.7,37.5,17.9,Haze
900093,403620,2024-07-22,26.4,0.8,79.0,7.7,Clear
900094,404619,2025-01-29,34.7,9.5,95.3,22.8,Rain
900095,403206,2025-03-14,34.3,18.5,62.5,6.9,Storm
900097,402260,2025-12-07,23.2,5.2,75.8,14.9,Haze
900098,403113,2024-06-05,33.7,17.0,72.1,2.1,Storm
900099,404088,2024-06-13,17.6,0.6,63.6,19.7,Cloudy
900100,401991,2024-05-13,37.0,17.8,66.6,5.1,Heavy Rain
900101,401848,2024-12-06,21.9,11.4,56.5,1.6,Cloudy
900102,402225,2024-12-19,37.2,4.3,32.6,1.4,Haze
900103,403131,2024-06-12,13.3,2.3,63.1,13.8,Clear
900104,403815,2026-06-27,23.2,7.5,56.9,0.6,Heavy Rain
900105,402224,2025-11-05,34.0,10.5,27.2,18.0,Heavy Rain
900106,401977,2024-10-04,32.4,1.4,72.4,15.4,Heavy Rain
900107,404876,2025-03-09,21.4,9.3,32.4,10.8,Storm
900108,400214,2026-07-18,32.3,15.3,44.3,9.5,Cloudy
900109,403941,2026-03-17,21.5,3.8,42.8,6.7,Rain
900110,400345,2024-01-29,22.7,12.1,40.4,23.3,Storm
900111,404492,2024-09-06,22.0,0.3,77.4,11.2,Clear
900112,403947,2024-01-22,18.6,12.0,76.2,19.1,Cloudy
900113,402283,2024-02-03,34.1,19.3,68.3,10.6,Cloudy
900114,401315,2025-07-27,21.0,22.1,41.0,17.2,Storm
900115,400028,2025-04-22,32.1,11.7,67.0,13.9,Rain
900116,401548,2026-05-28,22.1,11.6,91.4,17.1,Heavy Rain
900117,402227,2026-04-01,16.0,20.5,57.5,7.1,Haze
900118,404185,2024-05-01,21.0,4.6,80.2,1.1,Storm
900119,402779,2025-09-23,20.8,6.3,27.7,0.2,Haze
900120,400733,2025-04-20,18.6,0.5,69.1,5.6,Heavy Rain
900121,404149,2024-07-29,25.8,4.6,99.0,3.2,Storm
900122,402039,2025-07-23,27.6,12.1,50.3,3.2,Rain
900124,402884,2026-07-10,41.1,9.6,97.5,10.7,Clear
900125,404770,2024-04-17,16.0,24.2,59.0,5.9,Clear
900126,403179,2024-05-25,11.5,1.2,50.2,6.7,Haze
900127,404351,2025-12-09,17.1,2.8,38.1,16.4,Storm
900128,404036,2026-01-31,40.7,18.3,68.4,17.5,Storm
900129,401324,2025-09-13,26.5,0.3,96.2,3.5,Storm
900130,401787,2026-02-10,25.2,13.0,69.1,1.4,Storm
900131,403160,2026-02-22,16.8,0.4,34.7,1.1,Cloudy
900132,402417,2024-04-08,22.7,11.0,72.0,23.8,Haze
900133,404488,2026-04-01,38.7,1.6,67.0,81.9,Cloudy
900134,400492,2026-04-05,21.0,18.9,69.5,22.1,Rain
900135,403437,2025-11-21,32.0,1.1,54.9,10.0,Heavy Rain
900136,401878,2024-02-22,23.5,13.6,71.5,6.1,Heavy Rain
900137,400091,2025-06-08,20.3,12.6,90.9,1.7,Storm
900138,401242,2024-04-04,24.1,14.5,66.4,11.2,Heavy Rain
900139,403795,2026-03-31,30.1,4.0,88.9,9.4,Storm
900140,404797,2024-06-08,25.5,20.3,84.8,0.5,Clear
900141,401967,2026-04-23,36.8,6.5,59.2,46.1,Heavy Rain
900142,400974,2024-09-23,46.2,18.2,52.3,23.1,Haze
900143,403454,2024-03-23,13.4,2.4,62.5,9.5,Cloudy
900144,404836,2024-12-08,31.7,5.4,61.4,6.4,Haze
900145,402719,2025-11-25,34.6,11.6,61.7,15.0,Clear
900146,402929,2025-06-10,33.9,22.1,54.2,4.4,Storm
900147,400790,2024-08-16,17.9,12.8,49.1,7.9,Cloudy
900148,403690,2024-10-26,36.9,0.4,62.4,7.4,Storm
900149,404110,2025-04-22,34.4,7.6,60.1,7.8,Rain
900150,401241,2025-01-27,33.8,18.4,66.7,60.5,Haze
900151,403220,2025-12-21,39.2,3.1,84.2,22.9,Heavy Rain
900152,400238,2025-09-14,29.5,4.1,40.5,6.4,Storm
900153,402463,2024-03-07,36.6,9.9,67.2,16.5,Rain
900154,404590,2024-10-30,26.3,1.8,67.7,1.7,Haze
900155,401109,2026-01-13,38.8,5.9,67.3,49.3,Storm
900156,402023,2024-06-18,35.9,24.7,59.4,12.2,Clear
900157,400643,2025-07-22,23.9,2.7,42.6,19.9,Rain
900158,402291,2024-09-02,21.6,0.6,61.9,4.3,Storm
900159,402355,2024-03-30,14.8,5.8,59.5,6.7,Rain
900160,404388,2024-07-08,32.1,4.6,67.5,9.1,Heavy Rain
900161,403825,2026-02-27,30.9,2.6,73.0,22.9,Clear
900162,400617,2025-03-22,28.0,14.4,79.2,13.0,Haze
900163,401727,2025-04-16,20.7,6.3,75.7,11.2,Rain
900164,400711,2025-10-02,35.2,2.6,68.4,0.8,Storm
900165,403148,2024-09-08,19.4,5.7,73.7,10.7,Rain
900166,401727,2024-09-16,20.0,13.9,83.3,26.5,Clear
900167,402498,2024-12-29,24.3,4.5,35.8,25.9,Cloudy
900168,403499,2024-05-14,22.7,3.8,83.2,11.4,Haze
900169,400989,2024-01-18,30.7,4.4,38.6,0.7,Storm
900170,404639,2026-02-06,27.4,4.6,63.4,4.4,Cloudy
900171,402664,2024-12-10,16.7,0.0,67.2,15.2,Clear
900172,400067,2025-05-14,32.4,15.8,79.7,1.6,Storm
900173,403810,2026-04-16,41.5,10.9,66.0,19.4,Clear
900174,402135,2024-02-10,33.3,26.8,54.9,10.0,Haze
900175,400888,2025-09-20,31.4,6.6,84.2,9.3,Haze
900176,400248,2026-06-09,16.7,2.9,91.0,10.2,Storm
900177,400232,2024-03-31,35.0,0.6,65.6,9.2,Cloudy
900178,403021,2025-06-10,15.6,1.5,82.1,15.9,Storm
900179,401661,2025-04-10,19.1,0.5,71.1,37.2,Storm
900180,403600,2026-04-24,24.9,8.1,64.8,21.4,Storm
900181,403085,2024-08-19,27.5,7.7,61.9,0.7,Heavy Rain
900182,404266,2026-02-01,31.5,1.1,62.4,39.1,Haze
900183,403839,2025-06-20,36.9,11.5,66.2,13.8,Cloudy
900184,401481,2025-04-01,42.7,2.0,85.0,15.0,Heavy Rain
900185,403639,2026-06-06,30.1,2.6,76.6,14.3,Haze
900187,401391,2025-05-21,34.4,5.6,81.9,0.4,Haze
900188,400014,2025-08-01,17.2,1.8,54.2,9.1,Storm
900189,402913,2024-10-18,32.6,3.0,57.7,2.3,Heavy Rain
900190,402315,2024-01-24,24.1,5.2,60.9,0.7,Haze
900191,400242,2025-08-26,28.6,0.9,59.8,11.1,Heavy Rain
900192,404524,2026-07-04,34.2,0.5,39.7,8.6,Haze
900193,401963,2025-10-04,27.1,10.4,37.7,17.8,Clear
900194,403908,2025-03-11,28.4,1.8,68.6,11.4,Storm
900195,400867,2026-02-22,33.3,0.1,67.4,3.0,Storm
900196,402215,2024-04-25,19.3,4.0,34.9,1.8,Storm
900197,403178,2024-07-17,25.0,21.7,56.6,18.0,Rain
900198,400953,2024-03-12,29.7,5.1,66.5,28.2,Cloudy
900199,403972,2025-01-14,45.4,2.7,64.3,3.6,Haze
900200,403706,2025-05-28,24.4,18.9,68.1,39.6,Heavy Rain
900201,400737,2024-04-01,26.1,3.9,70.9,5.5,Cloudy
900202,400249,2026-07-14,18.9,4.0,73.4,34.3,Cloudy
900203,402317,2025-09-14,23.5,15.6,60.4,6.6,Haze
900204,403077,2024-07-11,25.4,4.5,88.2,21.3,Storm
900205,402103,2026-05-02,14.6,1.8,49.0,5.8,Heavy Rain
900206,400557,2025-04-11,18.6,0.5,64.3,2.8,Rain
900207,404694,2025-02-03,20.5,2.5,64.3,3.0,Rain
900208,401503,2026-06-04,21.8,49.3,58.0,7.1,Cloudy
900209,403874,2025-05-26,27.4,0.2,86.5,19.5,Cloudy
900210,402770,2024-11-10,31.9,6.9,58.9,13.0,Clear
900211,400054,2025-08-22,15.3,6.3,53.1,14.5,Cloudy
900212,404634,2025-03-24,23.6,1.2,50.1,36.4,Clear
900213,402102,2024-11-17,39.3,1.5,38.6,34.2,Rain
900214,402090,2025-03-21,35.0,20.7,72.6,30.6,Cloudy
900215,401933,2024-02-10,32.4,18.4,57.7,14.3,Heavy Rain
900216,404040,2024-10-05,25.6,21.7,72.2,13.2,Rain
900217,400507,2026-01-07,36.5,17.6,94.5,22.7,Haze
900218,404444,2026-03-01,32.4,2.2,88.1,16.5,Cloudy
900219,402502,2025-10-30,33.1,17.7,64.9,11.6,Haze
900220,403280,2025-05-30,25.8,5.5,79.5,45.0,Rain
900221,400547,2025-09-21,32.9,7.2,62.5,1.8,Rain
900222,404349,2026-07-13,24.5,8.2,78.0,1.7,Haze
900223,402650,2025-08-25,25.0,5.9,63.2,18.0,Rain
900224,400792,2026-01-10,31.8,7.2,38.8,16.9,Haze
900227,402609,2024-02-15,29.3,8.6,55.6,2.9,Haze
900228,401528,2025-07-02,25.7,1.0,50.9,6.0,Heavy Rain
900229,403012,2024-01-12,17.6,25.3,86.1,0.6,Cloudy
900230,401504,2026-02-23,27.9,4.7,67.9,6.8,Cloudy
900231,403499,2025-11-04,21.7,5.0,82.3,5.8,Cloudy
900232,402838,2026-02-15,27.6,2.0,74.7,6.0,Storm
900233,402192,2024-06-02,23.3,3.3,66.0,35.6,Heavy Rain
900234,400558,2026-04-10,27.0,2.8,90.6,5.0,Haze
900236,401903,2024-05-19,36.0,1.9,59.1,30.9,Rain
900237,400705,2025-04-13,21.1,35.0,76.7,5.0,Clear
900238,403246,2025-01-11,28.5,5.5,90.6,12.8,Storm
900239,402137,2024-01-22,24.2,4.4,65.9,5.5,Rain
900240,400125,2025-10-09,14.6,0.6,55.2,1.1,Storm
900241,404286,2024-02-25,32.0,8.9,75.3,9.4,Rain
900242,404262,2024-09-08,31.3,0.6,52.2,8.6,Heavy Rain
900243,404298,2025-12-19,29.4,4.4,56.4,10.1,Haze
900244,401319,2024-07-29,37.0,14.4,73.5,10.2,Storm
900245,400519,2025-02-22,19.7,24.5,55.6,5.1,Haze
900246,402245,2025-11-02,15.7,12.1,86.0,9.6,Heavy Rain
900247,404880,2024-01-10,20.6,9.4,44.1,12.8,Cloudy
900248,400404,2025-01-25,33.9,11.5,55.5,40.2,Clear
900249,402416,2024-07-07,11.1,4.1,30.0,1.7,Rain
900250,400116,2024-06-19,33.1,6.1,68.9,13.4,Haze
900251,400770,2025-07-25,48.1,1.5,43.1,4.3,Cloudy
900252,404036,2024-05-20,25.8,1.7,41.6,18.0,Haze
900253,400243,2026-02-26,9.5,2.9,88.1,21.2,Storm
900254,400077,2026-07-13,27.0,2.7,73.3,3.0,Clear
900255,401075,2025-09-15,34.8,13.5,63.0,18.3,Heavy Rain
900256,403886,2024-03-12,26.2,6.1,61.8,11.3,Haze
900257,400503,2024-04-13,28.9,18.5,84.1,31.6,Haze
900258,403154,2024-02-06,42.7,3.7,30.4,10.7,Cloudy
900259,402364,2025-06-23,21.9,37.5,54.4,29.1,Heavy Rain
900260,404268,2024-07-18,34.2,17.7,48.4,4.0,Storm
900261,401009,2025-08-29,12.9,1.5,89.4,7.6,Haze
900262,404675,2024-07-26,35.2,0.3,75.9,8.5,Haze
900263,402745,2025-08-24,30.6,5.5,99.6,20.5,Clear
900264,402115,2024-08-05,16.2,6.5,99.3,22.6,Clear
900265,404181,2025-01-22,26.1,8.8,73.7,1.0,Haze
900266,401225,2024-05-22,40.5,2.3,74.4,1.8,Haze
900267,401275,2024-12-28,24.8,21.4,50.9,13.7,Clear
900268,403224,2026-02-24,24.2,4.4,60.2,1.0,Clear
900269,402562,2026-06-04,40.2,3.8,74.0,25.7,Haze
900270,401327,2024-10-14,29.9,4.4,12.0,2.0,Rain
900271,403295,2024-01-24,27.0,2.3,57.9,37.5,Cloudy
900272,401575,2025-10-24,17.9,4.9,41.5,1.0,Cloudy
900273,403881,2026-07-18,22.8,3.7,84.1,0.1,Heavy Rain
900274,404327,2026-02-13,21.0,5.4,73.4,38.2,Rain
900275,403605,2025-04-21,26.8,1.4,86.1,19.5,Cloudy
900276,401071,2026-05-11,22.0,4.2,59.4,16.1,Storm
900277,400962,2024-07-26,24.8,9.9,45.7,1.8,Cloudy
900278,402332,2025-03-28,35.9,4.2,35.5,9.7,Clear
900279,402016,2025-11-02,21.1,3.7,52.3,2.7,Clear
900280,400454,2025-10-29,23.4,16.5,79.0,7.7,Clear
900281,402032,2024-07-26,25.9,2.6,29.3,27.0,Haze
900283,403218,2024-11-07,21.1,0.1,89.3,0.4,Rain
900284,404151,2025-10-26,19.0,2.8,56.8,5.1,Clear
900285,402187,2025-01-18,29.4,0.7,51.5,3.2,Heavy Rain
900286,404993,2026-05-03,41.9,11.4,57.0,8.4,Clear
900287,402663,2026-03-13,20.2,0.5,55.9,3.5,Rain
900288,404179,2024-12-16,20.1,3.6,86.6,2.0,Clear
900289,401506,2025-05-11,15.3,0.4,67.8,5.3,Rain
900290,404996,2024-02-18,26.5,0.1,51.8,15.6,Cloudy
900291,401726,2024-06-19,21.8,20.4,80.3,2.1,Haze
900292,401007,2024-11-16,16.7,0.6,61.9,12.7,Haze
900293,404121,2024-12-02,31.9,10.5,45.3,22.9,Cloudy
900294,400074,2025-05-20,35.8,3.1,48.9,10.1,Cloudy
900295,400047,2024-09-01,50.4,14.6,64.3,19.6,Storm
900296,402592,2024-01-07,36.3,0.0,56.3,52.2,Heavy Rain
900297,400090,2024-10-12,34.2,4.6,62.5,1.0,Clear
900298,400298,2026-07-11,33.0,14.9,71.6,2.4,Heavy Rain
900299,402748,2025-12-23,23.6,7.4,87.7,42.6,Storm
900300,401843,2026-04-12,28.7,0.1,66.8,7.6,Storm
900301,403321,2025-03-06,35.3,10.5,50.1,6.1,Haze
900302,404119,2026-03-22,5.4,0.6,71.9,1.9,Heavy Rain
900303,402384,2024-03-19,42.1,7.4,57.8,2.7,Storm
900304,402717,2025-05-26,25.8,4.2,35.9,3.2,Clear
900305,402367,2025-06-19,28.4,19.9,91.3,17.1,Heavy Rain
900306,404114,2025-01-19,34.1,2.5,64.3,17.3,Rain
900307,401043,2024-01-30,25.8,13.9,71.5,51.5,Haze
900308,401090,2025-07-23,12.0,7.1,57.1,5.3,Cloudy
900309,403975,2026-01-04,28.8,3.5,58.0,9.7,Cloudy
900310,401620,2024-03-01,20.3,28.2,63.4,1.0,Storm
900311,401309,2026-03-28,20.8,20.7,53.7,0.9,Heavy Rain
900312,401688,2024-02-09,16.7,22.8,78.4,9.9,Heavy Rain
900314,404654,2025-04-24,30.2,12.2,84.6,1.7,Storm
900315,400745,2024-12-10,17.2,7.7,47.2,0.8,Cloudy
900316,404779,2025-08-24,3.2,8.0,67.7,2.0,Rain
900317,401899,2024-10-25,24.7,2.4,78.5,10.2,Clear
900318,402136,2026-06-04,24.7,0.6,63.7,2.0,Cloudy
900319,402440,2024-07-18,33.3,0.7,77.1,12.6,Heavy Rain
900320,403452,2024-08-13,44.3,11.0,63.5,36.1,Cloudy
900321,400715,2026-05-31,23.1,1.9,66.0,3.9,Clear
900322,401810,2026-05-04,18.5,4.9,65.4,0.3,Cloudy
900323,400288,2025-10-07,11.8,15.2,31.7,1.3,Storm
900324,403987,2024-12-16,33.2,3.1,46.6,10.0,Rain
900325,401734,2024-12-12,33.2,9.8,74.7,5.3,Clear
900326,401700,2024-07-24,9.5,3.6,73.3,27.4,Storm
900327,401365,2024-09-25,18.3,11.3,92.7,6.2,Clear
900328,400112,2024-11-02,34.5,2.9,42.6,11.8,Rain
900329,404762,2025-05-22,29.7,3.7,73.1,17.2,Cloudy
900330,401969,2025-06-26,21.0,2.7,82.3,13.6,Haze
900331,403450,2025-10-24,33.7,0.3,95.0,5.2,Clear
900332,404543,2024-10-14,28.6,4.4,36.9,14.0,Clear
900333,400749,2026-04-01,35.2,9.7,37.3,40.5,Cloudy
900334,401792,2024-08-24,29.0,6.6,78.3,9.2,Heavy Rain
900335,401198,2024-05-30,15.4,1.9,61.1,3.3,Cloudy
900336,401775,2024-05-16,27.0,0.6,44.0,3.0,Cloudy
900337,403582,2024-03-27,19.8,20.0,67.8,18.6,Cloudy
900338,402355,2024-08-18,34.8,10.1,86.0,0.3,Rain
900339,402619,2026-04-22,33.6,4.3,79.5,8.0,Haze
900340,400687,2026-07-05,27.0,0.3,64.3,12.7,Cloudy
900341,403346,2024-01-12,27.4,9.6,69.6,18.2,Haze
900342,401706,2024-10-19,23.1,10.5,86.7,22.2,Cloudy
900344,404911,2025-11-07,17.8,1.4,78.6,15.5,Heavy Rain
900345,403859,2025-02-24,22.1,17.2,78.0,9.1,Heavy Rain
900346,401398,2024-02-04,20.3,9.6,93.9,33.3,Storm
900347,400432,2025-06-22,20.1,6.2,66.2,2.4,Haze
900348,402034,2025-07-24,34.4,3.6,70.6,9.1,Rain
900349,400731,2025-06-07,32.8,6.5,90.7,0.9,Cloudy
900350,400516,2024-03-02,36.3,0.5,69.9,26.0,Clear
900351,404611,2025-06-13,31.5,7.1,70.4,1.4,Heavy Rain
900353,404092,2025-09-03,20.2,4.8,55.4,7.4,Haze
900354,404117,2025-09-11,37.5,13.2,75.2,16.7,Rain
900355,402476,2024-07-12,41.7,0.1,79.2,12.5,Storm
900356,401995,2025-10-16,21.2,5.9,37.8,3.2,Clear
900357,404147,2024-02-25,24.6,0.9,61.5,14.7,Clear
900358,400261,2024-03-15,6.2,3.6,79.9,4.4,Rain
900359,401052,2025-01-07,32.3,5.5,56.3,7.0,Heavy Rain
900360,404882,2026-02-19,24.8,0.8,41.8,2.0,Cloudy
900361,400869,2025-02-10,23.5,21.3,81.3,14.3,Cloudy
900362,401849,2024-11-30,33.2,0.3,79.8,40.4,Storm
900363,404159,2025-07-02,21.8,12.9,61.7,2.2,Clear
900364,402536,2024-12-15,16.6,0.5,83.4,10.2,Clear
900365,401202,2024-03-18,50.1,9.1,88.0,3.2,Storm
900366,401927,2026-02-05,42.3,6.6,42.6,13.5,Clear
900367,402228,2024-12-25,35.9,3.1,43.3,17.6,Rain
900368,402865,2024-05-18,41.0,5.8,47.2,10.3,Clear
900369,403612,2026-06-23,34.9,16.8,58.2,14.4,Haze
900370,400468,2025-10-15,29.5,0.6,62.3,3.3,Rain
900371,404806,2025-11-06,25.2,1.3,81.1,21.5,Clear
900372,404959,2025-01-25,39.8,13.7,78.0,2.9,Cloudy
900373,401498,2025-07-21,39.1,19.2,43.4,8.0,Storm
900374,401034,2026-06-13,26.8,2.2,49.8,69.6,Heavy Rain
900375,403944,2025-11-15,20.8,0.0,68.1,20.7,Rain
900376,404465,2026-06-15,19.3,7.6,50.5,2.1,Clear
900377,402925,2025-08-10,8.0,6.3,96.2,4.2,Rain
900378,401453,2024-07-03,19.6,7.3,75.9,10.7,Clear
900379,403906,2024-10-12,27.1,20.2,43.8,12.7,Rain
900380,400466,2024-04-08,25.3,10.0,49.7,45.1,Storm
900381,402719,2025-08-09,29.5,0.2,76.7,13.5,Clear
900382,401552,2025-03-21,33.2,1.6,74.5,1.0,Clear
900383,404887,2024-09-28,21.4,6.9,75.3,2.6,Rain
900384,400091,2024-03-11,12.9,2.1,76.6,7.0,Haze
900385,404086,2025-05-28,15.2,4.4,66.1,14.2,Haze
900386,401864,2024-05-18,28.6,13.6,65.0,4.8,Haze
900387,400855,2024-08-04,25.0,6.6,66.5,14.4,Rain
900388,402502,2026-01-10,32.4,7.5,84.0,13.6,Haze
900389,402284,2024-04-17,28.0,8.6,45.5,10.2,Storm
900390,401871,2025-12-13,26.3,11.3,79.7,17.1,Cloudy
900391,403498,2024-03-11,31.6,3.9,62.9,6.6,Heavy Rain
900392,402135,2026-06-04,17.3,0.3,35.0,0.3,Rain
900394,404638,2025-08-17,17.8,5.4,69.6,16.2,Heavy Rain
900395,403327,2025-08-05,27.0,3.9,42.5,5.0,Rain
900396,403751,2024-10-03,9.6,16.8,50.2,5.8,Cloudy
900397,402713,2025-01-13,9.0,19.9,76.5,1.8,Cloudy
900398,401962,2024-10-09,32.5,11.6,94.1,4.5,Storm
900399,400215,2024-06-06,19.2,2.0,50.3,0.6,Clear
900400,404796,2024-06-11,33.6,3.2,63.9,3.8,Clear
900401,404471,2024-11-11,30.3,7.2,54.1,17.5,Heavy Rain
900402,400785,2024-11-20,39.1,9.7,65.2,3.7,Heavy Rain
900403,404445,2024-12-17,28.6,3.2,89.1,10.1,Clear
900404,400930,2024-03-03,35.8,2.9,54.4,13.2,Cloudy
900405,401522,2026-04-02,31.8,0.3,67.2,1.9,Cloudy
900407,402412,2024-06-17,20.2,6.4,42.3,1.3,Storm
900408,401394,2024-04-27,21.3,1.5,55.8,7.1,Haze
900409,402787,2024-01-01,21.5,16.1,93.0,5.7,Storm
900410,401624,2024-08-12,38.9,2.9,70.3,0.3,Haze
900411,403807,2024-12-17,21.1,20.7,66.8,2.9,Heavy Rain
900412,402964,2025-01-04,23.3,30.4,69.7,15.6,Heavy Rain
900413,404773,2025-08-20,38.9,8.5,34.9,18.3,Heavy Rain
900414,401286,2024-02-21,24.8,5.6,67.6,9.9,Clear
900415,403953,2024-06-15,15.1,8.1,68.5,2.8,Clear
900416,404734,2024-12-20,18.4,5.5,44.5,0.5,Cloudy
900417,404349,2025-05-24,29.6,5.5,60.5,23.4,Storm
900418,402412,2024-10-22,28.1,2.7,56.3,2.6,Haze
900419,403596,2025-08-30,9.0,12.9,67.6,7.7,Cloudy
900420,402575,2024-05-13,32.9,2.7,91.5,17.9,Heavy Rain
900421,402727,2025-09-20,24.7,19.1,53.2,15.5,Storm
900422,401556,2025-09-03,31.1,2.6,60.1,9.0,Heavy Rain
900423,404892,2025-05-31,9.6,24.3,39.6,0.7,Clear
900424,403707,2026-02-20,19.7,10.1,61.8,12.9,Storm
900425,401667,2025-12-18,25.9,2.1,56.7,1.8,Clear
900426,404340,2025-01-25,24.1,2.2,52.4,1.5,Rain
900427,404148,2024-06-26,24.5,0.6,78.2,9.5,Haze
900428,400485,2025-09-24,22.1,0.6,49.0,13.9,Storm
900429,402362,2024-11-03,36.6,17.0,53.5,26.1,Heavy Rain
900430,401329,2025-10-18,38.2,8.1,54.2,3.3,Clear
900431,402009,2026-02-20,22.3,14.2,91.8,16.9,Heavy Rain
900432,400656,2025-05-02,26.9,8.8,73.7,2.4,Haze
900433,402174,2024-09-29,15.1,1.4,88.2,9.0,Clear
900434,402786,2024-01-15,27.8,3.2,54.2,3.5,Haze
900435,403471,2024-10-28,28.0,0.4,30.8,4.4,Cloudy
900436,402941,2026-03-05,27.0,10.8,59.6,4.1,Rain
900437,400732,2024-01-21,26.8,11.4,60.7,2.9,Storm
900439,403982,2025-05-17,27.0,8.7,71.1,7.2,Haze
900440,403409,2025-04-07,18.6,14.1,70.3,27.7,Heavy Rain
900441,401237,2025-09-13,25.9,1.1,63.5,37.4,Rain
900442,400568,2025-03-31,27.0,17.4,40.5,1.9,Heavy Rain
900443,403982,2024-03-09,17.8,4.6,71.9,1.0,Clear
900444,404006,2025-03-16,23.3,18.0,94.9,0.5,Haze
900445,404112,2024-02-15,3.6,6.5,37.0,5.2,Haze
900446,403223,2024-08-30,30.2,9.6,73.0,5.9,Cloudy
900447,400680,2025-08-07,15.0,1.3,44.4,46.5,Haze
900448,403289,2025-06-08,20.1,9.1,64.3,11.6,Cloudy
900449,401742,2024-05-30,22.2,2.8,45.5,3.5,Clear
900450,401221,2026-03-11,28.6,1.2,59.0,17.2,Haze
900451,401442,2024-06-22,27.0,7.8,48.2,0.7,Cloudy
900452,401990,2025-12-23,30.8,18.4,37.5,30.0,Rain
900453,401039,2025-12-05,28.6,23.3,64.1,3.4,Storm
900454,400891,2024-11-22,31.7,1.3,35.2,52.0,Rain
900455,401912,2024-05-20,34.3,7.7,88.4,11.4,Haze
900456,401682,2024-10-26,20.9,2.3,75.3,33.0,Clear
900457,404936,2024-10-06,28.2,5.5,77.3,7.2,Cloudy
900458,400222,2025-12-12,23.6,5.1,65.1,15.2,Cloudy
900459,403423,2024-06-03,28.6,8.5,58.4,8.7,Storm
900460,401021,2025-10-28,16.7,17.5,64.3,74.0,Haze
900461,403623,2024-10-03,27.8,7.9,88.5,5.8,Storm
900462,402811,2025-06-21,16.5,7.7,60.9,3.1,Rain
900463,401602,2024-07-04,31.5,11.2,69.5,3.0,Haze
900464,400672,2024-05-11,14.9,5.6,86.7,16.1,Clear
900465,401352,2026-01-14,27.1,9.4,50.4,32.8,Storm
900466,400762,2025-10-21,29.1,0.8,56.9,9.3,Cloudy
900467,401805,2024-09-03,15.0,28.4,34.6,22.5,Clear
900468,403632,2025-10-16,29.7,4.5,73.7,4.5,Storm
900469,400174,2024-02-10,29.2,12.3,75.6,1.3,Storm
900470,400436,2025-03-10,34.0,5.2,49.2,0.1,Heavy Rain
900471,400428,2024-09-30,34.4,12.5,63.0,3.0,Cloudy
900472,404856,2025-01-03,26.2,7.1,79.2,9.0,Clear
900474,402065,2026-05-12,16.7,2.2,41.6,6.8,Heavy Rain
900475,402529,2025-01-26,17.5,32.2,43.8,7.5,Rain
900476,404708,2025-05-30,45.0,8.1,23.8,5.3,Rain
900477,404945,2025-02-14,36.0,26.3,70.3,3.3,Heavy Rain
900478,404205,2025-10-30,30.5,2.7,67.3,39.5,Heavy Rain
900479,401042,2025-01-25,21.2,11.7,37.5,3.8,Haze
900480,403322,2025-01-20,22.3,3.5,73.1,14.7,Cloudy
900482,404127,2026-04-03,22.8,3.6,69.1,8.7,Clear
900483,401083,2024-12-16,32.2,2.3,64.3,21.7,Rain
900484,403469,2024-09-01,28.8,8.1,53.7,25.7,Heavy Rain
900485,400333,2025-02-17,32.3,1.8,80.4,5.2,Haze
900486,401697,2024-04-03,27.7,14.3,60.9,18.3,Clear
900487,402706,2026-03-12,44.3,3.3,89.2,1.5,Cloudy
900488,400334,2024-04-15,31.1,28.2,39.7,14.5,Cloudy
900489,404710,2026-03-21,16.7,7.6,39.1,3.2,Heavy Rain
900490,403213,2024-12-01,26.4,0.6,85.1,8.0,Heavy Rain
900491,400767,2025-04-09,36.5,1.1,35.7,6.8,Heavy Rain
900493,400631,2025-10-22,14.5,11.1,69.3,8.8,Haze
900496,401908,2024-11-09,30.3,17.9,35.7,2.4,Heavy Rain
900497,400266,2024-01-30,28.0,1.0,69.8,5.5,Heavy Rain
900498,404178,2025-02-14,29.8,4.4,57.0,9.9,Cloudy
900499,401732,2026-07-03,28.9,20.2,64.3,0.1,Rain
900500,402868,2024-04-28,22.0,19.9,51.3,0.5,Clear
900501,400772,2024-11-11,27.2,5.7,79.8,18.4,Cloudy
900502,401352,2024-11-04,38.3,0.9,38.5,11.3,Heavy Rain
900503,402198,2024-12-26,19.1,4.2,92.4,0.4,Cloudy
900505,404331,2026-03-09,40.0,8.4,27.9,23.3,Haze
900506,402612,2026-05-15,23.1,14.5,56.8,11.8,Haze
900507,401164,2025-07-16,33.2,12.1,64.3,1.3,Storm
900508,401080,2025-06-04,32.3,8.4,56.8,12.3,Storm
900509,404234,2025-06-19,35.8,0.3,72.5,5.5,Heavy Rain
900510,400857,2025-01-24,29.3,1.6,72.9,20.7,Rain
900511,401273,2024-12-27,27.1,5.0,57.6,6.6,Heavy Rain
900512,401963,2025-04-23,9.4,8.7,60.8,13.8,Clear
900513,402487,2024-01-21,28.7,2.7,74.2,15.4,Storm
900514,400340,2026-02-02,29.8,1.4,71.8,1.1,Clear
900515,400222,2026-04-10,26.4,1.8,58.9,1.8,Clear
900516,403882,2025-05-01,33.1,2.6,63.6,14.3,Rain
900517,402001,2024-12-05,19.7,15.0,85.2,3.2,Cloudy
900518,404003,2025-03-03,20.9,18.2,56.0,3.0,Clear
900519,400411,2024-01-23,30.6,7.8,87.7,9.3,Heavy Rain
900520,403396,2024-06-10,30.8,8.0,17.1,25.3,Heavy Rain
900521,402389,2024-08-29,23.5,21.1,71.6,2.2,Rain
900522,402876,2024-12-03,29.3,0.5,78.5,1.9,Storm
900523,403652,2024-04-21,20.8,10.3,82.8,14.9,Rain
900524,404372,2024-10-18,28.9,18.7,59.8,18.4,Heavy Rain
900525,403143,2025-01-03,26.4,0.4,74.7,2.5,Haze
900526,402241,2024-11-05,29.8,3.2,44.1,7.4,Rain
900527,403529,2025-04-04,23.5,25.8,50.3,3.3,Rain
900528,403649,2026-03-12,19.3,0.1,43.6,7.5,Storm
900529,404686,2025-10-21,19.0,13.7,68.5,11.5,Haze
900530,404785,2024-05-31,36.2,64.6,50.7,4.6,Haze
900531,403198,2024-11-17,25.4,4.6,31.3,7.0,Rain
900532,400588,2024-08-14,31.8,7.3,42.9,32.9,Clear
900533,402457,2026-06-16,41.3,10.4,84.2,1.8,Storm
900534,404453,2026-07-02,26.8,3.1,47.1,15.2,Clear
900535,400658,2024-05-07,27.2,13.7,90.3,16.4,Clear
900536,404773,2024-07-22,20.6,2.1,96.2,2.6,Clear
900537,401018,2024-10-01,19.1,11.4,49.1,1.2,Clear
900538,400896,2026-06-08,24.1,9.0,49.7,12.7,Storm
900539,403695,2025-12-02,10.4,1.6,93.8,1.9,Storm
900540,401091,2026-07-03,26.0,2.1,69.1,32.5,Haze
900541,403687,2026-03-09,28.7,14.3,51.3,4.7,Haze
900542,401558,2025-09-05,14.7,4.4,85.4,4.2,Rain
900543,400925,2024-12-24,24.6,4.1,79.8,12.4,Haze
900544,403722,2024-01-08,24.2,1.1,68.9,1.7,Heavy Rain
900545,403939,2026-01-23,17.8,3.1,80.2,12.8,Cloudy
900546,400406,2026-05-20,23.4,5.7,35.0,4.9,Clear
900547,403003,2025-09-04,22.0,8.5,84.8,13.6,Heavy Rain
900548,400195,2026-03-18,16.7,4.7,74.7,1.0,Rain
900549,401050,2024-10-31,27.6,3.5,65.5,7.6,Clear
900550,404024,2024-05-29,13.2,3.8,58.8,5.9,Haze
900551,401763,2025-06-18,27.0,1.5,47.6,0.0,Storm
900552,403906,2024-10-04,26.8,1.2,55.3,36.6,Heavy Rain
900553,404330,2025-10-21,11.9,8.9,74.2,41.1,Haze
900554,402097,2025-09-17,26.6,1.7,12.8,2.9,Storm
900555,404341,2026-01-31,21.5,2.9,47.6,1.7,Storm
900556,403425,2025-01-05,28.6,2.4,33.8,17.2,Haze
900557,402716,2024-07-11,24.3,6.0,80.3,2.1,Rain
900558,403226,2024-12-15,28.2,4.8,50.4,7.5,Cloudy
900559,403404,2024-06-14,39.9,1.3,59.1,6.0,Heavy Rain
900560,400054,2024-06-28,28.6,3.2,65.3,1.6,Clear
900561,404121,2026-02-05,23.7,2.8,46.1,5.5,Cloudy
900562,403902,2026-07-14,34.6,3.5,80.8,10.7,Storm
900563,403963,2025-05-11,22.3,2.9,57.1,19.0,Cloudy
900564,403596,2025-07-16,33.7,2.3,58.8,25.0,Clear
900565,401427,2026-06-30,25.6,8.6,53.2,28.0,Cloudy
900566,401999,2024-02-25,27.4,14.7,64.3,6.2,Cloudy
900567,401626,2025-01-17,27.0,10.0,64.3,51.8,Rain
900568,401510,2026-07-06,26.3,1.0,60.8,27.3,Heavy Rain
900569,402571,2024-08-13,24.8,3.5,58.7,2.9,Haze
900570,402620,2024-07-28,26.5,10.7,77.2,7.7,Haze
900571,402412,2026-06-18,21.2,1.6,69.7,29.1,Heavy Rain
900572,403897,2024-08-03,34.6,11.0,70.6,0.4,Haze
900573,402079,2024-12-25,23.6,12.6,87.2,3.9,Clear
900574,402747,2024-05-24,25.5,2.3,78.3,2.5,Clear
900575,400481,2025-10-04,24.5,6.0,83.7,5.3,Rain
900576,400524,2025-07-21,30.7,4.1,59.0,1.8,Storm
900577,402727,2025-10-20,27.9,10.7,64.3,11.4,Clear
900578,404170,2024-04-23,15.2,2.1,62.3,28.3,Heavy Rain
900579,402082,2024-03-28,31.8,25.5,56.6,5.4,Cloudy
900580,401649,2025-03-11,36.0,1.0,58.1,1.0,Storm
900581,404522,2026-05-04,31.6,14.0,81.9,8.6,Haze
900582,403898,2025-01-11,13.9,0.5,85.2,0.3,Rain
900583,403299,2026-01-16,26.9,14.9,72.8,6.6,Haze
900584,402326,2026-06-21,25.4,1.2,91.6,9.7,Cloudy
900585,402326,2026-04-23,24.0,3.0,85.7,3.4,Rain
900586,404552,2025-09-03,33.1,22.2,73.7,10.2,Rain
900587,400402,2025-03-29,32.8,1.6,49.1,12.7,Clear
900588,404770,2026-05-20,29.7,3.5,61.3,1.0,Haze
900589,401787,2024-09-19,11.6,1.7,76.2,23.4,Storm
900590,401147,2025-09-30,8.5,20.2,73.3,24.2,Storm
900591,402779,2024-07-17,46.3,3.2,93.0,6.1,Haze
900592,402472,2025-12-29,38.2,1.9,50.3,41.5,Storm
900593,403226,2026-07-18,29.9,3.8,29.5,5.7,Haze
900594,404214,2024-10-05,20.8,6.4,48.3,7.1,Haze
900595,402549,2025-01-17,27.0,13.5,64.7,12.8,Clear
900596,404038,2025-01-07,2.6,2.0,78.4,29.8,Rain
900597,401611,2026-04-13,26.8,5.5,70.3,1.2,Cloudy
900598,401510,2025-09-22,14.0,2.5,60.1,17.9,Cloudy
900599,404859,2025-03-27,24.4,7.7,93.1,9.2,Heavy Rain
900600,400851,2024-05-16,24.9,4.4,51.4,8.5,Clear
900601,403186,2025-01-05,35.7,10.3,65.5,0.9,Rain
900602,404940,2025-07-31,36.5,2.2,70.2,10.6,Storm
900603,403037,2025-07-25,21.4,12.1,45.4,3.9,Cloudy
900604,403953,2024-10-06,28.7,9.4,75.4,0.3,Haze
900605,400446,2024-07-15,21.1,23.9,65.6,2.3,Clear
900606,404133,2026-03-22,37.7,8.5,44.2,10.3,Haze
900608,403623,2024-12-11,31.0,7.2,29.0,2.4,Rain
900609,400436,2025-09-01,28.0,10.9,49.5,2.9,Clear
900610,401556,2026-04-22,28.0,11.3,73.0,43.8,Haze
900611,403378,2026-01-23,37.1,0.9,76.4,11.4,Heavy Rain
900612,404923,2026-07-09,36.7,7.0,64.3,18.3,Clear
900613,401551,2026-03-02,25.2,3.6,58.4,4.1,Heavy Rain
900614,400098,2025-10-10,29.0,26.2,31.0,28.8,Cloudy
900615,403095,2024-07-15,8.9,11.8,64.3,3.7,Haze
900616,400638,2025-03-08,26.6,3.1,54.6,26.5,Haze
900617,403702,2026-01-27,29.9,3.7,44.3,4.5,Haze
900618,401337,2024-12-22,32.0,2.2,60.7,5.0,Cloudy
900619,400580,2025-10-02,22.8,17.3,62.2,15.3,Rain
900620,400609,2024-08-15,25.9,5.5,76.3,16.0,Rain
900621,404984,2025-03-01,34.0,6.6,63.2,1.7,Heavy Rain
900622,401611,2025-12-19,23.2,1.2,64.3,3.2,Storm
900623,401168,2025-09-18,36.7,5.5,66.7,30.4,Storm
900624,404029,2025-11-06,34.7,3.6,58.4,13.5,Storm
900625,400604,2026-06-29,8.2,2.9,40.2,9.0,Cloudy
900626,404934,2024-07-29,29.1,0.9,64.3,6.8,Rain
900627,401170,2025-11-19,36.0,22.1,84.7,44.6,Rain
900628,402251,2025-06-25,28.4,16.6,42.7,18.3,Haze
900629,402333,2024-01-16,38.2,13.8,58.7,12.9,Haze
900630,403003,2025-06-19,23.5,5.1,38.2,2.0,Rain
900631,400867,2026-05-29,23.1,3.6,80.2,9.0,Clear
900632,402730,2026-02-18,41.9,1.1,58.6,9.5,Haze
900633,401061,2025-01-28,9.4,18.0,69.6,18.2,Haze
900634,404262,2026-06-22,38.0,2.5,65.5,4.6,Clear
900635,404650,2024-12-04,33.1,2.9,38.4,5.2,Rain
900636,402319,2026-07-14,15.0,2.2,46.2,15.9,Heavy Rain
900637,403906,2024-11-17,34.5,9.9,46.5,10.5,Heavy Rain
900638,402460,2024-05-01,14.6,8.4,69.3,1.8,Heavy Rain
900639,400205,2024-12-31,35.1,0.0,47.2,17.9,Cloudy
900640,403586,2024-11-28,17.2,2.3,81.5,9.6,Clear
900641,400617,2024-08-23,18.4,12.0,56.7,10.2,Rain
900642,403686,2025-12-17,11.2,21.9,42.8,12.4,Clear
900643,404041,2026-02-18,21.6,18.5,69.9,0.5,Haze
900644,402199,2025-06-14,26.1,6.7,47.8,13.1,Haze
900645,400807,2025-04-21,31.0,0.2,45.0,25.7,Clear
900646,401813,2026-05-26,42.6,2.2,75.0,4.9,Clear
900647,402797,2024-10-30,29.0,0.1,45.3,19.4,Cloudy
900648,402918,2025-12-07,31.9,8.4,56.9,22.0,Rain
900649,401831,2026-07-14,26.1,4.0,56.6,7.0,Heavy Rain
900650,402848,2025-11-10,6.5,1.3,64.3,33.6,Clear
900651,400342,2025-02-13,14.7,9.3,64.1,6.9,Storm
900652,404766,2025-02-21,21.9,2.2,56.3,33.5,Haze
900653,403575,2026-01-02,23.6,12.9,46.1,14.5,Clear
900654,401773,2026-03-02,31.4,4.0,63.1,11.2,Haze
900655,400645,2025-07-23,26.2,9.0,78.1,12.3,Rain
900656,401101,2025-08-04,40.7,9.9,46.8,15.2,Clear
900657,400937,2024-04-15,37.5,1.8,73.8,7.8,Heavy Rain
900658,404350,2026-05-19,29.4,0.3,78.8,5.4,Haze
900659,401145,2026-04-03,31.8,0.4,54.5,32.8,Clear
900660,401553,2025-08-09,19.1,3.2,38.3,12.9,Clear
900661,400737,2025-07-01,36.1,5.7,45.8,5.2,Haze
900662,404274,2024-01-20,24.6,0.3,56.8,3.4,Clear
900663,400584,2026-06-14,32.9,1.7,67.6,10.3,Storm
900664,403367,2026-02-09,6.9,1.6,82.5,9.6,Clear
900665,404925,2026-05-05,23.1,36.3,54.6,11.3,Heavy Rain
900666,402003,2025-06-19,38.5,18.3,86.9,12.1,Clear
900667,402842,2026-05-16,31.1,5.4,56.0,28.1,Cloudy
900668,403452,2025-12-19,37.7,0.1,49.2,7.5,Heavy Rain
900669,400511,2026-02-13,16.0,6.0,64.3,15.6,Clear
900670,402458,2025-11-12,23.8,3.5,45.7,0.4,Storm
900671,404573,2024-06-02,17.6,5.2,46.0,20.0,Clear
900672,403379,2026-04-27,32.7,2.0,83.4,3.7,Storm
900673,402785,2024-08-16,40.9,2.9,64.3,19.8,Cloudy
900674,400995,2024-07-30,18.3,13.0,45.0,3.0,Haze
900675,402385,2024-03-13,24.3,3.8,72.4,31.5,Storm
900676,403558,2024-04-05,6.4,11.8,58.0,16.1,Heavy Rain
900677,400383,2026-01-28,25.1,12.7,76.5,4.8,Heavy Rain
900678,401718,2026-03-08,36.8,3.6,94.2,9.6,Clear
900679,403678,2024-09-13,32.3,10.3,78.1,1.1,Heavy Rain
900680,403936,2024-03-27,29.3,2.8,71.2,21.6,Clear
900681,402834,2025-07-15,22.9,5.6,33.6,1.2,Heavy Rain
900682,401621,2025-09-14,26.2,3.0,75.3,2.3,Heavy Rain
900683,404011,2024-04-18,24.1,3.7,50.0,0.8,Rain
900684,404246,2025-07-11,36.8,6.0,53.7,1.2,Rain
900685,404548,2026-02-25,28.8,2.6,73.5,2.1,Haze
900686,401323,2025-07-03,25.9,3.7,36.6,7.3,Cloudy
900687,401469,2026-04-26,34.0,0.3,46.1,0.2,Cloudy
900690,404058,2024-06-21,23.6,17.1,33.5,19.4,Storm
900691,402925,2025-05-06,24.3,1.7,77.8,15.0,Heavy Rain
900692,403243,2026-03-30,38.9,0.8,37.9,5.9,Haze
900693,404000,2026-07-14,27.0,36.0,62.0,0.3,Rain
900694,402182,2025-09-08,20.3,1.0,64.3,8.7,Heavy Rain
900695,401695,2026-03-29,36.6,5.5,49.6,20.0,Cloudy
900696,400450,2025-12-18,25.2,4.2,78.5,9.8,Clear
900697,404624,2025-12-28,24.8,14.5,84.1,36.2,Heavy Rain
900698,401290,2026-05-18,15.4,1.8,51.3,3.0,Haze
900699,402506,2025-03-05,23.5,3.7,43.8,5.8,Storm
900700,404192,2025-01-19,31.6,12.1,84.5,7.7,Haze
900701,401180,2026-01-16,28.9,7.7,61.4,16.3,Clear
900702,403178,2025-11-10,15.0,6.9,61.6,13.6,Haze
900703,401568,2025-03-24,43.8,5.5,52.1,0.1,Heavy Rain
900705,402557,2024-01-15,29.4,18.7,58.2,38.2,Clear
900706,403586,2026-05-06,24.7,3.2,66.1,16.2,Rain
900707,404988,2026-07-07,35.4,9.8,77.3,5.6,Storm
900708,401337,2026-02-13,20.4,11.7,90.1,5.6,Storm
900709,403677,2025-09-30,15.0,60.3,40.8,3.5,Cloudy
900710,403889,2025-04-09,29.7,6.4,92.8,6.2,Rain
900711,401211,2026-07-03,31.4,5.8,64.6,2.7,Storm
900712,402325,2025-06-07,7.5,2.2,36.0,14.4,Storm
900713,402646,2025-05-21,28.8,2.9,56.9,20.3,Rain
900714,402253,2024-04-15,21.2,12.9,66.4,20.4,Rain
900715,401404,2024-04-08,12.7,13.0,86.5,3.7,Heavy Rain
900716,401929,2025-06-18,21.5,5.4,76.3,4.5,Storm
900717,400421,2025-06-09,36.3,4.1,70.0,11.9,Haze
900718,400193,2024-12-26,21.8,9.6,34.4,5.5,Rain
900719,402691,2024-03-14,25.0,6.3,64.3,3.4,Cloudy
900720,404285,2025-01-04,17.6,11.1,55.0,4.8,Rain
900721,404714,2024-06-26,26.3,1.0,76.0,64.8,Haze
900722,404719,2024-03-22,22.6,6.7,72.0,35.0,Rain
900723,401255,2026-04-07,19.8,20.7,86.1,24.6,Storm
900724,404459,2024-09-28,27.8,11.6,41.2,8.0,Heavy Rain
900725,403154,2026-01-23,19.0,7.9,23.6,2.1,Cloudy
900726,404412,2024-04-25,27.0,9.6,77.4,17.2,Storm
900727,400964,2024-03-30,15.2,0.8,75.2,11.8,Storm
900728,404776,2026-07-13,23.9,1.2,46.1,6.4,Heavy Rain
900729,401979,2024-02-12,23.8,3.2,68.5,3.0,Haze
900730,403216,2024-05-17,31.5,6.2,71.1,0.6,Rain
900731,403917,2025-09-18,51.8,0.2,45.6,6.3,Rain
900732,404974,2026-01-16,37.9,17.3,94.3,15.6,Cloudy
900733,401283,2024-04-10,36.6,10.1,44.7,1.3,Clear
900734,401648,2025-06-21,39.3,4.8,62.2,1.1,Rain
900735,401034,2026-03-18,41.0,7.9,45.1,7.5,Storm
900736,400453,2024-08-25,33.1,1.1,33.3,40.5,Rain
900737,402810,2024-05-23,36.2,21.4,72.9,16.7,Haze
900738,402997,2026-06-17,24.2,12.6,35.4,0.3,Heavy Rain
900739,402342,2024-11-29,26.3,0.8,75.7,2.7,Haze
900740,403330,2024-02-19,29.9,10.3,71.9,3.3,Heavy Rain
900741,404943,2025-02-05,25.3,2.4,79.4,3.1,Heavy Rain
900742,404114,2025-04-27,24.9,0.3,70.8,4.6,Haze
900743,404104,2025-12-22,31.7,3.8,79.2,27.2,Heavy Rain
900744,400559,2024-09-23,31.6,8.7,61.5,1.1,Storm
900745,403244,2026-01-24,22.9,2.1,34.2,5.4,Haze
900746,401368,2024-11-26,27.8,27.0,54.3,16.4,Heavy Rain
900747,403010,2026-01-23,25.8,2.4,92.9,8.6,Heavy Rain
900748,402716,2024-05-09,39.5,2.5,52.9,24.9,Clear
900749,403586,2025-06-03,34.0,11.3,55.8,8.0,Rain
900750,402482,2026-03-05,32.2,13.8,81.5,22.7,Cloudy
900751,404068,2024-08-20,28.9,28.1,53.8,3.6,Clear
900752,401853,2024-02-14,34.5,20.1,51.7,0.8,Haze
900753,402284,2026-01-29,31.2,5.4,68.9,2.4,Clear
900754,401627,2025-12-01,31.7,12.7,93.4,10.8,Cloudy
900755,400817,2026-03-03,19.9,20.8,60.5,9.7,Storm
900756,404730,2026-02-20,21.1,13.2,76.0,24.0,Haze
900757,404771,2024-05-01,31.4,1.6,74.6,40.6,Haze
900758,402381,2025-10-25,21.7,1.4,57.9,7.7,Cloudy
900759,401871,2025-10-04,29.4,1.8,77.4,9.5,Clear
900760,404081,2025-11-01,24.9,1.9,42.3,11.1,Clear
900761,400982,2025-03-09,16.0,0.1,74.2,0.4,Haze
900762,404016,2025-02-25,42.0,9.8,91.7,9.7,Rain
900763,403113,2025-12-12,27.9,1.4,76.8,9.7,Cloudy
900764,400497,2024-08-16,28.6,1.8,14.5,1.0,Cloudy
900765,402870,2025-01-03,29.1,7.2,52.4,29.1,Clear
900766,400904,2026-03-06,25.6,5.5,60.1,11.8,Clear
900767,400618,2026-05-13,39.3,3.9,67.3,5.0,Heavy Rain
900768,400642,2024-10-09,43.0,23.2,67.6,13.2,Cloudy
900769,403305,2024-05-09,27.0,5.6,64.3,15.3,Storm
900770,403651,2025-05-04,22.8,9.1,79.7,0.2,Heavy Rain
900771,403992,2026-03-18,19.5,5.7,87.8,14.4,Rain
900772,400621,2025-12-22,34.5,4.5,48.0,6.7,Haze
900773,401833,2026-05-31,32.0,31.1,70.6,12.7,Rain
900774,400114,2025-09-11,38.2,2.0,57.6,8.8,Clear
900775,404798,2025-08-26,33.5,5.3,77.1,3.5,Haze
900776,403112,2025-11-27,36.3,0.3,78.3,12.6,Rain
900777,403941,2025-10-23,37.5,1.0,85.0,13.2,Clear
900778,400617,2024-05-05,25.9,1.4,64.3,12.7,Storm
900779,403613,2026-05-20,35.1,8.3,77.1,18.5,Cloudy
900780,404053,2024-05-23,29.7,12.7,63.7,4.6,Heavy Rain
900781,400041,2024-04-19,41.1,16.9,39.5,20.2,Haze
900782,400395,2025-04-14,35.7,3.0,70.2,0.5,Storm
900783,402359,2025-09-06,34.3,9.2,53.6,6.9,Storm
900784,402732,2024-09-30,33.0,4.9,69.4,7.9,Cloudy
900785,403163,2025-07-22,39.8,3.0,56.1,33.6,Storm
900786,403034,2025-04-05,33.0,22.7,56.6,1.5,Heavy Rain
900787,400992,2026-04-05,27.5,3.4,71.3,6.3,Storm
900788,404518,2025-06-16,36.4,7.1,77.9,9.6,Rain
900789,401001,2025-10-05,26.6,8.0,77.8,1.3,Haze
900790,400569,2025-03-01,17.7,0.6,67.4,4.7,Cloudy
900791,402227,2024-04-21,35.0,1.5,73.2,3.4,Cloudy
900792,403983,2025-02-10,38.8,2.1,66.4,6.5,Rain
900793,400326,2024-12-14,37.9,5.6,70.1,34.8,Heavy Rain
900794,403778,2026-03-20,29.0,19.4,49.4,7.6,Cloudy
900795,400078,2025-11-06,32.6,1.1,83.5,10.7,Cloudy
900796,402164,2024-09-19,29.3,5.1,71.7,17.1,Heavy Rain
900797,403963,2025-10-08,33.3,15.0,78.7,0.1,Cloudy
900798,401341,2024-10-16,26.4,10.9,75.7,73.3,Storm
900799,400108,2024-01-01,21.6,3.5,74.2,2.2,Storm
900800,402273,2025-03-24,40.6,10.6,71.8,13.0,Cloudy
900801,402389,2024-02-12,27.8,19.4,67.2,8.7,Rain
900802,400187,2026-07-09,34.3,4.4,66.4,2.3,Haze
900803,400608,2024-10-24,20.2,3.9,99.5,6.6,Rain
900804,401949,2025-04-21,12.6,3.1,73.3,20.7,Rain
900805,401438,2025-09-16,20.7,6.0,35.9,4.8,Storm
900806,400230,2025-05-17,36.1,6.1,60.1,10.0,Heavy Rain
900807,402977,2024-09-19,33.9,2.6,81.3,1.3,Heavy Rain
900809,402066,2026-02-28,27.2,13.9,81.1,1.6,Rain
900810,403607,2025-07-21,30.8,0.3,32.2,20.1,Storm
900812,403395,2026-06-12,28.2,4.5,61.4,22.0,Storm
900813,400377,2025-10-09,26.8,1.4,89.4,3.4,Rain
900814,402528,2025-02-11,32.5,2.7,19.7,1.6,Rain
900815,400543,2024-05-26,22.9,2.4,76.8,3.3,Cloudy
900816,401809,2026-02-21,37.1,4.3,79.1,4.9,Haze
900817,400544,2024-04-06,37.9,20.5,48.1,12.4,Heavy Rain
900818,404551,2024-12-06,19.9,11.4,60.3,29.0,Rain
900819,401335,2025-09-25,25.2,7.5,58.6,4.5,Cloudy
900820,403724,2024-04-06,36.3,2.5,54.5,7.4,Cloudy
900821,404616,2025-07-03,17.3,18.0,48.8,11.6,Heavy Rain
900822,401942,2025-10-18,22.7,0.4,82.9,13.2,Cloudy
900823,404839,2024-07-18,43.8,3.9,49.4,32.1,Haze
900824,403823,2024-11-30,18.3,11.0,40.7,6.5,Heavy Rain
900825,401983,2025-03-24,27.8,7.3,72.9,47.2,Haze
900826,401622,2025-03-02,21.6,1.4,64.5,7.3,Rain
900827,400912,2026-07-10,26.5,0.6,50.7,14.6,Heavy Rain
900828,404494,2024-01-06,19.2,4.0,34.1,17.9,Heavy Rain
900829,400289,2025-03-25,40.1,4.2,58.5,2.0,Heavy Rain
900830,401757,2025-09-14,28.9,21.2,56.8,5.8,Cloudy
900831,402344,2026-03-23,36.6,19.0,65.9,15.4,Heavy Rain
900832,400864,2026-02-11,28.6,0.9,85.5,7.3,Haze
900833,400327,2024-05-15,30.8,22.2,73.2,3.6,Rain
900834,404534,2025-06-03,24.8,9.0,51.7,3.6,Cloudy
900835,403900,2025-06-18,13.8,7.7,75.3,7.3,Haze
900836,404087,2024-04-20,30.6,14.4,59.2,10.4,Clear
900837,400659,2025-08-07,30.9,15.1,76.0,19.9,Haze
900838,400893,2024-04-25,14.9,1.8,97.1,41.9,Haze
900839,403130,2024-07-30,30.5,0.8,46.5,26.5,Haze
900840,402038,2024-10-13,41.3,12.0,73.9,3.8,Rain
900842,400064,2024-12-07,27.7,2.1,36.8,1.1,Haze
900843,402199,2025-07-17,28.6,24.9,66.3,11.3,Rain
900844,404808,2024-02-28,34.7,11.8,76.5,10.4,Rain
900845,401233,2024-03-17,28.4,0.5,84.2,2.5,Cloudy
900846,400935,2026-01-02,29.1,1.8,51.8,8.7,Cloudy
900847,402770,2026-03-29,33.4,17.5,53.2,0.5,Haze
900848,404780,2025-10-29,24.6,1.0,32.6,4.0,Haze
900849,401266,2024-04-08,19.7,3.4,66.1,0.8,Rain
900850,403892,2026-04-14,12.4,5.7,75.4,26.1,Heavy Rain
900851,404253,2024-06-21,33.2,12.1,54.0,19.2,Rain
900852,404415,2024-04-30,34.5,5.3,64.3,23.2,Rain
900853,404228,2026-02-05,34.9,0.2,69.9,4.7,Heavy Rain
900854,401230,2024-01-01,45.0,11.2,100.0,13.6,Cloudy
900855,400628,2026-02-22,26.2,7.1,45.6,4.6,Storm
900856,400311,2024-08-20,15.6,8.9,72.9,1.6,Heavy Rain
900857,401310,2025-08-18,18.9,10.4,64.3,11.2,Rain
900858,401296,2024-02-06,28.5,5.5,64.3,17.2,Clear
900859,401462,2024-06-22,37.4,5.1,72.9,3.5,Heavy Rain
900860,402915,2025-01-11,23.4,5.2,67.5,21.8,Rain
900861,404213,2025-11-22,22.9,1.7,86.6,5.5,Haze
900862,404905,2024-11-21,16.4,3.7,72.2,3.2,Haze
900863,402549,2025-03-31,26.8,0.7,61.8,14.1,Heavy Rain
900864,403183,2025-03-23,29.1,0.4,88.8,1.6,Rain
900865,401095,2025-11-29,35.7,9.8,64.3,11.9,Heavy Rain
900866,401717,2024-09-03,11.0,0.5,92.3,5.3,Cloudy
900867,401667,2024-05-25,18.4,16.6,56.9,4.9,Clear
900868,400836,2025-03-20,28.2,4.5,55.0,0.9,Storm
900869,404225,2024-07-14,36.2,21.7,56.3,6.9,Clear
900870,403030,2024-07-24,29.5,2.3,34.9,18.7,Haze
900872,404716,2025-06-08,31.9,8.2,47.3,5.5,Clear
900873,404032,2024-12-04,30.9,7.3,90.0,4.2,Cloudy
900874,403239,2024-08-07,24.4,2.8,59.6,1.0,Storm
900875,400536,2024-01-19,31.9,3.3,54.7,1.0,Haze
900877,400628,2024-01-21,6.4,5.1,69.0,4.4,Clear
900878,400663,2026-07-08,26.1,1.6,63.9,13.5,Clear
900879,404320,2024-01-09,24.7,0.4,43.1,40.2,Haze
900880,400543,2024-11-29,18.9,20.8,72.8,12.8,Rain
900881,401308,2024-11-05,15.7,1.4,19.9,23.6,Rain
900882,404384,2024-08-06,16.3,12.8,81.8,31.8,Rain
900883,403735,2024-08-22,27.7,4.6,88.7,0.4,Rain
900884,403593,2025-11-07,34.6,6.1,93.7,10.5,Clear
900885,401720,2025-11-04,28.1,27.8,57.1,7.2,Storm
900886,402524,2024-09-18,18.2,7.8,83.4,2.5,Clear
900887,401233,2026-03-09,30.9,3.8,23.3,30.5,Heavy Rain
900888,401767,2025-11-21,32.6,1.5,70.2,9.8,Cloudy
900889,400487,2025-06-26,28.9,1.3,60.0,9.7,Heavy Rain
900890,400366,2026-03-12,32.9,0.1,51.3,6.3,Heavy Rain
900891,403928,2024-02-15,27.7,5.2,86.6,11.6,Rain
900892,400992,2025-03-09,19.1,8.1,67.0,4.7,Rain
900893,404389,2025-01-22,25.4,3.7,76.6,20.0,Clear
900894,401271,2025-05-24,29.9,2.6,38.9,27.5,Rain
900895,402719,2025-12-13,37.1,21.8,72.6,10.7,Storm
900896,403722,2025-02-26,31.6,18.3,53.2,11.3,Haze
900897,403262,2024-11-28,31.2,1.7,56.0,7.4,Rain
900898,400952,2025-12-03,23.9,6.7,30.2,9.9,Haze
900899,402664,2025-04-30,35.4,0.5,89.4,15.3,Clear
900900,400483,2024-04-08,17.3,13.3,67.8,4.6,Storm
900901,401769,2025-03-18,13.1,7.7,64.3,12.7,Storm
900902,404695,2025-06-16,32.6,5.8,36.5,8.2,Heavy Rain
900903,401209,2024-08-17,31.2,9.8,91.5,26.5,Clear
900904,403039,2025-04-24,35.9,27.9,79.1,22.3,Heavy Rain
900905,404840,2024-06-02,29.2,11.9,57.5,2.0,Cloudy
900906,404464,2026-05-02,23.0,23.5,69.5,24.0,Heavy Rain
900907,404550,2025-12-08,39.7,7.1,64.3,5.5,Haze
900908,403814,2024-12-27,36.1,7.9,64.5,6.9,Cloudy
900909,400954,2024-09-14,19.7,52.1,78.1,1.5,Haze
900910,400208,2025-02-15,27.0,7.5,75.9,9.1,Clear
900911,403839,2025-09-11,29.3,9.6,85.9,3.1,Storm
900912,404577,2024-04-22,12.8,9.5,71.4,3.3,Cloudy
900913,403761,2024-12-10,34.7,2.6,73.0,5.3,Storm
900914,400709,2024-07-14,29.8,8.8,62.2,1.9,Clear
900915,401081,2025-05-09,26.1,3.2,65.6,0.7,Rain
900917,404772,2024-12-26,23.5,30.8,59.9,0.0,Haze
900918,400905,2024-04-01,20.7,2.7,66.2,8.0,Storm
900919,402344,2024-06-17,22.9,18.4,42.4,12.4,Cloudy
900920,401129,2024-12-26,26.7,6.7,59.5,6.9,Heavy Rain
900921,402172,2024-02-17,24.3,20.5,42.7,1.3,Clear
900922,400343,2026-07-15,22.6,8.2,19.9,13.0,Clear
900923,401096,2025-12-14,20.4,16.9,72.9,2.8,Haze
900924,401567,2025-02-12,29.2,0.9,47.1,10.7,Clear
900925,403511,2026-02-24,22.4,0.3,64.3,9.3,Clear
900926,402851,2024-08-05,40.8,2.6,32.8,28.7,Rain
900927,401946,2025-09-25,21.5,24.4,71.8,13.6,Rain
900928,403037,2025-12-16,36.3,1.0,52.1,14.7,Rain
900929,400274,2025-04-23,15.3,9.8,78.1,12.5,Haze
900930,403106,2024-12-07,27.2,36.8,83.9,3.1,Haze
900931,400057,2025-03-25,23.5,12.7,67.6,5.4,Clear
900932,402447,2026-01-16,29.9,7.8,86.5,7.9,Rain
900933,401324,2025-06-22,24.9,6.1,66.3,5.5,Cloudy
900934,401972,2024-06-01,43.0,0.7,76.8,4.3,Cloudy
900935,402034,2026-07-18,28.7,7.4,61.9,2.4,Cloudy
900936,401091,2024-04-22,31.1,3.2,62.5,12.3,Haze
900937,404950,2025-08-11,19.5,2.7,61.0,32.8,Storm
900938,402522,2026-03-19,27.9,7.0,80.1,8.0,Clear
900939,403693,2026-04-06,17.8,12.1,69.3,6.7,Heavy Rain
900940,404271,2026-01-26,20.3,4.8,69.0,18.2,Haze
900941,400984,2025-01-06,34.9,1.0,93.7,4.1,Cloudy
900942,404678,2026-01-22,21.8,3.2,41.7,5.9,Cloudy
900943,404018,2026-01-10,28.9,1.8,72.2,39.8,Heavy Rain
900944,400644,2025-06-13,16.4,1.8,66.6,45.4,Rain
900945,401870,2026-07-15,31.8,0.1,58.5,0.3,Cloudy
900946,403467,2025-12-25,25.2,3.2,64.5,21.2,Clear
900947,402655,2024-05-04,29.5,5.4,78.3,10.1,Heavy Rain
900948,400150,2024-01-16,29.1,24.2,67.9,10.8,Storm
900949,404026,2025-07-17,19.2,4.4,66.1,12.8,Storm
900950,402450,2025-11-18,28.5,8.6,59.9,7.4,Rain
900951,404773,2025-07-23,23.0,8.7,67.4,5.6,Storm
900952,403363,2024-11-27,25.6,15.0,61.3,0.9,Haze
900953,404224,2025-08-12,30.9,2.2,91.8,9.0,Haze
900954,400738,2024-12-20,28.7,0.6,65.8,9.7,Clear
900955,404498,2024-07-16,17.5,2.3,88.1,10.4,Cloudy
900956,401788,2026-05-24,37.2,7.6,60.1,17.7,Rain
900957,401259,2024-10-01,35.8,0.7,56.2,8.2,Clear
900958,402187,2024-02-18,21.4,1.0,64.3,16.8,Clear
900959,403598,2025-02-20,26.1,2.6,64.2,6.0,Storm
900960,402159,2024-07-06,20.0,2.6,71.0,21.4,Rain
900961,404327,2026-01-14,25.9,0.5,60.7,27.3,Heavy Rain
900962,400744,2024-12-06,23.1,8.3,76.0,89.9,Heavy Rain
900963,400923,2024-03-05,21.0,5.4,63.1,1.8,Storm
900964,404547,2025-03-31,25.8,1.3,62.3,6.1,Storm
900965,404270,2025-06-09,31.9,0.4,81.6,4.9,Haze
900966,402158,2024-02-01,16.3,1.6,58.4,3.4,Rain
900967,402709,2024-02-26,29.2,1.9,64.3,36.4,Rain
900968,404217,2025-03-13,30.7,5.5,57.9,2.8,Rain
900969,403468,2025-11-04,31.8,0.8,86.7,4.4,Clear
900970,402085,2025-05-10,22.8,11.1,81.3,14.8,Cloudy
900971,401706,2025-06-22,18.2,9.4,96.6,42.1,Heavy Rain
900972,400585,2024-06-27,40.0,10.5,48.3,6.1,Storm
900973,403415,2025-06-02,24.4,6.0,69.7,13.5,Clear
900974,400953,2026-05-26,16.5,1.2,70.5,1.4,Haze
900977,403003,2026-04-18,36.0,1.2,65.3,1.5,Haze
900978,403253,2024-03-29,30.9,9.7,57.6,13.8,Haze
900979,401844,2025-08-07,22.1,7.7,64.3,0.1,Haze
900980,404089,2025-03-24,35.7,14.4,50.9,2.5,Clear
900981,401940,2024-09-17,25.1,7.7,29.2,12.6,Clear
900982,400309,2026-07-04,35.8,0.5,58.1,7.7,Haze
900984,401306,2024-09-19,23.6,16.1,55.6,43.6,Haze
900985,401992,2024-02-21,20.6,6.6,64.4,2.0,Storm
900987,403787,2025-06-22,27.7,3.9,50.3,3.6,Rain
900988,403916,2024-05-07,48.3,30.9,59.8,17.7,Haze
900989,403104,2024-10-29,15.4,2.2,49.2,7.3,Cloudy
900990,401172,2025-05-27,29.2,3.3,55.0,6.0,Storm
900991,404043,2026-05-10,29.0,1.8,61.8,3.5,Storm
900992,403697,2024-05-12,39.0,4.3,62.7,21.1,Haze
900993,401657,2025-12-21,19.7,0.8,92.7,7.4,Heavy Rain
900994,402409,2026-05-21,25.1,2.7,64.3,2.5,Cloudy
900995,401811,2026-07-12,27.9,4.6,33.7,4.8,Haze
900996,401410,2026-05-11,22.6,7.6,65.6,1.7,Haze
900997,400690,2025-08-17,24.1,13.6,76.4,19.7,Cloudy
900998,403229,2024-03-21,35.8,2.6,65.3,32.6,Clear
900999,403504,2026-06-30,32.1,6.6,37.9,109.9,Rain
901000,402331,2024-08-13,20.1,5.5,61.4,1.9,Clear
901001,403485,2026-02-05,15.8,0.6,62.8,38.2,Clear
901002,402694,2024-11-27,27.5,16.8,68.6,23.4,Clear
901003,400578,2025-12-17,29.0,17.8,81.4,3.9,Haze
901004,402479,2026-03-23,29.2,12.6,49.7,5.1,Heavy Rain
901005,404206,2025-07-07,28.0,0.9,74.8,2.7,Cloudy
901006,402819,2024-04-19,29.6,6.7,82.0,21.5,Storm
901007,401124,2026-06-09,24.5,12.1,75.1,1.9,Heavy Rain
901008,401162,2025-11-24,33.8,3.6,47.4,2.9,Cloudy
901009,400506,2024-08-06,31.7,5.7,59.1,2.2,Clear
901010,400883,2026-01-06,13.9,0.3,75.9,2.6,Rain
901011,401150,2025-06-19,24.3,11.2,75.5,0.8,Clear
901013,402837,2024-11-22,25.9,4.4,64.3,14.1,Cloudy
901014,402002,2024-10-18,24.5,18.2,34.1,6.6,Storm
901015,403607,2025-09-11,28.1,2.1,66.8,0.4,Rain
901016,400625,2024-12-31,22.1,7.3,64.3,27.2,Rain
901017,404531,2024-09-13,23.1,11.0,54.9,7.3,Clear
901018,403507,2024-07-26,27.6,2.2,47.3,5.7,Heavy Rain
901019,402819,2025-10-25,20.7,3.6,75.0,4.9,Heavy Rain
901020,400569,2024-08-21,28.3,1.4,78.9,10.5,Haze
901021,400510,2024-07-26,27.4,11.1,57.9,7.9,Rain
901022,402586,2024-12-07,30.6,13.1,67.3,0.4,Haze
901023,401652,2024-02-24,21.4,8.8,64.0,10.5,Heavy Rain
901024,401739,2025-08-08,25.9,12.0,57.8,4.7,Haze
901025,401135,2024-09-30,16.9,7.7,43.3,1.2,Storm
901026,401018,2024-07-17,34.6,1.6,73.4,4.8,Rain
901027,402185,2025-05-19,24.9,1.5,24.2,0.1,Cloudy
901028,403145,2025-10-28,24.3,3.2,87.0,7.4,Rain
901029,402537,2025-02-16,41.5,29.6,55.2,5.7,Heavy Rain
901030,404203,2026-04-02,15.9,6.5,36.9,10.5,Haze
901031,402856,2025-11-25,30.6,17.7,85.1,6.1,Rain
901032,404387,2026-04-18,8.4,8.6,49.7,3.8,Storm
901033,403301,2024-07-23,40.0,20.5,74.4,19.8,Clear
901034,401324,2026-04-10,32.2,9.3,64.0,18.9,Cloudy
901035,404179,2024-11-15,40.0,7.3,77.2,21.7,Heavy Rain
901036,402200,2025-05-31,26.3,18.9,85.1,19.0,Rain
901037,400579,2026-04-09,32.3,1.3,58.1,6.8,Rain
901038,402701,2026-07-07,22.9,3.2,61.7,12.9,Heavy Rain
901039,400287,2025-10-22,27.4,8.8,69.5,22.4,Rain
901040,401346,2024-07-06,18.3,0.8,76.5,15.2,Storm
901041,404910,2024-06-06,16.1,17.9,96.7,24.0,Rain
901042,402360,2024-03-07,12.2,5.9,59.3,0.5,Storm
901043,400273,2024-11-25,31.1,7.8,90.8,11.3,Rain
901044,402099,2026-03-04,29.1,25.4,48.6,3.0,Rain
901045,401690,2025-03-25,23.8,0.3,53.5,17.2,Haze
901046,404812,2024-08-19,37.4,9.9,31.5,8.9,Storm
901047,400886,2025-08-08,8.4,10.5,67.7,21.5,Storm
901048,400537,2024-09-15,32.0,5.4,47.8,38.8,Storm
901049,401381,2024-09-23,24.4,0.6,64.0,56.0,Haze
901050,403130,2026-04-22,28.9,3.3,68.5,0.4,Rain
901051,400320,2024-03-31,41.9,12.9,75.1,69.6,Storm
901052,400713,2024-04-27,23.9,0.3,79.6,6.0,Storm
901053,403175,2024-03-23,30.2,6.5,87.6,9.1,Rain
901054,403120,2026-01-22,23.7,2.5,48.4,10.9,Clear
901055,404449,2024-02-16,32.0,13.7,88.7,5.3,Clear
901056,402992,2024-05-19,27.0,35.0,79.7,19.8,Rain
901057,403667,2026-03-05,23.5,6.7,16.5,8.9,Storm
901058,401432,2025-09-07,22.7,0.1,54.1,18.7,Rain
901059,404761,2024-11-04,23.2,10.9,77.9,26.5,Clear
901061,404774,2026-06-24,24.9,2.9,55.6,7.7,Cloudy
901062,400015,2024-01-17,19.3,2.9,72.0,4.5,Cloudy
901063,403777,2024-11-11,20.8,3.2,87.6,36.6,Rain
901064,404681,2025-09-14,19.9,0.2,69.7,0.3,Clear
901065,403164,2026-06-02,17.4,4.9,64.3,17.9,Haze
901066,403476,2025-08-21,25.6,18.1,80.1,4.8,Cloudy
901067,402756,2025-06-19,37.9,4.6,67.8,19.4,Storm
901068,404854,2026-03-31,21.2,34.0,47.2,4.9,Haze
901069,403899,2024-11-16,35.8,0.2,88.6,0.1,Cloudy
901070,401693,2025-02-28,31.4,2.9,47.5,4.7,Cloudy
901071,401908,2024-06-28,39.1,2.2,94.2,19.8,Cloudy
901072,402935,2026-02-23,24.9,7.4,75.3,4.9,Rain
901073,401285,2025-05-06,16.4,10.2,62.3,18.7,Haze
901074,404359,2025-04-12,28.7,9.3,55.0,24.7,Cloudy
901075,402795,2025-12-06,26.8,0.1,76.3,4.1,Cloudy
901076,401306,2026-01-09,23.0,0.2,53.8,9.0,Haze
901077,404440,2025-12-17,23.1,1.3,60.1,0.9,Haze
901078,400565,2024-05-14,16.0,1.7,60.1,6.7,Storm
901079,403494,2024-10-30,25.3,21.5,62.4,2.1,Storm
901080,402614,2024-09-09,38.5,7.1,78.7,4.6,Clear
901081,400393,2024-07-15,26.4,0.9,69.0,18.7,Storm
901082,402615,2024-11-15,35.9,6.2,86.8,3.5,Clear
901083,400167,2024-09-29,32.3,5.5,58.8,4.6,Heavy Rain
901084,403254,2025-04-26,25.3,2.2,69.0,1.9,Heavy Rain
901085,403423,2024-07-10,32.0,2.2,64.5,3.2,Clear
901086,402191,2024-05-17,30.9,7.7,65.5,6.7,Clear
901087,403163,2025-11-06,23.0,0.5,52.5,14.0,Haze
901088,404910,2024-07-01,6.1,1.9,45.3,19.0,Rain
901089,404226,2024-04-16,32.8,0.8,59.4,15.8,Clear
901090,401680,2024-05-04,34.3,19.0,51.6,19.0,Storm
901091,404321,2025-09-13,24.7,1.3,52.5,9.5,Storm
901092,402209,2025-04-15,24.5,1.9,97.6,3.7,Storm
901093,400663,2024-12-31,28.2,10.5,55.9,1.1,Haze
901094,402040,2024-09-14,25.8,3.6,56.0,2.4,Cloudy
901095,402573,2025-04-07,34.2,6.2,64.3,0.0,Clear
901096,404996,2024-12-08,41.8,1.3,67.7,2.0,Clear
901097,401579,2026-06-06,35.3,1.5,67.0,8.7,Heavy Rain
901098,402777,2025-03-15,11.8,26.6,56.6,0.8,Heavy Rain
901099,400567,2026-04-09,27.3,2.9,50.1,3.1,Cloudy
901100,401011,2025-06-12,22.5,12.4,72.6,2.7,Heavy Rain
901101,401695,2025-10-11,23.9,0.1,76.8,2.3,Rain
901102,402660,2024-11-05,31.8,1.8,73.0,6.0,Cloudy
901103,402317,2025-01-10,42.3,7.0,44.2,2.1,Clear
901104,401079,2025-05-31,29.8,21.7,86.8,27.1,Rain
901105,400813,2026-03-12,41.4,3.0,47.7,24.4,Heavy Rain
901106,402927,2025-09-21,16.1,3.0,35.1,33.6,Clear
901107,401220,2024-05-16,44.4,8.7,78.7,4.5,Storm
901108,400554,2025-04-08,35.2,5.4,52.3,16.4,Cloudy
901109,401042,2025-07-02,27.4,5.0,60.2,27.0,Rain
901111,400995,2024-06-23,11.6,21.7,34.7,5.4,Clear
901112,403187,2024-04-16,38.6,41.0,50.1,13.1,Rain
901113,402921,2024-01-21,26.4,4.8,64.3,8.5,Cloudy
901114,402151,2025-02-14,21.8,2.0,78.4,30.3,Heavy Rain
901115,404642,2025-12-17,19.0,9.6,58.7,14.2,Haze
901116,401352,2025-09-11,37.6,0.2,64.3,2.4,Haze
901117,404802,2024-12-17,21.7,24.0,65.6,2.0,Storm
901118,404491,2024-04-09,14.7,2.6,43.1,34.7,Storm
901119,404451,2025-08-11,24.7,0.8,48.3,26.1,Storm
901120,401028,2026-05-13,24.4,17.9,63.5,7.5,Rain
901121,404645,2024-07-27,41.5,1.3,69.3,0.3,Cloudy
901122,401196,2024-04-13,25.3,1.9,78.5,32.0,Cloudy
901123,403639,2024-10-14,7.8,0.3,57.1,9.6,Heavy Rain
901124,404549,2026-07-02,29.9,37.1,35.3,3.7,Clear
901125,400325,2025-05-10,27.0,5.0,70.1,15.2,Haze
901126,400167,2024-11-25,21.7,7.0,65.5,0.2,Rain
901127,401219,2026-03-09,33.0,6.9,55.2,5.9,Heavy Rain
901128,400827,2025-01-13,23.5,13.6,47.1,8.0,Cloudy
901129,401417,2024-09-10,24.3,3.0,75.8,16.8,Cloudy
901130,400526,2024-03-24,21.9,3.2,64.3,1.0,Heavy Rain
901131,402814,2024-08-31,32.2,7.3,77.5,24.3,Haze
901132,401918,2025-03-30,32.5,4.0,64.1,18.2,Cloudy
901133,401041,2026-03-22,20.3,7.1,39.3,32.8,Storm
901134,402955,2024-08-12,17.1,12.4,63.2,8.2,Cloudy
901135,403694,2026-06-04,36.0,3.2,77.8,17.4,Haze
901136,401692,2025-01-20,49.5,4.8,62.2,1.8,Storm
901137,404162,2025-09-05,20.6,6.1,43.2,2.0,Heavy Rain
901138,404219,2026-06-17,14.4,19.5,49.2,3.8,Clear
901139,402499,2025-04-24,10.9,1.2,50.7,6.2,Rain
901140,404750,2025-10-10,24.8,6.4,73.9,28.1,Cloudy
901141,404672,2025-12-01,36.6,13.1,79.0,23.3,Storm
901142,402873,2024-11-05,33.5,1.3,47.5,11.1,Rain
901143,404639,2024-09-29,38.2,3.9,46.8,4.5,Heavy Rain
901144,400565,2025-09-30,13.4,0.3,64.3,18.6,Rain
901146,402329,2024-07-27,22.1,4.2,60.8,1.0,Clear
901147,404442,2024-10-27,29.6,10.4,78.6,5.9,Cloudy
901148,402492,2025-08-17,32.8,1.1,68.5,9.7,Storm
901149,400053,2025-10-04,36.0,1.2,75.2,8.7,Cloudy
901150,400787,2026-04-23,31.7,11.4,42.3,25.2,Clear
901151,401364,2024-05-05,30.5,1.5,65.9,17.3,Cloudy
901152,400806,2024-12-04,11.9,5.7,95.9,3.0,Rain
901153,404726,2024-10-18,20.1,18.8,35.6,7.2,Rain
901154,400132,2026-06-11,31.1,1.9,69.3,31.6,Haze
901155,403568,2024-05-19,22.2,0.6,54.1,25.1,Haze
901156,402703,2026-02-23,38.7,3.2,74.8,4.9,Heavy Rain
901157,404020,2026-05-15,21.5,7.1,64.3,8.1,Clear
901158,401225,2024-04-20,25.3,13.6,78.9,5.9,Storm
901159,400815,2024-11-30,19.6,2.4,64.3,35.4,Haze
901160,403545,2024-12-12,25.2,0.7,81.4,1.0,Clear
901161,400416,2024-02-14,28.0,17.7,71.1,16.8,Storm
901162,403840,2025-01-26,35.8,5.8,95.4,48.2,Storm
901163,403748,2025-07-12,29.1,2.0,60.7,4.1,Storm
901164,400646,2025-04-25,30.7,7.2,75.1,2.3,Rain
901165,400662,2025-09-18,30.1,0.2,40.4,3.3,Heavy Rain
901166,401425,2024-11-20,26.0,11.8,76.9,32.9,Cloudy
901167,403342,2024-03-14,25.7,4.8,72.9,20.6,Clear
901168,402547,2024-04-09,19.1,10.9,70.0,8.2,Haze
901169,402670,2024-07-22,43.9,14.7,62.3,6.2,Cloudy
901170,400351,2025-01-29,17.6,0.1,60.4,3.1,Storm
901171,400184,2025-06-21,25.9,12.1,47.2,13.1,Rain
901172,402354,2024-12-02,22.1,9.0,35.0,8.6,Storm
901173,401862,2024-01-26,30.6,6.7,64.0,7.7,Rain
901174,404103,2025-01-26,31.6,4.4,63.7,11.6,Heavy Rain
901175,401663,2026-01-07,15.8,7.8,97.1,21.9,Heavy Rain
901176,400071,2025-04-22,16.9,7.5,70.7,19.7,Haze
901177,403736,2025-09-21,28.1,5.5,69.9,7.9,Clear
901178,401262,2024-07-21,5.2,6.7,66.3,7.0,Storm
901179,403205,2026-07-01,24.4,2.9,71.9,1.2,Cloudy
901180,401051,2024-06-08,23.4,2.4,59.5,6.4,Rain
901181,400427,2025-03-15,24.6,10.5,71.1,5.7,Haze
901182,402418,2024-05-13,26.4,10.4,98.9,1.1,Storm
901183,403046,2024-07-28,31.2,0.2,79.8,11.0,Storm
901184,401737,2025-08-04,22.1,11.5,91.1,38.7,Haze
901185,404913,2024-10-26,25.1,9.1,46.3,8.2,Heavy Rain
901186,404781,2024-09-21,21.1,3.0,62.6,14.2,Heavy Rain
901187,404971,2024-06-05,27.0,7.4,68.7,7.9,Cloudy
901188,400416,2025-06-17,24.2,22.3,49.7,18.4,Clear
901189,404849,2025-04-30,21.2,4.3,68.4,18.1,Clear
901190,401149,2025-12-08,19.2,9.0,87.2,1.2,Cloudy
901191,400144,2025-12-18,28.3,0.5,42.2,35.3,Cloudy
901192,401257,2025-08-23,32.9,16.8,57.1,5.1,Clear
901193,402207,2025-10-28,26.2,1.9,87.5,7.3,Clear
901194,404312,2024-11-18,23.4,0.7,79.2,11.0,Heavy Rain
901195,401992,2025-01-26,31.4,6.6,49.0,4.8,Cloudy
901196,401773,2025-04-03,32.2,0.3,54.8,0.6,Heavy Rain
901197,402522,2024-08-15,22.6,2.7,77.6,16.6,Clear
901198,402893,2024-05-02,27.0,1.3,44.8,4.4,Rain
901199,401413,2025-08-06,21.9,6.6,78.3,16.0,Rain
901200,403501,2025-09-17,21.9,1.5,41.5,1.8,Rain
901201,402115,2026-06-14,23.2,15.7,62.0,6.7,Haze
901202,402743,2025-10-10,18.0,8.2,42.4,4.7,Cloudy
901203,404926,2026-02-04,37.8,8.3,48.6,6.3,Heavy Rain
901204,400100,2026-07-14,40.7,4.8,46.1,41.2,Heavy Rain
901205,404468,2025-12-31,36.5,24.4,57.0,5.7,Rain
901206,403200,2025-03-21,23.5,7.6,92.7,2.0,Haze
901207,402297,2025-02-03,8.9,9.8,80.9,2.5,Cloudy
901208,403720,2025-03-16,17.5,15.7,59.2,3.0,Heavy Rain
901209,404491,2025-04-05,17.0,10.1,57.0,7.2,Cloudy
901210,404086,2026-07-14,24.1,0.2,59.4,33.3,Storm
901211,402639,2026-01-29,36.1,13.8,75.0,8.1,Heavy Rain
901212,402628,2026-06-12,35.2,2.4,75.9,3.2,Rain
901213,404586,2025-06-06,31.5,1.1,66.4,0.2,Heavy Rain
901214,400323,2024-01-28,30.7,4.0,68.3,0.5,Clear
901215,402341,2025-12-28,31.7,8.0,80.8,5.5,Storm
901217,404756,2025-11-12,23.9,10.2,59.3,1.6,Clear
901219,400802,2024-10-30,29.7,8.1,39.3,1.8,Clear
901220,400391,2026-01-07,40.0,20.6,68.4,7.6,Rain
901221,401299,2025-03-22,16.8,5.8,80.0,5.7,Clear
901222,402403,2025-12-22,33.9,10.2,64.3,17.3,Haze
901223,400487,2024-04-05,24.9,3.4,69.0,10.4,Rain
901224,403299,2025-02-04,11.0,2.4,55.9,28.0,Rain
901225,404315,2024-02-25,21.5,7.4,59.3,19.1,Cloudy
901226,404767,2024-02-01,12.2,0.6,84.7,5.2,Clear
901227,403176,2025-10-11,22.4,6.1,70.4,5.7,Storm
901228,401760,2025-07-26,46.4,7.5,66.5,12.9,Rain
901229,402287,2024-09-15,20.7,9.7,81.2,9.5,Cloudy
901230,403706,2024-05-14,17.7,5.5,75.3,9.5,Cloudy
901232,402138,2024-03-14,25.6,5.5,59.1,0.4,Rain
901233,402836,2026-05-14,33.1,1.2,84.9,17.0,Haze
901234,404054,2024-12-04,28.8,5.2,77.7,9.3,Cloudy
901235,402859,2026-05-05,12.2,8.8,64.3,0.8,Cloudy
901236,402023,2024-08-02,32.0,19.6,59.4,5.4,Rain
901237,402170,2024-12-16,27.3,5.5,57.7,0.0,Heavy Rain
901238,401731,2025-06-19,5.7,1.7,87.4,1.0,Cloudy
901239,401847,2025-11-08,25.7,6.5,92.1,89.9,Heavy Rain
901240,401564,2024-03-21,33.1,0.4,66.9,0.2,Storm
901241,401915,2024-02-03,36.1,10.4,81.7,34.1,Storm
901242,404436,2024-01-25,30.1,0.9,57.6,18.8,Rain
901243,400369,2025-11-03,29.3,0.5,74.0,48.8,Clear
901244,402092,2025-10-09,21.2,2.1,27.2,5.5,Haze
901245,404580,2024-03-26,29.0,1.5,54.7,5.0,Heavy Rain
901246,401713,2025-01-18,12.3,0.6,65.8,9.8,Haze
901247,404783,2024-02-17,17.1,1.3,61.4,35.4,Clear
901248,403346,2026-01-27,16.1,15.5,48.2,0.4,Rain
901249,403372,2026-01-04,24.3,1.1,68.9,2.5,Heavy Rain
901250,401369,2024-03-12,21.8,2.3,51.9,7.3,Rain
901251,400470,2024-09-09,35.6,3.2,82.3,0.9,Heavy Rain
901252,401086,2025-05-22,17.2,14.2,90.0,12.4,Cloudy
901253,401624,2024-01-08,20.5,0.1,63.6,10.9,Haze
901254,404839,2024-11-23,34.6,5.0,70.5,4.8,Clear
901255,403216,2026-02-16,23.6,0.3,60.2,0.9,Cloudy
901256,404524,2025-09-14,36.2,3.5,57.4,3.4,Heavy Rain
901257,402132,2024-09-17,12.2,2.6,69.2,3.9,Storm
901258,403452,2025-11-10,31.9,8.4,48.4,6.0,Storm
901259,404827,2024-09-27,24.9,2.0,64.3,35.2,Storm
901260,402147,2025-02-04,33.3,4.7,60.3,17.5,Heavy Rain
901261,404732,2024-05-18,12.0,6.0,61.2,11.9,Heavy Rain
901262,404692,2024-07-04,32.1,0.4,80.5,0.7,Heavy Rain
901263,400401,2025-01-30,25.5,0.8,77.0,1.6,Haze
901264,400286,2024-10-27,24.3,1.5,92.2,6.6,Heavy Rain
901265,404557,2024-09-14,33.0,18.7,72.6,0.2,Storm
901266,402918,2024-02-10,23.4,1.3,71.2,6.2,Heavy Rain
901267,402233,2025-11-12,27.5,0.9,57.7,9.4,Storm
901268,403674,2025-01-17,34.2,0.4,67.1,3.8,Rain
901269,402473,2025-06-14,21.7,8.4,77.8,6.9,Rain
901270,402722,2025-11-10,28.5,1.9,72.4,2.9,Clear
901271,403401,2024-02-01,37.2,17.3,49.0,30.8,Rain
901272,402393,2025-07-06,35.1,1.9,70.2,1.9,Heavy Rain
901273,402506,2025-08-18,15.2,2.1,49.8,23.5,Rain
901274,400264,2025-06-21,25.8,5.9,74.9,20.4,Clear
901275,403929,2024-01-05,17.6,3.0,53.3,4.1,Heavy Rain
901276,401846,2024-05-30,6.0,13.3,85.5,18.3,Heavy Rain
901277,403504,2026-02-27,36.2,15.5,90.9,8.2,Clear
901278,404798,2024-08-07,29.3,6.9,62.1,9.5,Storm
901279,403473,2026-05-21,11.6,1.3,72.2,10.0,Clear
901280,400490,2025-10-04,36.2,2.7,84.2,7.4,Heavy Rain
901281,403829,2025-03-30,26.1,11.8,60.5,1.0,Cloudy
901282,402231,2024-02-02,30.5,3.7,62.4,3.7,Cloudy
901284,404106,2026-01-15,28.1,6.0,90.3,10.0,Rain
901285,401019,2024-06-24,29.6,0.8,6.2,3.3,Heavy Rain
901286,400670,2025-11-14,23.5,2.9,43.5,9.3,Haze
901287,402325,2025-04-28,29.5,3.3,61.2,0.3,Heavy Rain
901288,403663,2024-04-26,29.3,7.2,47.7,35.2,Haze
901289,404000,2024-07-05,30.7,8.5,68.7,3.2,Haze
901290,400128,2025-05-27,32.9,8.7,71.2,5.6,Storm
901291,404913,2026-03-21,37.6,9.4,62.8,25.7,Rain
901292,401807,2024-11-12,25.1,2.7,55.7,1.4,Haze
901293,400058,2024-08-28,27.0,12.1,62.8,1.3,Rain
901294,403305,2024-06-16,39.3,4.6,65.8,16.7,Heavy Rain
901295,401066,2025-10-03,9.0,0.0,65.2,11.7,Clear
901296,400756,2026-04-16,20.4,19.4,36.7,37.9,Haze
901297,402954,2026-01-21,30.4,0.3,87.7,17.3,Heavy Rain
901298,403427,2025-10-20,23.8,4.5,57.2,16.5,Haze
901299,400972,2024-04-10,32.8,2.5,83.5,2.8,Cloudy
901300,402266,2025-05-11,22.6,11.3,72.1,22.4,Cloudy
901301,402921,2025-03-10,15.8,24.9,61.8,16.6,Storm
901302,402810,2024-05-30,20.4,1.5,59.8,0.5,Haze
901303,402629,2024-01-28,31.3,3.8,81.0,12.0,Clear
901304,403434,2026-02-10,27.6,6.9,60.1,4.5,Rain
901305,400700,2026-03-07,30.9,5.1,59.1,20.1,Storm
901306,404952,2024-12-05,26.1,3.6,61.3,2.0,Clear
901307,403001,2025-12-28,30.5,6.4,58.8,12.1,Haze
901308,403487,2025-08-25,23.4,5.5,72.6,6.4,Heavy Rain
901309,403119,2024-08-11,24.5,6.2,73.5,9.1,Haze
901310,403334,2026-04-18,33.1,4.7,68.5,1.9,Storm
901311,403063,2025-04-10,38.7,21.2,59.8,6.2,Cloudy
901312,401052,2025-06-30,21.1,1.9,75.8,6.4,Rain
901313,401262,2024-02-02,18.1,13.6,79.2,16.6,Heavy Rain
901314,402144,2024-05-05,25.4,2.0,56.2,7.2,Storm
901315,400559,2025-05-21,23.1,18.1,69.0,21.3,Cloudy
901316,400373,2024-06-19,19.1,6.7,64.2,41.2,Storm
901319,401874,2024-03-28,26.7,7.5,60.2,26.6,Heavy Rain
901320,403472,2025-03-08,19.5,15.1,51.2,6.9,Rain
901321,403363,2026-04-28,19.6,0.8,60.5,2.1,Rain
901322,400977,2024-11-13,24.6,5.5,22.3,2.2,Clear
901323,401863,2025-09-26,26.3,2.7,56.1,5.3,Haze
901324,403961,2024-07-18,12.0,11.7,47.4,22.7,Clear
901325,404567,2025-05-04,30.7,1.3,64.3,2.2,Heavy Rain
901326,401782,2025-05-28,34.4,22.2,56.4,4.1,Storm
901327,401376,2024-05-04,24.1,2.4,60.0,3.6,Storm
901328,400353,2025-07-17,28.5,20.5,78.2,9.9,Heavy Rain
901329,402977,2025-03-09,16.7,3.5,53.1,0.8,Heavy Rain
901330,401262,2026-04-06,27.0,8.4,48.3,15.0,Heavy Rain
901331,401929,2026-02-27,36.4,3.1,54.5,9.2,Cloudy
901332,400027,2024-11-25,27.1,8.0,79.9,20.8,Storm
901333,403499,2025-03-06,27.2,0.1,62.3,11.1,Cloudy
901334,401207,2024-08-22,24.8,5.7,42.1,17.6,Rain
901335,404812,2025-05-26,26.5,9.0,57.3,96.6,Haze
901336,404968,2025-02-11,26.0,1.3,63.4,8.6,Haze
901337,404272,2024-09-10,28.9,2.4,68.5,4.8,Haze
901338,403747,2024-05-22,20.3,4.0,29.4,0.4,Clear
901339,402705,2026-01-17,15.4,4.9,68.9,9.8,Storm
901340,403931,2025-05-14,30.7,1.8,51.3,14.6,Cloudy
901342,401612,2026-06-26,46.0,8.0,59.1,12.9,Haze
901343,400282,2026-05-18,29.7,3.1,43.1,15.4,Clear
901345,402109,2024-02-08,36.2,1.9,54.1,13.9,Clear
901346,403403,2025-03-10,29.5,7.1,88.7,10.0,Storm
901347,400740,2025-08-30,30.4,5.4,85.2,4.3,Cloudy
901348,402794,2025-06-29,26.7,1.8,65.1,2.0,Heavy Rain
901349,404253,2025-06-12,39.4,2.9,72.0,17.4,Cloudy
901350,403114,2025-02-20,46.2,0.7,73.5,31.6,Clear
901351,404300,2025-11-02,22.1,12.7,76.3,2.4,Cloudy
901352,404280,2024-10-09,30.9,5.3,37.5,1.6,Heavy Rain
901353,401242,2025-02-21,11.7,1.1,46.6,3.2,Cloudy
901354,400664,2025-12-19,28.3,0.2,74.4,34.2,Clear
901355,402318,2024-12-07,47.0,3.1,67.4,2.6,Storm
901356,403206,2024-09-07,22.4,16.6,84.5,4.8,Cloudy
901357,402781,2024-09-23,26.1,8.2,63.0,18.3,Rain
901358,402821,2024-09-30,32.9,0.1,75.4,1.5,Clear
901359,401189,2026-04-23,31.7,11.5,96.0,16.2,Haze
901360,401793,2024-02-20,37.5,18.7,62.8,18.7,Haze
901361,400709,2025-11-10,26.3,11.5,66.0,1.1,Storm
901362,401473,2026-02-21,20.6,12.5,64.3,13.8,Clear
901363,403121,2024-07-13,15.3,4.6,66.0,0.2,Clear
901364,404329,2024-09-16,29.4,5.1,51.7,7.0,Clear
901365,401083,2024-05-13,42.3,4.8,74.6,8.3,Heavy Rain
901366,402999,2025-08-17,21.2,4.4,56.4,45.3,Heavy Rain
901367,401097,2026-07-06,29.7,2.0,77.7,8.4,Haze
901368,401171,2025-10-12,37.1,10.1,46.2,1.7,Storm
901369,404758,2025-11-25,9.6,3.3,56.6,0.4,Storm
901370,400400,2024-07-24,26.1,9.7,90.1,2.1,Haze
901371,401072,2024-06-12,30.1,4.8,55.8,4.0,Cloudy
901372,403548,2024-03-20,29.6,0.2,51.3,13.6,Storm
901373,404954,2026-03-17,16.6,14.7,67.0,16.5,Rain
901374,403085,2025-12-07,8.1,4.2,78.2,30.4,Heavy Rain
901375,401265,2024-07-19,22.9,8.2,61.2,0.3,Heavy Rain
901376,404509,2026-05-31,28.6,6.3,53.2,16.4,Heavy Rain
901377,402546,2025-09-13,21.2,6.0,56.7,3.2,Clear
901378,404302,2026-02-22,22.4,17.4,81.1,12.5,Heavy Rain
901379,404318,2024-05-25,40.6,14.3,61.1,27.8,Haze
901380,403971,2025-01-28,28.3,0.0,70.1,14.5,Haze
901381,402007,2026-03-21,27.8,1.8,85.2,27.1,Storm
901382,404038,2026-07-07,26.7,0.3,62.4,10.5,Rain
901383,401543,2024-09-06,34.7,0.7,71.3,19.6,Storm
901384,404455,2025-07-10,39.4,0.6,54.4,37.3,Haze
901385,400211,2024-01-31,29.7,10.2,46.1,0.7,Heavy Rain
901386,404285,2025-03-25,23.0,18.3,51.9,8.0,Storm
901387,403133,2026-03-08,32.8,36.8,55.5,18.7,Storm
901388,402070,2024-02-10,39.7,22.9,78.2,0.3,Haze
901389,404091,2024-08-25,6.3,30.0,57.3,11.9,Heavy Rain
901390,401898,2024-12-23,33.3,4.0,64.3,21.2,Rain
901391,403732,2024-06-10,8.0,3.9,80.1,7.1,Clear
901392,403278,2025-04-17,20.9,0.1,66.7,0.6,Clear
901393,403133,2024-05-18,35.0,13.9,79.2,2.8,Rain
901395,404468,2026-05-26,34.8,20.3,63.8,9.3,Haze
901396,401702,2024-10-09,21.5,8.0,75.2,21.0,Haze
901397,400620,2025-05-13,31.8,7.3,57.5,19.0,Clear
901398,402883,2025-01-17,30.4,7.9,76.2,2.6,Heavy Rain
901399,400830,2024-07-04,25.5,10.4,79.9,7.7,Storm
901400,404086,2025-08-17,25.5,0.6,71.4,78.4,Clear
901401,403133,2025-04-03,35.8,2.9,64.9,1.3,Heavy Rain
901402,401731,2026-04-14,23.8,6.4,73.9,0.9,Cloudy
901403,400645,2025-01-24,38.9,0.9,64.6,19.4,Storm
901404,403208,2026-07-03,26.0,4.7,57.2,4.9,Cloudy
901405,402704,2024-08-27,49.6,0.8,23.8,6.0,Rain
901406,401262,2025-11-25,31.3,6.1,58.6,0.9,Heavy Rain
901407,400905,2026-03-20,24.1,0.7,55.6,0.6,Rain
901408,400346,2026-04-02,31.9,0.2,55.2,29.5,Storm
901409,401592,2024-10-04,33.6,7.6,51.3,22.5,Storm
901410,403667,2026-06-17,25.7,10.8,93.7,14.2,Heavy Rain
901411,404801,2026-07-13,26.9,0.5,76.0,0.1,Heavy Rain
901412,400479,2025-09-09,31.1,18.4,63.7,2.4,Haze
901413,404337,2026-02-15,23.3,22.1,26.7,4.4,Clear
901414,403757,2024-08-10,19.0,17.3,32.9,8.8,Clear
901415,401604,2024-02-21,13.9,10.9,88.8,0.3,Storm
901416,401749,2024-12-24,40.3,12.9,63.3,1.9,Cloudy
901417,400260,2025-10-16,16.4,29.9,52.8,1.2,Heavy Rain
901418,403752,2024-08-01,17.7,0.5,71.5,2.3,Rain
901419,401968,2025-06-10,23.3,7.0,58.5,18.0,Cloudy
901420,400465,2024-05-10,28.4,18.9,85.4,4.3,Haze
901421,404334,2025-07-26,32.9,12.0,45.4,1.6,Heavy Rain
901422,402259,2024-03-20,19.9,11.4,61.6,55.5,Cloudy
901423,402788,2024-11-06,26.5,4.6,80.8,7.0,Clear
901424,403061,2025-06-10,26.2,13.3,70.6,0.1,Haze
901425,404558,2025-09-12,37.9,2.5,77.3,4.7,Heavy Rain
901426,400019,2024-03-13,28.8,1.2,36.5,16.7,Cloudy
901427,403307,2024-06-06,27.9,0.7,69.7,0.5,Rain
901428,401553,2025-05-07,23.4,22.3,73.4,7.4,Haze
901429,404739,2024-02-05,9.1,5.5,84.5,81.8,Clear
901430,402937,2025-01-25,27.7,2.3,83.5,47.7,Storm
901431,401972,2025-03-18,31.3,12.1,68.2,8.0,Rain
901433,402932,2026-04-23,31.9,19.2,74.8,9.7,Rain
901434,401506,2024-08-03,25.5,7.8,99.6,19.8,Storm
901435,403757,2026-02-26,31.6,4.5,68.7,10.8,Haze
901436,404637,2025-04-19,24.3,0.4,55.5,7.9,Storm
901437,403912,2026-04-28,27.3,6.8,88.8,5.6,Haze
901438,402961,2026-04-01,27.8,7.4,88.9,6.6,Rain
901439,402619,2025-06-12,26.6,2.3,61.5,2.6,Haze
901440,400071,2026-04-21,23.1,4.0,59.7,12.5,Rain
901441,400012,2026-01-03,29.9,0.7,58.1,1.9,Rain
901442,400602,2025-03-27,24.5,5.5,75.3,14.3,Rain
901443,403679,2024-10-08,18.2,2.7,86.0,24.8,Haze
901444,403538,2026-04-13,29.3,0.0,45.8,7.6,Rain
901445,401772,2024-08-09,27.0,16.9,68.8,12.8,Rain
901446,400844,2025-11-21,33.1,5.5,72.7,0.0,Rain
901447,400218,2025-04-26,34.8,14.2,78.1,1.9,Storm
901448,402850,2026-01-26,33.6,1.2,61.4,8.0,Rain
901450,403669,2026-03-31,33.6,0.4,58.6,4.7,Rain
901451,404248,2025-03-20,22.2,7.6,75.8,57.8,Haze
901452,400554,2026-02-03,23.4,46.9,61.6,0.0,Clear
901453,400988,2024-06-11,29.0,8.8,68.6,70.3,Rain
901454,402687,2024-06-27,28.9,0.9,56.1,28.5,Storm
901455,400504,2025-08-27,33.6,1.3,56.5,27.9,Haze
901456,404631,2025-06-01,25.2,0.9,86.0,0.5,Storm
901457,402521,2024-07-09,18.8,6.5,53.2,11.2,Haze
901458,400850,2024-10-07,29.8,25.2,73.2,7.8,Haze
901459,404557,2025-05-05,14.5,2.1,47.5,3.1,Clear
901460,400792,2025-09-09,10.2,3.2,58.6,9.1,Clear
901461,400086,2024-05-01,11.5,4.4,72.7,4.5,Storm
901462,401314,2024-09-07,26.9,1.5,39.9,4.7,Storm
901463,404707,2024-10-26,22.3,7.1,33.5,31.1,Clear
901464,401728,2024-09-13,31.1,10.7,44.5,11.2,Clear
901465,404238,2024-04-16,34.1,3.5,45.5,62.7,Cloudy
901466,401360,2025-10-16,15.2,1.0,68.9,6.3,Storm
901467,402327,2025-05-27,26.4,9.8,67.7,5.2,Rain
901468,401310,2025-08-02,22.4,1.7,36.8,21.9,Storm
901469,402476,2024-06-27,30.6,2.8,72.9,2.1,Clear
901470,402017,2025-11-29,31.2,1.6,49.8,8.7,Haze
901471,400315,2026-01-11,27.9,11.8,71.7,1.1,Haze
901472,402665,2025-06-18,27.1,6.0,63.3,7.0,Storm
901473,404641,2025-09-27,32.7,10.4,75.0,8.1,Heavy Rain
901474,404542,2026-01-09,42.1,3.9,74.4,1.9,Cloudy
901475,403260,2024-09-27,24.0,9.7,61.7,0.3,Heavy Rain
901476,404395,2025-06-11,23.9,9.6,32.4,0.7,Storm
901477,404413,2026-03-25,31.4,9.3,80.5,2.9,Rain
901478,403233,2026-04-18,25.9,25.5,74.1,23.0,Cloudy
901479,403334,2025-05-18,15.6,20.2,62.1,8.2,Haze
901480,403747,2026-07-15,35.9,12.2,63.2,0.7,Haze
901481,404148,2026-04-07,15.6,3.4,60.5,11.2,Storm
901482,402277,2024-02-28,20.1,1.9,61.4,7.0,Haze
901483,401596,2025-02-16,21.6,5.4,87.7,6.5,Haze
901484,403816,2025-02-02,37.1,2.6,56.4,16.1,Rain
901485,400096,2025-01-24,26.1,3.0,64.3,21.0,Heavy Rain
901486,401156,2024-04-04,31.5,22.9,50.6,9.8,Haze
901487,404149,2025-12-02,38.0,2.1,62.3,1.8,Clear
901488,404938,2024-03-07,33.9,1.2,64.3,18.4,Rain
901489,401336,2025-10-25,26.5,3.0,40.0,18.7,Clear
901490,401722,2025-10-12,19.7,3.2,68.3,2.2,Cloudy
901491,402982,2024-04-18,36.0,32.8,50.1,2.6,Cloudy
901492,403717,2024-09-11,27.3,15.5,68.6,0.1,Cloudy
901493,401774,2025-01-19,33.4,10.8,63.8,15.3,Haze
901494,400636,2024-03-21,18.8,3.3,73.8,4.7,Haze
901495,401229,2024-03-25,20.3,0.6,37.5,11.1,Clear
901496,403863,2024-08-25,31.5,23.3,58.9,3.5,Heavy Rain
901497,401905,2025-04-27,33.9,2.2,75.0,7.0,Haze
901498,404023,2026-03-18,25.1,34.7,63.7,24.8,Haze
901499,401711,2024-01-24,30.7,3.3,66.7,3.7,Storm
901500,404238,2025-06-12,40.5,18.2,46.7,20.0,Clear
901501,400234,2024-12-17,14.4,4.3,63.1,3.2,Rain
901502,404645,2025-06-30,35.7,22.9,82.8,36.2,Rain
901503,402037,2024-11-17,24.9,23.2,71.3,2.3,Storm
901504,400135,2026-04-17,29.2,17.3,42.2,25.0,Cloudy
901505,401823,2024-09-21,37.4,0.9,85.2,22.6,Storm
901506,402018,2026-01-26,36.1,0.3,67.0,21.2,Haze
901507,401525,2024-04-27,31.9,0.5,64.4,13.6,Cloudy
901508,404469,2026-03-06,37.5,2.1,39.0,5.4,Storm
901509,400114,2025-02-04,41.6,0.1,67.7,13.5,Clear
901510,404406,2024-09-14,15.9,1.9,68.4,13.7,Heavy Rain
901511,404604,2025-02-25,23.3,1.6,39.6,1.1,Heavy Rain
901512,403621,2025-06-11,27.0,6.3,87.6,4.6,Clear
901513,403830,2026-07-10,29.0,13.5,75.5,9.0,Cloudy
901514,400886,2025-03-05,32.6,2.1,53.0,5.6,Clear
901515,400197,2025-06-03,35.6,8.2,77.2,30.1,Storm
901516,402074,2024-01-17,27.9,4.6,52.6,3.0,Rain
901517,400672,2025-04-26,29.1,21.8,63.5,56.4,Haze
901518,400012,2026-06-11,41.9,10.5,58.7,1.1,Haze
901519,401208,2026-06-06,32.4,2.3,80.8,11.9,Storm
901520,404073,2024-04-09,39.4,3.1,70.0,1.4,Heavy Rain
901521,400297,2025-02-03,31.2,4.0,66.5,38.8,Rain
901522,403576,2025-10-23,19.4,4.9,51.6,6.3,Haze
901523,402558,2025-07-29,29.6,17.5,65.6,10.5,Heavy Rain
901524,401197,2024-10-25,41.1,8.4,84.1,10.8,Clear
901525,404523,2025-08-07,15.6,5.0,74.7,9.7,Clear
901526,401886,2024-01-01,14.1,5.7,79.2,11.9,Storm
901527,401928,2025-02-04,28.3,18.7,79.2,25.0,Storm
901528,403308,2025-04-08,31.9,6.2,72.4,18.2,Haze
901529,400251,2025-02-21,47.2,2.3,52.5,11.1,Clear
901531,402742,2026-02-28,20.3,13.7,68.3,15.7,Rain
901532,403254,2024-02-29,32.1,1.8,76.1,8.7,Clear
901533,404803,2024-01-08,47.1,7.7,53.1,6.3,Rain
901534,400394,2025-06-24,36.1,2.6,71.4,4.7,Clear
901535,401510,2026-03-06,44.8,3.5,69.2,6.8,Clear
901536,404736,2024-11-29,40.3,0.9,71.2,7.3,Storm
901537,401392,2024-04-04,23.6,18.4,27.1,0.4,Heavy Rain
901538,403610,2024-08-05,19.6,6.5,78.0,3.7,Heavy Rain
901539,403978,2025-03-25,19.4,5.0,54.9,12.7,Haze
901540,400331,2025-10-27,25.1,1.9,37.3,6.1,Rain
901541,400325,2026-05-18,20.8,0.2,94.2,0.4,Haze
901542,400139,2024-10-01,12.6,21.8,45.9,0.6,Clear
901543,402687,2024-10-04,29.5,6.0,68.7,9.9,Rain
901544,402002,2024-11-28,22.1,4.8,68.3,7.3,Rain
901545,403688,2024-06-12,32.8,4.0,61.0,14.0,Rain
901546,402478,2026-05-19,26.4,0.5,45.0,5.5,Heavy Rain
901547,400943,2024-12-01,43.3,15.6,57.2,38.0,Heavy Rain
901548,403354,2024-04-24,18.2,6.7,81.3,17.5,Rain
901549,404123,2025-03-03,32.2,9.2,64.3,0.8,Cloudy
901550,402967,2024-06-10,26.0,21.7,53.6,9.4,Clear
901551,402096,2024-07-21,30.9,19.1,91.9,1.7,Storm
901552,402403,2026-05-14,18.7,2.0,76.4,0.1,Haze
901553,402302,2026-05-30,17.9,3.5,59.4,21.3,Rain
901554,401360,2025-10-17,25.7,2.5,74.8,1.4,Haze
901555,400557,2026-05-18,19.0,0.2,74.1,43.1,Rain
901556,403715,2026-01-08,22.4,9.0,66.2,12.2,Cloudy
901557,401561,2025-04-22,16.6,40.6,63.3,13.4,Cloudy
901558,401271,2026-02-18,26.4,13.4,76.6,4.1,Clear
901559,400643,2026-05-14,45.8,5.5,44.8,31.1,Clear
901560,403303,2024-09-01,17.4,2.0,61.8,1.1,Rain
901561,402212,2024-02-17,28.8,0.0,35.9,4.6,Haze
901562,403837,2024-03-28,19.6,6.4,64.4,13.6,Storm
901563,400556,2024-12-08,42.9,15.9,39.7,1.1,Clear
901564,402394,2025-07-30,22.6,8.5,70.9,6.7,Heavy Rain
901565,401812,2026-06-18,27.1,28.4,58.6,3.0,Cloudy
901566,401023,2024-12-19,17.3,8.4,46.3,12.7,Heavy Rain
901567,402257,2024-06-20,23.6,1.7,73.6,10.7,Clear
901568,401744,2025-12-06,17.0,8.6,69.4,14.0,Heavy Rain
901569,403479,2024-06-02,23.4,27.8,64.3,4.5,Clear
901570,403341,2026-03-20,30.0,5.9,61.9,21.8,Rain
901571,401815,2025-07-26,24.1,1.8,67.3,15.5,Haze
901572,401423,2024-05-03,37.6,24.6,46.2,2.6,Cloudy
901573,403521,2026-06-20,33.0,9.6,56.6,19.6,Clear
901574,401071,2024-02-07,24.9,8.5,32.6,20.1,Rain
901575,401510,2026-02-22,27.0,34.9,88.5,9.0,Cloudy
901576,403958,2026-03-08,31.7,3.6,81.7,7.1,Haze
901577,403633,2024-09-14,30.6,16.9,76.8,42.5,Heavy Rain
901578,404924,2026-04-27,20.3,29.0,50.8,0.1,Rain
901579,400864,2025-03-12,31.8,0.9,58.7,15.2,Storm
901580,404660,2024-01-09,32.1,14.7,49.5,5.3,Cloudy
901581,401361,2026-01-19,29.3,0.6,62.6,4.5,Haze
901582,401479,2025-10-09,18.2,7.6,51.0,2.9,Storm
901583,400555,2025-07-15,16.2,3.4,33.5,50.8,Haze
901584,404481,2024-09-19,28.1,16.7,82.0,9.4,Cloudy
901585,403626,2025-11-20,28.5,0.7,70.2,17.3,Clear
901586,403085,2024-05-31,23.4,15.6,56.6,4.5,Rain
901587,400315,2024-07-19,43.0,19.8,71.1,16.3,Haze
901588,402523,2025-09-09,24.3,6.6,82.9,6.0,Storm
901589,401320,2025-09-04,23.2,11.0,55.8,2.6,Haze
901590,402417,2024-08-18,38.4,3.8,61.5,25.6,Clear
901591,403545,2026-05-29,18.1,11.3,58.2,20.4,Clear
901592,404632,2026-01-11,33.0,4.4,72.6,9.2,Clear
901593,402778,2025-11-05,31.4,2.6,92.2,28.8,Clear
901594,400464,2025-08-01,34.2,3.8,53.7,38.9,Haze
901595,400355,2025-06-20,31.5,7.0,64.3,5.7,Cloudy
901596,404630,2025-12-27,28.6,6.2,49.2,10.9,Storm
901597,403583,2024-03-19,16.2,5.5,60.5,11.3,Clear
901598,403740,2024-01-19,36.3,3.2,62.3,48.1,Clear
901599,400127,2025-08-12,25.4,13.0,33.6,1.4,Clear
901600,400025,2024-09-27,18.1,9.6,81.9,1.9,Storm
901602,404577,2024-09-09,34.5,12.8,46.1,2.6,Haze
901603,402410,2024-10-20,6.7,16.3,53.9,0.8,Cloudy
901604,401519,2025-10-04,24.6,4.5,27.8,11.8,Heavy Rain
901605,401894,2024-12-03,39.7,9.2,43.9,0.7,Cloudy
901606,400414,2024-10-07,21.8,5.2,39.8,25.7,Cloudy
901607,402110,2025-12-27,23.6,4.5,46.2,3.1,Storm
901608,401261,2025-12-18,25.1,0.2,90.6,27.8,Rain
901609,401736,2024-10-29,30.1,2.3,31.0,6.2,Cloudy
901610,401093,2024-12-20,20.2,8.9,81.7,0.7,Rain
901611,403876,2025-10-18,20.9,4.8,40.2,4.2,Heavy Rain
901612,403059,2024-07-21,16.8,0.5,86.4,29.2,Clear
901613,402974,2024-04-25,29.5,6.0,66.9,38.0,Haze
901614,404369,2024-05-10,24.2,8.1,39.1,11.1,Cloudy
901615,401321,2025-04-21,45.9,5.2,64.8,6.9,Cloudy
901616,402153,2024-01-27,26.0,15.3,61.5,3.0,Storm
901617,400536,2026-01-29,33.8,7.0,73.4,1.3,Heavy Rain
901618,401854,2024-07-23,33.9,10.7,66.3,22.9,Heavy Rain
901619,404379,2024-04-17,13.7,19.0,54.2,8.2,Heavy Rain
901620,402115,2026-04-28,32.6,6.7,78.4,30.3,Rain
901621,404869,2024-07-14,35.0,14.3,68.6,48.3,Heavy Rain
901622,401413,2025-01-13,21.9,2.4,67.7,29.5,Heavy Rain
901623,402222,2026-04-16,33.9,1.5,86.2,37.3,Haze
901624,404137,2025-04-18,27.0,55.0,42.4,18.4,Cloudy
901625,404158,2025-12-17,32.8,4.1,64.3,12.9,Rain
901626,403125,2025-08-29,30.4,4.0,64.3,1.1,Clear
901627,404812,2024-05-21,38.5,18.2,33.9,0.1,Haze
901629,400398,2024-12-21,28.4,1.8,45.3,1.0,Rain
901631,401247,2025-07-31,31.7,6.1,42.9,13.5,Storm
901632,402239,2024-05-18,52.7,2.2,31.5,6.1,Rain
901634,404747,2024-07-16,28.1,4.4,29.8,0.5,Haze
901635,402866,2025-12-10,27.2,3.0,51.0,1.6,Rain
901636,402500,2025-06-07,21.4,17.3,76.9,13.1,Storm
901637,401913,2026-03-12,22.4,4.7,72.1,8.2,Rain
901638,404852,2024-07-20,40.2,14.6,29.3,6.2,Rain
901639,400790,2025-01-25,37.2,8.9,43.9,29.1,Storm
901640,401324,2026-06-14,23.5,2.5,80.6,2.6,Clear
901641,403998,2024-12-01,24.3,11.7,55.3,6.8,Heavy Rain
901642,403968,2026-02-14,26.0,5.3,66.3,31.2,Storm
901643,402724,2026-03-30,47.1,12.3,65.6,7.8,Cloudy
901644,402444,2024-04-07,27.0,8.0,78.5,7.5,Storm
901645,402320,2024-02-09,26.7,16.6,44.5,20.1,Rain
901646,402116,2024-07-06,39.5,19.6,57.7,18.2,Rain
901647,402296,2024-05-02,34.7,10.6,67.8,18.6,Cloudy
901648,404206,2025-11-10,16.3,12.7,58.8,13.6,Clear
901649,403334,2024-09-10,25.0,3.9,65.5,38.2,Rain
901650,401887,2024-03-30,26.5,4.5,49.2,7.2,Rain
901651,400096,2024-04-05,31.0,9.8,67.6,0.9,Rain
901652,402673,2024-01-26,9.7,10.0,82.3,1.7,Cloudy
901653,402306,2025-03-23,20.0,10.2,83.1,0.0,Haze
901654,403575,2024-02-06,29.8,1.6,64.3,1.4,Haze
901655,400515,2024-08-25,22.1,8.3,72.7,6.8,Rain
901656,404145,2026-06-24,34.1,0.3,52.1,13.9,Storm
901657,402300,2024-05-08,46.8,18.6,43.3,7.0,Clear
901658,402842,2025-09-17,29.8,25.4,68.3,3.9,Haze
901659,400132,2024-07-26,27.3,17.9,66.5,5.2,Haze
901660,401403,2025-03-23,31.2,6.7,64.3,2.7,Rain
901661,402027,2024-10-01,21.2,8.7,77.3,3.6,Rain
901662,404583,2025-09-22,23.1,0.7,71.7,28.0,Cloudy
901663,403576,2024-09-23,12.9,6.3,78.8,28.6,Heavy Rain
901664,402106,2026-06-06,27.9,1.7,69.0,10.6,Clear
901665,403598,2026-01-16,19.3,5.5,93.7,7.6,Rain
901666,400050,2024-03-25,22.5,11.7,67.6,3.5,Rain
901667,402771,2026-02-17,29.9,1.0,28.7,7.8,Storm
901668,403560,2024-04-12,27.0,0.3,58.0,8.2,Storm
901669,400830,2026-01-22,34.0,5.5,67.8,6.8,Heavy Rain
901670,402831,2025-05-15,31.3,6.3,56.6,12.4,Rain
901671,401278,2026-04-30,10.9,2.0,33.5,4.3,Cloudy
901672,403073,2025-06-01,13.6,9.4,47.0,3.2,Rain
901673,402751,2025-06-11,17.6,6.6,42.7,4.8,Storm
901674,404487,2024-04-14,17.2,5.7,64.4,1.7,Storm
901675,404555,2024-09-08,20.2,8.2,74.3,6.4,Haze
901676,404810,2025-12-26,27.7,2.6,66.8,19.4,Rain
901677,403414,2024-04-17,22.7,31.2,83.0,10.7,Storm
901678,400191,2025-04-16,36.6,1.7,50.1,20.5,Haze
901679,401253,2024-10-30,44.7,16.3,92.2,8.3,Rain
901680,404916,2025-01-31,26.2,0.1,64.5,1.1,Heavy Rain
901681,402283,2024-07-27,15.4,10.0,85.2,8.5,Clear
901682,403795,2024-04-27,23.5,2.5,95.0,10.4,Storm
901683,401313,2024-08-17,25.2,5.4,65.7,4.0,Heavy Rain
901684,400712,2026-04-01,18.5,18.4,78.4,2.7,Storm
901685,403317,2024-07-02,35.0,10.6,39.6,26.1,Clear
901686,400686,2024-06-14,25.3,5.0,73.5,11.7,Haze
901687,403441,2024-09-26,24.2,20.6,66.2,40.4,Rain
901688,400505,2024-04-18,32.5,11.4,84.4,21.8,Clear
901689,402032,2026-02-21,31.4,3.4,37.5,13.2,Rain
901690,400370,2024-02-01,28.9,3.5,78.8,64.6,Clear
901692,404935,2026-01-05,29.5,8.2,79.9,2.3,Cloudy
901693,402683,2025-04-01,19.7,19.4,48.6,4.0,Heavy Rain
901694,403968,2025-07-15,30.8,1.5,60.8,21.0,Clear
901695,400502,2026-06-24,20.4,2.3,67.8,13.8,Heavy Rain
901696,403561,2025-11-01,21.3,3.4,63.2,3.3,Rain
901697,401430,2024-06-05,21.9,3.9,52.9,4.9,Cloudy
901698,400895,2024-04-07,13.7,0.9,33.9,13.9,Heavy Rain
901699,404940,2025-06-13,17.1,7.0,58.7,43.0,Cloudy
901700,402514,2026-01-09,41.6,1.5,63.4,11.4,Rain
901701,400954,2025-01-02,22.5,5.5,41.5,13.0,Storm
901702,400802,2024-12-19,22.4,2.1,68.2,20.0,Clear
901703,403788,2025-10-17,36.2,14.5,63.5,0.8,Storm
901704,403752,2026-02-22,39.4,7.8,74.8,19.9,Heavy Rain
901705,402557,2024-08-25,24.7,0.0,40.4,4.5,Clear
901706,400077,2026-02-20,28.9,28.6,51.2,23.9,Clear
901707,401863,2026-01-01,35.4,6.6,67.7,13.1,Cloudy
901708,402267,2026-02-15,35.5,6.4,73.1,12.1,Storm
901709,403127,2025-01-09,26.7,0.2,50.5,0.5,Storm
901710,402851,2024-04-28,16.7,1.1,80.2,0.8,Rain
901711,402162,2026-03-25,35.1,7.9,44.2,1.2,Clear
901712,401834,2024-03-06,36.2,6.3,91.8,1.2,Haze
901713,401268,2024-09-04,24.7,11.2,42.2,3.4,Clear
901714,402900,2025-05-25,18.4,10.5,49.7,0.6,Cloudy
901715,403557,2025-10-26,26.0,5.2,53.5,8.1,Haze
901716,401340,2024-01-05,15.7,1.8,69.3,17.3,Rain
901717,400522,2025-04-26,30.5,24.0,61.3,2.3,Rain
901718,400769,2024-06-26,21.3,1.3,27.8,1.2,Heavy Rain
901719,403202,2026-05-23,20.3,2.1,90.5,6.4,Rain
901720,400844,2024-07-08,16.9,0.7,64.3,1.8,Clear
901722,403158,2026-01-07,24.4,2.4,98.9,18.8,Heavy Rain
901723,402094,2024-01-06,15.3,4.7,84.4,13.3,Heavy Rain
901724,403443,2024-11-02,34.2,26.0,67.8,11.4,Heavy Rain
901725,404387,2025-10-22,27.4,8.0,58.0,0.9,Haze
901726,402655,2024-09-16,28.7,12.5,84.5,26.6,Storm
901727,402126,2025-04-13,17.0,8.8,64.3,5.4,Haze
901728,401007,2025-01-18,27.9,3.3,85.4,12.3,Storm
901729,400817,2025-02-11,35.5,4.0,55.6,3.1,Heavy Rain
901730,400597,2024-04-24,34.6,16.1,68.7,37.4,Rain
901731,400834,2024-06-15,33.8,5.5,65.5,13.9,Cloudy
901732,401199,2024-11-13,30.7,4.0,53.9,8.3,Rain
901733,400197,2025-09-23,29.6,3.4,56.5,4.3,Heavy Rain
901734,401216,2026-04-25,18.1,0.2,57.9,6.5,Rain
901735,400621,2025-09-10,15.2,3.3,58.7,29.2,Clear
901736,403072,2024-12-23,22.9,1.4,54.1,13.8,Rain
901737,404491,2026-03-17,24.1,14.4,30.5,5.6,Cloudy
901738,400977,2025-01-19,33.0,0.9,37.6,6.4,Cloudy
901739,402007,2024-08-14,36.1,19.4,46.0,10.7,Storm
901740,403069,2024-08-12,14.4,7.3,79.2,11.9,Rain
901741,401891,2024-06-26,18.4,4.0,67.6,23.9,Storm
901742,404798,2025-07-22,32.3,6.8,81.8,1.2,Heavy Rain
901743,401837,2025-06-28,24.0,6.6,54.4,31.4,Cloudy
901744,401454,2025-03-15,10.1,5.9,62.4,0.7,Rain
901745,403205,2025-10-20,27.0,1.5,65.7,17.6,Haze
901746,402332,2025-03-20,31.1,17.5,72.1,26.0,Clear
901747,401432,2024-06-26,27.7,1.5,51.2,28.2,Rain
901748,402562,2025-08-30,30.7,2.6,86.6,5.8,Clear
901749,401158,2024-07-23,26.9,13.8,55.5,47.2,Storm
901750,404557,2025-11-11,36.3,2.8,55.6,23.7,Storm
901751,401806,2024-10-11,28.6,0.1,49.1,3.1,Storm
901752,400093,2026-01-07,25.3,1.5,26.8,8.8,Heavy Rain
901753,404575,2025-09-26,16.5,0.2,61.1,5.5,Haze
901754,403377,2026-07-07,29.0,2.5,55.4,3.4,Storm
901755,400578,2024-02-06,36.3,5.5,44.5,0.9,Storm
901756,401471,2025-03-12,34.0,6.4,88.0,9.9,Haze
901757,401229,2026-04-02,33.1,4.0,73.3,44.9,Heavy Rain
901758,404591,2024-07-16,30.3,9.3,64.3,7.1,Cloudy
901759,402253,2024-03-25,29.3,8.1,71.1,33.5,Heavy Rain
901760,400078,2025-02-05,34.0,3.8,65.8,8.9,Clear
901761,402339,2025-12-28,29.3,7.0,69.3,9.9,Haze
901762,404498,2026-05-07,16.8,1.9,54.4,12.2,Storm
901763,403243,2024-08-16,22.4,3.9,63.2,0.3,Heavy Rain
901764,404470,2024-05-31,33.9,0.4,64.3,4.0,Clear
901765,402069,2025-04-15,12.2,1.8,56.0,24.3,Haze
901766,403637,2026-03-15,25.4,7.6,48.6,39.1,Storm
901767,401405,2025-03-28,26.7,14.2,53.1,12.3,Cloudy
901768,400463,2024-11-07,37.5,12.6,71.0,0.5,Cloudy
901769,404541,2025-04-26,26.6,3.0,55.2,1.9,Cloudy
901770,404330,2025-10-02,21.5,30.5,44.5,25.3,Cloudy
901771,404989,2025-01-11,11.9,1.3,49.8,5.5,Heavy Rain
901772,403255,2024-06-15,17.0,12.4,74.5,19.4,Cloudy
901773,400441,2025-06-19,25.2,14.5,30.7,12.9,Haze
901774,404944,2025-11-21,19.0,3.7,83.2,10.0,Clear
901775,402795,2026-02-22,9.4,4.7,61.8,1.7,Rain
901776,403417,2024-04-18,21.2,17.3,58.2,4.6,Haze
901777,402677,2024-03-28,16.0,3.3,64.3,12.5,Rain
901778,404142,2024-11-15,16.9,5.5,86.2,13.6,Rain
901779,401106,2026-04-21,25.3,0.9,54.6,9.2,Heavy Rain
901780,403828,2024-11-11,24.0,5.0,56.3,2.9,Heavy Rain
901781,400150,2024-10-29,15.3,0.5,58.1,10.2,Storm
901782,403625,2024-12-31,37.7,3.8,39.9,45.9,Haze
901783,402210,2024-05-13,22.7,10.5,48.0,4.1,Heavy Rain
901784,404853,2026-05-17,31.3,0.2,43.9,2.8,Haze
901785,404925,2025-12-21,24.5,22.7,58.0,9.0,Storm
901786,403502,2024-07-07,29.0,2.6,71.8,4.6,Heavy Rain
901787,403169,2026-03-17,34.3,4.0,55.1,12.3,Clear
901788,404566,2024-02-07,16.8,12.4,67.7,14.2,Cloudy
901789,400320,2024-12-18,30.1,2.2,70.7,17.8,Clear
901790,401523,2025-07-28,27.0,3.6,43.9,14.2,Rain
901791,402396,2025-01-03,30.8,9.3,64.3,25.3,Storm
901792,400632,2026-03-20,23.5,6.8,62.2,11.2,Rain
901793,401787,2024-05-26,32.0,0.3,65.7,56.4,Heavy Rain
901794,400216,2025-07-28,13.6,5.9,64.3,3.8,Cloudy
901795,403806,2024-06-21,46.3,2.2,55.2,21.5,Haze
901796,404699,2025-10-12,35.7,5.3,41.4,1.5,Haze
901797,402021,2024-10-06,28.3,31.9,55.9,12.3,Rain
901798,400957,2024-04-04,35.0,7.7,93.3,4.1,Cloudy
901799,403672,2026-06-24,37.9,2.4,47.0,4.2,Haze
901800,402575,2026-04-10,14.7,0.7,87.0,11.6,Storm
901801,404971,2024-10-26,41.0,4.4,75.1,19.6,Clear
901802,401669,2024-08-26,29.0,0.3,58.7,13.2,Haze
901803,401548,2025-03-08,23.8,25.8,94.9,10.6,Storm
901804,401833,2024-05-30,37.4,27.2,54.6,14.4,Cloudy
901805,404108,2025-09-08,15.6,21.5,59.6,1.0,Haze
901806,402307,2024-07-06,8.6,23.1,73.7,16.1,Cloudy
901807,401235,2025-05-30,29.1,17.0,44.3,3.6,Storm
901808,404860,2024-10-05,28.2,1.7,81.7,3.7,Heavy Rain
901809,403588,2026-01-06,18.1,1.4,64.3,17.7,Clear
901810,400832,2025-02-03,30.8,8.8,53.5,7.3,Rain
901811,400081,2026-02-11,20.3,2.1,55.9,16.9,Heavy Rain
901812,400168,2024-02-14,29.5,1.6,67.5,1.9,Clear
901813,404342,2025-04-16,22.9,3.4,91.9,0.1,Haze
901814,402052,2025-10-28,24.7,3.1,64.3,9.0,Clear
901815,401590,2024-07-25,28.6,2.5,49.7,45.1,Haze
901816,403681,2026-01-31,41.2,8.8,47.0,13.7,Storm
901817,402872,2024-08-10,33.8,11.6,64.3,47.6,Haze
901818,400432,2025-11-11,24.8,13.4,67.7,3.1,Cloudy
901819,404544,2025-10-28,24.9,1.6,76.1,24.5,Clear
901820,400043,2024-12-24,20.1,5.8,58.4,25.0,Storm
901821,403973,2026-02-05,43.2,4.7,79.4,7.0,Clear
901822,401712,2025-10-21,29.7,7.5,30.4,39.8,Clear
901823,402243,2025-03-09,32.9,13.5,75.9,21.8,Cloudy
901824,401038,2024-03-10,17.9,15.4,92.2,6.7,Clear
901825,400156,2025-05-23,33.0,4.6,19.6,5.2,Haze
901826,401856,2024-02-15,21.1,5.7,56.3,23.7,Heavy Rain
901827,402745,2024-08-01,19.0,2.1,69.6,6.7,Cloudy
901828,400453,2025-10-04,20.0,8.5,53.6,3.4,Storm
901829,400396,2024-02-18,33.8,2.5,81.6,21.1,Haze
901830,403398,2026-05-08,38.7,1.1,76.4,11.7,Clear
901831,401601,2025-05-30,30.6,7.4,63.8,26.4,Storm
901832,402052,2024-12-13,19.8,3.5,38.0,7.0,Clear
901833,403722,2024-02-07,16.2,1.4,51.5,25.4,Rain
901834,400301,2024-09-02,23.0,23.9,62.6,20.7,Haze
901835,401200,2024-04-28,12.9,4.7,50.6,50.6,Cloudy
901836,402216,2024-09-03,43.8,9.2,32.4,32.2,Heavy Rain
901837,404635,2025-10-28,37.1,1.7,53.7,1.7,Clear
901838,401978,2024-10-18,32.3,5.1,67.4,69.4,Heavy Rain
901839,402525,2024-06-09,26.5,12.7,64.3,21.2,Rain
901840,403013,2026-07-02,22.9,19.2,72.4,8.3,Storm
901842,404379,2024-02-11,27.1,3.2,79.1,6.6,Clear
901843,400062,2024-02-14,22.9,4.4,59.2,16.9,Storm
901844,403080,2024-10-20,28.5,1.2,73.3,1.5,Clear
901845,404315,2025-07-15,39.0,1.5,62.3,35.6,Storm
901846,404080,2025-01-21,25.5,10.3,67.4,4.9,Rain
901847,403293,2026-02-27,28.4,21.7,53.5,2.1,Rain
901848,401984,2024-06-26,22.4,3.1,65.1,13.4,Storm
901849,401897,2024-05-20,38.8,11.7,37.3,10.8,Heavy Rain
901850,404329,2025-03-11,31.7,6.1,45.0,8.7,Heavy Rain
901851,401999,2024-10-18,24.6,2.5,76.4,14.5,Haze
901852,402043,2025-03-06,40.1,16.1,84.8,7.0,Cloudy
901853,402499,2025-01-25,42.9,10.0,63.6,11.2,Cloudy
901854,402317,2025-02-19,39.0,9.7,62.8,11.4,Storm
901855,403751,2024-05-28,22.3,0.8,83.2,1.2,Storm
901856,401847,2024-10-31,26.6,3.3,56.2,4.8,Storm
901857,401393,2025-10-10,15.1,8.1,64.3,2.7,Heavy Rain
901858,401626,2024-09-15,31.0,2.3,73.1,20.1,Haze
901859,402731,2025-12-09,32.6,1.4,88.6,21.2,Rain
901860,402348,2025-01-21,37.5,3.5,86.4,14.2,Cloudy
901861,403635,2025-07-01,17.7,0.8,84.9,9.8,Rain
901862,403030,2025-03-17,27.2,13.4,63.8,11.5,Heavy Rain
901863,404745,2025-06-23,40.7,1.5,71.8,16.6,Rain
901864,402028,2025-05-08,19.1,0.8,96.5,3.4,Clear
901865,404552,2025-04-22,18.3,4.8,69.2,1.1,Cloudy
901866,404785,2024-08-19,33.1,15.8,55.4,1.3,Heavy Rain
901867,401858,2025-03-29,22.6,8.6,78.0,3.7,Cloudy
901869,404114,2024-09-13,24.3,4.0,86.8,14.7,Storm
901870,404584,2026-03-15,26.7,1.6,51.5,7.7,Clear
901871,403813,2024-09-09,30.2,43.8,40.7,9.7,Storm
901872,403843,2024-10-19,24.7,0.6,72.4,4.3,Cloudy
901873,402354,2025-01-04,19.5,0.8,80.2,0.8,Cloudy
901874,400816,2025-07-06,33.8,15.1,53.9,59.4,Heavy Rain
901875,401253,2026-07-09,26.9,14.5,67.5,2.2,Clear
901876,401541,2024-04-29,31.2,2.3,86.0,3.0,Rain
901877,400663,2025-05-04,35.3,16.5,55.3,16.1,Storm
901878,402411,2024-05-02,27.8,6.0,71.7,6.0,Clear
901879,404703,2024-01-10,22.8,4.9,82.8,3.5,Heavy Rain
901880,401911,2025-05-15,25.9,12.6,63.3,12.2,Cloudy
901881,402884,2025-12-23,31.5,3.7,64.3,2.9,Heavy Rain
901882,402819,2026-04-13,27.3,11.2,53.1,2.4,Clear
901883,401562,2026-03-31,34.4,3.4,61.7,4.0,Cloudy
901884,400517,2025-03-19,22.5,2.8,82.6,17.7,Rain
901885,404227,2025-07-17,34.0,0.6,65.4,3.2,Cloudy
901887,401610,2024-05-09,39.5,3.3,66.2,3.7,Clear
901888,404456,2026-07-05,8.7,3.4,71.3,27.5,Cloudy
901889,404710,2025-11-18,29.5,1.2,55.2,5.0,Haze
901890,404391,2025-10-28,20.6,47.3,58.5,3.8,Clear
901892,403363,2026-02-17,16.7,9.4,73.7,0.9,Haze
901893,404477,2026-06-01,26.8,3.5,45.8,7.6,Haze
901894,404959,2024-10-31,19.6,2.2,77.6,0.3,Cloudy
901895,402762,2025-07-02,20.7,18.2,46.9,15.1,Clear
901896,402391,2024-03-09,29.7,2.7,32.7,2.5,Storm
901897,403427,2026-05-17,24.8,8.9,43.6,9.9,Clear
901898,402647,2024-09-23,14.2,0.1,73.3,34.7,Clear
901899,404691,2025-03-07,38.6,5.5,80.6,16.4,Heavy Rain
901900,404526,2025-08-17,31.4,3.9,74.4,14.1,Rain
901901,403581,2026-03-09,27.7,1.5,40.8,4.4,Clear
901902,404351,2025-09-15,24.0,2.6,36.5,15.8,Haze
901903,403067,2026-05-02,21.7,6.3,72.5,2.5,Cloudy
901904,400730,2024-05-24,11.1,13.6,80.1,8.7,Clear
901905,403242,2024-11-14,20.8,27.3,64.3,7.8,Clear
901906,401727,2024-08-21,20.4,15.6,26.0,0.5,Cloudy
901907,401339,2025-08-01,25.5,0.8,66.8,14.4,Heavy Rain
901908,403473,2025-08-16,32.3,18.4,32.9,7.6,Cloudy
901909,404917,2025-06-20,29.3,5.5,52.1,1.1,Cloudy
901910,404932,2024-07-21,35.7,13.0,40.3,75.0,Cloudy
901911,401509,2024-07-28,12.9,1.1,61.1,12.9,Storm
901912,400110,2025-05-08,25.4,18.4,79.4,5.2,Rain
901913,401870,2024-01-15,28.3,2.3,62.9,7.0,Cloudy
901914,401794,2024-05-19,39.4,7.9,62.5,23.9,Rain
901915,404759,2024-08-23,25.8,0.7,68.6,10.2,Rain
901916,400759,2026-03-18,37.8,7.0,72.1,7.8,Heavy Rain
901918,403773,2024-08-24,28.8,3.6,67.6,0.8,Rain
901919,403602,2025-09-05,44.3,6.0,85.1,4.0,Clear
901920,402895,2024-05-26,16.0,0.2,51.3,16.6,Cloudy
901921,402512,2025-04-12,33.9,0.7,73.1,0.6,Rain
901922,403699,2024-03-20,21.5,2.9,76.4,19.1,Storm
901923,403904,2025-03-16,27.2,2.4,45.4,35.3,Cloudy
901924,404103,2025-02-28,30.7,2.6,69.1,56.6,Rain
901925,404071,2024-10-10,27.4,12.0,45.3,20.9,Haze
901926,402207,2025-03-23,30.4,1.7,74.8,5.6,Cloudy
901927,401380,2025-12-05,27.3,10.3,41.4,1.4,Haze
901928,404678,2026-03-20,21.3,11.1,78.0,5.0,Rain
901929,400204,2025-10-31,15.0,55.0,64.5,16.9,Cloudy
901930,401038,2024-07-23,15.8,31.5,56.2,17.4,Rain
901931,401466,2026-06-24,16.5,2.1,55.3,17.1,Heavy Rain
901932,403140,2025-08-19,9.9,0.5,54.1,18.2,Haze
901933,404108,2024-12-13,34.1,9.4,43.2,1.1,Haze
901934,400086,2024-07-02,41.1,4.2,66.2,4.1,Cloudy
901935,401147,2025-06-08,25.7,10.7,96.8,20.9,Heavy Rain
901936,400827,2024-10-16,26.5,2.2,59.6,0.5,Clear
901937,404485,2024-02-02,17.9,1.6,50.1,4.3,Storm
901938,404049,2025-11-26,26.9,8.4,58.6,3.3,Heavy Rain
901939,404180,2025-08-26,17.8,2.1,86.5,6.2,Clear
901940,400294,2025-02-26,21.4,2.0,85.8,2.8,Storm
901941,402214,2024-10-31,41.9,25.0,84.9,5.2,Cloudy
901942,403813,2026-05-04,38.9,0.1,69.6,7.5,Haze
901943,400607,2025-12-17,30.5,6.3,64.3,24.7,Rain
901944,403777,2026-01-20,38.0,2.8,48.5,5.5,Cloudy
901945,403977,2026-05-04,26.0,16.8,73.2,14.2,Rain
901946,402094,2025-02-21,34.3,5.7,79.7,1.6,Clear
901947,402821,2025-04-27,20.1,16.1,56.4,6.3,Rain
901948,400733,2026-01-08,25.2,16.5,42.1,9.5,Heavy Rain
901949,403200,2024-08-30,25.3,0.2,84.7,2.8,Clear
901950,403557,2026-02-13,29.3,5.2,61.4,2.1,Cloudy
901951,402717,2025-05-03,14.9,5.5,63.1,5.0,Clear
901952,404944,2024-04-13,15.2,1.1,74.4,44.0,Storm
901953,404752,2024-10-28,23.3,1.4,59.3,6.8,Haze
901954,402828,2024-06-23,8.3,3.0,46.8,23.8,Cloudy
901955,404824,2025-03-28,41.8,1.5,80.6,2.3,Storm
901956,400376,2026-03-02,17.5,1.5,38.2,4.0,Haze
901957,402527,2025-11-04,13.0,7.6,76.3,1.1,Cloudy
901958,402045,2025-05-14,16.9,4.8,40.6,18.0,Storm
901959,402177,2025-12-09,18.4,12.8,52.9,4.9,Clear
901960,402669,2024-03-25,13.4,11.0,65.3,3.8,Haze
901961,403192,2025-04-15,32.2,4.7,63.5,13.6,Clear
901962,400971,2026-05-23,27.9,0.6,34.0,34.4,Haze
901963,401908,2024-02-02,10.2,6.0,65.8,8.0,Clear
901964,403473,2025-03-24,27.8,0.7,94.1,15.4,Rain
901965,401929,2025-08-17,40.7,13.0,81.2,0.9,Storm
901966,400502,2024-02-14,31.6,0.4,69.0,9.7,Haze
901967,402814,2025-02-12,33.2,20.0,45.0,14.9,Clear
901968,403616,2026-04-05,18.2,1.6,64.3,2.8,Cloudy
901969,400931,2025-10-17,39.3,1.6,70.0,4.0,Haze
901970,404999,2024-05-08,33.0,8.6,68.7,1.5,Cloudy
901971,404759,2025-10-09,34.5,2.2,67.9,15.0,Cloudy
901972,400841,2025-01-30,20.8,9.0,96.5,14.6,Storm
901973,404219,2024-09-04,31.9,13.4,55.1,22.9,Storm
901974,403514,2024-04-11,21.3,4.7,72.3,10.0,Rain
901975,404632,2025-06-27,34.8,6.9,43.2,1.0,Heavy Rain
901976,400586,2024-01-07,29.2,3.5,60.0,14.6,Storm
901977,401186,2025-11-25,34.6,13.2,72.3,2.2,Clear
901978,404497,2024-11-07,22.6,10.2,48.3,4.4,Heavy Rain
901979,400849,2026-05-26,16.0,3.1,65.9,16.0,Clear
901980,402239,2024-06-21,22.2,1.6,81.4,20.4,Storm
901982,401863,2024-06-24,18.4,7.4,64.6,6.0,Haze
901983,400885,2025-05-03,24.5,8.3,49.2,22.3,Haze
901984,404228,2025-01-17,25.7,4.4,61.0,5.0,Clear
901986,404249,2025-07-25,18.4,2.3,87.3,1.9,Storm
901987,404100,2025-09-16,29.5,0.9,78.9,28.1,Storm
901988,403510,2026-03-20,30.5,2.7,71.8,4.9,Rain
901990,404564,2025-07-19,26.2,6.9,68.1,21.6,Haze
901991,404058,2026-05-15,36.7,4.3,56.4,1.2,Heavy Rain
901992,400660,2025-12-17,19.7,20.5,31.8,6.8,Clear
901993,401200,2024-06-24,11.2,30.5,76.2,5.2,Cloudy
901994,403575,2025-07-11,30.0,9.7,45.9,23.7,Heavy Rain
901995,401183,2025-01-16,26.9,1.2,41.0,6.3,Cloudy
901996,403989,2024-06-13,35.6,12.4,46.5,11.9,Haze
901997,404403,2025-09-22,13.4,11.4,54.0,0.5,Cloudy
901998,404678,2024-02-23,33.7,2.1,60.7,5.9,Haze
901999,400898,2026-06-05,33.3,8.0,84.2,42.8,Cloudy
902000,403737,2025-11-15,31.4,5.8,60.3,36.0,Rain
902001,402394,2026-07-04,7.6,4.0,51.0,12.8,Clear
902002,403565,2026-02-27,29.3,1.3,55.5,4.4,Cloudy
902003,402560,2024-06-11,25.7,4.8,65.0,1.8,Clear
902004,404657,2025-10-20,36.1,16.9,54.0,2.0,Haze
902005,401138,2025-01-16,28.7,4.3,67.6,28.6,Rain
902006,403194,2025-11-19,31.4,9.6,26.9,0.3,Rain
902007,403268,2025-07-17,18.4,1.4,63.9,6.3,Heavy Rain
902008,404691,2025-07-08,39.7,0.9,64.3,41.9,Rain
902009,401724,2026-03-18,27.0,5.1,86.8,4.2,Storm
902011,403885,2024-01-26,23.1,5.6,64.9,13.8,Rain
902012,401620,2025-09-08,27.0,33.6,35.5,14.4,Storm
902013,402265,2024-06-29,17.9,0.1,57.3,13.1,Clear
902014,402838,2024-08-26,29.7,2.1,53.8,5.9,Clear
902015,403965,2026-01-01,23.7,1.0,64.1,15.7,Rain
902016,401156,2024-05-09,37.2,0.4,62.8,33.7,Cloudy
902017,402549,2025-05-02,27.8,5.0,59.4,42.8,Cloudy
902018,401352,2026-01-11,23.4,12.5,60.7,10.7,Haze
902019,402396,2025-07-07,14.0,9.0,63.1,4.3,Haze
902020,402566,2024-01-11,21.3,21.1,57.3,0.9,Rain
902021,403106,2025-11-23,17.8,5.7,68.3,9.5,Rain
902022,400794,2024-10-01,18.6,11.3,95.6,15.0,Haze
902023,403477,2024-01-22,12.9,9.6,75.5,3.9,Storm
902024,400487,2026-01-09,41.6,2.8,94.3,14.2,Cloudy
902025,401702,2025-06-21,25.9,7.5,17.1,3.7,Storm
902026,402538,2025-05-03,29.3,13.9,89.4,4.0,Heavy Rain
902027,402783,2025-08-06,12.8,5.2,62.8,10.8,Rain
902028,401317,2025-11-27,32.1,20.3,70.6,11.2,Clear
902029,402669,2024-07-10,29.0,0.3,62.3,13.1,Rain
902030,402212,2025-08-16,39.1,1.2,70.5,19.1,Clear
902031,404418,2025-07-28,16.0,35.8,22.5,6.0,Rain
902032,400913,2025-08-17,25.0,5.5,57.0,5.8,Cloudy
902033,404321,2026-03-27,30.1,1.7,83.2,2.3,Heavy Rain
902034,402644,2026-01-04,33.2,8.4,85.4,11.6,Rain
902035,401793,2024-06-26,29.2,0.9,98.1,46.6,Haze
902036,404489,2024-01-11,24.5,27.0,84.0,4.4,Rain
902037,404200,2024-07-25,18.0,2.4,76.8,10.2,Storm
902038,403146,2026-07-16,19.6,9.5,76.6,23.5,Heavy Rain
902039,404343,2024-11-15,28.8,1.3,99.2,17.2,Rain
902040,404415,2024-10-12,34.5,1.8,65.1,0.3,Heavy Rain
902041,403521,2025-04-06,35.3,6.3,92.1,36.9,Rain
902042,401204,2025-10-11,25.4,16.7,67.3,7.5,Storm
902043,402512,2026-06-06,23.8,22.8,65.9,7.7,Rain
902044,400450,2024-02-21,26.4,4.2,31.3,20.4,Heavy Rain
902045,403358,2024-12-07,18.0,7.5,59.2,16.8,Rain
902046,403515,2025-03-29,29.5,1.3,64.3,4.4,Cloudy
902047,403161,2024-02-19,33.0,29.9,68.6,6.4,Haze
902048,404444,2025-08-28,26.8,5.5,49.0,8.9,Haze
902049,400963,2026-07-11,28.3,8.3,51.7,1.0,Cloudy
902050,402228,2024-08-12,27.1,0.6,79.8,12.8,Haze
902051,402329,2025-02-08,33.9,13.7,38.9,2.2,Storm
902052,400347,2024-03-24,27.5,10.9,67.0,14.3,Storm
902053,402480,2024-08-14,32.5,8.2,64.8,2.1,Haze
902056,403170,2024-11-19,19.7,0.4,82.1,7.9,Haze
902057,401702,2024-01-27,36.0,4.1,76.0,12.6,Clear
902058,404439,2025-11-27,22.8,3.9,87.8,0.9,Clear
902059,403939,2026-03-14,19.6,6.6,89.2,3.5,Cloudy
902060,401927,2024-04-02,26.8,12.0,75.6,5.8,Storm
902061,404730,2024-04-30,26.4,0.9,83.7,18.3,Storm
902062,404227,2025-09-16,26.9,13.0,31.9,6.3,Haze
902063,402194,2024-05-16,21.7,35.9,78.6,14.4,Rain
902064,403001,2024-05-18,27.4,4.1,82.4,25.3,Heavy Rain
902065,402883,2024-06-29,36.5,4.1,47.6,5.9,Clear
902066,404808,2025-03-23,40.5,1.5,78.0,52.4,Haze
902067,400042,2026-02-20,35.7,13.0,71.0,62.7,Storm
902068,403749,2024-08-30,42.9,5.5,56.4,1.0,Heavy Rain
902069,402834,2026-04-11,27.3,27.2,88.2,15.5,Heavy Rain
902071,403404,2025-06-30,23.3,7.5,51.7,3.2,Rain
902072,403940,2025-12-04,23.2,0.1,89.5,9.6,Storm
902073,404993,2024-11-11,32.7,13.0,42.0,7.7,Storm
902074,402014,2025-08-03,28.7,10.1,52.1,8.5,Storm
902075,401371,2024-08-26,38.4,10.8,81.6,0.8,Cloudy
902076,404903,2024-11-21,12.5,1.2,65.8,17.2,Storm
902078,403257,2024-12-27,16.0,2.4,92.0,12.2,Clear
902079,403403,2026-07-05,27.3,9.2,86.6,30.5,Storm
902080,401640,2024-05-12,40.8,1.1,70.7,33.9,Heavy Rain
902081,404845,2024-10-14,20.7,3.1,83.1,4.7,Cloudy
902082,404502,2024-02-27,20.6,3.7,63.2,3.7,Haze
902083,401872,2025-10-19,9.4,13.1,81.8,6.7,Rain
902084,402454,2025-02-06,29.1,0.3,69.7,1.2,Rain
902085,401451,2024-07-11,0.1,7.1,64.3,35.6,Clear
902086,403215,2025-07-28,27.5,1.3,52.2,3.1,Rain
902087,403735,2024-07-01,18.6,37.6,72.6,44.0,Storm
902088,403601,2026-06-03,32.0,23.9,42.1,15.0,Rain
902089,402393,2025-06-20,15.9,1.4,62.2,1.0,Clear
902090,404603,2025-10-29,34.8,0.6,38.7,10.3,Rain
902091,401302,2025-03-17,7.4,0.5,73.4,12.6,Cloudy
902092,400220,2024-02-17,41.0,3.8,71.3,14.0,Rain
902093,402286,2024-07-16,22.4,23.9,57.3,0.6,Clear
902094,403647,2024-07-24,19.8,1.5,59.0,15.6,Heavy Rain
902095,404816,2024-01-12,18.3,0.9,63.6,18.5,Rain
902096,400736,2025-05-28,19.8,9.7,41.3,8.7,Cloudy
902097,400012,2025-06-27,22.5,3.1,77.5,9.6,Storm
902098,402064,2026-01-31,25.4,0.7,73.0,16.4,Cloudy
902099,402917,2025-01-02,34.9,1.1,85.6,18.3,Storm
902100,400222,2024-03-09,16.6,22.8,64.2,22.9,Haze
902101,404174,2025-10-06,25.9,1.6,63.4,6.5,Cloudy
902102,402444,2024-07-27,21.0,26.8,23.8,21.0,Clear
902103,402118,2025-09-19,21.2,8.3,70.8,40.4,Rain
902104,400176,2026-05-17,26.7,11.6,72.9,0.7,Clear
902105,403796,2025-11-27,35.7,32.1,43.8,16.0,Haze
902106,400715,2024-04-02,16.0,0.7,65.6,13.7,Storm
902107,402247,2026-01-12,26.9,2.8,79.3,3.6,Cloudy
902108,403723,2024-03-12,14.6,7.7,77.9,17.6,Cloudy
902109,404630,2025-07-02,27.8,5.1,77.3,2.6,Clear
902110,401519,2025-09-24,29.1,0.8,44.6,2.7,Cloudy
902111,401557,2026-01-17,29.1,35.8,49.1,8.1,Clear
902112,400200,2024-04-17,17.5,11.2,67.1,15.1,Heavy Rain
902113,404014,2024-11-25,25.1,44.2,57.1,0.9,Storm
902114,403189,2024-08-21,21.4,1.2,66.5,4.6,Heavy Rain
902115,400127,2026-01-07,47.5,20.2,64.3,7.0,Storm
902116,403828,2024-02-23,11.9,2.0,55.0,8.4,Storm
902117,403457,2024-09-27,12.0,0.5,67.4,5.5,Storm
902118,401910,2024-04-29,22.0,4.7,64.5,3.2,Heavy Rain
902119,403574,2026-06-23,25.5,20.7,71.5,15.1,Storm
902120,402083,2025-05-13,25.6,1.1,75.1,0.7,Heavy Rain
902121,401041,2024-04-08,15.0,1.6,66.4,12.4,Rain
902122,403516,2025-09-29,27.9,23.2,71.4,18.0,Haze
902123,404220,2024-03-26,38.0,3.6,83.2,10.3,Cloudy
902124,404629,2024-06-30,26.1,1.9,39.6,28.2,Clear
902125,400296,2024-09-24,20.1,3.3,47.2,4.6,Rain
902126,404976,2025-05-07,32.0,18.4,67.7,7.4,Storm
902128,404042,2026-05-21,16.3,8.3,67.8,0.9,Rain
902129,401328,2025-12-24,22.2,14.3,92.5,1.9,Haze
902130,401286,2025-03-31,28.2,19.3,59.6,8.4,Heavy Rain
902131,404319,2024-02-11,38.0,0.4,78.7,0.6,Clear
902132,400908,2024-07-01,30.3,5.2,89.8,6.1,Storm
902133,402372,2025-03-06,32.8,19.2,70.2,10.5,Clear
902134,402991,2024-12-14,29.0,3.2,63.4,15.1,Cloudy
902135,400500,2026-02-03,28.5,8.3,82.5,0.5,Storm
902137,403965,2024-08-02,30.4,5.6,61.0,29.7,Cloudy
902138,403029,2025-01-31,22.4,11.1,83.6,20.1,Heavy Rain
902139,404489,2024-03-18,36.3,14.7,76.5,3.4,Haze
902140,401917,2025-12-07,24.9,7.4,62.7,12.7,Cloudy
902141,402881,2025-04-23,37.7,10.2,65.0,18.5,Rain
902142,400849,2025-03-04,18.8,1.2,85.2,20.2,Rain
902143,400625,2025-10-20,23.0,5.3,67.7,0.2,Storm
902144,401043,2026-06-18,27.0,1.4,73.8,2.3,Haze
902145,403776,2024-09-03,22.3,4.7,48.2,8.4,Cloudy
902146,404834,2024-04-18,31.2,10.7,69.3,2.8,Storm
902147,403856,2026-03-26,20.6,6.2,51.3,11.4,Cloudy
902148,400729,2025-12-24,22.6,4.3,70.5,9.2,Rain
902149,401467,2024-01-26,20.6,0.3,56.8,3.0,Heavy Rain
902150,402690,2024-11-16,44.3,1.5,64.3,15.7,Rain
902151,400139,2025-08-30,27.1,3.6,65.3,24.0,Storm
902152,404622,2024-01-09,30.5,9.3,89.6,4.3,Cloudy
902153,401874,2025-06-18,19.5,1.6,77.0,17.3,Cloudy
902154,402143,2024-02-14,30.7,0.7,89.2,46.5,Heavy Rain
902155,401726,2024-11-12,28.4,14.2,59.4,9.6,Cloudy
902156,402099,2025-02-26,15.4,7.5,72.5,1.5,Clear
902157,404126,2025-01-13,30.5,10.4,76.1,12.2,Cloudy
902158,404993,2025-04-28,33.8,3.8,83.5,4.8,Clear
902159,401005,2024-04-19,37.8,2.7,89.2,12.2,Cloudy
902160,404850,2024-06-20,39.3,6.6,83.4,10.8,Heavy Rain
902161,401380,2024-08-23,37.8,7.8,96.8,25.4,Cloudy
902162,401549,2025-09-01,18.8,6.3,49.2,8.4,Heavy Rain
902163,401953,2026-02-22,17.8,8.7,67.2,0.4,Cloudy
902164,403761,2024-04-13,38.1,10.6,58.3,5.3,Storm
902165,403738,2025-02-11,33.1,0.5,84.9,14.1,Clear
902166,401935,2026-02-27,41.5,6.3,50.5,7.4,Rain
902167,403803,2026-07-02,35.3,6.2,92.1,5.7,Cloudy
902168,402312,2024-06-03,31.8,3.0,63.4,4.0,Storm
902169,402788,2024-05-30,30.9,8.3,67.5,19.8,Haze
902170,401873,2025-07-01,56.6,6.3,48.3,1.8,Clear
902171,404157,2024-11-19,20.8,13.3,51.2,7.4,Rain
902172,403313,2024-02-01,24.9,8.7,57.0,13.5,Heavy Rain
902173,404518,2025-05-19,40.2,2.6,87.2,1.1,Clear
902174,401727,2025-10-30,28.6,14.7,85.8,7.1,Haze
902175,403107,2026-03-04,36.3,0.1,56.3,1.4,Storm
902176,400868,2025-08-08,22.8,5.7,76.4,0.7,Clear
902177,400608,2026-06-07,18.3,9.0,81.6,13.8,Rain
902178,402622,2025-12-12,30.6,11.7,22.9,3.4,Storm
902179,402451,2025-09-20,10.0,8.8,64.3,24.4,Rain
902180,400961,2026-06-16,28.3,5.7,44.4,6.0,Cloudy
902181,403679,2024-01-20,31.2,8.1,80.3,1.3,Rain
902182,401546,2026-04-19,32.6,2.2,61.6,12.0,Haze
902183,401370,2024-03-25,16.9,32.6,69.5,55.6,Cloudy
902184,402968,2025-03-04,19.8,31.1,72.9,1.8,Clear
902185,403867,2024-08-24,17.8,2.1,90.2,0.7,Rain
902186,404898,2024-05-14,15.6,2.5,69.5,8.5,Clear
902187,404816,2025-09-02,25.1,4.8,96.3,20.3,Rain
902188,404410,2026-03-23,28.5,3.3,74.7,6.8,Storm
902189,404999,2025-01-01,16.9,4.9,84.5,2.2,Clear
902190,401224,2025-05-26,27.2,0.5,64.3,9.3,Cloudy
902191,400547,2025-10-11,37.6,0.8,81.3,5.4,Cloudy
902192,400072,2025-05-16,24.9,35.7,35.4,27.3,Heavy Rain
902193,401122,2025-09-26,16.1,7.8,58.2,14.0,Clear
902194,401687,2025-01-23,25.0,7.3,51.7,3.1,Clear
902195,403081,2025-07-19,23.4,0.9,80.0,8.3,Heavy Rain
902196,404927,2026-01-08,31.8,3.0,34.0,4.0,Rain
902197,402867,2026-04-12,33.2,3.2,46.6,3.5,Clear
902199,401098,2026-03-16,25.3,7.1,52.4,5.4,Haze
902200,403019,2024-08-21,28.4,4.9,69.3,7.6,Cloudy
902201,401135,2025-01-06,30.4,0.6,49.8,6.6,Rain
902202,404429,2026-05-28,23.2,7.8,85.7,22.3,Haze
902203,401048,2025-01-07,28.5,3.7,66.9,4.5,Cloudy
902204,401658,2024-08-05,17.5,4.2,44.5,32.5,Haze
902205,400594,2024-03-10,19.9,11.5,63.3,17.5,Storm
902206,402671,2026-07-18,42.5,5.0,49.5,23.7,Storm
902207,400838,2026-05-28,23.4,5.8,79.0,9.1,Cloudy
902208,400374,2024-10-11,17.0,5.5,41.3,12.2,Heavy Rain
902209,400070,2024-02-16,23.4,4.7,70.9,1.5,Heavy Rain
902210,400445,2025-12-11,36.4,0.2,54.9,8.0,Clear
902211,400169,2024-01-09,42.5,42.5,86.3,2.3,Haze
902213,403318,2025-09-10,27.0,20.1,43.8,9.8,Rain
902214,402608,2024-03-28,31.7,2.7,54.7,20.9,Cloudy
902216,401585,2024-10-21,39.5,2.4,65.8,12.6,Storm
902217,402535,2025-08-18,33.3,6.1,34.1,13.6,Cloudy
902218,404679,2024-01-11,16.5,14.0,91.5,25.2,Storm
902219,403756,2024-04-19,39.4,10.6,41.3,17.9,Heavy Rain
902220,404637,2024-06-20,37.9,6.7,62.2,7.2,Cloudy
902221,403713,2026-02-09,21.9,1.8,25.1,14.3,Rain
902222,403083,2024-05-03,34.6,13.9,70.7,5.2,Haze
902224,404590,2025-11-04,11.4,20.5,50.8,1.5,Rain
902225,404958,2025-01-10,30.9,18.3,71.3,6.4,Rain
902226,401029,2024-08-31,31.4,2.0,79.2,5.7,Cloudy
902228,403496,2025-02-24,27.9,27.0,87.8,1.1,Rain
902229,401143,2024-04-04,35.7,3.2,61.9,12.9,Cloudy
902230,403693,2025-12-10,36.8,0.7,57.6,15.2,Haze
902231,401086,2025-01-14,29.2,4.8,33.3,16.4,Heavy Rain
902234,404981,2024-03-21,28.3,31.8,75.4,31.8,Haze
902235,400414,2026-03-11,28.3,4.9,49.3,14.3,Heavy Rain
902236,403470,2025-01-09,34.6,5.5,55.4,1.5,Cloudy
902237,402250,2025-08-21,27.7,6.4,30.1,6.9,Rain
902238,401179,2026-06-09,23.6,4.0,54.5,0.7,Cloudy
902239,400357,2026-07-11,31.9,25.5,75.3,19.6,Cloudy
902240,400251,2024-07-20,21.3,5.8,75.4,29.2,Rain
902241,402861,2024-02-17,17.3,5.8,77.2,10.5,Haze
902242,400230,2026-04-15,14.7,0.1,73.8,8.3,Heavy Rain
902243,403209,2024-02-23,25.8,0.4,13.3,24.8,Storm
902244,400168,2024-09-04,18.4,2.9,77.0,6.0,Haze
902245,402958,2024-04-22,27.7,5.5,53.5,0.2,Cloudy
902246,401717,2026-06-26,19.6,3.3,89.1,3.2,Storm
902247,400660,2025-04-14,19.3,5.3,57.8,6.8,Heavy Rain
902248,400251,2024-01-31,14.6,5.6,53.7,12.7,Rain
902249,401120,2024-08-19,24.7,18.1,70.1,4.7,Haze
902250,402427,2025-05-19,23.4,19.3,40.3,8.5,Haze
902251,402062,2025-04-01,33.3,20.5,88.3,11.0,Storm
902252,403487,2024-08-07,15.3,20.0,59.5,13.5,Haze
902253,400297,2024-07-27,15.1,0.8,60.5,21.8,Clear
902254,404372,2026-05-27,20.4,4.9,60.4,8.1,Haze
902255,402146,2026-04-04,27.1,0.6,75.5,0.4,Clear
902256,403584,2026-03-19,32.9,6.8,50.1,1.3,Heavy Rain
902257,402136,2025-02-20,32.2,0.0,68.4,2.2,Haze
902258,404621,2024-08-22,46.6,5.9,62.3,25.1,Clear
902259,404141,2026-06-20,35.1,5.2,65.0,6.1,Heavy Rain
902260,401813,2025-04-06,10.3,11.2,48.3,4.7,Storm
902261,403264,2026-06-28,27.6,12.4,79.5,3.7,Heavy Rain
902262,401566,2024-03-30,27.6,0.4,51.3,16.1,Storm
902263,401589,2025-07-31,15.4,6.4,64.2,24.0,Clear
902264,400093,2025-08-30,5.7,5.7,68.5,6.1,Cloudy
902265,404945,2025-08-22,36.1,22.8,77.3,12.4,Haze
902266,404824,2024-09-14,28.3,1.1,56.5,40.4,Clear
902267,400857,2026-04-27,19.3,6.3,54.0,13.5,Haze
902268,403269,2024-04-21,34.6,17.1,78.5,0.3,Clear
902269,402077,2026-06-08,36.4,11.2,69.4,14.4,Cloudy
902270,404605,2024-04-12,31.3,11.6,41.9,23.7,Haze
902271,404081,2024-10-18,33.3,7.7,61.2,16.6,Clear
902272,402387,2025-11-12,33.0,6.8,69.2,9.0,Rain
902273,402425,2025-07-10,26.6,1.6,36.7,6.2,Rain
902274,400179,2025-05-13,18.4,13.9,56.6,7.4,Haze
902275,403168,2025-05-16,30.6,4.1,81.5,14.2,Rain
902276,404103,2025-09-25,31.9,10.8,60.6,11.1,Storm
902277,400174,2024-08-20,25.9,1.4,77.3,7.8,Storm
902278,403474,2025-08-30,27.0,19.9,83.1,21.5,Cloudy
902279,403722,2026-05-28,22.5,8.9,46.1,1.8,Heavy Rain
902280,402210,2025-11-04,42.1,0.5,69.4,37.7,Rain
902281,404305,2025-04-10,21.5,5.1,30.1,23.7,Heavy Rain
902282,403437,2025-11-02,31.5,8.3,78.1,10.4,Rain
902283,400842,2025-07-20,23.3,19.2,64.8,1.2,Clear
902284,400629,2024-07-24,37.0,11.3,37.8,12.4,Cloudy
902285,401228,2024-06-06,26.3,6.6,73.2,5.8,Heavy Rain
902286,404243,2026-06-11,9.7,1.3,76.5,18.5,Haze
902287,404266,2024-09-04,22.9,7.8,86.3,15.0,Rain
902288,404623,2024-12-05,25.5,8.6,60.8,11.3,Cloudy
902289,400402,2026-06-16,28.6,3.2,46.2,49.3,Haze
902290,404176,2026-04-04,16.2,0.1,50.6,3.6,Storm
902291,400890,2024-08-27,19.5,6.8,78.4,9.1,Cloudy
902292,400233,2026-03-15,29.6,5.4,62.2,2.5,Cloudy
902293,401708,2025-04-05,22.6,4.0,79.1,3.7,Storm
902294,404953,2024-12-14,40.8,2.6,41.6,1.1,Clear
902295,400668,2024-07-17,12.2,7.6,82.4,1.9,Storm
902296,401019,2025-05-23,26.2,10.1,52.7,9.3,Rain
902297,403350,2024-10-08,28.1,15.1,43.9,23.3,Rain
902298,402065,2024-07-09,14.7,4.9,54.7,0.3,Haze
902299,403376,2024-03-21,25.6,5.8,66.2,0.0,Heavy Rain
902300,400738,2025-12-05,20.2,1.1,54.4,4.3,Heavy Rain
902301,402488,2025-07-28,27.9,1.3,74.1,0.0,Rain
902302,404378,2024-09-29,19.0,1.3,90.0,0.1,Rain
902303,400050,2026-01-14,40.9,6.9,63.3,21.2,Cloudy
902304,401834,2024-07-13,23.8,5.5,54.2,2.6,Cloudy
902305,403461,2024-09-08,27.0,18.0,80.1,13.5,Cloudy
902306,404782,2025-11-06,31.9,10.0,88.8,4.0,Cloudy
902307,401587,2025-01-08,33.1,4.3,58.1,13.8,Clear
902308,402986,2025-08-23,21.6,4.7,40.6,20.0,Rain
902309,404156,2024-09-09,22.8,0.6,50.2,10.2,Cloudy
902310,401711,2024-04-03,30.6,0.7,67.7,34.8,Rain
902311,402624,2025-02-02,34.0,5.5,51.0,0.5,Haze
902312,403219,2026-03-18,24.5,0.6,87.9,1.8,Clear
902313,400367,2024-01-16,20.9,7.8,76.1,11.3,Clear
902314,402682,2025-10-04,27.3,0.7,82.5,3.9,Cloudy
902315,401593,2025-02-19,29.4,1.7,72.6,24.8,Storm
902316,403413,2026-01-14,29.7,0.7,58.4,3.3,Storm
902317,401099,2024-06-22,27.0,11.6,51.4,15.2,Rain
902318,404849,2025-06-27,13.4,11.6,58.9,8.5,Cloudy
902319,402286,2025-09-20,31.0,0.8,65.9,10.8,Cloudy
902320,401098,2026-01-26,40.4,13.9,54.6,4.5,Storm
902321,402224,2024-10-13,37.1,0.0,51.4,6.2,Clear
902322,403106,2025-09-13,32.7,1.8,82.4,8.7,Rain
902323,403433,2024-09-27,19.5,1.7,60.0,10.1,Rain
902324,402436,2026-04-07,26.3,4.5,58.2,5.6,Storm
902325,404139,2024-06-27,34.7,19.4,49.2,5.3,Heavy Rain
902326,400706,2024-07-09,34.5,9.8,77.8,0.7,Heavy Rain
902327,401567,2026-05-10,32.7,9.5,60.8,41.3,Storm
902328,402443,2026-01-03,23.8,11.1,62.9,1.1,Clear
902329,400177,2024-07-05,31.3,0.5,75.7,8.0,Storm
902330,404534,2026-01-01,38.4,0.2,71.6,35.6,Clear
902331,403634,2024-12-31,24.2,1.8,69.6,12.5,Heavy Rain
902332,402898,2026-07-09,25.5,2.0,61.6,2.7,Haze
902333,400763,2025-11-26,33.3,5.7,53.0,1.7,Rain
902334,401313,2026-06-27,15.4,3.1,57.2,3.3,Clear
902335,400312,2024-02-22,24.8,11.3,83.7,3.0,Haze
902336,403101,2025-06-01,29.8,0.2,64.3,8.0,Clear
902337,401950,2025-02-03,26.2,23.3,62.3,2.1,Haze
902339,403983,2025-01-02,23.5,5.5,77.3,22.0,Clear
902340,401227,2025-05-04,29.1,9.2,36.8,1.6,Storm
902341,402379,2026-03-05,20.2,21.8,67.2,5.8,Cloudy
902342,400634,2024-11-06,29.1,10.9,64.3,0.9,Storm
902343,402842,2026-03-08,22.7,0.6,83.0,2.1,Storm
902344,400904,2025-11-12,19.0,19.2,64.3,36.0,Cloudy
902345,401251,2025-06-08,25.3,0.9,69.5,31.1,Haze
902346,403439,2024-06-23,31.2,18.5,41.9,5.4,Clear
902347,401857,2024-05-25,33.1,0.2,76.9,33.5,Haze
902348,402806,2025-05-03,22.5,1.9,77.2,8.1,Storm
902349,401675,2025-04-29,38.9,11.9,48.7,6.9,Cloudy
902350,403705,2025-11-12,11.6,1.7,87.9,8.3,Clear
902351,403489,2024-12-29,38.3,9.3,67.3,2.5,Storm
902352,402616,2025-04-06,22.1,3.7,49.0,18.3,Haze
902353,402903,2026-04-17,33.9,16.1,41.2,6.7,Storm
902354,403676,2025-09-11,20.3,5.0,82.5,5.9,Clear
902355,404716,2025-08-02,13.0,14.2,49.5,24.3,Cloudy
902356,404912,2024-05-31,14.1,9.2,43.6,56.0,Storm
902357,403281,2026-01-07,36.8,1.3,92.6,11.5,Storm
902358,404351,2024-05-17,24.4,6.2,69.8,7.6,Rain
902359,404106,2026-05-29,22.6,4.8,36.7,17.8,Heavy Rain
902360,400273,2024-03-06,31.8,0.9,29.6,25.5,Cloudy
902362,401315,2026-06-24,30.1,23.1,45.4,6.1,Haze
902363,404826,2024-06-29,26.9,4.5,80.1,6.4,Storm
902364,400586,2025-09-01,32.9,20.4,50.0,0.7,Cloudy
902365,402854,2025-09-25,27.2,2.3,86.1,10.7,Storm
902366,402519,2026-02-11,28.5,17.1,57.0,7.7,Storm
902367,402922,2025-10-25,34.4,8.0,47.2,2.1,Haze
902368,402018,2025-09-07,18.8,0.6,44.7,8.9,Rain
902369,400060,2026-02-01,32.9,15.4,36.7,21.1,Heavy Rain
902370,404698,2026-03-24,31.2,1.6,37.1,29.5,Rain
902371,403794,2025-07-11,24.4,1.1,61.3,11.4,Haze
902372,403023,2025-03-11,30.6,1.2,42.2,21.9,Storm
902373,404777,2024-08-27,29.3,2.7,67.1,4.3,Haze
902374,402646,2025-08-31,20.5,12.4,55.7,4.6,Cloudy
902375,401029,2026-02-05,27.0,0.4,48.5,5.1,Storm
902376,403299,2024-11-16,35.2,17.0,86.2,5.3,Storm
902377,402323,2025-06-14,40.1,8.1,60.4,24.9,Storm
902378,402076,2026-01-13,17.9,9.0,77.6,36.9,Clear
902379,404340,2026-06-21,35.7,0.2,79.8,25.4,Rain
902380,403913,2025-12-10,16.2,4.2,61.6,15.2,Clear
902381,403518,2024-02-29,31.5,5.5,47.3,0.2,Rain
902382,403425,2025-02-08,33.1,2.8,50.4,1.2,Storm
902383,402814,2024-03-05,37.6,2.6,41.1,100.9,Rain
902384,403839,2026-04-11,43.3,0.2,57.5,0.1,Heavy Rain
902385,401259,2025-03-12,29.9,1.1,86.4,10.4,Clear
902386,403717,2026-01-22,21.3,2.6,72.2,5.4,Rain
902387,402755,2026-03-14,31.4,9.7,60.1,7.0,Rain
902388,400682,2026-06-06,26.6,4.1,62.3,12.8,Storm
902389,403582,2024-08-08,27.0,0.0,59.3,1.2,Clear
902390,400905,2025-10-30,16.9,12.0,38.7,25.0,Haze
902391,401837,2025-11-17,23.3,27.1,67.4,0.9,Rain
902392,400241,2024-09-01,21.1,31.1,44.1,5.9,Heavy Rain
902393,402370,2026-02-05,34.2,0.9,47.7,7.9,Heavy Rain
902394,404758,2026-04-24,10.2,4.2,72.4,0.2,Storm
902395,404202,2025-05-06,33.1,9.8,61.4,8.1,Clear
902396,401858,2024-10-30,28.9,3.5,74.8,34.5,Cloudy
902397,400172,2025-09-14,27.5,1.9,64.2,61.3,Heavy Rain
902398,404592,2024-10-09,37.6,3.4,67.1,3.6,Heavy Rain
902399,401066,2025-06-28,29.9,33.2,97.0,33.0,Clear
902400,400988,2025-11-24,35.6,1.8,66.2,20.7,Rain
902401,404847,2025-08-28,26.1,1.7,86.9,0.7,Heavy Rain
902402,403930,2025-12-04,21.4,8.1,60.5,3.8,Cloudy
902403,404098,2025-12-28,28.4,1.6,51.5,3.7,Clear
902404,401448,2025-12-05,39.2,3.7,49.2,15.4,Storm
902405,404368,2024-11-02,26.5,10.2,56.8,2.9,Rain
902406,402389,2024-09-10,28.8,5.5,98.5,3.9,Clear
902407,404956,2024-09-02,13.8,13.8,54.5,26.7,Rain
902408,404762,2025-04-19,15.0,0.7,65.8,16.2,Cloudy
902409,400394,2026-01-28,25.8,7.4,52.3,0.1,Haze
902410,401070,2025-08-07,27.4,8.3,73.0,12.7,Storm
902411,403574,2024-05-06,17.1,8.5,82.7,8.0,Haze
902412,401386,2025-09-05,24.5,4.2,64.6,41.7,Haze
902413,401475,2024-04-13,19.1,16.4,60.8,11.3,Storm
902414,404629,2025-07-24,34.5,8.2,77.5,16.6,Clear
902415,400316,2026-07-07,22.0,0.9,59.7,14.4,Haze
902416,404883,2024-07-08,31.5,11.6,35.4,19.8,Haze
902417,404711,2024-07-18,24.3,6.8,64.5,11.4,Clear
902418,402519,2026-03-24,32.9,3.4,45.8,24.7,Heavy Rain
902419,400447,2025-02-05,31.8,2.0,93.9,4.2,Clear
902420,402588,2024-03-20,23.0,2.4,44.8,9.8,Storm
902421,402753,2026-03-03,35.2,17.0,72.0,1.8,Storm
902422,400259,2024-01-26,36.8,0.4,86.2,1.9,Rain
902423,401002,2026-01-18,34.7,5.9,51.2,20.1,Heavy Rain
902424,402580,2024-10-29,23.9,1.3,46.3,19.6,Heavy Rain
902425,404066,2025-05-13,45.2,0.2,67.3,9.3,Haze
902426,404545,2024-11-26,16.8,22.1,60.8,8.6,Cloudy
902427,403310,2024-03-12,21.7,15.4,39.3,2.0,Rain
902428,403334,2025-06-20,26.9,10.8,73.3,1.8,Rain
902429,403420,2025-02-19,9.3,3.1,50.4,20.9,Heavy Rain
902430,400065,2024-04-27,18.8,12.0,57.5,0.9,Haze
902431,404300,2024-08-07,17.7,1.7,73.0,14.1,Heavy Rain
902432,401965,2025-07-15,35.2,3.1,55.7,50.3,Storm
902434,402645,2024-04-30,18.8,29.5,60.2,7.4,Clear
902435,403592,2025-05-27,29.1,13.7,52.4,28.5,Heavy Rain
902436,404329,2024-01-31,35.1,2.4,82.8,5.7,Haze
902437,403745,2024-08-09,29.6,0.0,75.0,3.6,Heavy Rain
902438,401832,2025-08-10,29.1,2.0,38.6,12.2,Storm
902439,401990,2025-04-20,24.3,3.7,77.2,12.0,Clear
902440,400413,2026-03-22,34.4,2.4,66.4,7.4,Storm
902441,404446,2024-06-22,36.7,23.5,60.4,25.7,Rain
902442,402385,2024-12-23,26.1,6.0,62.6,0.3,Cloudy
902443,400194,2024-04-16,27.0,3.4,72.5,9.4,Rain
902444,401378,2026-06-01,29.4,8.0,67.5,0.0,Cloudy
902445,403610,2024-06-12,29.1,9.8,57.6,15.6,Rain
902446,404081,2024-05-30,32.4,1.8,50.9,5.5,Clear
902447,402639,2024-08-06,33.4,8.9,84.1,12.8,Haze
902448,401053,2026-04-29,37.3,1.4,70.1,16.7,Haze
902449,402114,2025-04-26,27.0,25.7,68.6,9.5,Heavy Rain
902450,402124,2025-01-23,24.2,8.4,51.2,20.2,Haze
902451,400464,2026-01-03,7.3,9.6,53.7,20.7,Haze
902452,403748,2024-07-05,30.0,3.7,70.8,3.2,Rain
902453,402091,2024-05-04,29.8,2.2,53.7,0.9,Storm
902454,400466,2024-04-23,35.0,4.6,48.7,30.7,Heavy Rain
902455,403935,2025-09-13,27.0,9.4,31.3,7.6,Clear
902456,401302,2024-05-29,22.3,11.2,52.6,17.1,Rain
902457,402769,2024-10-04,17.2,17.1,57.2,5.2,Clear
902458,401151,2025-03-11,28.1,4.9,45.8,18.4,Haze
902459,404916,2025-04-23,20.4,1.3,64.3,1.1,Clear
902461,400412,2024-06-16,26.8,12.7,83.6,15.7,Storm
902462,401818,2024-04-10,15.6,3.0,76.1,10.6,Heavy Rain
902463,400464,2024-08-14,35.4,7.3,91.4,4.1,Rain
902465,404460,2025-10-01,26.6,5.4,64.8,21.1,Heavy Rain
902466,404980,2024-09-30,26.8,4.7,71.6,8.9,Rain
902467,400987,2026-07-15,25.3,6.1,42.4,29.5,Heavy Rain
902468,401253,2025-01-21,23.4,4.9,73.0,21.0,Heavy Rain
902469,401864,2026-07-15,29.3,20.9,57.4,28.1,Heavy Rain
902470,401426,2025-06-08,36.0,3.0,47.0,3.1,Heavy Rain
902471,404487,2026-05-30,22.2,11.7,41.2,21.8,Cloudy
902472,400780,2026-06-27,25.3,1.8,91.5,5.4,Haze
902473,403639,2025-07-11,37.4,4.4,33.6,2.7,Cloudy
902474,403543,2025-11-13,25.9,0.1,65.4,5.2,Rain
902475,403624,2024-12-27,42.0,8.1,61.8,2.1,Rain
902476,401025,2025-11-09,15.7,5.5,65.0,10.4,Storm
902477,400536,2024-10-21,27.0,1.7,55.0,9.3,Storm
902478,403054,2024-04-27,20.5,36.0,63.7,16.6,Clear
902479,401475,2024-12-27,22.0,2.6,58.9,2.5,Storm
902480,403594,2024-11-16,16.9,11.4,77.3,32.5,Cloudy
902481,401861,2025-03-31,20.4,7.8,84.8,12.6,Rain
902482,403814,2025-09-14,22.0,2.0,36.6,7.0,Storm
902483,400509,2026-03-22,24.0,8.4,60.1,12.6,Rain
902484,403023,2024-09-08,39.4,3.2,57.2,4.4,Heavy Rain
902485,404580,2025-10-20,17.8,1.2,78.6,21.6,Rain
902486,402681,2024-12-08,34.3,17.8,63.4,3.9,Cloudy
902487,402511,2025-10-18,30.6,2.2,80.0,1.3,Heavy Rain
902488,404229,2024-02-07,27.1,2.3,60.2,12.4,Storm
902489,404643,2024-05-16,24.3,7.2,64.3,14.3,Rain
902490,402191,2024-10-01,30.9,8.0,82.0,14.0,Cloudy
902491,401646,2024-09-06,22.8,6.8,82.7,2.6,Heavy Rain
902492,404757,2025-12-15,29.6,5.3,88.3,38.7,Storm
902493,400669,2026-01-31,-0.5,4.5,74.7,6.2,Rain
902494,404335,2025-04-03,29.7,8.4,64.3,19.8,Storm
902495,400168,2025-07-19,28.5,4.5,33.5,5.5,Clear
902496,401404,2025-04-13,11.8,10.7,57.7,5.4,Haze
902497,402698,2025-05-09,24.6,5.2,80.3,29.3,Haze
902498,404145,2026-03-14,30.1,0.5,69.9,11.2,Clear
902500,400518,2024-02-29,37.2,0.6,64.3,17.2,Haze
902502,401070,2026-01-20,50.3,8.1,87.8,12.0,Haze
902503,402878,2025-11-10,31.1,4.9,42.2,3.9,Rain
902504,404447,2025-05-17,37.6,21.8,63.6,14.0,Clear
902505,401652,2024-11-06,26.3,8.3,57.7,3.6,Clear
902506,403164,2024-10-02,33.6,37.2,75.3,6.2,Haze
902507,401038,2024-11-27,7.5,6.2,89.6,6.9,Rain
902508,401974,2026-01-24,34.0,31.8,81.1,0.2,Storm
902509,400981,2024-09-11,28.4,5.2,64.3,9.6,Cloudy
902510,403109,2025-02-20,30.3,12.5,80.6,4.8,Rain
902511,400718,2025-02-08,16.7,1.8,65.4,13.3,Cloudy
902512,400535,2025-04-19,11.0,6.4,60.9,10.5,Storm
902513,404556,2024-06-20,36.8,24.8,64.3,6.1,Haze
902514,403912,2026-05-25,20.8,0.0,71.0,5.7,Haze
902515,403573,2024-11-28,29.4,4.0,79.1,13.0,Rain
902516,404602,2026-01-22,42.2,18.9,64.4,29.9,Rain
902517,400807,2024-04-15,22.1,2.2,49.1,9.7,Heavy Rain
902518,400185,2024-03-29,29.0,0.1,68.6,3.6,Rain
902519,403569,2024-09-30,21.6,9.4,65.6,14.7,Rain
902520,404327,2025-05-09,41.9,25.2,42.1,23.3,Cloudy
902521,404344,2026-01-18,32.8,4.3,39.9,30.6,Cloudy
902522,402189,2025-06-11,25.1,19.1,51.5,1.8,Cloudy
902523,401377,2025-10-16,42.1,3.0,73.9,2.6,Heavy Rain
902524,400649,2025-07-06,19.2,5.5,64.3,69.8,Haze
902525,403809,2025-03-28,36.1,29.1,63.5,14.1,Rain
902526,404439,2024-12-10,28.0,0.2,75.0,8.9,Heavy Rain
902527,402477,2024-08-12,34.5,1.0,49.2,11.9,Heavy Rain
902528,403229,2024-06-06,28.2,0.7,66.5,8.2,Haze
902529,402295,2024-03-31,28.7,3.8,50.2,51.0,Cloudy
902530,401244,2024-06-03,18.5,1.8,48.9,26.6,Rain
902531,404825,2026-06-21,15.7,5.7,78.4,4.8,Storm
902532,404927,2025-10-28,19.2,1.3,57.6,5.9,Storm
902533,402657,2026-05-15,23.4,9.1,65.3,12.4,Heavy Rain
902534,403060,2024-11-25,33.7,0.8,43.7,15.2,Clear
902535,400170,2025-01-20,27.7,15.2,81.0,4.1,Haze
902536,400846,2024-07-12,21.8,1.6,42.8,3.0,Haze
902537,404689,2025-10-08,35.3,2.6,63.5,6.9,Clear
902538,401612,2024-06-16,30.8,1.0,57.4,18.4,Clear
902539,401956,2026-04-08,31.5,1.2,51.2,3.3,Cloudy
902540,401548,2024-03-21,22.5,17.6,39.7,8.9,Storm
902541,403260,2026-07-05,47.4,2.3,63.6,4.9,Cloudy
902542,404839,2024-03-27,20.9,15.6,78.5,29.8,Rain
902543,401597,2025-08-06,22.3,1.5,87.2,3.7,Haze
902545,400347,2025-12-29,34.5,5.3,78.7,0.8,Clear
902546,401671,2024-05-17,30.6,20.6,43.6,0.6,Heavy Rain
902547,404853,2025-07-14,22.4,14.6,84.4,0.2,Haze
902548,401693,2024-04-11,18.5,28.9,84.6,14.9,Storm
902549,404189,2024-06-05,14.1,3.0,67.3,29.6,Heavy Rain
902550,400012,2026-05-26,22.8,7.5,69.3,1.6,Clear
902551,404557,2024-09-09,26.3,11.1,55.6,2.1,Haze
902552,404480,2025-08-06,38.4,2.0,55.2,6.6,Storm
902553,403158,2026-01-01,24.0,5.5,46.1,9.4,Heavy Rain
902554,403721,2025-02-18,41.9,1.0,43.0,0.9,Rain
902555,400889,2024-01-21,37.9,8.3,58.9,21.0,Storm
902556,402218,2026-01-24,51.7,5.2,70.2,11.2,Clear
902557,404035,2024-10-08,23.1,8.6,52.9,3.4,Storm
902558,404650,2024-07-13,25.3,6.6,82.4,13.0,Clear
902559,402710,2024-11-11,26.9,0.5,68.9,3.7,Rain
902560,402316,2025-08-09,28.5,4.9,100.0,11.2,Haze
902562,404364,2024-10-26,41.1,1.8,55.9,12.6,Storm
902563,400938,2024-03-01,25.4,16.4,68.4,13.1,Rain
902564,402501,2024-05-14,31.2,8.7,70.0,0.6,Storm
902565,400197,2024-09-01,27.0,10.5,61.7,2.5,Storm
902566,402751,2025-08-22,16.0,8.6,58.9,16.8,Rain
902567,402598,2025-05-30,30.6,9.3,68.5,10.9,Clear
902568,402900,2025-05-11,21.3,1.1,47.0,4.3,Cloudy
902569,404514,2024-11-24,25.9,15.3,31.6,9.9,Storm
902570,404852,2025-06-29,29.3,9.9,49.9,2.0,Clear
902571,403252,2026-04-19,22.1,19.5,31.0,8.8,Cloudy
902572,400585,2024-05-07,25.1,4.0,59.1,5.4,Clear
902573,400038,2025-05-22,27.3,1.0,64.8,6.9,Heavy Rain
902574,401309,2024-08-03,30.2,17.4,90.3,1.8,Clear
902575,404516,2025-12-18,30.3,5.6,83.8,7.1,Clear
902576,401933,2025-05-07,36.1,7.5,27.2,2.3,Rain
902578,400785,2025-10-30,24.7,0.1,70.5,13.0,Heavy Rain
902579,404910,2024-05-20,25.7,6.4,62.5,20.9,Haze
902580,402445,2025-06-12,24.8,19.7,56.2,0.4,Cloudy
902581,404621,2025-07-21,29.0,8.0,72.6,11.0,Cloudy
902582,402013,2025-08-17,29.6,11.4,68.6,1.0,Rain
902583,402725,2025-01-02,22.9,14.4,89.5,46.2,Heavy Rain
902584,404021,2026-06-04,23.1,4.6,12.6,10.2,Rain
902585,402967,2025-02-04,27.0,9.4,47.4,6.2,Heavy Rain
902586,401983,2024-04-04,21.7,21.6,53.0,2.2,Cloudy
902587,403345,2024-12-17,29.5,0.1,37.4,3.3,Cloudy
902588,404984,2024-06-27,34.0,0.7,65.9,19.8,Clear
902589,402668,2024-08-13,47.2,21.4,66.5,19.1,Clear
902590,400441,2024-07-17,21.8,3.1,75.0,4.7,Clear
902591,400777,2024-11-01,42.4,5.3,50.9,2.5,Rain
902592,403852,2024-12-11,24.6,0.4,54.9,8.0,Rain
902593,400917,2024-05-22,19.8,3.1,76.4,12.7,Rain
902594,402282,2025-07-28,24.2,2.5,68.4,3.7,Storm
902595,400781,2024-10-11,30.4,12.5,72.2,4.1,Heavy Rain
902596,403401,2025-08-15,29.9,5.2,35.4,12.3,Heavy Rain
902597,402403,2026-03-30,27.6,8.4,47.1,3.1,Clear
902598,400508,2025-07-13,8.0,3.1,62.8,20.6,Heavy Rain
902599,400435,2025-02-07,33.3,4.7,37.4,0.5,Rain
902600,403666,2024-07-09,32.7,3.3,67.0,11.9,Cloudy
902602,400058,2026-04-06,27.4,6.8,68.3,1.5,Haze
902604,403822,2025-12-10,32.8,9.3,38.9,33.7,Heavy Rain
902605,403636,2026-02-14,34.3,1.1,64.3,1.5,Storm
902606,400342,2025-09-11,30.5,1.9,58.4,16.7,Clear
902607,400744,2024-07-16,24.4,1.6,88.2,5.1,Rain
902608,402827,2024-07-02,21.4,0.6,62.6,6.8,Haze
902609,404037,2024-08-15,25.1,2.3,70.2,12.5,Haze
902610,401873,2024-07-20,28.1,8.6,95.2,0.8,Haze
902611,403991,2026-04-23,47.1,2.6,79.7,10.7,Rain
902612,401033,2025-11-20,33.4,3.3,65.7,1.0,Haze
902613,401410,2025-06-21,20.7,6.6,86.8,0.1,Haze
902614,404916,2024-08-05,26.7,2.9,64.3,2.4,Clear
902615,402553,2024-12-12,17.6,20.8,41.4,48.1,Storm
902616,403372,2025-11-28,34.8,21.5,82.3,7.6,Storm
902617,400272,2026-04-27,52.7,11.2,61.8,38.8,Storm
902618,404234,2025-03-31,33.9,1.7,22.4,12.6,Clear
902619,400777,2026-05-11,34.4,1.8,82.2,8.7,Heavy Rain
902620,401139,2024-06-22,25.1,6.1,66.7,13.7,Cloudy
902621,401723,2025-06-04,30.4,14.2,77.6,36.8,Heavy Rain
902622,404841,2024-01-06,14.7,0.9,57.2,28.1,Heavy Rain
902623,403525,2024-08-03,24.6,10.0,68.5,8.3,Haze
902624,402321,2026-06-26,32.7,0.6,69.1,9.3,Storm
902625,403162,2025-02-22,25.0,17.3,86.9,15.8,Heavy Rain
902626,400248,2025-01-21,16.1,4.3,64.3,9.1,Heavy Rain
902627,401067,2024-12-28,24.5,21.2,85.3,0.4,Heavy Rain
902628,404152,2026-07-11,17.5,10.1,69.0,32.5,Haze
902629,402864,2026-05-08,18.7,9.9,64.3,32.1,Haze
902630,401960,2025-09-09,26.9,3.9,91.3,21.0,Rain
902631,401700,2024-09-28,32.5,20.0,72.1,8.3,Heavy Rain
902632,403910,2026-05-12,33.0,7.0,62.6,7.4,Heavy Rain
902634,403287,2024-10-05,26.4,8.1,72.7,1.5,Cloudy
902635,404564,2026-02-13,19.6,8.5,58.8,37.1,Rain
902636,403270,2025-03-15,18.3,1.0,64.3,6.0,Clear
902637,401626,2024-08-25,36.6,9.1,49.6,12.9,Storm
902638,400008,2024-10-08,43.2,19.0,78.7,30.9,Heavy Rain
902639,403771,2025-08-09,36.8,41.8,34.2,16.6,Rain
902640,400782,2025-04-21,36.2,3.1,47.9,23.1,Storm
902641,400371,2025-08-26,28.2,0.2,70.4,2.1,Cloudy
902642,403370,2025-05-05,38.5,5.9,85.8,19.0,Haze
902643,404386,2026-06-25,26.4,15.6,52.1,6.9,Storm
902644,404573,2026-07-04,25.7,0.8,51.3,0.5,Haze
902645,400531,2024-09-05,23.0,20.4,41.6,1.5,Clear
902646,401256,2026-05-29,28.4,15.6,80.8,0.8,Cloudy
902647,400843,2025-08-11,21.0,7.4,56.9,7.6,Haze
902648,401745,2026-03-23,43.5,2.0,82.1,16.0,Haze
902649,403243,2025-09-15,38.4,1.9,41.9,3.4,Cloudy
902650,400006,2024-01-27,21.6,5.7,58.9,4.9,Clear
902651,402066,2025-06-06,30.1,2.9,62.4,19.4,Haze
902652,404612,2025-12-07,27.0,22.3,45.4,21.9,Storm
902653,403747,2025-06-18,29.5,7.9,37.2,0.9,Haze
902654,401906,2025-06-03,35.9,26.6,65.8,3.3,Cloudy
902655,404028,2024-01-12,33.7,7.4,72.4,3.6,Storm
902656,403932,2024-02-23,30.9,1.5,79.2,20.4,Rain
902657,402161,2025-06-22,27.0,2.1,56.1,10.8,Heavy Rain
902658,403171,2024-02-29,25.5,12.3,87.9,6.8,Storm
902659,400823,2026-06-22,32.8,17.2,71.1,14.1,Haze
902660,404309,2025-02-10,24.2,18.4,55.7,28.3,Haze
902661,403365,2024-12-06,20.3,14.4,87.1,19.2,Clear
902662,403948,2024-09-20,14.0,0.9,69.6,1.1,Heavy Rain
902663,403250,2025-08-11,31.3,4.9,67.6,0.0,Cloudy
902664,402411,2025-07-23,23.8,1.4,90.2,5.1,Clear
902665,402941,2025-06-10,25.6,0.3,33.0,10.2,Heavy Rain
902666,404581,2026-06-22,33.5,10.6,54.7,26.9,Clear
902667,402211,2025-12-02,40.6,5.2,97.2,6.6,Cloudy
902668,404625,2025-04-28,26.6,7.5,71.2,9.8,Rain
902669,401027,2025-07-24,21.7,4.6,97.3,0.1,Haze
902670,404498,2024-11-29,20.0,8.3,65.1,0.0,Haze
902672,403295,2025-12-01,16.5,6.6,94.9,7.9,Cloudy
902673,402701,2024-05-26,17.3,2.0,19.0,2.3,Rain
902674,402525,2026-03-22,29.4,1.3,73.7,7.0,Heavy Rain
902676,401324,2024-10-28,29.6,0.2,48.7,1.7,Rain
902677,402169,2024-07-31,25.4,1.1,72.6,1.6,Heavy Rain
902678,404450,2025-03-09,10.9,10.3,65.0,2.8,Rain
902679,400737,2024-09-18,26.1,1.1,87.1,1.3,Storm
902680,404491,2024-03-10,14.6,6.2,72.4,17.5,Rain
902681,402136,2026-04-03,22.3,8.9,75.7,4.4,Heavy Rain
902682,401564,2026-07-03,15.8,6.0,69.8,58.2,Rain
902683,403160,2024-08-16,22.0,1.1,60.9,1.6,Rain
902684,403147,2025-09-14,36.2,1.5,39.2,6.9,Heavy Rain
902685,402329,2025-12-16,32.7,5.0,64.3,15.5,Cloudy
902686,402006,2024-04-27,14.3,5.5,63.6,7.0,Heavy Rain
902687,401154,2024-11-20,49.0,1.9,88.9,13.1,Storm
902688,402879,2026-06-15,18.6,15.6,65.5,0.7,Storm
902689,400204,2024-09-28,34.5,16.5,52.0,1.2,Heavy Rain
902690,404545,2025-01-13,39.9,14.6,98.6,5.1,Heavy Rain
902691,400847,2025-05-09,35.6,23.3,65.9,12.8,Storm
902692,404788,2025-11-27,20.4,3.7,93.0,12.8,Clear
902693,400720,2024-12-14,18.3,14.2,87.1,28.9,Cloudy
902694,401127,2024-05-02,34.4,0.6,31.8,20.3,Clear
902695,404488,2024-01-24,13.3,9.3,65.0,53.1,Rain
902696,400152,2026-01-04,22.3,11.2,65.9,9.7,Storm
902697,400385,2025-10-17,30.0,17.8,63.6,2.9,Clear
902698,401413,2024-12-30,19.0,40.2,83.0,6.1,Rain
902699,403530,2024-06-07,34.9,1.5,83.9,39.8,Clear
902700,400143,2024-03-17,24.8,8.0,77.6,53.5,Rain
902701,404926,2024-09-06,44.1,14.8,66.8,1.3,Clear
902702,402035,2026-04-01,44.4,6.3,75.4,11.1,Heavy Rain
902703,401725,2025-09-08,32.8,1.2,63.6,2.6,Heavy Rain
902704,401490,2026-05-08,19.0,11.9,76.3,25.2,Clear
902705,404431,2024-05-04,39.0,2.8,44.9,20.8,Rain
902706,403263,2026-04-11,30.4,7.0,68.1,0.8,Storm
902707,402179,2024-12-26,27.0,17.1,40.8,25.5,Cloudy
902708,401053,2024-03-17,30.5,9.1,69.8,1.9,Rain
902709,401275,2026-06-06,32.5,11.1,40.1,1.6,Heavy Rain
902710,400752,2024-05-03,31.7,2.5,22.6,1.5,Haze
902711,400299,2024-08-16,34.0,7.3,65.6,5.6,Cloudy
902712,400807,2024-06-01,32.0,6.2,90.7,37.5,Heavy Rain
902713,400533,2024-08-05,34.7,7.7,88.6,8.1,Clear
902714,401683,2024-08-17,34.7,1.8,75.1,6.5,Haze
902715,404486,2025-09-20,5.3,15.0,84.1,8.5,Clear
902716,402048,2024-10-22,20.2,17.4,78.0,13.9,Cloudy
902717,403480,2024-09-18,44.6,2.9,74.2,11.0,Haze
902718,401127,2025-11-28,17.4,2.6,59.6,35.4,Rain
902719,402367,2025-04-05,20.3,2.5,64.3,18.6,Haze
902720,403311,2026-03-21,32.5,0.6,51.2,10.3,Cloudy
902721,400306,2025-06-17,27.6,5.5,71.6,8.5,Storm
902722,402992,2024-10-18,28.0,25.2,59.1,61.6,Clear
902723,402194,2024-07-10,37.4,11.2,48.5,1.2,Rain
902724,404062,2024-09-28,23.0,2.3,97.7,30.4,Cloudy
902725,404269,2025-01-02,23.7,29.0,42.3,3.4,Storm
902726,403875,2025-11-08,30.2,0.9,72.6,0.6,Rain
902727,401004,2025-05-26,32.1,6.8,61.9,20.2,Heavy Rain
902728,404423,2025-08-03,36.7,1.5,73.3,5.0,Heavy Rain
902729,400058,2025-08-02,38.3,2.6,41.4,31.1,Heavy Rain
902730,402317,2026-05-24,17.8,4.2,77.0,10.7,Cloudy
902731,404160,2025-11-30,31.4,12.2,18.6,0.7,Haze
902732,401209,2025-06-16,46.4,11.1,87.1,8.0,Clear
902733,401906,2024-02-21,41.6,3.8,41.7,6.3,Storm
902734,404012,2025-04-09,29.1,8.9,89.0,12.9,Clear
902735,402855,2026-03-25,33.3,13.9,79.2,40.4,Rain
902736,404075,2026-02-28,27.5,2.3,50.1,1.8,Heavy Rain
902737,404421,2024-03-09,19.7,7.1,59.0,9.9,Heavy Rain
902738,401468,2025-02-22,29.6,1.6,45.3,26.7,Cloudy
902739,401300,2025-07-24,26.1,10.1,87.1,13.4,Heavy Rain
902741,400064,2025-05-18,32.1,8.6,46.1,22.7,Haze
902742,400261,2024-09-17,47.3,7.4,62.4,3.1,Heavy Rain
902743,403513,2024-03-01,24.2,9.7,42.4,16.5,Rain
902744,403728,2025-09-20,28.4,22.1,70.0,1.3,Clear
902745,404296,2025-09-27,18.2,7.1,64.3,126.5,Haze
902746,400314,2025-10-06,22.8,0.4,85.2,38.0,Heavy Rain
902747,402625,2024-12-18,24.4,5.1,67.3,32.1,Storm
902748,400271,2024-12-22,25.8,11.8,56.2,8.7,Haze
902749,403248,2024-10-03,25.1,0.6,48.1,1.5,Storm
902750,402745,2025-11-27,22.8,8.3,70.3,14.4,Rain
902751,402760,2026-06-27,52.1,7.2,48.2,30.5,Cloudy
902752,403227,2025-04-26,20.8,21.9,84.1,1.9,Clear
902753,401185,2024-04-24,21.2,5.8,53.4,3.0,Rain
902754,401774,2026-07-13,38.9,7.0,64.3,1.0,Heavy Rain
902755,402943,2026-05-25,29.7,1.0,98.2,7.7,Heavy Rain
902756,404724,2025-03-05,27.0,9.5,57.5,19.2,Rain
902757,401321,2026-06-02,19.0,0.7,88.8,21.9,Rain
902758,402812,2025-07-30,21.3,16.6,47.5,10.4,Haze
902759,403006,2025-12-11,25.2,7.5,79.8,25.1,Rain
902760,401282,2025-05-09,25.9,2.2,61.2,0.9,Storm
902761,402801,2024-12-08,36.3,2.5,46.8,4.1,Cloudy
902762,403636,2026-01-31,27.5,3.0,75.4,0.3,Haze
902763,402039,2025-12-17,37.6,2.8,45.5,3.6,Haze
902764,404609,2024-01-25,20.2,0.5,54.8,3.4,Haze
902765,402160,2024-02-05,33.3,7.3,74.5,7.4,Cloudy
902766,402173,2025-02-13,35.6,1.1,49.8,13.1,Rain
902767,403886,2024-09-26,24.3,4.2,83.8,33.6,Storm
902768,403661,2025-07-17,43.9,22.2,59.1,3.9,Haze
902769,400812,2026-05-24,34.0,1.0,61.2,0.4,Heavy Rain
902770,401148,2025-09-17,45.2,12.6,43.7,19.4,Cloudy
902771,403903,2025-07-04,15.2,7.9,65.4,2.1,Heavy Rain
902772,400597,2026-06-13,32.3,7.2,65.7,12.8,Clear
902773,401938,2026-01-26,19.4,6.3,61.7,23.6,Clear
902774,401494,2025-04-19,31.2,4.7,54.5,0.9,Haze
902775,403223,2025-02-12,22.9,6.2,47.2,2.8,Haze
902776,402879,2026-06-03,29.5,2.7,42.4,24.2,Rain
902777,402048,2026-03-20,26.3,32.3,33.1,7.1,Haze
902779,401589,2026-05-14,39.0,5.7,43.6,15.7,Rain
902780,400420,2024-03-22,22.8,18.0,68.0,7.7,Storm
902781,403452,2024-03-01,8.3,2.8,69.1,1.9,Rain
902782,400999,2025-07-23,26.5,2.9,54.6,4.7,Storm
902783,404575,2025-06-06,21.7,8.0,65.0,2.8,Clear
902784,401577,2026-04-22,19.1,1.7,51.9,9.8,Cloudy
902785,401269,2025-04-03,33.7,12.2,56.5,3.2,Rain
902786,404756,2024-04-20,17.1,20.4,93.5,10.4,Rain
902787,401104,2024-06-25,39.3,6.5,70.0,6.8,Rain
902788,403402,2026-05-04,35.1,0.7,74.1,2.8,Haze
902789,402829,2026-02-13,25.2,2.7,23.1,23.3,Heavy Rain
902790,402665,2026-07-03,25.5,7.1,89.6,5.6,Rain
902791,400620,2024-04-17,48.6,18.8,55.6,0.7,Storm
902792,400686,2025-11-04,15.3,2.4,41.3,4.4,Cloudy
902793,400436,2025-11-15,24.8,3.3,46.7,11.4,Rain
902794,404870,2025-08-02,37.4,0.6,35.2,15.0,Heavy Rain
902795,402489,2024-03-06,26.0,1.5,67.9,32.6,Cloudy
902796,402029,2024-03-16,43.1,9.1,76.6,10.6,Storm
902797,403712,2024-08-03,24.1,14.0,82.0,71.2,Storm
902798,402537,2025-04-17,33.0,5.7,66.9,0.8,Storm
902799,403788,2024-01-01,20.5,3.0,55.6,14.6,Haze
902800,402558,2024-08-09,29.5,7.0,41.5,3.0,Heavy Rain
902801,404218,2024-09-02,47.3,2.7,55.8,15.1,Rain
902802,403917,2024-04-11,34.2,16.4,77.0,14.7,Storm
902803,404738,2024-03-02,29.3,8.4,75.7,9.6,Cloudy
902804,400638,2024-04-05,43.9,2.3,87.4,13.8,Cloudy
902805,402650,2026-02-17,27.9,4.9,54.9,5.2,Cloudy
902806,400126,2025-06-16,30.5,25.3,60.9,9.8,Cloudy
902807,404594,2025-12-15,21.7,9.1,72.3,13.3,Heavy Rain
902808,401874,2024-11-14,43.6,11.7,23.0,3.7,Haze
902809,402361,2026-02-10,34.2,8.7,78.3,2.4,Haze
902810,404788,2026-01-09,30.0,3.2,74.0,8.7,Cloudy
902811,404037,2024-07-28,23.8,20.1,54.6,2.9,Clear
902812,403568,2024-07-22,34.6,14.6,71.9,13.9,Haze
902813,404636,2026-04-24,16.1,1.5,62.6,1.1,Haze
902814,401815,2025-10-09,34.4,1.6,90.2,12.6,Heavy Rain
902815,401056,2025-07-14,26.1,22.3,25.8,64.3,Haze
902816,400880,2024-07-21,17.0,16.0,78.5,1.0,Heavy Rain
902817,404315,2024-06-12,26.9,0.5,63.4,8.1,Clear
902818,402821,2025-04-10,22.6,12.0,70.2,25.0,Haze
902819,402542,2025-08-10,15.5,0.5,56.6,10.7,Clear
902820,402488,2025-06-20,31.1,5.6,61.8,9.9,Clear
902821,403562,2025-01-15,36.9,3.0,85.1,1.7,Cloudy
902822,400697,2025-01-28,31.5,2.4,85.5,8.7,Heavy Rain
902823,401419,2026-07-14,41.6,3.7,96.1,8.8,Rain
902824,400164,2025-04-07,30.0,2.8,42.3,2.0,Heavy Rain
902825,404922,2025-06-04,28.2,1.2,52.6,32.6,Rain
902826,404515,2025-04-07,23.6,1.7,61.0,7.8,Haze
902827,401219,2026-03-21,22.1,4.3,75.0,1.3,Clear
902828,404162,2026-06-01,21.9,6.6,55.8,10.9,Rain
902829,402439,2026-04-19,18.3,25.9,60.3,5.1,Storm
902830,403397,2025-09-21,18.9,6.3,72.1,28.7,Heavy Rain
902831,403980,2024-09-04,17.0,5.2,83.5,49.6,Haze
902832,400903,2025-10-30,27.9,4.5,64.3,9.7,Heavy Rain
902833,403100,2026-02-04,33.0,2.5,80.2,3.4,Clear
902834,403244,2024-11-27,30.1,2.3,68.5,22.1,Clear
902835,402766,2024-04-19,25.0,17.4,85.6,2.9,Haze
902836,402032,2026-04-12,29.5,14.2,76.1,7.3,Heavy Rain
902837,401066,2024-06-01,50.5,10.0,73.8,9.2,Rain
902838,404371,2026-03-05,33.7,7.1,67.6,13.3,Haze
902839,403450,2024-09-02,37.5,7.4,51.3,4.7,Haze
902840,403884,2024-11-09,22.3,4.2,48.4,22.7,Cloudy
902841,401820,2025-01-09,24.7,10.1,80.1,4.8,Haze
902842,400481,2025-01-20,21.1,5.7,69.7,8.1,Haze
902843,404581,2025-06-03,24.6,5.5,64.4,3.6,Clear
902844,402930,2026-07-06,37.1,2.0,72.6,4.4,Cloudy
902845,402004,2025-03-18,25.9,5.2,56.6,10.0,Clear
902846,400492,2024-11-17,27.7,4.4,44.4,9.1,Storm
902847,400259,2024-04-25,21.7,2.3,49.6,0.2,Rain
902848,404690,2024-03-25,14.1,18.9,79.8,2.4,Storm
902849,403205,2025-01-13,24.9,7.5,51.7,3.1,Cloudy
902850,400794,2024-06-09,25.3,2.8,22.2,73.2,Storm
902851,404846,2026-01-07,14.2,6.4,47.6,10.7,Rain
902852,404112,2024-12-14,37.7,6.1,42.1,5.1,Rain
902853,404403,2025-11-03,25.9,0.6,59.9,9.4,Rain
902854,400417,2025-04-02,21.4,1.5,55.3,0.9,Heavy Rain
902855,402769,2024-01-13,27.8,6.9,40.3,2.7,Cloudy
902856,403191,2024-04-25,10.8,5.9,46.9,16.7,Rain
902857,404455,2024-07-28,27.5,10.7,22.7,13.2,Clear
902858,400506,2026-05-12,32.6,5.5,72.2,2.9,Rain
902859,403198,2026-01-14,21.8,27.1,50.6,10.0,Cloudy
902860,404824,2025-11-18,33.4,1.3,58.8,2.3,Cloudy
902861,402466,2026-04-14,17.8,4.4,56.2,7.8,Rain
902862,400357,2026-03-05,38.0,2.9,63.6,9.2,Rain
902863,401090,2025-10-25,29.4,4.3,66.0,4.1,Rain
902864,403778,2025-01-03,26.1,3.0,73.9,29.2,Heavy Rain
902865,401046,2024-08-20,8.6,4.5,77.5,63.4,Clear
902866,404110,2025-06-11,29.9,13.6,86.1,6.9,Clear
902867,401793,2026-06-13,26.1,10.3,64.3,1.4,Cloudy
902868,403057,2025-01-07,28.2,3.3,73.6,24.8,Heavy Rain
902869,402562,2024-09-05,19.0,35.6,85.3,5.2,Haze
902870,402874,2024-08-11,25.6,1.1,52.6,7.0,Haze
902871,400522,2024-01-15,20.0,10.7,35.5,36.6,Rain
902872,401834,2024-01-04,32.7,0.3,68.8,1.3,Cloudy
902873,403469,2025-05-10,35.5,0.4,71.9,12.2,Cloudy
902874,402455,2026-01-06,33.0,0.6,71.8,12.7,Haze
902875,400264,2026-03-20,26.4,5.5,65.0,29.8,Storm
902876,401054,2026-03-11,20.1,0.9,79.5,9.1,Rain
902877,400883,2026-07-03,25.7,0.3,35.0,12.5,Heavy Rain
902878,403552,2024-09-16,35.9,17.9,55.2,6.7,Rain
902879,401842,2025-07-21,22.1,0.5,52.3,1.6,Haze
902880,402503,2026-04-11,32.4,6.5,64.3,27.9,Rain
902881,400092,2025-05-24,34.5,25.7,46.5,0.1,Rain
902882,400125,2025-07-31,28.3,0.9,57.6,6.2,Haze
902883,400603,2024-07-08,35.2,5.7,86.3,6.2,Haze
902884,403783,2024-07-03,24.0,26.4,54.3,15.8,Storm
902885,404242,2024-12-03,28.8,8.4,73.8,7.6,Haze
902886,403195,2024-04-23,19.3,8.1,77.3,24.1,Clear
902887,400845,2024-08-11,26.9,9.0,68.7,4.3,Rain
902888,401180,2024-05-16,18.6,1.2,55.7,7.4,Clear
902889,400996,2026-01-25,24.1,7.2,84.3,20.4,Cloudy
902890,401393,2026-04-04,21.1,19.0,37.9,14.4,Rain
902891,402491,2025-02-27,34.6,0.7,58.9,10.4,Rain
902892,403530,2025-10-21,13.4,0.6,63.6,8.8,Heavy Rain
902893,401181,2026-02-06,27.0,10.6,55.6,3.5,Rain
902894,403563,2024-02-13,30.2,1.3,62.7,33.7,Storm
902895,402382,2025-10-26,34.0,3.3,53.0,9.6,Rain
902896,402381,2025-05-13,23.5,9.2,70.6,7.5,Storm
902897,401489,2024-08-10,24.5,12.1,80.8,22.4,Heavy Rain
902898,400140,2026-05-31,27.0,11.9,36.9,3.3,Cloudy
902899,403807,2024-08-08,28.2,3.4,86.4,11.9,Heavy Rain
902900,400462,2025-05-22,25.6,4.1,62.6,18.2,Storm
902901,404287,2024-09-23,28.8,16.6,53.1,15.0,Cloudy
902902,404174,2025-11-03,27.0,0.7,65.5,8.3,Cloudy
902903,401702,2026-05-06,22.0,12.1,65.6,13.9,Cloudy
902904,404850,2024-09-14,22.9,6.2,69.6,2.5,Clear
902905,404174,2025-03-16,34.8,10.8,68.8,3.5,Clear
902907,400168,2026-07-18,33.7,8.7,64.3,21.3,Haze
902908,400602,2025-10-30,18.4,1.0,77.6,8.5,Haze
902909,400326,2025-12-07,22.1,2.3,49.0,0.6,Heavy Rain
902910,403441,2024-08-02,25.2,1.1,64.3,46.7,Clear
902911,402121,2025-04-21,25.8,1.7,74.3,6.6,Haze
902912,402382,2024-01-02,27.1,0.2,26.1,9.8,Rain
902913,400098,2024-11-20,27.2,9.1,71.5,4.3,Heavy Rain
902914,402745,2024-09-27,30.1,22.4,34.7,29.8,Cloudy
902915,400853,2024-12-19,12.8,5.9,59.7,4.2,Clear
902916,404852,2024-12-28,24.5,15.6,75.3,4.8,Clear
902917,401028,2024-01-27,21.5,10.4,31.1,0.1,Storm
902918,402760,2025-04-13,23.8,9.3,86.5,4.5,Haze
902919,402527,2024-07-27,13.0,4.7,71.0,5.1,Heavy Rain
902920,402449,2025-05-11,12.8,14.7,63.1,19.8,Haze
902921,404230,2025-09-04,23.3,10.3,51.5,20.7,Haze
902922,404979,2024-01-24,21.5,2.2,84.1,2.6,Cloudy
902923,402550,2024-01-03,31.4,0.2,67.4,3.4,Rain
902925,403676,2026-07-05,18.7,3.1,67.8,4.9,Cloudy
902926,400785,2024-12-05,9.5,11.3,61.7,11.9,Cloudy
902927,401585,2024-09-18,35.3,2.3,90.2,11.8,Haze
902928,404260,2025-10-03,27.5,1.7,59.7,0.5,Rain
902929,400534,2025-03-23,20.8,4.5,39.5,11.4,Storm
902930,401254,2024-11-27,26.5,4.3,61.4,9.6,Haze
902931,400103,2025-07-25,25.9,5.5,79.9,0.6,Rain
902932,402207,2025-03-15,33.1,28.4,64.3,8.5,Storm
902933,400756,2024-01-18,23.5,3.3,64.3,12.5,Storm
902934,400812,2026-02-13,41.3,1.6,56.4,1.2,Storm
902935,404042,2024-08-14,26.7,5.7,78.0,54.2,Haze
902936,401905,2024-05-16,31.1,9.8,39.7,8.4,Heavy Rain
902937,400634,2024-02-27,32.6,27.7,61.9,29.8,Storm
902938,400407,2024-02-14,34.7,5.1,50.4,4.5,Cloudy
902939,401699,2024-10-01,20.9,11.5,90.6,14.6,Haze
902940,401139,2025-09-20,28.3,12.7,50.9,10.0,Storm
902941,400601,2024-07-16,20.2,3.2,80.8,9.9,Heavy Rain
902942,401284,2025-02-05,27.7,7.6,65.4,1.7,Heavy Rain
902943,403299,2025-01-01,30.1,3.3,52.0,8.3,Clear
902944,402171,2025-10-29,16.5,24.1,41.2,13.0,Haze
902945,403345,2025-05-21,33.0,6.7,61.7,39.9,Haze
902946,404934,2025-12-24,32.8,12.4,76.4,22.3,Clear
902947,404523,2024-12-09,29.4,5.5,60.2,6.7,Clear
902948,404561,2025-09-25,29.1,2.8,69.7,27.8,Storm
902949,403733,2024-09-26,39.1,12.1,84.7,14.1,Heavy Rain
902950,404616,2025-09-29,32.4,25.0,83.5,9.2,Cloudy
902951,402476,2026-04-25,27.4,18.9,63.4,8.9,Haze
902952,402089,2024-07-31,11.6,1.6,69.8,6.9,Cloudy
902953,400727,2024-06-01,35.8,2.8,83.9,7.1,Clear
902954,400246,2025-04-29,32.5,31.6,63.4,1.7,Heavy Rain
902955,401127,2025-07-13,29.8,8.3,78.6,24.2,Heavy Rain
902956,401697,2025-09-19,11.0,3.9,63.5,24.6,Haze
902957,404489,2025-09-22,19.3,0.8,60.7,16.3,Cloudy
902958,404339,2025-07-10,43.4,0.6,63.4,31.6,Storm
902959,402685,2024-10-06,30.0,7.6,35.8,25.6,Heavy Rain
902960,403676,2026-03-07,28.8,28.8,80.5,9.4,Rain
902961,404365,2025-08-15,25.0,6.7,64.3,29.5,Rain
902962,402501,2024-09-25,18.1,12.1,72.0,16.0,Haze
902963,404064,2025-04-20,10.9,14.0,20.5,2.7,Storm
902964,401844,2025-06-07,30.5,1.4,62.8,18.8,Rain
902965,404680,2024-11-29,21.1,16.3,93.5,5.5,Rain
902966,403949,2024-09-10,28.7,0.9,79.4,2.2,Haze
902967,404478,2025-08-03,25.4,0.8,71.7,17.0,Haze
902968,400245,2026-02-18,16.5,12.0,48.9,0.4,Rain
902969,404398,2025-02-15,21.9,1.1,46.3,0.7,Clear
902970,402677,2026-01-12,15.8,7.7,77.3,0.6,Rain
902971,400237,2026-06-02,20.1,0.0,48.4,15.5,Heavy Rain
902972,403548,2024-01-16,36.6,11.6,66.2,0.7,Storm
902973,404443,2026-05-04,29.8,0.7,71.5,5.7,Rain
902974,403923,2025-05-30,20.5,22.7,40.8,35.2,Storm
902975,402963,2024-11-23,24.0,13.3,67.6,3.4,Haze
902976,402207,2026-04-21,37.5,3.8,62.3,9.1,Haze
902977,402045,2025-08-07,27.5,0.6,41.4,15.7,Clear
902978,404186,2024-01-31,26.1,4.0,61.6,0.7,Cloudy
902979,403751,2024-03-18,26.4,10.0,64.1,7.7,Cloudy
902980,400216,2024-04-02,17.3,12.4,47.1,8.1,Storm
902981,404434,2026-05-20,41.1,3.2,82.7,1.5,Storm
902982,402281,2024-02-21,19.2,11.5,71.5,8.4,Storm
902983,403193,2025-11-13,31.8,2.3,49.4,39.5,Haze
902984,400406,2024-01-25,34.4,8.3,79.4,13.6,Heavy Rain
902985,403278,2026-06-01,19.7,18.5,35.9,20.7,Heavy Rain
902986,403685,2025-07-29,15.0,8.3,75.3,6.4,Cloudy
902987,400023,2025-12-20,5.9,2.5,47.0,12.5,Haze
902988,400836,2025-05-22,38.4,1.8,90.0,0.1,Heavy Rain
902989,404843,2025-08-30,2.6,5.9,54.2,0.9,Storm
902990,404320,2025-09-30,20.4,1.6,74.8,27.3,Cloudy
902991,401179,2025-07-16,37.2,8.2,83.9,6.3,Storm
902992,404580,2025-10-12,27.4,1.3,73.7,14.9,Rain
902993,402467,2025-05-14,31.6,5.5,60.2,3.8,Rain
902994,401202,2024-01-27,16.2,1.1,71.1,2.4,Haze
902995,400389,2026-01-04,34.1,5.5,62.3,29.4,Clear
902996,404533,2024-04-21,32.5,0.4,58.5,19.3,Haze
902997,404384,2024-10-03,36.0,11.3,84.3,5.8,Haze
902998,400549,2025-03-19,30.8,9.1,28.8,8.9,Haze
902999,401705,2024-02-10,29.9,30.5,78.2,6.5,Clear
903000,401878,2024-08-24,44.2,0.8,80.6,1.3,Clear
903001,400200,2026-07-03,29.2,7.7,18.7,26.4,Storm
903002,400393,2024-06-10,42.8,2.3,71.9,17.3,Rain
903003,401946,2025-01-23,13.0,2.9,63.9,17.7,Heavy Rain
903004,403204,2025-03-23,38.7,11.3,77.2,0.9,Clear
903005,400161,2026-06-04,30.0,8.0,51.9,6.4,Rain
903006,402434,2026-06-03,31.3,7.1,61.0,7.8,Haze
903007,400573,2024-08-19,41.1,4.7,70.9,7.9,Haze
903008,400645,2025-08-23,13.6,14.1,59.9,4.4,Rain
903009,404319,2024-11-22,16.5,7.4,58.4,14.0,Heavy Rain
903010,401963,2024-05-06,28.4,4.6,61.5,2.6,Rain
903011,403074,2025-11-03,46.8,13.4,41.0,6.2,Clear
903012,402221,2026-03-28,28.3,0.3,63.2,3.8,Storm
903013,403377,2025-02-01,28.5,10.9,74.6,0.0,Storm
903014,404423,2026-06-15,36.8,9.2,64.4,6.5,Clear
903015,403863,2025-02-15,22.9,2.4,82.9,19.7,Haze
903016,400286,2024-01-19,27.8,6.7,82.0,7.0,Cloudy
903017,404649,2025-02-13,4.1,7.7,44.9,18.6,Heavy Rain
903018,401307,2025-06-21,18.4,3.2,85.7,10.6,Cloudy
903019,404034,2026-06-12,39.0,51.2,56.1,0.6,Cloudy
903020,400614,2025-08-01,16.3,0.1,69.1,31.5,Rain
903021,400736,2025-08-22,38.8,19.0,61.8,24.5,Heavy Rain
903022,403037,2025-10-17,20.4,9.7,85.2,2.6,Haze
903023,400719,2024-06-06,22.4,17.4,95.0,8.0,Storm
903024,400524,2024-01-15,39.5,0.8,62.0,15.4,Heavy Rain
903025,402841,2025-07-09,27.8,2.7,86.5,2.7,Heavy Rain
903027,401591,2025-06-08,30.5,0.2,66.7,10.8,Rain
903028,400460,2024-06-05,19.9,0.2,60.6,10.6,Storm
903029,401918,2024-02-23,18.3,3.4,55.7,3.3,Storm
903030,400864,2025-07-10,37.2,16.2,59.0,2.2,Haze
903031,403524,2026-06-22,24.0,23.3,65.1,2.8,Heavy Rain
903032,400619,2024-08-25,20.3,3.1,68.6,4.8,Cloudy
903033,401384,2025-02-17,17.7,6.5,78.7,2.0,Rain
903034,402386,2026-07-16,32.8,8.8,74.5,13.4,Heavy Rain
903035,404845,2024-06-06,23.0,4.3,56.8,4.0,Rain
903036,402400,2024-04-10,32.0,0.3,52.2,46.6,Haze
903037,404415,2025-10-07,45.0,20.7,81.0,29.7,Cloudy
903038,403914,2025-04-02,26.2,6.6,44.3,1.7,Heavy Rain
903039,403139,2025-04-21,24.7,6.2,66.0,3.5,Cloudy
903040,402095,2026-04-14,19.0,4.8,66.8,6.3,Rain
903042,400625,2025-06-21,26.5,2.8,51.8,5.0,Storm
903043,403148,2025-09-14,26.4,1.4,64.3,11.3,Haze
903044,403189,2026-06-02,28.4,5.5,57.8,3.8,Heavy Rain
903045,402943,2025-11-13,9.0,8.1,55.9,13.9,Storm
903046,403463,2024-11-12,13.3,0.7,78.7,14.6,Storm
903047,402030,2024-05-08,15.9,23.6,54.0,22.6,Storm
903048,404520,2025-01-16,36.9,6.4,55.9,8.6,Clear
903049,404595,2025-01-08,30.0,9.4,43.4,10.0,Rain
903050,401994,2025-08-09,33.0,7.8,90.6,14.5,Cloudy
903051,402307,2025-09-06,35.8,8.7,64.2,7.1,Cloudy
903052,400958,2025-04-03,32.6,3.5,94.7,5.7,Rain
903053,403404,2025-07-21,26.4,8.2,42.4,0.9,Rain
903054,402689,2026-01-14,24.1,16.0,41.6,6.9,Haze
903055,403195,2024-05-07,28.7,7.1,65.1,0.8,Heavy Rain
903056,400196,2024-06-15,23.9,1.0,46.0,17.9,Rain
903057,403330,2025-07-05,25.8,4.1,54.5,23.1,Storm
903058,400402,2025-08-29,12.6,17.4,59.5,30.9,Haze
903059,404618,2026-05-17,21.6,24.0,64.3,11.2,Cloudy
903060,403837,2024-08-11,18.8,0.0,72.3,15.9,Heavy Rain
903061,402975,2026-04-14,27.3,2.5,67.5,0.6,Haze
903062,404634,2024-08-15,12.0,2.4,63.7,5.3,Heavy Rain
903063,402725,2026-04-29,24.3,23.2,72.6,19.9,Heavy Rain
903064,402772,2025-07-30,23.3,9.6,96.8,7.8,Clear
903065,401781,2024-11-28,16.1,15.9,40.3,5.0,Rain
903066,402377,2024-04-02,21.0,12.9,64.4,0.6,Storm
903067,403431,2024-09-08,28.1,1.0,70.8,0.6,Heavy Rain
903068,402358,2025-05-16,27.1,1.8,72.7,11.2,Rain
903069,401655,2026-04-22,28.3,10.5,55.1,6.3,Storm
903070,404882,2025-05-15,20.1,1.0,87.7,14.1,Heavy Rain
903071,402372,2026-02-02,20.1,0.2,64.5,9.9,Cloudy
903072,404287,2025-12-14,28.0,2.2,71.1,0.3,Haze
903073,400955,2024-10-03,21.9,16.0,52.4,10.4,Haze
903074,401759,2025-04-17,44.5,10.7,54.6,6.7,Cloudy
903075,402781,2025-06-21,20.4,10.4,64.3,8.4,Cloudy
903077,400190,2026-04-21,17.4,23.4,35.8,8.3,Cloudy
903078,403415,2025-06-18,34.0,14.2,56.2,14.2,Heavy Rain
903079,404261,2025-09-19,28.5,3.6,79.0,1.4,Rain
903080,403207,2024-03-20,37.9,3.3,53.4,29.8,Cloudy
903081,402885,2024-12-27,20.1,2.0,91.2,19.7,Storm
903083,404867,2025-11-11,39.1,8.2,52.4,5.7,Heavy Rain
903084,402503,2024-10-12,13.5,19.4,64.3,14.4,Haze
903085,404849,2026-04-19,23.3,10.2,32.0,1.1,Heavy Rain
903086,403538,2025-08-09,22.6,15.1,52.5,1.6,Clear
903087,402922,2026-04-15,20.5,0.5,90.6,4.8,Rain
903088,400180,2025-12-20,32.5,1.3,49.3,8.1,Storm
903089,403756,2025-07-03,29.2,4.4,37.9,2.0,Clear
903090,400801,2026-02-27,35.3,8.0,59.7,15.7,Storm
903091,402911,2024-07-27,29.0,17.3,69.4,8.6,Heavy Rain
903092,403229,2026-07-18,17.2,13.3,73.3,1.0,Rain
903093,401040,2024-01-06,41.6,36.1,38.9,11.5,Cloudy
903094,401319,2025-01-28,34.8,3.5,45.6,2.6,Haze
903095,400251,2025-10-25,24.2,9.9,69.8,14.7,Clear
903097,402407,2025-09-29,6.8,4.7,95.9,12.7,Heavy Rain
903098,403775,2025-07-07,22.6,12.4,74.5,9.3,Rain
903099,402990,2025-06-27,28.0,11.0,64.3,21.4,Haze
903100,401919,2026-07-12,34.9,2.2,71.1,0.8,Storm
903101,401458,2024-10-20,24.7,5.1,76.1,5.1,Heavy Rain
903102,404643,2025-03-19,32.8,38.1,73.1,0.4,Cloudy
903103,403486,2025-09-04,34.1,0.0,79.7,19.6,Clear
903104,404236,2024-10-30,23.5,3.1,87.6,26.0,Clear
903105,404930,2025-04-04,21.1,2.2,63.7,4.3,Heavy Rain
903106,400979,2025-08-25,16.8,17.9,76.5,34.5,Heavy Rain
903107,402547,2026-05-31,32.6,1.5,37.8,0.6,Cloudy
903108,401876,2026-02-12,27.5,1.6,92.3,4.6,Rain
903109,404092,2025-02-22,33.6,5.0,70.4,42.6,Cloudy
903110,401360,2025-07-18,19.1,0.3,81.3,4.3,Storm
903111,404272,2024-12-07,23.6,2.1,17.5,4.8,Cloudy
903112,400935,2025-01-18,30.7,5.3,54.7,21.4,Rain
903113,402806,2025-12-03,28.2,2.5,61.4,5.3,Heavy Rain
903114,402309,2026-02-05,34.9,0.6,84.1,16.1,Haze
903115,404421,2024-12-30,45.7,6.7,62.3,16.0,Rain
903116,401510,2025-10-20,13.0,15.2,63.2,4.9,Cloudy
903117,403253,2025-02-27,41.6,6.9,46.0,40.0,Cloudy
903118,402336,2026-03-21,33.1,7.8,82.6,6.6,Storm
903119,402733,2024-02-16,32.5,5.0,62.3,2.3,Heavy Rain
903120,402942,2025-06-11,34.1,2.8,86.2,19.9,Cloudy
903123,404721,2024-06-20,15.4,28.3,59.5,1.6,Rain
903124,404024,2024-03-21,31.1,0.4,59.7,3.1,Haze
903125,404767,2026-07-14,23.7,2.0,64.6,15.0,Heavy Rain
903126,400666,2026-04-21,20.9,5.7,58.1,2.2,Haze
903127,400278,2026-01-16,20.8,0.9,45.9,0.5,Rain
903128,400017,2026-03-05,43.9,9.9,48.4,25.4,Heavy Rain
903129,402029,2024-02-27,28.9,5.4,71.3,31.2,Heavy Rain
903130,402606,2026-04-30,37.8,0.1,34.5,12.1,Storm
903131,400930,2025-10-16,34.4,0.9,92.9,7.8,Cloudy
903132,401811,2025-01-01,17.3,1.0,71.5,3.3,Clear
903133,401754,2025-12-07,19.8,1.6,76.7,14.5,Rain
903134,404642,2024-12-24,41.0,3.0,88.5,4.6,Clear
903135,400946,2026-04-06,30.5,5.5,75.1,11.4,Rain
903136,403604,2024-09-28,27.3,18.4,52.6,4.9,Storm
903137,404985,2025-10-05,32.8,6.1,78.2,0.1,Storm
903138,401788,2026-04-27,22.6,10.4,64.3,7.6,Haze
903139,403168,2024-02-07,32.4,1.4,68.6,15.4,Rain
903140,404633,2024-09-29,21.9,6.4,65.7,31.7,Clear
903141,400146,2024-12-17,27.3,5.8,72.6,10.0,Haze
903142,404458,2024-11-17,27.6,16.4,71.0,10.4,Heavy Rain
903143,400509,2025-08-04,21.9,0.1,66.6,19.3,Heavy Rain
903144,402489,2024-04-17,29.0,11.7,58.8,31.6,Haze
903145,402553,2025-06-29,25.5,1.2,90.5,7.7,Rain
903146,404840,2026-03-16,32.5,6.7,57.9,9.3,Storm
903147,400230,2025-02-06,19.3,5.0,63.7,6.4,Storm
903148,402420,2024-11-29,30.1,7.8,29.5,21.1,Rain
903149,403744,2025-07-05,20.6,4.6,64.3,6.9,Rain
903150,404615,2024-09-05,27.0,22.5,83.8,6.5,Cloudy
903151,400499,2025-11-11,26.3,4.7,63.1,0.1,Haze
903152,400304,2025-08-22,27.6,3.9,78.5,5.0,Rain
903153,401341,2025-11-24,21.1,28.0,73.4,16.9,Clear
903154,403866,2024-07-25,29.0,11.0,62.7,23.2,Haze
903155,403913,2024-12-13,24.5,18.5,48.0,5.3,Rain
903156,400696,2025-12-06,26.8,5.8,53.1,4.2,Clear
903157,403476,2026-05-31,31.6,27.8,53.7,14.8,Rain
903158,401201,2025-01-21,22.6,16.4,47.4,2.4,Cloudy
903159,401029,2026-05-11,27.1,8.7,93.2,11.9,Rain
903160,402902,2024-03-16,28.4,10.3,49.9,0.9,Clear
903161,404203,2024-12-21,29.4,11.3,56.5,17.8,Rain
903162,404054,2026-04-04,21.2,0.4,58.8,8.8,Clear
903163,402910,2024-05-11,29.2,14.6,58.7,12.5,Clear
903164,404020,2024-06-04,32.4,0.4,52.9,2.1,Heavy Rain
903165,400679,2024-03-23,36.2,17.6,60.2,4.3,Rain
903166,403407,2025-01-06,32.7,5.8,64.8,3.6,Rain
903167,402468,2024-10-10,24.3,5.0,64.8,4.7,Clear
903168,404533,2025-09-19,26.1,7.7,43.5,19.2,Rain
903169,402484,2025-06-16,18.0,20.1,56.5,2.6,Haze
903170,404446,2024-11-06,28.8,5.6,58.4,7.0,Rain
903171,404669,2026-02-25,31.6,15.7,40.7,14.2,Cloudy
903172,402773,2024-04-15,15.7,0.2,86.6,9.4,Storm
903173,400177,2025-07-09,38.1,6.2,46.0,9.8,Heavy Rain
903174,403022,2025-03-03,20.1,2.4,70.3,34.0,Rain
903175,400090,2024-08-25,15.8,13.0,77.7,3.3,Storm
903176,403501,2025-08-26,22.6,22.6,81.7,12.6,Clear
903177,403575,2024-09-12,16.9,0.1,55.3,5.5,Heavy Rain
903178,400303,2025-10-05,34.4,15.2,95.5,11.0,Cloudy
903179,402674,2025-12-12,36.1,0.1,55.2,21.7,Clear
903181,400014,2026-06-18,23.7,3.6,77.6,4.3,Storm
903182,403833,2025-03-18,52.1,13.8,66.0,1.9,Haze
903183,403154,2024-07-18,31.5,2.7,65.8,6.7,Storm
903184,404220,2024-08-06,32.8,21.2,54.6,31.2,Cloudy
903185,404980,2025-12-06,26.5,20.7,69.6,5.9,Clear
903186,403978,2026-04-05,39.6,3.6,69.5,5.5,Clear
903187,402046,2025-04-08,34.7,1.2,70.9,18.4,Haze
903188,402156,2024-11-30,22.0,1.4,69.8,27.7,Cloudy
903189,404418,2026-01-19,33.4,22.5,92.0,2.8,Rain
903190,401222,2024-03-07,28.9,1.1,77.1,0.4,Cloudy
903192,401650,2025-02-27,44.5,3.6,54.8,18.1,Cloudy
903193,401343,2024-03-12,40.9,11.7,46.5,9.8,Cloudy
903194,403093,2024-06-12,33.6,2.9,49.4,18.7,Storm
903195,404954,2024-09-24,27.9,2.9,64.7,39.9,Storm
903196,404925,2024-02-02,25.5,0.7,41.9,0.3,Rain
903197,403373,2025-11-26,23.6,0.5,99.1,13.5,Heavy Rain
903198,402518,2025-01-12,28.1,8.4,68.9,1.4,Haze
903199,404418,2025-01-07,24.3,2.3,60.8,1.9,Heavy Rain
903200,404275,2024-04-06,28.5,3.6,60.7,18.9,Rain
903202,403118,2025-01-04,32.8,7.9,82.2,7.8,Heavy Rain
903203,402058,2024-02-20,8.5,3.8,82.6,1.1,Rain
903204,403694,2025-01-14,25.8,0.5,54.5,13.2,Rain
903205,401119,2024-12-09,12.5,2.1,43.5,4.3,Rain
903206,404454,2026-06-19,42.4,35.8,71.7,3.9,Cloudy
903207,403723,2024-04-21,28.2,5.5,50.7,1.1,Cloudy
903208,401002,2024-08-23,24.2,18.4,64.3,1.4,Storm
903209,401328,2024-06-19,25.3,14.8,87.3,6.1,Clear
903210,400127,2025-06-29,15.2,6.3,72.9,14.8,Heavy Rain
903211,400042,2025-09-14,19.8,26.2,51.2,1.3,Cloudy
903212,401246,2026-07-11,17.6,6.9,46.6,18.4,Rain
903213,400216,2024-06-21,29.4,12.8,59.4,7.9,Cloudy
903214,400507,2025-08-20,27.5,6.0,58.8,1.5,Cloudy
903215,404226,2025-12-18,15.2,9.5,58.5,1.8,Cloudy
903216,400365,2025-06-13,37.4,1.0,49.9,0.2,Storm
903217,403464,2024-10-23,30.3,1.8,67.8,1.9,Haze
903218,403930,2024-12-21,24.0,20.8,70.4,12.8,Storm
903219,404800,2026-03-07,20.3,21.5,54.9,2.3,Clear
903221,403753,2024-12-20,23.8,41.3,86.0,3.5,Heavy Rain
903222,403468,2025-10-05,22.9,0.4,52.2,4.4,Storm
903223,400649,2026-06-11,33.7,5.3,76.0,7.0,Storm
903224,402765,2025-06-29,14.6,17.0,47.2,12.9,Rain
903225,401423,2025-09-17,26.7,4.2,62.5,1.6,Storm
903226,401698,2026-03-16,32.4,17.9,70.4,17.9,Heavy Rain
903227,403822,2026-07-18,36.0,16.1,58.9,1.1,Storm
903228,402476,2024-05-29,23.7,15.4,49.2,13.7,Heavy Rain
903229,403943,2024-09-25,34.1,13.4,67.9,3.9,Heavy Rain
903230,400841,2025-01-19,25.9,3.1,77.1,3.9,Clear
903231,400824,2024-06-26,28.3,7.4,53.9,8.1,Cloudy
903233,400144,2024-04-19,35.2,0.8,84.6,7.5,Cloudy
903234,402819,2024-06-25,23.2,20.6,53.0,0.3,Storm
903235,404381,2025-02-16,37.2,11.4,61.3,37.5,Haze
903236,402827,2024-05-20,28.1,1.3,52.4,0.4,Rain
903237,400948,2025-04-11,32.3,11.6,69.3,13.8,Rain
903238,404161,2024-06-01,27.5,4.3,53.5,44.7,Clear
903239,404484,2026-03-06,21.2,19.9,89.9,8.8,Cloudy
903240,402139,2024-06-01,24.6,12.5,58.1,13.4,Cloudy
903241,400387,2024-11-01,16.1,8.1,57.0,10.1,Clear
903242,403929,2025-08-17,37.4,9.9,60.7,0.8,Rain
903243,402746,2026-06-24,40.3,9.3,79.9,13.8,Heavy Rain
903244,403245,2025-04-06,33.7,16.1,52.2,4.4,Heavy Rain
903245,404313,2026-05-20,34.7,1.0,77.4,5.0,Storm
903246,402039,2026-01-20,22.4,8.8,30.0,19.9,Rain
903247,401869,2025-12-21,21.3,7.6,73.3,0.1,Storm
903248,402739,2024-09-11,15.1,19.3,61.8,1.1,Clear
903249,404488,2024-06-19,19.2,6.5,40.9,10.7,Heavy Rain
903250,402443,2025-04-07,23.3,0.4,73.4,3.1,Cloudy
903251,403248,2025-08-27,22.4,2.9,72.4,3.5,Heavy Rain
903252,402233,2024-07-24,22.4,4.2,93.9,19.6,Haze
903253,402141,2024-10-07,18.1,0.2,39.4,18.7,Heavy Rain
903254,402726,2024-09-23,32.6,0.4,64.4,0.6,Clear
903255,400568,2024-07-27,24.1,5.5,43.0,0.3,Haze
903256,403180,2024-04-10,32.7,2.3,94.2,13.9,Storm
903257,403448,2025-07-27,30.9,3.5,75.3,8.5,Storm
903258,401593,2026-03-17,29.0,1.7,44.5,4.6,Rain
903259,404801,2025-03-23,26.0,2.0,53.7,0.8,Heavy Rain
903260,402058,2026-02-18,26.8,2.2,81.5,15.6,Heavy Rain
903261,401583,2024-04-09,25.2,14.3,78.7,0.1,Storm
903262,400277,2024-12-15,42.2,3.0,53.2,1.6,Cloudy
903263,403644,2025-08-19,29.9,3.7,88.7,1.7,Rain
903264,403584,2026-02-20,17.5,2.5,86.9,6.8,Cloudy
903265,403478,2026-05-26,32.8,1.5,25.1,43.3,Heavy Rain
903266,403617,2026-01-04,35.7,9.7,44.6,47.3,Haze
903267,403987,2025-11-05,15.9,4.2,64.0,8.2,Heavy Rain
903268,402407,2025-05-28,43.9,1.4,71.6,8.3,Heavy Rain
903269,402348,2024-03-31,16.3,10.0,74.5,12.2,Haze
903270,403470,2024-06-16,40.4,4.5,55.2,31.9,Rain
903271,402415,2024-03-21,33.3,7.9,69.7,2.6,Rain
903272,401446,2024-12-25,30.6,6.0,64.3,2.2,Clear
903273,403723,2026-01-16,40.5,7.2,64.3,5.3,Cloudy
903274,401047,2026-04-01,32.3,2.1,9.1,1.7,Heavy Rain
903275,403223,2024-02-11,30.3,4.4,69.6,1.7,Rain
903276,403917,2026-04-29,25.2,0.0,82.9,10.6,Clear
903277,401195,2024-03-08,26.0,1.5,79.4,22.7,Rain
903278,402606,2025-01-25,12.8,24.4,52.8,1.1,Storm
903279,402531,2024-07-18,31.5,6.5,68.6,8.8,Cloudy
903280,404013,2025-11-08,28.8,27.0,86.2,7.7,Storm
903281,400143,2026-06-10,24.9,6.1,82.5,23.1,Rain
903282,402354,2024-04-07,34.6,2.7,90.6,2.1,Haze
903283,403060,2026-02-06,14.5,5.6,96.5,22.1,Storm
903284,403017,2026-04-28,19.8,14.7,72.6,1.3,Cloudy
903285,401679,2025-09-02,26.8,13.6,64.3,0.2,Storm
903286,403902,2025-05-06,16.3,6.1,45.9,1.7,Cloudy
903287,400137,2025-11-28,20.5,9.3,89.0,3.6,Haze
903288,400171,2024-08-09,25.8,1.1,62.4,17.7,Clear
903289,400306,2025-10-30,16.3,6.4,63.9,7.5,Haze
903290,401116,2025-11-24,40.5,4.6,70.2,4.4,Haze
903291,401128,2025-01-28,27.2,8.4,55.2,16.3,Rain
903292,403415,2025-05-14,37.6,8.8,68.4,14.9,Storm
903293,401599,2025-02-12,41.1,9.4,62.1,24.5,Rain
903294,404355,2024-10-18,28.3,10.8,53.9,2.7,Heavy Rain
903296,400549,2025-11-03,29.1,20.9,58.0,21.1,Clear
903297,401711,2025-05-06,30.7,26.6,89.1,3.5,Haze
903298,404631,2025-01-27,16.8,2.0,53.6,2.2,Storm
903299,402787,2024-08-25,11.2,0.7,67.4,6.7,Clear
903300,401970,2025-04-16,20.0,7.1,82.6,0.9,Heavy Rain
903301,402137,2024-06-02,7.8,2.5,79.6,9.4,Cloudy
903302,403713,2024-05-17,38.7,12.5,74.5,36.1,Heavy Rain
903303,401177,2025-02-23,26.2,11.4,91.9,5.2,Haze
903304,404196,2024-08-30,30.1,0.1,55.3,0.4,Cloudy
903305,401975,2026-01-31,29.1,1.1,64.2,31.6,Rain
903306,403905,2024-02-19,35.3,1.6,73.9,2.6,Storm
903307,400070,2025-11-25,17.0,3.5,47.5,0.5,Cloudy
903308,400121,2025-01-14,38.2,2.2,66.8,0.2,Heavy Rain
903309,400878,2026-02-06,32.8,6.2,93.8,5.4,Rain
903310,404651,2024-03-21,25.8,14.2,44.5,8.1,Storm
903311,402969,2026-07-01,30.0,12.3,79.8,23.5,Heavy Rain
903312,403863,2025-08-14,30.1,3.0,67.0,7.8,Haze
903313,402757,2025-03-03,23.3,2.9,43.2,6.7,Haze
903314,404682,2025-09-15,8.7,2.5,45.8,4.9,Clear
903316,403792,2026-03-09,24.0,1.6,50.0,18.3,Storm
903317,401255,2024-05-19,34.4,1.3,43.8,0.4,Storm
903318,404579,2024-11-28,22.9,14.7,90.8,8.9,Haze
903319,401570,2025-12-13,34.2,5.0,67.0,35.0,Cloudy
903320,403496,2025-12-21,43.7,53.2,68.6,10.6,Storm
903321,401019,2024-07-14,31.1,0.9,71.4,13.9,Storm
903322,403886,2025-10-23,27.2,5.9,67.9,1.8,Storm
903323,401547,2026-01-29,31.2,10.2,64.4,5.4,Rain
903324,401217,2025-08-15,38.6,8.0,64.4,20.6,Rain
903325,404862,2024-09-11,26.5,2.8,54.7,14.1,Haze
903326,400547,2025-11-17,16.0,5.3,64.3,11.1,Heavy Rain
903327,400875,2025-09-16,24.6,2.9,67.5,7.1,Storm
903328,401677,2025-08-26,27.4,4.6,34.9,14.5,Clear
903329,404325,2024-03-07,18.8,1.4,76.2,0.6,Haze
903330,403513,2024-04-26,22.4,8.9,80.4,8.3,Rain
903331,401157,2024-12-18,15.3,12.9,52.0,0.5,Haze
903333,400347,2025-06-15,20.1,6.3,66.2,3.5,Heavy Rain
903334,402436,2024-10-25,14.9,2.4,65.4,0.8,Haze
903336,403756,2025-07-25,24.2,16.1,38.6,20.2,Storm
903337,404342,2024-12-16,26.5,4.5,78.1,29.8,Haze
903338,404820,2024-04-16,11.2,3.8,59.0,3.5,Storm
903339,403643,2025-06-16,28.7,6.6,52.9,8.7,Storm
903340,402149,2025-07-22,21.7,16.3,37.6,7.2,Rain
903341,401217,2025-07-22,26.4,1.2,95.3,7.5,Heavy Rain
903342,400080,2025-08-22,26.1,33.4,45.7,17.3,Rain
903343,400657,2025-12-01,26.5,7.0,79.2,8.9,Cloudy
903344,401982,2024-03-10,30.8,0.0,58.7,7.0,Clear
903345,403583,2025-09-21,39.4,7.9,72.1,22.9,Cloudy
903346,403166,2024-07-25,36.3,4.5,45.1,8.3,Cloudy
903347,401434,2026-01-31,22.9,13.1,62.8,7.7,Haze
903348,401744,2025-07-05,27.0,17.8,74.1,3.2,Clear
903349,402453,2025-11-09,27.7,24.2,60.2,9.7,Rain
903350,402269,2025-03-29,32.5,8.8,63.4,16.7,Clear
903351,400861,2024-11-09,39.5,7.1,54.1,1.4,Clear
903352,401113,2025-07-05,34.3,4.7,63.0,1.8,Heavy Rain
903353,401934,2025-04-08,14.0,11.8,72.6,24.9,Clear
903354,400608,2024-11-23,21.1,0.6,72.4,6.3,Clear
903355,400655,2025-10-25,31.9,0.1,91.1,6.2,Clear
903356,401709,2024-04-16,17.3,26.1,89.3,1.1,Haze
903357,404638,2025-02-08,32.5,13.4,34.6,6.5,Clear
903358,401158,2024-10-25,29.9,2.7,47.1,7.4,Haze
903359,400820,2026-04-19,22.2,1.9,58.2,9.4,Rain
903360,404436,2024-05-01,12.5,3.4,64.3,19.0,Clear
903361,402104,2026-05-24,26.7,2.1,73.5,17.4,Rain
903362,400786,2024-08-03,24.6,19.9,64.3,13.3,Heavy Rain
903363,403433,2025-01-22,10.1,0.3,77.4,16.0,Haze
903364,402589,2024-10-26,14.6,2.9,33.1,0.5,Storm
903365,400720,2024-11-27,38.2,12.9,80.8,6.8,Haze
903366,404197,2024-04-09,22.8,8.1,52.8,58.9,Haze
903367,400149,2026-01-28,31.6,8.6,88.0,0.4,Rain
903368,402427,2024-04-15,30.3,9.4,56.2,33.1,Rain
903369,402842,2025-04-13,14.7,1.3,78.0,21.0,Cloudy
903370,401269,2024-09-07,35.7,4.2,63.3,2.3,Rain
903371,401264,2024-05-19,34.1,1.6,81.2,2.8,Rain
903372,403913,2024-02-09,32.9,7.8,53.6,30.1,Haze
903373,401172,2025-10-30,27.0,9.9,37.5,28.5,Storm
903375,404536,2026-01-05,11.9,6.4,70.4,5.8,Storm
903376,403667,2025-01-27,32.0,2.5,64.3,25.3,Haze
903377,402365,2025-04-12,28.5,13.3,61.1,4.4,Rain
903378,404583,2024-03-08,20.6,19.7,71.9,3.9,Storm
903379,404486,2026-06-09,15.8,2.1,79.9,0.4,Cloudy
903380,401129,2025-07-01,27.6,6.5,75.4,18.0,Clear
903381,404607,2025-06-18,2.2,0.3,79.8,24.2,Heavy Rain
903382,402058,2026-07-07,27.1,5.7,47.2,1.2,Storm
903383,402939,2025-09-21,23.4,2.6,80.4,18.2,Rain
903384,402258,2025-04-27,33.3,0.8,57.3,10.3,Cloudy
903385,403923,2026-02-16,23.8,0.9,82.2,7.5,Rain
903386,403794,2026-06-16,17.7,8.8,65.7,4.0,Storm
903387,401507,2025-08-06,20.1,10.2,89.5,0.0,Rain
903388,400528,2026-05-10,30.0,0.1,46.7,10.8,Haze
903389,404850,2025-10-05,19.0,10.6,60.7,1.7,Heavy Rain
903390,402872,2024-07-25,36.1,16.1,99.9,6.3,Haze
903391,403256,2026-03-16,17.7,6.6,73.2,5.3,Clear
903392,401766,2026-02-16,19.6,8.0,71.5,5.7,Haze
903393,403137,2026-05-06,30.6,8.1,97.1,26.5,Storm
903394,402475,2025-06-29,36.0,0.9,53.8,19.1,Storm
903395,404261,2024-03-05,39.3,1.5,64.3,31.3,Heavy Rain
903396,403260,2026-05-07,38.1,8.9,68.4,11.6,Haze
903397,402552,2024-12-11,28.6,2.5,78.5,9.5,Cloudy
903398,400103,2024-04-23,33.0,4.6,54.8,30.9,Haze
903399,403465,2024-02-17,23.1,1.6,98.4,9.2,Storm
903400,402374,2025-04-08,33.6,15.9,20.5,5.3,Heavy Rain
903401,400426,2024-10-19,30.2,19.0,60.5,22.4,Clear
903402,402823,2025-07-26,34.2,5.8,67.9,6.3,Cloudy
903403,400967,2024-04-09,22.2,1.4,12.9,4.9,Cloudy
903404,403721,2025-03-04,25.3,8.8,82.4,24.8,Clear
903405,401717,2024-11-30,24.6,4.0,90.0,1.3,Clear
903406,404383,2025-09-23,15.1,2.1,44.0,0.4,Clear
903407,401518,2024-10-15,29.1,5.1,55.9,8.0,Heavy Rain
903408,403592,2024-06-07,22.4,2.0,57.7,30.9,Heavy Rain
903409,403774,2024-05-12,24.1,20.4,67.8,2.0,Storm
903410,402543,2026-01-23,32.2,26.3,66.4,5.7,Haze
903411,400120,2025-04-17,33.0,1.7,63.8,0.7,Heavy Rain
903412,404943,2024-09-26,22.8,3.8,49.7,32.8,Haze
903413,404069,2025-10-21,32.5,25.6,79.1,5.3,Cloudy
903414,401537,2025-01-01,34.8,1.4,42.4,22.3,Cloudy
903415,402859,2026-05-21,22.8,1.4,62.6,6.2,Rain
903416,403191,2025-08-02,20.7,7.1,62.1,0.9,Storm
903417,403192,2025-12-06,41.2,11.2,58.6,18.5,Rain
903418,403521,2026-04-26,35.5,34.2,84.6,11.1,Clear
903419,403696,2024-08-12,36.0,1.7,67.9,6.0,Clear
903420,402923,2024-10-26,29.8,3.8,88.4,13.8,Rain
903421,402416,2025-03-28,15.8,13.0,73.0,5.9,Storm
903422,404704,2025-12-13,21.6,0.5,61.7,23.9,Rain
903423,401740,2024-07-08,18.4,25.6,68.3,5.1,Rain
903424,402194,2026-06-24,31.0,13.3,57.9,7.0,Haze
903425,401807,2024-11-22,27.0,10.7,7.5,1.4,Cloudy
903426,403349,2026-01-29,20.5,11.3,64.3,10.7,Heavy Rain
903427,403326,2024-04-08,24.8,5.5,87.0,5.9,Haze
903428,403234,2026-01-21,32.2,2.5,65.7,20.8,Clear
903429,400307,2025-08-17,30.8,20.2,27.4,1.0,Clear
903430,404938,2025-10-10,32.2,4.9,76.7,12.6,Haze
903431,402647,2025-01-23,18.3,3.4,78.7,2.1,Storm
903432,401937,2026-06-21,24.6,1.7,51.8,6.8,Haze
903433,402701,2025-08-24,39.8,10.6,40.8,1.0,Haze
903434,402140,2024-07-14,28.7,4.0,61.2,18.7,Haze
903435,403972,2025-01-19,13.5,4.9,71.4,15.8,Clear
903436,402745,2025-04-13,39.3,1.2,24.4,21.8,Rain
903437,400592,2025-02-26,27.2,3.8,76.7,3.5,Haze
903438,404315,2025-01-09,30.7,5.5,36.5,13.4,Storm
903439,400080,2025-09-01,31.1,18.1,58.2,27.1,Storm
903440,402976,2025-03-01,35.6,1.2,87.2,1.1,Haze
903441,401737,2024-12-16,12.6,2.4,78.1,7.0,Clear
903442,402608,2024-05-24,26.7,36.1,74.8,2.6,Rain
903443,400792,2025-07-11,26.2,14.6,45.0,12.7,Storm
903444,404187,2024-12-05,32.2,1.0,69.9,5.6,Storm
903445,403444,2024-02-10,30.1,26.1,75.7,14.2,Storm
903446,403638,2024-05-20,34.2,4.2,56.8,3.3,Clear
903447,402632,2024-11-28,31.6,1.1,79.0,11.9,Rain
903448,401007,2025-03-03,38.7,6.3,58.3,16.0,Cloudy
903449,404025,2025-06-17,40.9,3.2,49.0,7.7,Clear
903450,402350,2024-08-24,42.2,5.6,57.4,3.3,Storm
903451,404472,2026-04-20,36.5,2.9,64.3,3.7,Haze
903452,403770,2025-08-18,28.2,3.5,66.7,14.0,Storm
903453,402464,2025-01-17,18.7,5.3,50.3,27.3,Rain
903454,404452,2024-09-20,27.8,3.9,64.1,6.9,Storm
903455,401956,2025-11-30,28.9,2.8,64.6,26.9,Storm
903456,401623,2024-11-25,24.3,5.1,57.1,2.2,Clear
903457,401766,2024-05-16,20.8,9.3,57.8,10.4,Clear
903458,403693,2025-11-11,19.9,3.8,51.3,12.7,Haze
903459,400657,2025-02-04,22.3,3.6,55.7,4.8,Cloudy
903460,403099,2024-04-08,21.0,0.4,62.5,14.4,Haze
903461,403903,2024-03-25,19.5,6.9,51.8,26.7,Rain
903462,404170,2025-09-02,24.7,11.1,80.9,13.8,Clear
903463,404597,2024-04-01,24.9,2.6,52.6,7.1,Haze
903464,403591,2024-11-11,21.1,1.0,14.9,5.5,Haze
903466,404616,2025-03-09,31.7,2.2,46.8,20.4,Rain
903467,402795,2024-06-13,17.0,1.6,62.2,5.9,Heavy Rain
903468,404508,2025-08-05,35.7,3.6,75.6,45.2,Heavy Rain
903469,404180,2024-08-15,26.0,0.7,45.3,12.7,Storm
903470,401436,2025-02-26,19.3,2.4,61.5,2.1,Rain
903471,404061,2026-01-19,25.1,3.4,78.9,20.2,Rain
903472,403944,2024-09-15,24.5,7.3,54.8,14.9,Storm
903473,401986,2025-07-09,24.9,1.7,54.5,18.3,Haze
903474,403909,2026-02-24,37.1,7.8,75.6,27.8,Rain
903475,401828,2025-02-15,26.4,2.8,58.3,2.0,Heavy Rain
903476,400105,2025-05-04,31.1,16.6,64.3,18.8,Clear
903477,404835,2024-08-16,35.5,25.6,68.0,4.7,Clear
903479,403743,2025-04-12,22.8,6.2,46.2,4.5,Cloudy
903480,401062,2025-10-21,32.7,0.4,72.3,12.3,Haze
903481,404080,2026-01-17,14.5,1.2,76.5,8.2,Rain
903482,400050,2024-09-09,35.3,2.2,57.3,26.4,Haze
903483,400317,2025-09-11,39.7,0.3,58.1,10.8,Heavy Rain
903484,401675,2024-05-21,49.3,1.6,60.5,4.1,Heavy Rain
903485,401204,2024-01-04,35.9,6.1,44.1,11.2,Storm
903486,401083,2025-04-01,13.9,3.5,86.7,20.8,Heavy Rain
903487,401023,2025-01-23,27.9,24.9,72.1,5.2,Clear
903488,400953,2025-09-01,39.2,10.6,73.3,5.6,Rain
903489,403117,2024-11-06,26.1,0.7,67.9,10.9,Clear
903490,403194,2025-01-30,18.9,1.6,90.9,4.9,Storm
903491,404719,2024-02-22,32.5,0.5,37.1,4.1,Haze
903492,401603,2024-11-02,20.0,26.8,68.9,3.9,Storm
903493,403349,2026-04-28,23.4,17.4,54.6,0.9,Heavy Rain
903494,400911,2025-10-04,12.1,4.8,61.3,9.3,Clear
903495,404656,2025-09-27,34.3,22.0,46.5,6.8,Rain
903496,401041,2024-05-06,27.1,2.4,68.7,1.2,Rain
903497,402046,2026-05-09,25.9,5.6,88.5,4.9,Heavy Rain
903498,404018,2024-04-01,29.8,4.5,64.6,3.0,Rain
903499,400844,2025-09-27,32.9,5.1,73.1,8.6,Heavy Rain
903500,400280,2024-06-26,19.8,12.2,54.1,14.3,Cloudy
903501,404620,2026-01-15,21.7,22.8,44.6,0.3,Heavy Rain
903502,402002,2025-03-06,22.4,1.4,67.5,5.4,Storm
903503,401226,2024-11-06,19.1,1.2,73.9,0.4,Clear
903504,404077,2025-03-18,25.3,9.8,83.3,2.6,Haze
903505,403149,2026-02-18,20.4,13.9,46.6,3.7,Storm
903506,402475,2025-12-12,28.8,2.5,83.6,1.7,Haze
903507,400272,2025-11-09,22.3,12.7,66.6,8.6,Haze
903508,402692,2024-06-26,30.1,1.0,56.8,36.4,Storm
903509,400159,2024-04-09,22.9,7.3,43.2,7.3,Storm
903510,403354,2024-12-28,21.7,8.9,71.8,18.8,Cloudy
903511,403009,2025-11-01,30.8,18.4,51.2,0.8,Heavy Rain
903512,403417,2025-06-12,27.3,3.5,68.3,0.8,Heavy Rain
903513,403840,2025-04-06,24.4,6.4,84.0,9.6,Heavy Rain
903514,404174,2024-08-14,15.4,9.5,55.3,2.7,Rain
903515,403912,2024-09-24,23.1,5.5,54.8,7.8,Clear
903516,400747,2025-04-09,28.8,18.7,78.4,11.4,Cloudy
903517,404935,2024-12-05,34.4,7.6,52.8,25.0,Clear
903518,404837,2025-03-06,23.3,5.8,4.7,22.9,Haze
903519,401637,2025-02-10,27.0,2.6,61.6,2.1,Clear
903520,402329,2024-10-05,21.0,10.5,70.2,0.4,Haze
903521,403300,2025-07-28,27.9,5.8,50.4,1.4,Rain
903522,403932,2026-05-19,42.4,2.5,42.5,35.5,Haze
903523,402688,2024-05-21,31.5,5.2,45.6,22.1,Clear
903524,403716,2025-08-22,41.5,15.8,7.1,1.5,Clear
903525,402243,2026-06-21,34.0,7.6,58.9,10.6,Rain
903526,400232,2024-06-27,19.3,27.9,68.2,6.3,Storm
903527,403765,2024-03-18,27.2,12.6,77.3,12.0,Haze
903528,402993,2026-03-05,31.4,0.9,58.8,8.4,Haze
903529,402196,2024-04-14,19.1,4.4,87.4,18.4,Rain
903530,401232,2024-12-30,28.2,2.7,59.6,14.0,Storm
903531,404032,2026-03-07,27.1,0.8,89.8,13.3,Rain
903532,403789,2025-05-18,23.8,1.1,27.9,3.5,Storm
903533,401066,2024-01-22,33.1,5.1,36.7,9.1,Rain
903534,403566,2025-05-13,26.1,10.6,78.7,0.4,Rain
903535,400386,2025-03-18,34.1,2.1,72.2,28.9,Cloudy
903536,400280,2024-04-29,27.7,1.4,79.8,3.2,Haze
903537,400998,2025-02-06,13.8,0.7,61.3,15.6,Storm
903538,402063,2024-10-30,30.6,36.9,67.5,11.2,Rain
903539,400412,2025-10-01,27.5,0.2,71.8,2.1,Storm
903540,403600,2024-03-16,30.8,2.8,85.8,27.5,Heavy Rain
903541,404928,2025-03-08,25.0,7.7,36.0,2.9,Heavy Rain
903542,400087,2026-03-30,7.6,10.4,64.3,18.0,Storm
903543,400910,2025-09-03,35.2,6.1,76.6,3.6,Haze
903544,402342,2024-01-26,26.5,2.4,57.3,0.4,Heavy Rain
903545,401334,2024-01-07,23.5,15.9,64.3,4.7,Rain
903546,401611,2024-10-10,24.5,11.6,43.6,1.2,Haze
903547,400041,2026-06-17,31.1,2.0,51.1,22.4,Haze
903548,401250,2025-02-21,22.9,2.1,44.7,3.0,Clear
903549,402003,2024-10-19,26.8,19.0,52.3,6.2,Cloudy
903550,403337,2025-07-10,28.6,7.8,43.5,0.1,Heavy Rain
903551,401140,2025-12-31,21.5,4.6,73.2,4.9,Clear
903552,402500,2025-04-09,28.0,2.1,79.4,1.0,Cloudy
903553,402166,2024-03-01,29.4,1.1,48.5,1.6,Rain
903554,403050,2024-11-03,26.5,3.3,86.0,7.7,Storm
903555,400476,2026-04-01,19.7,15.8,26.1,7.0,Haze
903556,404139,2024-11-14,31.2,19.8,68.8,2.8,Haze
903557,403567,2025-08-22,17.7,22.4,88.5,12.4,Rain
903558,400942,2025-12-09,16.7,4.5,70.6,26.5,Rain
903559,404085,2025-07-30,21.6,19.2,49.9,9.1,Clear
903560,402144,2024-03-08,43.2,3.8,52.2,0.6,Clear
903561,400257,2026-06-07,20.4,2.1,32.7,36.5,Storm
903562,401054,2025-12-01,16.7,26.4,92.5,5.3,Rain
903563,404579,2025-03-14,26.7,0.3,33.6,13.9,Rain
903564,403298,2025-06-02,32.5,1.2,52.4,12.2,Rain
903565,400926,2024-01-07,15.5,4.1,71.6,18.6,Rain
903567,400823,2024-09-01,27.8,2.1,57.8,2.6,Cloudy
903568,404235,2025-09-29,31.7,1.6,17.4,1.7,Rain
903569,400447,2024-07-05,10.1,16.2,66.3,1.7,Cloudy
903570,403595,2024-10-28,30.2,28.2,70.7,23.6,Heavy Rain
903571,404509,2024-01-21,29.8,1.3,53.6,7.7,Haze
903572,403263,2024-10-21,17.6,1.4,90.8,12.3,Cloudy
903573,403760,2025-12-06,35.7,0.6,53.4,8.3,Storm
903574,401216,2025-12-31,27.1,13.7,67.4,24.6,Heavy Rain
903575,403318,2026-04-27,12.3,11.9,63.7,3.1,Storm
903576,403430,2025-10-06,18.1,5.8,48.0,10.8,Heavy Rain
903577,403847,2025-08-23,13.9,6.9,48.7,18.3,Storm
903578,403432,2025-09-11,29.5,1.4,47.2,2.1,Cloudy
903579,400350,2025-07-03,7.7,33.3,89.3,5.1,Clear
903580,401877,2025-12-18,19.2,0.7,86.6,3.2,Heavy Rain
903581,404404,2026-05-02,36.5,2.7,71.0,5.8,Rain
903582,404008,2025-02-24,17.6,0.5,68.2,4.9,Storm
903583,400887,2024-01-28,32.8,4.0,39.3,5.0,Haze
903584,400922,2026-06-16,18.5,5.5,55.5,8.0,Clear
903585,402960,2025-12-16,30.4,12.4,68.3,22.1,Clear
903586,400609,2026-01-05,32.7,10.2,57.1,1.0,Clear
903587,402680,2025-06-16,32.4,0.1,77.9,9.2,Heavy Rain
903588,402876,2026-04-22,26.4,0.9,59.8,22.6,Haze
903589,400071,2024-11-17,28.1,1.3,73.2,3.0,Cloudy
903590,402122,2026-02-12,24.1,0.8,64.3,4.8,Storm
903591,404785,2025-08-27,26.1,4.5,82.9,20.7,Haze
903592,403720,2024-09-13,36.5,1.7,38.2,13.2,Haze
903593,401751,2026-02-21,31.9,8.7,56.3,19.4,Rain
903594,400705,2024-03-23,21.9,17.7,66.8,0.0,Haze
903595,404147,2024-09-20,35.4,5.5,26.1,4.1,Clear
903596,404137,2025-12-13,19.3,5.8,53.4,45.9,Storm
903597,404484,2024-07-02,40.4,8.4,81.3,6.1,Clear
903598,401071,2025-01-14,37.2,5.8,89.9,4.4,Storm
903599,400148,2024-07-27,17.9,9.5,44.5,13.3,Storm
903600,403004,2024-01-16,30.6,12.2,70.8,20.8,Storm
903601,402133,2024-03-18,38.2,4.0,47.7,86.8,Haze
903602,400615,2024-02-27,18.4,17.5,44.9,8.8,Haze
903603,402076,2024-11-04,27.7,2.6,64.3,7.0,Cloudy
903604,402497,2024-05-20,24.3,7.3,76.9,26.7,Storm
903605,404031,2025-09-13,26.3,5.8,62.4,3.1,Storm
903606,403302,2025-01-12,33.3,5.9,58.7,0.2,Storm
903607,404927,2024-03-17,19.4,15.0,71.4,13.9,Rain
903608,404046,2025-06-27,26.4,3.6,50.9,21.1,Storm
903609,402310,2024-08-05,25.5,7.4,76.2,6.3,Clear
903610,402345,2024-01-05,15.4,19.0,48.9,11.4,Clear
903612,402026,2025-06-13,25.3,1.1,60.7,5.1,Storm
903613,402395,2025-01-23,33.1,8.7,61.3,25.6,Haze
903614,403974,2024-03-14,20.8,1.9,62.1,20.2,Storm
903615,404382,2025-09-10,34.7,12.9,73.1,0.3,Storm
903616,400693,2025-05-28,26.7,1.8,65.2,15.4,Storm
903617,400947,2025-10-19,32.7,6.0,58.8,2.4,Heavy Rain
903618,402878,2025-04-24,21.0,8.6,86.4,0.3,Cloudy
903619,404074,2026-07-07,31.3,7.4,89.2,32.4,Cloudy
903620,400471,2026-04-25,21.4,3.5,87.5,17.5,Heavy Rain
903621,403045,2024-01-14,28.2,9.9,75.1,7.4,Heavy Rain
903622,404327,2024-10-20,29.5,1.0,72.9,5.7,Haze
903623,404619,2025-02-26,30.1,4.5,32.6,23.1,Storm
903624,404385,2026-05-07,21.3,7.4,48.9,3.6,Heavy Rain
903625,403246,2024-06-23,21.7,0.4,59.8,3.9,Storm
903626,401926,2026-04-17,22.0,22.0,62.9,2.0,Cloudy
903627,400093,2024-12-30,10.8,4.5,69.2,0.7,Cloudy
903628,403748,2025-03-13,33.5,13.9,67.0,13.9,Cloudy
903629,404893,2024-10-18,17.0,5.5,68.6,22.4,Haze
903630,401015,2025-11-13,36.3,2.5,82.3,3.9,Clear
903631,403923,2025-10-26,31.8,2.7,71.1,3.7,Cloudy
903632,400925,2025-01-20,24.9,19.6,90.7,12.2,Storm
903634,402230,2025-07-13,49.9,0.1,96.6,4.4,Heavy Rain
903635,400158,2024-07-18,27.0,16.3,78.1,10.2,Clear
903636,400034,2025-04-11,16.1,2.4,70.5,4.5,Heavy Rain
903637,403810,2026-03-17,29.1,0.6,69.0,18.8,Clear
903638,404747,2024-08-09,26.3,14.3,57.5,6.2,Heavy Rain
903639,404415,2024-02-01,15.6,5.1,74.4,25.4,Haze
903640,403944,2026-06-05,14.5,6.5,73.5,23.2,Haze
903641,401120,2024-01-24,17.1,12.3,59.6,6.0,Cloudy
903642,402910,2025-10-21,41.4,3.0,22.6,5.5,Haze
903643,403621,2026-06-17,21.1,4.1,85.2,9.5,Cloudy
903644,401234,2024-10-06,21.9,12.0,64.3,27.2,Clear
903645,401005,2024-03-30,49.0,19.8,81.1,14.7,Heavy Rain
903646,400287,2024-04-13,19.8,6.9,66.9,0.3,Storm
903647,403745,2025-10-12,20.7,7.3,76.6,0.3,Cloudy
903648,401169,2026-02-11,29.6,1.3,37.0,25.1,Haze
903649,403054,2024-11-14,16.3,0.8,53.8,3.6,Heavy Rain
903650,403978,2025-11-18,38.1,2.6,96.6,24.9,Rain
903652,401695,2024-12-13,34.0,3.0,79.2,3.3,Clear
903653,401031,2024-03-07,20.8,0.5,52.5,0.2,Cloudy
903654,402912,2025-02-14,38.0,1.8,38.2,7.3,Rain
903655,403790,2024-06-01,23.1,3.3,52.5,2.4,Clear
903656,401716,2026-04-20,39.3,8.9,67.5,10.5,Heavy Rain
903657,401826,2024-12-31,29.6,2.2,85.0,3.1,Clear
903658,404139,2026-05-28,39.9,2.2,91.8,15.5,Clear
903659,402255,2025-06-27,16.4,13.5,52.1,10.6,Rain
903660,401443,2026-03-17,29.7,0.2,41.6,4.6,Storm
903661,402038,2024-12-21,32.7,10.2,86.9,5.9,Heavy Rain
903662,404463,2024-04-29,16.5,18.5,32.7,54.7,Clear
903663,400971,2024-11-08,24.3,17.7,63.6,25.2,Heavy Rain
903664,402359,2024-01-17,23.4,4.9,84.8,4.6,Haze
903665,401221,2024-07-15,17.4,3.4,99.1,17.8,Storm
903666,403718,2025-07-08,33.9,4.5,72.2,16.8,Storm
903667,402658,2025-11-02,30.6,13.9,69.0,15.2,Rain
903668,400400,2026-04-19,22.0,3.6,71.3,2.7,Heavy Rain
903669,403408,2025-05-03,15.2,0.0,49.4,12.1,Storm
903670,403123,2025-10-24,17.9,5.1,60.9,20.5,Haze
903671,404023,2024-10-25,34.4,5.0,64.9,2.6,Heavy Rain
903672,402821,2025-04-16,32.0,0.4,32.8,5.1,Haze
903673,402929,2024-12-21,26.3,11.8,50.1,3.8,Heavy Rain
903674,403068,2024-09-16,37.6,4.1,64.3,3.5,Cloudy
903675,404614,2024-08-04,18.3,17.4,59.2,1.5,Heavy Rain
903676,401248,2024-06-14,34.3,2.7,35.4,4.2,Storm
903677,401120,2024-05-19,20.8,7.6,46.2,0.6,Rain
903678,403590,2025-04-23,16.1,9.5,86.8,3.5,Cloudy
903679,404974,2025-02-15,30.9,2.2,67.7,3.1,Cloudy
903680,403704,2026-01-09,44.9,4.3,72.1,10.4,Storm
903681,402776,2025-08-29,24.7,3.1,82.0,1.3,Rain
903682,404982,2025-10-25,43.8,28.0,87.8,27.0,Heavy Rain
903683,400992,2026-04-30,22.6,16.4,71.6,17.0,Storm
903684,400737,2024-08-07,35.2,1.5,72.4,1.4,Storm
903685,403380,2026-02-24,19.3,8.5,55.0,1.7,Storm
903686,403121,2024-11-30,40.6,21.1,72.6,15.1,Cloudy
903687,400893,2026-04-14,22.4,6.5,55.9,14.4,Rain
903688,403830,2024-10-10,10.1,2.1,34.9,4.0,Rain
903689,403331,2025-02-09,11.3,5.0,73.0,8.5,Heavy Rain
903690,403608,2024-01-11,10.5,14.7,86.1,23.1,Cloudy
903691,401493,2025-12-06,11.7,1.3,71.8,36.8,Heavy Rain
903692,404993,2026-05-24,14.6,5.5,60.6,1.1,Heavy Rain
903693,401794,2024-09-27,26.4,7.5,50.3,3.6,Rain
903694,404356,2025-09-25,31.1,15.9,66.5,0.6,Haze
903696,400996,2024-09-30,23.9,5.2,53.4,1.5,Rain
903697,400317,2026-03-16,16.0,6.7,78.1,12.4,Clear
903698,403672,2025-05-30,37.7,1.5,50.5,10.2,Clear
903699,404876,2024-07-10,13.4,11.0,67.4,2.6,Heavy Rain
903700,402754,2024-05-27,18.8,9.2,87.4,2.0,Heavy Rain
903701,400339,2025-01-04,27.3,7.3,81.5,25.9,Clear
903702,402556,2024-10-07,28.7,1.9,40.5,1.3,Clear
903703,402228,2025-03-03,36.9,5.2,74.7,35.5,Rain
903704,401095,2025-10-05,29.6,7.2,65.0,38.9,Clear
903705,402093,2024-07-20,24.6,0.4,70.5,0.7,Haze
903706,400381,2025-04-28,14.9,7.2,70.3,7.5,Storm
903707,400681,2025-07-01,19.5,0.8,40.8,9.2,Heavy Rain
903708,400012,2025-08-23,30.9,15.5,67.1,0.2,Rain
903709,402103,2025-02-10,31.5,7.4,86.0,14.1,Rain
903710,404435,2024-09-11,26.5,4.6,84.4,4.7,Rain
903711,401391,2025-09-23,31.8,21.1,79.9,23.6,Rain
903712,401907,2025-12-12,30.4,1.6,55.4,0.7,Cloudy
903713,401079,2025-06-27,27.6,13.2,66.6,2.6,Haze
903714,403390,2025-11-04,24.0,1.6,57.4,11.8,Rain
903715,402879,2026-01-14,22.2,3.1,81.3,31.2,Clear
903716,402015,2025-09-12,38.6,1.6,67.2,10.6,Cloudy
903717,404763,2025-06-09,25.5,4.0,76.2,29.9,Haze
903718,401680,2025-12-26,18.9,30.6,85.1,15.1,Rain
903719,400430,2026-07-18,30.6,28.2,76.3,29.4,Clear
903720,402259,2025-06-25,23.9,0.2,54.7,43.9,Storm
903721,401908,2026-06-29,24.1,1.4,51.2,5.9,Clear
903722,402598,2024-10-07,31.2,10.7,62.9,21.3,Haze
903723,404926,2025-04-13,24.0,2.4,71.2,24.9,Cloudy
903724,404551,2026-07-13,26.1,6.9,45.1,27.1,Clear
903725,400339,2024-03-14,18.6,8.1,62.1,0.6,Cloudy
903726,400384,2025-03-26,20.6,12.1,83.4,0.7,Cloudy
903727,400294,2025-11-17,21.5,5.8,44.2,31.5,Heavy Rain
903728,402902,2024-05-26,16.8,9.9,53.5,19.4,Cloudy
903729,403325,2024-05-17,18.6,6.6,64.8,9.4,Cloudy
903730,404958,2026-02-20,24.3,10.1,66.8,5.2,Clear
903731,402573,2024-05-30,24.2,0.9,82.2,1.2,Heavy Rain
903733,402924,2025-03-06,42.3,6.3,61.6,6.0,Heavy Rain
903734,403374,2025-11-16,31.0,4.1,62.2,34.6,Haze
903735,404694,2024-04-19,25.6,1.2,51.0,17.3,Haze
903736,404312,2024-11-29,40.0,3.8,58.9,16.4,Heavy Rain
903737,400985,2024-02-18,12.9,22.6,62.8,11.6,Heavy Rain
903738,400194,2025-06-14,27.7,12.6,73.3,27.0,Heavy Rain
903739,400956,2025-02-25,24.5,4.4,62.5,13.5,Cloudy
903740,400634,2026-04-03,25.8,9.1,69.2,10.5,Rain
903741,401328,2025-10-07,35.2,26.1,95.1,28.3,Clear
903742,402707,2025-08-27,26.4,1.7,76.0,0.7,Cloudy
903743,401120,2024-10-17,31.7,0.8,36.8,1.7,Rain
903744,402483,2024-03-26,30.2,16.5,46.0,2.1,Clear
903745,402293,2025-04-16,16.4,1.0,66.0,15.8,Haze
903746,400656,2025-03-13,14.5,7.6,61.3,4.7,Storm
903747,401704,2024-10-17,35.2,8.0,75.1,18.7,Haze
903748,401944,2025-05-26,30.3,11.1,50.9,6.7,Cloudy
903749,403353,2025-03-28,26.4,0.1,49.6,7.6,Clear
903751,403908,2025-07-21,29.2,2.0,77.9,0.2,Clear
903752,401647,2024-12-04,23.1,9.6,65.2,0.1,Haze
903753,400904,2026-04-18,28.7,0.6,60.6,38.9,Rain
903754,401254,2025-08-30,12.9,4.3,96.8,21.2,Rain
903755,403486,2024-08-15,27.9,13.7,71.1,4.4,Cloudy
903756,404531,2025-09-13,38.3,5.4,85.8,17.7,Haze
903757,403152,2024-05-11,34.0,7.4,33.0,0.5,Rain
903758,401322,2025-08-13,23.0,4.3,71.9,4.7,Clear
903759,400845,2024-04-07,32.0,4.9,69.7,12.6,Rain
903760,403826,2025-09-17,23.3,13.2,45.2,23.2,Haze
903761,400991,2024-02-24,27.2,4.8,84.0,10.1,Heavy Rain
903762,404208,2025-08-02,18.1,11.7,59.5,2.6,Haze
903764,404022,2024-06-22,32.6,1.8,57.3,0.4,Clear
903765,401541,2024-11-18,23.0,2.6,64.3,4.2,Storm
903766,400735,2024-07-08,18.8,7.4,64.3,21.9,Storm
903767,404252,2024-04-09,26.6,2.7,76.8,7.6,Rain
903768,400792,2026-03-28,29.0,11.8,48.3,1.4,Rain
903769,401537,2024-10-05,27.1,0.7,67.9,3.3,Heavy Rain
903770,402624,2026-03-02,32.5,23.7,59.7,29.3,Storm
903771,402415,2024-06-09,46.8,1.6,50.7,13.6,Storm
903772,403583,2025-11-12,32.9,12.5,71.0,5.8,Storm
903773,400568,2026-05-25,9.2,4.4,60.0,2.0,Clear
903775,402636,2025-02-17,35.7,2.6,78.1,4.8,Heavy Rain
903776,404346,2024-12-16,30.3,9.0,64.3,4.2,Storm
903777,401202,2025-12-11,16.6,12.9,41.9,2.3,Rain
903778,400079,2024-05-26,21.4,16.8,68.0,0.6,Clear
903779,400170,2024-05-07,24.7,11.7,78.5,10.7,Haze
903780,404262,2025-05-10,27.5,35.1,87.4,8.4,Storm
903781,403709,2024-03-10,23.1,0.7,76.3,59.2,Rain
903782,402112,2025-02-06,38.0,6.3,66.1,3.8,Haze
903783,400087,2026-03-17,39.6,8.6,90.1,15.5,Cloudy
903784,401540,2026-03-16,35.1,3.2,21.4,9.0,Rain
903785,400082,2026-01-25,18.3,13.7,80.7,9.0,Rain
903786,400759,2025-04-02,28.7,7.9,64.3,5.5,Clear
903787,401979,2026-05-24,22.1,0.4,96.8,7.4,Rain
903788,402903,2025-04-05,21.5,0.5,53.1,5.9,Haze
903789,403404,2025-03-21,26.9,4.3,64.8,2.5,Heavy Rain
903790,403129,2024-02-27,30.3,32.1,55.0,1.7,Heavy Rain
903791,401281,2024-03-26,25.1,9.0,53.0,3.7,Clear
903792,400467,2025-06-17,26.7,4.4,68.4,2.7,Cloudy
903793,402173,2025-05-03,25.4,0.5,72.7,0.1,Clear
903794,404143,2024-04-28,21.5,2.0,39.4,1.6,Cloudy
903795,401623,2024-12-06,24.9,0.5,73.8,30.7,Clear
903796,400371,2025-08-24,25.7,2.1,81.5,5.7,Haze
903797,404886,2025-09-08,39.1,3.7,73.9,2.2,Storm
903798,401520,2025-09-10,32.6,2.5,50.6,2.3,Storm
903799,404413,2026-06-01,29.3,2.0,63.6,2.1,Storm
903800,402507,2025-02-08,25.6,4.2,57.3,0.3,Storm
903801,401837,2024-03-26,23.7,3.0,73.6,5.5,Rain
903802,401658,2024-12-26,16.1,6.1,70.7,26.0,Clear
903803,403098,2025-08-14,34.0,19.0,67.3,8.8,Storm
903804,403472,2024-08-30,41.2,5.8,67.9,8.2,Haze
903805,404760,2025-07-27,28.0,31.8,63.6,1.4,Rain
903806,402511,2025-10-17,17.1,14.6,78.6,68.9,Heavy Rain
903807,402808,2025-11-09,31.1,10.8,42.9,15.1,Clear
903808,400974,2025-03-23,11.8,16.0,79.0,0.0,Heavy Rain
903809,402344,2024-09-07,23.5,3.1,84.4,1.1,Cloudy
903810,400351,2024-01-03,28.8,7.3,54.3,2.5,Rain
903811,400499,2024-12-28,21.2,24.2,64.3,6.6,Heavy Rain
903812,403964,2026-02-16,36.7,10.1,79.6,9.8,Heavy Rain
903813,402860,2026-03-31,20.4,5.2,59.5,5.0,Clear
903814,401237,2025-08-08,28.1,0.2,64.3,6.1,Cloudy
903815,401839,2025-05-30,32.4,1.3,64.4,30.4,Storm
903816,401280,2024-05-10,23.7,0.6,53.9,15.7,Heavy Rain
903817,400307,2026-02-06,38.9,2.1,72.1,12.5,Rain
903818,404095,2024-04-30,29.6,9.7,87.3,15.0,Haze
903819,400388,2025-08-28,29.9,0.3,52.9,1.5,Cloudy
903820,400662,2024-04-26,30.4,6.3,87.3,8.1,Cloudy
903821,404390,2025-01-08,21.4,0.3,53.5,6.5,Clear
903822,401024,2025-12-22,27.2,7.8,79.7,13.9,Haze
903823,401176,2024-01-29,27.8,23.5,30.1,2.9,Storm
903824,404316,2026-06-10,20.3,0.3,63.1,1.5,Rain
903825,402774,2024-02-15,36.2,16.6,69.7,8.2,Cloudy
903826,402125,2025-01-29,15.4,4.4,71.7,12.5,Haze
903827,400980,2026-01-05,35.8,26.3,44.3,11.2,Haze
903828,404499,2025-05-11,36.9,13.9,23.5,35.0,Haze
903829,400645,2026-03-15,23.2,0.2,69.5,5.4,Rain
903830,404643,2024-06-29,20.6,9.0,72.3,26.4,Cloudy
903831,400570,2025-07-23,29.5,5.3,58.5,40.2,Rain
903832,400615,2024-01-05,22.2,19.5,47.2,28.3,Heavy Rain
903833,400104,2024-06-29,21.7,4.7,72.3,6.6,Clear
903835,404174,2024-04-21,40.1,2.2,97.6,21.8,Heavy Rain
903836,401404,2024-10-29,27.6,1.0,81.3,9.9,Cloudy
903837,402731,2025-04-18,25.7,6.6,68.5,26.3,Clear
903838,400399,2024-01-30,23.7,3.4,53.4,2.7,Rain
903839,403635,2025-12-16,26.9,0.0,36.3,1.3,Heavy Rain
903840,403475,2024-08-08,16.5,3.6,35.6,5.3,Rain
903842,401824,2024-08-30,33.4,15.4,49.2,0.1,Storm
903843,401473,2025-10-21,31.8,2.4,72.4,4.4,Haze
903844,401551,2025-09-20,40.8,18.9,49.7,2.0,Haze
903845,404679,2025-08-24,37.9,2.4,80.8,3.9,Cloudy
903846,400268,2024-06-04,37.0,2.3,79.1,9.8,Clear
903847,403832,2026-01-18,26.6,2.6,74.3,4.8,Rain
903848,404652,2025-03-24,22.7,20.2,76.8,8.9,Storm
903849,402405,2025-03-19,28.3,11.6,70.7,9.9,Heavy Rain
903850,400808,2024-09-24,16.8,0.1,57.1,33.7,Haze
903851,401690,2025-06-11,23.6,6.2,64.3,1.3,Storm
903852,400344,2026-03-31,36.2,2.6,41.3,4.3,Haze
903853,404692,2024-12-14,35.2,4.9,36.2,3.7,Cloudy
903854,401092,2025-03-04,35.3,4.8,66.8,2.1,Storm
903855,401715,2025-04-08,19.3,2.2,64.3,4.4,Clear
903856,401057,2026-02-13,35.3,1.5,65.7,13.8,Heavy Rain
903857,404214,2026-01-06,32.9,2.3,47.0,1.2,Clear
903858,401265,2024-07-27,30.3,2.2,64.3,0.3,Storm
903859,402327,2024-04-01,34.4,4.3,24.1,5.8,Rain
903860,401985,2026-04-19,29.9,0.7,79.6,3.7,Rain
903861,401766,2025-08-27,31.6,5.9,44.6,8.2,Heavy Rain
903862,403161,2024-01-08,18.3,6.9,90.1,16.6,Storm
903863,403278,2024-01-07,31.7,8.6,55.1,17.5,Rain
903864,401242,2025-02-10,43.9,5.3,71.1,3.5,Heavy Rain
903865,403717,2025-06-07,19.4,3.6,76.0,26.3,Clear
903866,403499,2025-11-06,30.7,9.1,52.5,5.0,Clear
903867,400059,2025-12-10,40.7,7.4,84.3,11.0,Storm
903868,402092,2024-01-19,19.1,10.6,63.1,4.3,Rain
903869,401888,2026-05-15,32.9,20.1,63.4,9.7,Storm
903870,401271,2024-11-20,11.1,9.4,10.1,86.1,Storm
903871,403186,2024-01-26,32.2,2.0,81.3,11.9,Clear
903873,404157,2026-03-22,27.1,5.1,66.7,34.6,Clear
903874,403615,2025-07-10,31.4,1.8,57.8,3.9,Heavy Rain
903876,403686,2024-01-17,31.8,2.8,50.6,10.5,Cloudy
903877,403959,2025-12-31,28.0,6.9,42.1,8.8,Storm
903878,402545,2025-10-29,17.8,3.3,53.0,6.7,Clear
903879,400529,2024-10-13,25.4,7.8,64.3,72.4,Cloudy
903880,403208,2026-04-01,20.8,2.9,45.2,6.5,Storm
903881,403741,2024-01-24,27.0,11.5,73.0,24.8,Clear
903882,402713,2024-06-26,29.6,0.2,2.7,11.4,Cloudy
903883,404517,2024-05-16,9.6,15.5,89.1,18.0,Heavy Rain
903884,402069,2026-03-30,35.0,7.1,72.0,7.2,Storm
903885,400658,2024-12-29,27.5,0.3,69.0,15.1,Heavy Rain
903887,402404,2026-07-11,32.3,1.6,39.3,7.8,Clear
903888,403132,2025-10-29,20.7,18.6,86.8,5.6,Storm
903889,400142,2026-05-25,40.2,1.2,56.5,1.6,Haze
903891,403133,2025-11-05,40.7,7.0,60.7,7.8,Cloudy
903892,402881,2024-12-10,22.6,20.8,68.3,2.7,Rain
903893,403021,2024-06-24,15.6,12.3,38.0,21.5,Haze
903894,402818,2026-01-23,24.7,21.7,65.3,9.1,Haze
903895,400706,2024-08-27,18.2,3.6,84.4,14.4,Clear
903896,402975,2024-01-16,24.5,7.0,39.7,2.2,Haze
903897,404324,2026-04-28,45.4,9.8,85.0,6.1,Clear
903898,403298,2025-06-06,12.1,1.6,62.5,4.2,Heavy Rain
903899,400357,2024-01-24,14.4,7.6,86.3,6.6,Cloudy
903900,400269,2026-02-13,11.9,1.4,88.1,12.1,Storm
903901,402451,2025-06-28,30.2,24.2,74.1,25.1,Rain
903902,401229,2025-10-21,20.3,1.6,37.4,3.4,Haze
903903,401756,2024-03-20,38.9,6.9,30.7,17.4,Rain
903904,401205,2025-03-03,20.8,47.9,62.9,26.0,Storm
903905,402277,2026-03-07,22.9,13.8,68.8,8.0,Heavy Rain
903906,402110,2024-08-09,46.6,21.5,61.3,1.6,Heavy Rain
903907,404011,2025-11-30,24.7,5.3,74.2,0.6,Clear
903908,402739,2024-08-01,11.9,2.4,52.1,33.3,Heavy Rain
903909,403912,2025-09-23,41.6,6.2,37.8,15.8,Rain
903911,402233,2024-09-20,20.5,44.5,92.2,42.9,Heavy Rain
903912,402295,2026-02-20,39.0,16.9,83.4,8.2,Cloudy
903913,400973,2024-02-09,13.1,6.6,86.8,31.1,Rain
903914,403542,2024-10-24,44.6,1.5,71.7,4.5,Storm
903915,401877,2026-03-25,9.3,25.1,49.7,17.9,Haze
903916,400845,2025-11-22,42.5,5.8,64.3,16.1,Heavy Rain
903917,402008,2024-08-06,26.9,4.8,64.3,11.7,Storm
903918,400666,2024-05-17,18.2,1.8,38.7,27.0,Haze
903919,402085,2025-05-31,31.9,1.4,68.1,20.1,Heavy Rain
903920,403508,2025-09-03,16.8,2.3,36.8,2.5,Rain
903921,403481,2025-09-22,21.4,1.3,83.7,1.6,Cloudy
903922,403642,2025-05-28,28.2,10.0,73.5,0.2,Haze
903923,404943,2024-09-23,11.5,0.1,77.4,10.6,Storm
903924,402409,2024-03-22,19.5,1.3,56.4,0.4,Haze
903925,400578,2024-05-04,16.4,5.3,43.7,3.0,Heavy Rain
903926,401328,2024-04-06,20.8,25.0,69.2,27.2,Storm
903927,400819,2026-02-21,31.7,6.3,53.2,22.1,Haze
903928,403029,2026-05-08,17.9,19.5,44.9,3.3,Cloudy
903929,404694,2024-10-29,22.5,4.1,68.7,27.5,Haze
903930,401508,2024-08-20,20.3,1.4,72.0,5.1,Haze
903931,404984,2026-01-22,27.6,0.3,75.6,6.0,Rain
903932,400027,2024-12-03,28.3,1.9,72.1,15.3,Haze
903933,401967,2026-01-23,16.9,7.7,48.8,6.0,Storm
903934,400869,2025-03-12,24.3,1.4,85.5,3.3,Storm
903935,403508,2024-10-10,25.0,9.9,59.7,12.0,Rain
903936,402001,2025-02-22,28.8,18.9,68.0,0.8,Heavy Rain
903937,404763,2025-06-11,31.6,14.1,66.0,14.2,Cloudy
903938,401348,2026-03-04,21.7,1.9,84.4,1.6,Clear
903939,402405,2025-02-23,35.1,8.1,56.7,5.2,Haze
903940,403476,2025-07-15,28.2,0.0,73.5,4.9,Storm
903942,404029,2026-05-18,22.9,6.1,58.6,30.1,Haze
903943,400556,2025-07-24,25.4,0.7,67.1,5.0,Storm
903944,401439,2024-07-25,28.6,39.6,61.3,1.0,Heavy Rain
903945,403694,2025-12-27,33.6,2.9,52.6,1.8,Heavy Rain
903946,402110,2025-06-03,31.4,6.4,61.8,10.8,Rain
903947,401848,2026-05-16,27.7,3.8,69.5,1.2,Heavy Rain
903948,401585,2024-08-06,18.0,13.2,60.3,21.5,Storm
903949,401786,2024-02-25,19.3,2.0,70.5,3.6,Storm
903950,403216,2024-05-24,24.0,1.2,62.7,0.2,Haze
903951,404613,2024-05-17,18.3,5.4,71.6,12.0,Clear
903952,401283,2024-01-14,34.4,7.5,90.6,0.6,Rain
903953,404069,2026-01-21,25.6,5.5,62.3,2.6,Haze
903954,403228,2026-06-19,22.9,7.8,35.2,6.1,Heavy Rain
903955,403022,2024-01-05,24.8,4.6,70.0,5.5,Haze
903956,401718,2025-08-12,26.1,1.8,32.4,13.9,Haze
903957,403998,2026-05-09,23.2,9.7,42.1,9.5,Heavy Rain
903959,400180,2025-12-17,29.7,5.6,55.1,2.3,Clear
903960,402997,2024-03-29,17.4,4.1,50.8,25.3,Heavy Rain
903961,402328,2025-04-06,26.6,2.7,46.5,6.0,Rain
903962,402376,2025-10-25,16.7,12.9,81.1,8.0,Heavy Rain
903963,401580,2025-12-29,26.8,5.3,64.3,8.5,Clear
903965,403388,2026-07-12,25.2,6.4,67.0,10.2,Rain
903966,403680,2025-05-31,34.8,9.5,55.6,0.5,Clear
903967,402615,2026-06-11,43.0,3.5,77.8,2.7,Storm
903968,404299,2025-04-18,37.4,0.1,64.3,0.4,Rain
903969,403458,2026-06-13,17.8,1.4,63.1,0.9,Haze
903970,401759,2026-06-05,21.1,2.8,79.3,3.6,Rain
903971,404692,2026-03-14,43.5,18.2,57.1,37.1,Rain
903972,404644,2026-05-18,20.6,7.5,67.7,10.5,Haze
903973,402200,2025-05-15,10.0,0.3,94.5,1.0,Storm
903974,404103,2025-01-03,35.5,18.9,56.4,20.2,Rain
903976,401981,2024-06-28,39.7,0.1,28.4,1.9,Rain
903977,402083,2025-10-27,30.5,21.0,56.2,4.9,Cloudy
903978,400069,2025-10-06,31.7,7.1,94.5,14.0,Cloudy
903979,404733,2025-09-13,34.2,5.5,42.7,20.4,Rain
903980,404356,2025-08-19,20.6,1.0,86.9,14.6,Heavy Rain
903981,402847,2025-01-06,18.4,1.2,28.0,27.5,Storm
903982,403618,2025-06-18,24.2,2.2,50.3,8.2,Heavy Rain
903983,402617,2024-01-18,33.3,0.2,33.4,2.9,Rain
903984,404602,2024-08-06,28.2,3.1,52.8,5.3,Clear
903985,401591,2026-06-29,26.5,13.6,94.3,1.3,Cloudy
903986,403993,2026-06-22,25.2,16.3,54.4,12.4,Storm
903987,404326,2025-11-23,31.6,7.5,71.8,4.2,Rain
903988,400123,2025-08-23,15.5,3.8,46.3,12.9,Rain
903989,402738,2025-11-10,28.1,17.8,70.7,6.1,Haze
903990,402451,2024-06-26,48.6,9.9,86.5,7.6,Haze
903991,402103,2025-08-07,23.9,0.4,45.6,3.2,Haze
903992,404137,2025-01-08,24.7,16.8,65.0,5.7,Haze
903994,404601,2024-05-11,12.5,0.3,94.9,4.9,Rain
903995,404045,2025-09-11,29.7,8.6,81.1,3.7,Storm
903996,404653,2025-07-04,15.3,6.8,46.8,18.0,Rain
903997,402786,2025-08-28,20.9,0.9,73.9,13.9,Haze
903998,404372,2025-01-13,26.9,6.0,48.0,7.4,Haze
903999,404182,2024-03-08,17.5,17.5,71.1,0.5,Haze
904000,401596,2025-01-15,28.9,0.2,61.8,4.2,Storm
904001,401098,2024-02-18,27.1,1.6,60.8,8.7,Storm
904002,401201,2026-07-04,18.2,0.5,75.9,5.2,Clear
904003,402673,2025-11-26,34.7,2.8,65.4,10.5,Cloudy
904004,401630,2024-01-09,26.2,1.6,95.1,10.8,Heavy Rain
904005,400741,2024-01-20,8.9,2.6,51.2,31.5,Cloudy
904006,402242,2024-07-30,26.1,9.0,63.1,31.3,Haze
904007,400942,2025-03-31,30.5,13.8,60.5,3.6,Storm
904008,403550,2024-06-05,19.7,14.0,68.2,1.4,Heavy Rain
904009,402794,2025-10-28,29.7,4.9,66.2,4.8,Rain
904010,401652,2025-06-02,25.6,14.7,54.7,48.8,Clear
904011,402551,2024-01-26,20.8,11.0,71.4,25.7,Heavy Rain
904012,404138,2024-04-13,30.1,2.1,63.8,3.8,Clear
904013,403143,2025-11-19,32.1,2.9,52.3,7.4,Heavy Rain
904014,402892,2025-02-09,29.1,1.5,86.5,3.1,Cloudy
904015,403074,2025-03-21,33.0,10.6,66.2,2.3,Storm
904016,404072,2024-08-16,31.6,2.9,71.5,8.2,Clear
904017,401348,2025-09-06,27.8,4.0,79.2,13.8,Cloudy
904018,400461,2024-01-31,25.5,12.5,81.9,10.4,Storm
904019,401287,2024-03-26,23.4,28.2,78.4,3.3,Heavy Rain
904020,403018,2026-01-03,37.3,4.8,72.0,12.6,Haze
904021,400361,2024-07-13,37.2,8.9,76.2,50.9,Cloudy
904022,400249,2024-09-01,34.1,2.4,90.7,6.2,Haze
904023,401540,2025-04-01,21.5,2.4,78.8,6.5,Heavy Rain
904024,402998,2026-02-19,34.7,1.6,58.6,11.5,Haze
904025,404548,2024-11-09,21.0,0.8,81.8,38.3,Rain
904026,400541,2026-02-14,31.6,14.9,65.7,4.2,Clear
904027,403053,2025-04-28,21.0,0.9,83.1,30.6,Rain
904028,401892,2025-10-25,20.4,0.2,47.9,12.1,Rain
904029,402955,2025-05-03,28.2,2.9,69.6,8.8,Clear
904030,402673,2024-10-13,21.9,2.7,87.0,11.8,Cloudy
904031,400110,2025-02-10,30.1,4.7,51.3,5.2,Storm
904032,403214,2025-07-03,32.5,2.2,79.0,2.2,Haze
904033,404405,2024-11-07,8.9,4.0,52.5,7.5,Storm
904034,402334,2025-05-11,26.4,11.7,59.6,5.4,Rain
904035,401216,2026-04-07,29.7,1.9,48.6,2.2,Storm
904036,401794,2024-06-26,33.3,3.2,93.2,34.0,Rain
904037,401598,2026-05-12,40.7,4.6,71.2,4.6,Rain
904038,400656,2024-01-18,29.3,1.6,71.5,11.0,Heavy Rain
904039,403683,2025-08-29,36.3,4.1,50.2,2.7,Storm
904040,403270,2024-12-22,16.6,4.1,57.2,32.1,Haze
904042,403867,2026-01-25,24.4,19.6,47.7,8.1,Storm
904043,400293,2024-09-09,23.3,0.3,83.3,0.7,Heavy Rain
904044,404251,2026-02-16,16.8,22.2,78.4,4.4,Rain
904045,402683,2025-05-24,27.3,32.7,91.2,6.2,Rain
904046,402003,2024-08-31,24.7,18.9,19.7,0.1,Clear
904047,402880,2026-02-23,35.9,14.4,73.3,39.2,Heavy Rain
904048,403548,2025-12-31,21.8,2.5,79.2,13.9,Haze
904049,404025,2025-04-07,16.4,0.6,58.0,20.3,Haze
904050,400344,2025-07-24,33.6,0.5,45.0,11.8,Storm
904051,400864,2024-09-23,27.0,0.2,64.3,4.3,Storm
904052,403548,2024-04-01,28.0,8.5,65.0,2.0,Rain
904053,403219,2024-11-25,27.0,9.3,64.3,6.0,Storm
904054,400967,2025-08-19,29.7,3.1,56.4,39.2,Storm
904055,401059,2024-10-15,11.6,14.3,28.6,23.8,Rain
904056,401583,2024-02-07,38.8,5.5,64.3,6.1,Haze
904057,401620,2024-02-05,40.0,1.4,85.7,8.6,Cloudy
904058,401571,2024-12-17,25.6,10.8,55.2,5.5,Rain
904059,404731,2024-08-18,36.6,20.7,87.6,10.2,Heavy Rain
904060,402855,2025-08-07,22.9,3.3,73.3,16.3,Clear
904061,403349,2024-04-14,33.2,14.7,75.5,1.4,Heavy Rain
904062,400686,2024-06-24,32.7,3.6,65.9,24.0,Storm
904063,402695,2025-04-17,25.2,3.9,85.0,0.1,Haze
904064,403345,2026-01-06,38.9,0.5,71.5,3.6,Storm
904065,401330,2024-03-07,21.9,5.3,65.2,8.0,Heavy Rain
904067,403595,2024-04-27,14.6,4.2,93.0,15.3,Clear
904068,403418,2024-06-14,36.9,1.6,98.8,16.2,Haze
904069,400163,2025-06-18,31.1,12.5,52.2,9.2,Rain
904070,401015,2024-02-10,30.4,12.5,32.5,1.1,Clear
904071,401703,2026-05-29,19.9,1.4,75.7,0.6,Rain
904072,401908,2024-03-06,12.6,5.5,86.4,25.8,Heavy Rain
904074,403363,2025-08-29,24.0,3.5,79.3,2.8,Heavy Rain
904075,404848,2025-03-12,23.3,6.6,51.7,9.8,Rain
904076,402277,2025-12-18,29.5,17.0,47.1,15.4,Clear
904077,400235,2026-02-09,23.8,4.5,60.7,10.4,Rain
904078,404701,2025-11-04,23.6,1.4,57.2,11.7,Haze
904079,400461,2024-08-15,27.2,21.1,66.6,10.1,Heavy Rain
904080,401106,2026-06-20,46.1,2.7,39.1,41.5,Clear
904081,404188,2024-07-27,33.7,4.8,80.8,15.6,Storm
904082,401803,2024-06-11,30.1,7.7,50.4,33.5,Haze
904083,404982,2024-03-27,5.5,4.2,49.3,15.1,Cloudy
904084,402165,2025-05-19,14.8,14.3,50.7,2.9,Haze
904085,401119,2024-10-20,30.6,3.7,83.7,9.0,Haze
904086,400614,2025-07-16,34.6,8.7,66.5,18.2,Heavy Rain
904087,403063,2024-05-02,20.2,12.3,69.3,11.6,Rain
904088,400233,2024-07-10,24.4,4.5,77.2,47.9,Haze
904089,400886,2026-05-17,12.5,8.1,28.7,1.9,Storm
904090,400597,2026-01-27,16.1,2.2,54.1,5.5,Haze
904091,400287,2024-08-01,14.7,3.5,66.3,5.7,Clear
904093,401168,2024-09-27,26.4,7.8,64.8,20.2,Storm
904094,401112,2025-08-03,24.6,5.5,65.7,4.2,Cloudy
904095,401345,2026-05-26,29.5,3.8,80.5,12.4,Rain
904097,400486,2025-06-01,36.2,11.9,59.5,14.4,Rain
904098,404191,2024-07-10,27.0,27.3,74.2,12.0,Haze
904099,401190,2024-08-29,27.1,14.5,79.7,3.3,Storm
904100,400983,2026-04-05,18.5,17.1,71.4,4.9,Clear
904101,400231,2025-06-14,24.5,14.9,79.2,6.7,Storm
904102,404806,2024-11-21,15.7,2.7,69.5,9.0,Rain
904103,402364,2025-12-29,42.8,3.4,64.3,26.3,Clear
904104,404781,2026-03-28,32.6,5.3,69.1,12.1,Storm
904105,402564,2024-05-12,18.2,5.2,38.4,1.7,Clear
904106,400918,2025-02-04,24.2,23.0,78.3,2.6,Storm
904107,403574,2026-03-25,27.0,1.8,99.7,16.5,Storm
904108,404465,2026-04-27,45.4,16.5,46.3,72.0,Clear
904109,403660,2025-07-30,21.9,0.9,35.0,0.9,Heavy Rain
904110,400148,2024-06-14,22.3,18.6,63.9,6.8,Rain
904111,401047,2026-02-15,26.3,3.6,60.5,5.9,Rain
904112,400394,2024-07-20,37.2,5.0,63.5,0.3,Storm
904113,402190,2025-08-25,24.9,3.2,60.4,8.7,Cloudy
904114,401412,2026-06-11,33.7,4.3,49.0,2.0,Heavy Rain
904115,400494,2024-04-11,22.3,8.8,52.1,8.3,Cloudy
904116,403206,2024-05-14,19.9,4.6,56.5,1.6,Haze
904117,403944,2024-06-08,24.1,1.6,56.6,6.5,Rain
904118,404576,2024-09-28,28.9,3.1,67.6,24.1,Storm
904119,402538,2024-11-07,21.9,6.4,74.2,4.5,Clear
904120,401422,2025-10-15,23.1,1.8,61.1,3.8,Cloudy
904121,403750,2025-04-21,25.6,9.4,77.7,24.6,Clear
904122,400593,2025-11-20,30.7,12.8,92.3,13.7,Cloudy
904123,400064,2025-07-11,17.6,9.1,76.5,3.7,Cloudy
904124,402322,2025-03-04,23.2,0.3,46.2,2.8,Haze
904125,403652,2026-05-23,37.8,14.3,48.8,5.6,Cloudy
904126,402745,2024-03-01,31.0,10.3,62.2,15.4,Heavy Rain
904127,403872,2025-11-07,25.2,5.7,86.6,0.0,Storm
904128,403821,2024-06-27,14.8,1.6,90.8,2.2,Rain
904129,403351,2024-06-22,27.9,2.6,65.1,28.5,Rain
904130,402443,2024-06-19,36.2,0.9,43.5,2.4,Haze
904131,404508,2026-03-12,31.7,7.2,75.0,23.4,Storm
904132,400101,2024-04-02,36.2,11.8,78.1,0.6,Haze
904134,404836,2025-04-02,18.9,0.9,70.6,7.2,Clear
904135,403789,2024-04-08,26.4,11.3,57.1,5.6,Rain
904136,402576,2024-03-21,32.1,3.0,73.6,0.3,Storm
904137,403062,2024-04-23,26.4,29.2,59.9,2.7,Storm
904138,403227,2024-09-18,28.5,9.6,59.1,43.5,Storm
904139,403487,2026-06-21,30.7,25.6,94.9,1.2,Haze
904140,404198,2025-12-09,14.8,2.1,65.6,26.3,Rain
904141,401279,2025-12-07,27.0,9.4,52.9,2.5,Rain
904142,401342,2025-02-21,4.9,5.2,83.5,25.9,Rain
904143,402825,2026-02-27,14.0,4.2,82.3,2.1,Cloudy
904144,402790,2025-08-25,38.4,2.5,60.2,7.8,Heavy Rain
904145,400865,2026-06-30,29.8,3.5,78.4,13.6,Haze
904146,403989,2024-11-13,23.2,7.4,40.0,11.4,Cloudy
904147,402721,2024-09-13,40.8,11.4,48.4,3.8,Clear
904148,401253,2024-06-04,32.2,9.8,64.3,0.5,Clear
904149,404378,2024-09-25,22.1,10.7,56.4,1.3,Haze
904150,402797,2026-03-12,30.2,5.2,59.9,0.5,Storm
904151,403115,2026-04-11,35.7,11.3,82.0,13.8,Heavy Rain
904152,401765,2025-10-29,29.2,0.5,64.3,10.7,Storm
904153,404526,2024-06-07,23.8,5.9,72.4,11.1,Storm
904154,401616,2024-08-03,40.6,29.3,84.5,9.7,Heavy Rain
904155,401708,2024-04-20,26.2,5.3,20.3,8.7,Cloudy
904156,402349,2025-01-08,25.0,0.6,77.8,1.0,Cloudy
904157,400146,2024-03-08,22.8,14.2,42.8,10.5,Rain
904158,400614,2024-09-13,24.7,6.8,74.8,2.0,Heavy Rain
904159,401608,2024-08-06,23.5,15.8,71.6,10.5,Heavy Rain
904160,404874,2024-12-14,35.1,1.0,65.9,38.8,Storm
904161,402502,2024-12-20,33.8,2.1,75.3,8.2,Rain
904162,402174,2025-12-12,39.6,4.8,49.5,20.6,Cloudy
904163,402088,2025-03-29,29.9,5.5,54.9,1.4,Cloudy
904164,401602,2024-05-05,24.0,1.9,57.0,9.6,Storm
904165,404758,2024-02-23,32.0,4.3,64.8,9.0,Haze
904166,401779,2026-02-16,8.4,5.7,73.4,48.7,Rain
904167,404228,2026-03-02,22.8,2.5,22.9,50.5,Clear
904168,400964,2025-10-23,25.6,2.3,75.5,17.1,Storm
904169,403197,2025-04-26,19.2,4.9,55.5,17.7,Haze
904170,401021,2026-03-30,38.9,8.5,97.6,2.0,Clear
904171,401114,2024-06-09,20.2,0.3,63.5,37.6,Storm
904172,404299,2026-01-28,17.3,5.5,62.6,2.1,Heavy Rain
904173,402914,2025-10-24,26.2,10.3,80.5,18.5,Rain
904174,401822,2025-07-03,24.4,1.2,69.2,0.3,Cloudy
904175,402510,2026-02-09,39.9,1.5,45.0,21.5,Rain
904176,402725,2025-08-31,23.9,8.6,61.4,9.9,Clear
904177,401917,2024-07-07,30.4,4.8,84.0,42.7,Heavy Rain
904178,404632,2024-11-17,27.9,10.4,56.8,10.5,Cloudy
904179,401081,2024-03-15,23.6,1.6,39.9,2.8,Storm
904180,402093,2025-06-15,29.2,7.9,64.3,6.2,Haze
904183,404467,2026-02-01,28.9,3.5,66.5,9.2,Heavy Rain
904184,404551,2025-04-26,34.3,0.1,22.6,1.6,Rain
904185,400424,2024-04-07,27.8,24.8,56.6,7.2,Heavy Rain
904186,403317,2026-04-27,25.7,6.3,86.4,6.8,Cloudy
904187,404496,2025-02-10,33.6,2.5,41.9,1.4,Haze
904188,401767,2025-12-16,25.2,2.2,68.7,2.4,Rain
904189,402840,2025-01-11,27.0,16.4,59.3,2.6,Cloudy
904190,400427,2025-08-15,33.8,12.0,49.3,26.6,Clear
904191,401367,2025-09-11,27.0,2.2,71.5,6.7,Haze
904192,401937,2024-09-20,35.3,1.4,85.0,53.5,Haze
904193,402276,2024-04-01,30.2,5.0,71.3,9.5,Heavy Rain
904194,402865,2026-05-14,38.7,0.7,64.3,5.6,Clear
904195,401948,2025-09-01,26.7,1.7,64.3,0.7,Heavy Rain
904196,403558,2025-06-19,39.9,35.2,61.6,0.2,Cloudy
904197,400358,2025-09-13,28.4,2.7,46.4,94.7,Haze
904199,400839,2025-07-30,23.3,8.7,56.5,26.5,Haze
904200,400453,2025-11-18,42.7,11.7,45.8,6.3,Heavy Rain
904201,400325,2025-10-01,27.0,19.9,71.6,7.7,Storm
904202,402748,2024-07-10,35.7,2.9,64.3,11.3,Storm
904203,404258,2026-03-13,32.9,1.9,58.2,0.8,Haze
904204,402451,2024-01-08,25.0,5.5,51.1,52.5,Haze
904205,403446,2025-01-22,31.5,9.8,66.0,2.1,Rain
904206,401182,2024-02-15,13.4,29.8,45.3,15.9,Rain
904207,404164,2024-09-17,19.1,17.8,74.3,1.4,Heavy Rain
904208,400706,2024-06-07,31.2,4.7,43.7,1.9,Haze
904209,404385,2024-05-10,22.7,16.1,64.8,37.1,Haze
904210,402245,2024-12-23,33.5,17.9,57.0,26.5,Cloudy
904211,401903,2026-04-22,24.8,1.8,99.6,45.1,Cloudy
904212,401580,2024-09-18,28.6,4.9,69.0,1.6,Rain
904213,401010,2024-08-28,27.3,0.4,63.7,8.5,Haze
904214,403777,2025-03-27,16.3,13.5,64.0,6.8,Haze
904215,401559,2025-11-28,40.1,22.2,68.3,16.5,Cloudy
904216,402933,2026-05-21,41.0,10.8,91.0,8.9,Heavy Rain
904217,400738,2024-06-26,32.6,4.2,68.2,15.1,Heavy Rain
904218,401385,2025-04-14,25.5,8.0,92.7,4.0,Clear
904219,401793,2025-03-08,27.0,25.2,42.5,13.1,Haze
904220,404724,2024-04-21,25.5,7.9,60.2,18.1,Cloudy
904221,400434,2025-03-19,29.0,20.6,71.3,27.3,Storm
904222,401963,2025-05-04,24.2,1.8,91.5,13.8,Storm
904223,403725,2025-07-09,21.5,3.8,49.7,6.4,Storm
904224,400422,2025-09-08,27.0,4.7,81.3,27.5,Rain
904225,402970,2024-10-23,38.8,5.5,95.8,30.2,Storm
904227,402194,2026-06-01,23.7,2.1,80.2,37.2,Storm
904228,400543,2024-10-20,11.8,1.1,75.4,9.7,Rain
904229,402676,2025-06-07,31.3,2.0,59.8,1.5,Storm
904230,403235,2025-08-18,10.6,2.0,70.7,4.4,Haze
904231,400376,2025-07-07,23.5,4.2,71.4,7.4,Haze
904232,400084,2024-09-23,33.2,5.2,64.4,1.2,Cloudy
904233,404878,2024-10-10,27.6,0.5,85.3,0.0,Heavy Rain
904234,402111,2026-03-18,23.2,1.3,44.1,43.0,Storm
904235,402558,2025-08-14,35.1,4.5,63.3,1.5,Clear
904236,401358,2024-10-27,11.9,0.0,68.2,2.0,Heavy Rain
904237,400437,2025-09-03,22.5,4.9,70.2,12.2,Storm
904238,402767,2025-10-25,23.5,34.8,94.2,3.7,Cloudy
904239,402774,2026-05-05,33.0,8.9,51.0,25.9,Cloudy
904240,403322,2025-10-25,28.4,3.5,59.9,9.7,Heavy Rain
904242,403513,2026-05-26,33.3,5.5,64.3,6.9,Storm
904243,404793,2024-08-19,22.0,2.0,39.5,9.6,Heavy Rain
904244,401607,2025-05-14,18.2,26.0,19.8,11.5,Rain
904245,402747,2026-04-22,32.1,1.5,74.1,5.4,Rain
904246,400216,2024-02-05,28.4,0.4,72.2,1.3,Rain
904247,402345,2026-01-31,24.1,5.5,73.6,7.7,Haze
904248,400885,2025-04-25,12.4,12.1,44.3,8.4,Cloudy
904249,400755,2024-09-02,27.2,7.8,58.2,0.6,Heavy Rain
904250,404399,2024-03-25,12.2,22.5,48.7,3.2,Haze
904251,401694,2026-02-09,27.8,9.1,79.4,7.8,Rain
904252,404992,2026-02-14,26.1,0.8,61.4,7.6,Clear
904253,402585,2024-02-12,29.3,21.2,70.2,9.1,Heavy Rain
904254,403021,2024-08-27,24.3,1.2,65.1,4.2,Clear
904255,400407,2024-11-17,11.0,2.5,90.0,2.5,Rain
904256,404224,2024-05-04,24.0,3.3,40.9,12.3,Haze
904257,402974,2024-11-22,34.4,3.8,82.1,8.5,Clear
904258,402620,2026-01-11,44.0,5.4,22.1,1.8,Rain
904259,401259,2024-05-24,24.5,6.9,80.9,4.7,Rain
904260,400079,2025-12-26,5.0,15.9,82.0,19.5,Storm
904261,403953,2025-10-27,5.8,1.0,38.8,4.0,Haze
904262,401942,2025-08-10,24.4,2.8,55.0,11.9,Haze
904263,401883,2024-08-01,22.7,13.3,45.5,6.0,Rain
904264,404891,2025-11-30,20.9,5.5,91.3,2.5,Storm
904265,400876,2024-03-01,22.6,3.3,50.5,0.4,Rain
904266,402336,2026-05-10,28.6,22.0,93.1,1.4,Heavy Rain
904267,403781,2024-05-22,23.6,1.1,31.5,31.2,Rain
904268,401701,2025-03-26,25.1,4.9,52.1,21.8,Clear
904269,400381,2025-06-26,12.7,27.0,64.4,2.8,Haze
904270,401721,2025-09-14,26.1,8.4,44.8,4.0,Heavy Rain
904271,400833,2026-06-11,33.8,3.6,78.4,4.2,Heavy Rain
904272,404123,2025-07-15,19.0,0.3,88.8,31.9,Heavy Rain
904273,403953,2025-12-13,14.3,4.9,42.4,0.4,Clear
904274,402647,2024-06-28,12.9,2.3,52.2,1.9,Storm
904275,403928,2025-03-24,13.2,1.7,52.5,28.4,Rain
904276,403881,2024-10-04,19.4,5.6,52.4,6.0,Rain
904277,403584,2025-01-06,43.8,1.9,31.0,22.2,Clear
904278,402058,2026-02-20,8.2,11.0,95.0,19.5,Clear
904279,400295,2024-01-06,17.5,3.9,47.6,16.0,Rain
904280,401109,2025-10-23,24.4,6.4,85.4,33.7,Cloudy
904281,402621,2025-01-01,20.9,1.8,76.2,3.9,Rain
904282,404286,2026-04-21,28.0,3.1,51.2,9.5,Rain
904283,404819,2025-10-30,25.5,8.8,91.1,23.1,Haze
904284,404667,2024-05-14,18.0,3.2,72.0,21.0,Storm
904285,401095,2026-07-06,23.9,0.3,64.3,7.5,Haze
904286,403775,2024-08-28,29.6,1.5,51.0,7.0,Haze
904287,402470,2024-01-30,33.7,17.4,62.4,42.1,Haze
904288,404340,2026-05-30,37.9,3.1,31.9,5.1,Rain
904289,402996,2026-06-15,27.5,8.7,55.3,3.2,Haze
904290,401239,2024-02-23,34.1,3.7,61.6,23.8,Haze
904291,401202,2024-10-21,19.9,7.8,100.0,5.2,Clear
904292,404800,2025-10-06,19.3,7.1,36.1,15.5,Haze
904293,404000,2025-11-06,39.7,20.7,74.1,1.8,Cloudy
904294,401704,2024-10-29,28.1,8.7,86.1,10.4,Cloudy
904295,401257,2024-11-15,16.7,8.0,69.5,27.1,Rain
904296,400985,2025-08-13,21.5,0.5,88.1,1.9,Haze
904297,403906,2025-03-14,25.5,2.0,47.5,0.1,Storm
904298,402521,2026-03-25,14.7,38.8,77.4,10.9,Storm
904299,402179,2024-12-06,11.7,0.4,80.4,1.8,Haze
904300,403484,2026-07-03,25.4,5.6,59.7,12.3,Clear
904301,402963,2025-03-14,29.7,25.1,75.9,1.9,Cloudy
904302,404276,2024-08-17,16.1,1.9,85.7,9.4,Storm
904303,404915,2025-08-19,27.9,2.0,50.5,20.6,Storm
904304,402260,2025-04-10,27.9,2.0,66.6,4.9,Storm
904305,400852,2024-07-15,32.5,0.6,91.1,2.1,Clear
904306,400928,2024-11-13,10.2,14.2,59.7,20.5,Rain
904307,404483,2025-08-17,28.2,4.5,53.8,15.4,Storm
904309,401103,2024-02-26,28.8,4.9,41.2,23.3,Clear
904310,403313,2024-05-30,29.6,2.4,46.6,12.7,Storm
904311,400813,2025-04-15,34.7,0.6,67.1,0.5,Storm
904312,402782,2024-03-07,25.1,2.8,44.0,10.7,Clear
904313,403089,2025-10-18,25.7,7.0,53.4,0.4,Cloudy
904315,400413,2024-10-30,30.5,11.7,55.2,5.4,Rain
904316,403546,2024-01-20,23.8,5.1,73.5,3.3,Storm
904317,403744,2024-09-09,15.0,4.1,72.8,11.5,Haze
904318,402071,2024-10-13,23.7,5.1,52.4,0.8,Rain
904319,403674,2026-07-10,37.3,1.5,41.8,8.1,Rain
904320,402773,2025-06-16,30.3,9.2,60.8,31.3,Clear
904321,404493,2026-01-24,42.8,16.4,81.4,1.8,Cloudy
904322,400774,2026-02-20,22.0,1.8,80.1,2.9,Cloudy
904323,402838,2025-07-25,35.8,2.7,50.0,4.5,Storm
904324,401454,2024-04-12,14.0,2.9,51.2,14.6,Heavy Rain
904325,400350,2026-03-28,32.6,10.4,51.7,9.6,Storm
904326,401676,2025-09-28,31.4,7.5,87.5,4.5,Heavy Rain
904327,401002,2025-02-20,20.3,6.4,80.4,10.0,Storm
904328,402116,2024-08-14,32.8,12.1,64.3,4.7,Cloudy
904329,403620,2025-12-12,10.2,2.2,57.9,5.5,Cloudy
904330,400895,2025-08-09,26.1,5.9,45.1,2.4,Heavy Rain
904331,402776,2024-11-09,37.0,6.0,67.5,4.9,Rain
904332,402967,2025-12-25,29.1,7.1,84.9,7.0,Clear
904333,404266,2025-03-31,16.3,3.5,57.3,2.7,Cloudy
904334,401404,2026-01-01,15.2,0.1,60.5,2.4,Storm
904335,402400,2025-05-13,23.8,48.1,81.1,1.2,Heavy Rain
904336,404488,2024-05-05,42.1,4.7,44.0,5.9,Rain
904337,400068,2026-02-12,29.4,3.9,75.5,2.3,Cloudy
904338,401713,2024-05-17,29.8,9.2,56.6,13.1,Cloudy
904339,404058,2024-01-26,30.6,43.8,61.6,6.7,Heavy Rain
904340,400272,2025-10-21,39.8,17.3,73.8,1.9,Heavy Rain
904341,401519,2026-01-03,21.1,3.6,70.8,1.6,Storm
904342,404106,2026-05-31,12.1,6.0,81.8,16.6,Rain
904343,403241,2024-07-27,20.1,0.8,95.8,4.0,Clear
904345,401878,2025-01-12,39.8,2.5,69.5,13.5,Storm
904346,404703,2025-09-27,20.3,6.1,65.8,25.5,Heavy Rain
904347,402606,2024-04-24,28.0,2.1,83.3,7.3,Haze
904348,400942,2026-04-28,33.1,0.3,71.2,2.2,Rain
904349,402510,2024-04-06,33.1,7.3,65.7,1.5,Cloudy
904350,400710,2026-02-20,34.3,9.0,92.7,24.9,Haze
904351,404438,2024-06-03,20.9,6.1,78.7,16.2,Rain
904352,404250,2025-05-10,20.3,1.0,64.3,30.2,Rain
904353,404473,2024-04-22,23.1,17.7,46.8,5.1,Haze
904354,403517,2024-03-06,27.7,4.9,65.9,11.3,Heavy Rain
904355,403320,2024-10-02,31.9,5.4,63.1,4.1,Clear
904356,400370,2025-03-24,20.3,0.3,54.7,27.6,Storm
904357,403953,2024-03-21,27.5,7.0,57.7,17.3,Clear
904358,400122,2024-07-18,15.1,10.7,91.7,34.6,Rain
904359,403090,2025-11-23,28.3,5.5,87.1,4.4,Rain
904360,403330,2025-02-14,27.0,17.2,83.2,6.7,Storm
904361,401943,2024-08-25,32.6,21.2,85.1,2.6,Cloudy
904362,404622,2024-09-18,46.5,1.8,71.7,12.2,Heavy Rain
904363,401590,2024-07-19,28.2,4.5,65.6,1.4,Haze
904364,403188,2025-10-06,38.9,22.6,47.7,7.4,Storm
904365,403744,2024-08-11,19.9,11.2,66.2,6.9,Clear
904366,400037,2025-04-25,17.3,2.2,76.4,19.2,Rain
904367,402504,2026-02-13,15.5,11.7,59.6,49.0,Storm
904368,404618,2026-02-14,30.6,2.0,68.2,8.0,Heavy Rain
904369,402942,2024-03-19,25.6,2.0,91.2,0.6,Cloudy
904370,404668,2025-01-29,23.5,0.7,86.2,2.2,Cloudy
904371,403504,2024-07-04,15.9,3.4,87.1,10.1,Cloudy
904372,402532,2025-05-29,25.2,9.5,80.1,33.4,Cloudy
904373,400736,2024-11-16,32.1,16.7,42.3,39.0,Rain
904374,404312,2025-11-05,17.7,17.8,75.9,21.7,Haze
904375,404728,2024-03-30,28.9,30.7,54.6,1.5,Rain
904376,402858,2026-03-29,50.4,1.6,74.4,18.3,Clear
904377,404930,2025-05-01,36.8,1.0,66.4,18.4,Rain
904378,402122,2024-02-06,31.1,5.0,37.6,7.6,Clear
904379,400438,2025-09-27,28.6,9.9,58.1,1.2,Heavy Rain
904380,401357,2025-08-22,22.2,4.0,6.2,6.0,Cloudy
904381,404542,2024-03-17,9.1,1.1,51.1,7.4,Clear
904382,402899,2026-06-29,31.4,9.6,34.4,18.3,Rain
904383,404855,2025-06-15,30.9,17.2,78.0,14.5,Clear
904384,404873,2024-12-12,32.6,0.4,56.7,35.1,Cloudy
904385,400462,2025-08-06,37.5,2.1,41.1,3.9,Cloudy
904386,403891,2025-11-21,21.4,3.5,63.3,0.3,Cloudy
904387,404773,2024-10-02,17.7,4.5,63.3,1.5,Heavy Rain
904388,404887,2025-04-17,26.2,2.9,80.7,0.6,Heavy Rain
904389,404492,2026-04-25,13.5,3.4,92.9,9.2,Storm
904390,403302,2025-06-11,21.8,5.5,43.1,3.3,Storm
904391,403712,2026-05-09,25.5,2.6,82.1,5.4,Storm
904392,404868,2025-10-05,19.4,10.6,54.8,4.4,Clear
904393,400429,2024-04-03,37.6,1.7,70.0,38.1,Storm
904395,400875,2025-04-10,36.2,15.8,23.9,8.0,Cloudy
904396,401921,2024-09-25,18.9,10.2,45.3,2.1,Storm
904397,400691,2026-01-27,36.3,20.8,42.1,5.2,Clear
904398,401551,2025-02-24,23.4,1.6,77.1,0.2,Rain
904399,403625,2025-08-03,27.8,3.6,42.0,71.0,Clear
904400,401263,2025-02-02,28.1,4.1,51.5,12.2,Clear
904401,400391,2024-04-05,20.7,0.4,68.9,14.2,Haze
904402,400225,2025-01-11,33.0,2.6,72.5,51.0,Heavy Rain
904403,402812,2026-04-25,29.7,2.3,70.4,4.2,Heavy Rain
904404,403231,2024-10-19,34.5,5.8,76.9,10.6,Clear
904405,403809,2026-06-06,28.3,17.8,60.0,27.5,Cloudy
904406,404007,2024-07-17,23.0,0.1,71.7,13.9,Clear
904407,404575,2024-10-18,27.5,4.2,45.4,16.5,Clear
904408,401387,2024-02-11,25.7,6.2,49.6,6.3,Rain
904409,403633,2026-05-19,16.2,0.3,44.3,23.1,Heavy Rain
904410,401446,2026-04-19,21.3,0.9,46.9,15.4,Rain
904411,400542,2024-02-11,32.4,9.5,64.3,1.3,Clear
904412,401069,2026-06-26,31.0,12.6,88.7,1.8,Clear
904413,402176,2025-03-24,32.2,7.8,86.6,5.5,Haze
904414,400622,2025-11-24,24.1,3.6,94.2,24.0,Rain
904415,402820,2024-01-09,28.0,4.3,76.2,1.3,Storm
904416,404031,2026-04-21,27.0,1.7,44.5,16.2,Heavy Rain
904417,402362,2025-06-22,38.6,2.8,59.6,20.3,Rain
904418,400219,2026-06-13,10.4,10.2,92.4,4.2,Heavy Rain
904419,403167,2026-01-22,41.4,3.6,95.9,1.0,Haze
904420,400186,2025-04-26,30.6,1.9,77.8,23.8,Cloudy
904421,402144,2025-05-29,46.3,8.9,79.7,0.3,Clear
904422,404151,2026-06-15,30.3,0.7,38.1,12.7,Clear
904423,404517,2024-08-01,12.9,2.3,60.2,10.6,Heavy Rain
904424,404965,2024-05-09,34.8,14.0,65.3,3.7,Cloudy
904425,404656,2025-07-07,22.3,9.0,73.3,10.5,Clear
904426,403426,2024-10-13,20.2,11.3,56.9,0.0,Heavy Rain
904427,401309,2024-05-25,25.1,22.9,64.7,3.1,Cloudy
904428,401182,2026-01-13,33.1,1.9,60.3,2.1,Haze
904429,401999,2025-02-12,23.6,0.4,41.8,13.6,Heavy Rain
904430,403644,2025-10-15,21.8,6.9,57.7,6.1,Heavy Rain
904431,400721,2025-10-09,27.8,19.8,47.6,25.9,Clear
904433,402308,2025-02-14,22.6,0.3,79.3,7.5,Heavy Rain
904434,404167,2024-03-22,47.2,12.8,54.7,3.0,Cloudy
904435,403112,2026-04-13,22.2,26.2,57.3,25.1,Heavy Rain
904436,401188,2025-10-11,31.6,9.5,56.6,0.2,Haze
904437,402849,2024-11-29,34.9,3.6,72.2,7.3,Heavy Rain
904438,403667,2025-11-19,33.8,7.1,78.6,2.8,Clear
904439,400492,2026-06-08,33.4,6.9,72.2,3.0,Cloudy
904440,404597,2025-08-05,19.4,7.9,89.4,0.0,Rain
904441,402660,2024-04-13,32.2,9.0,72.8,10.0,Heavy Rain
904442,400828,2025-04-16,37.7,9.0,63.0,1.0,Storm
904443,401854,2026-02-21,30.5,3.8,82.9,42.8,Heavy Rain
904444,404013,2026-06-06,22.2,1.0,62.3,7.5,Heavy Rain
904446,401882,2024-04-02,28.3,2.4,65.4,41.3,Rain
904447,401613,2025-03-15,42.1,16.1,70.1,12.4,Storm
904448,400056,2026-04-16,35.5,31.1,32.0,28.7,Storm
904449,402745,2024-07-09,22.9,7.3,43.1,14.4,Storm
904450,400442,2026-07-07,27.5,0.3,58.8,4.3,Rain
904451,404943,2025-03-26,26.9,11.7,59.5,6.3,Rain
904452,404727,2024-05-26,41.8,3.2,61.7,22.8,Haze
904453,403674,2025-12-23,29.7,1.9,48.6,26.0,Heavy Rain
904454,404609,2025-12-23,27.8,12.9,70.0,27.3,Cloudy
904455,402349,2025-02-08,27.5,13.4,91.0,2.8,Clear
904457,400219,2025-05-28,15.6,2.4,98.3,6.3,Cloudy
904458,401473,2025-02-08,32.0,4.9,47.3,25.6,Clear
904459,401198,2024-12-13,20.9,1.8,52.7,20.8,Cloudy
904460,403638,2024-12-08,18.5,15.8,44.9,13.3,Rain
904461,401097,2024-08-10,18.2,0.8,76.5,0.2,Cloudy
904462,400749,2026-03-26,10.4,15.0,61.8,7.1,Cloudy
904463,400138,2026-05-10,31.7,9.6,74.7,4.5,Rain
904464,404569,2025-06-16,22.0,7.8,97.3,26.7,Heavy Rain
904465,401290,2025-06-24,31.2,2.8,64.2,6.3,Cloudy
904467,401639,2025-01-26,34.2,15.3,32.0,14.8,Haze
904468,403201,2025-05-23,35.7,3.8,44.6,2.9,Heavy Rain
904469,402387,2024-10-20,25.1,3.7,82.5,18.8,Clear
904470,402342,2025-12-16,21.1,1.3,45.8,39.4,Cloudy
904471,402834,2024-02-15,32.4,1.5,72.9,4.0,Cloudy
904472,402758,2025-11-14,17.7,1.8,87.6,6.3,Rain
904474,402313,2025-05-29,26.6,4.0,57.2,16.1,Cloudy
904475,402603,2026-04-10,35.5,9.5,44.5,35.4,Haze
904476,400634,2026-06-08,31.2,9.5,82.3,5.9,Clear
904477,401197,2024-02-24,10.8,42.8,41.5,16.2,Rain
904478,401233,2024-06-13,13.6,1.3,93.4,3.7,Clear
904479,403375,2026-04-13,19.7,15.5,72.3,11.2,Haze
904480,401586,2024-07-02,19.7,1.7,66.5,7.7,Clear
904481,400147,2025-04-19,31.3,13.3,79.1,8.1,Rain
904482,400209,2025-11-13,26.5,4.9,86.3,12.4,Heavy Rain
904483,400600,2025-02-06,25.3,1.8,75.0,0.5,Clear
904484,403616,2025-05-12,36.9,3.9,73.3,3.4,Rain
904485,401709,2025-05-31,24.2,10.4,72.7,7.9,Haze
904486,403266,2026-01-11,30.4,8.4,83.3,6.0,Clear
904487,400326,2024-07-30,29.0,7.2,75.2,2.9,Haze
904488,403618,2025-06-30,44.6,3.7,52.9,7.4,Heavy Rain
904489,400943,2025-04-22,15.4,9.0,12.7,10.4,Haze
904490,401889,2024-09-27,19.6,6.2,68.2,19.6,Rain
904491,402802,2026-02-17,26.6,0.4,72.1,19.7,Rain
904492,400293,2024-04-17,17.0,5.4,79.6,18.6,Storm
904493,402222,2025-08-23,34.4,12.8,43.1,24.1,Heavy Rain
904494,400961,2025-11-16,23.2,11.7,67.7,12.9,Cloudy
904495,404412,2024-08-12,34.7,1.1,60.5,15.6,Cloudy
904496,404044,2026-03-01,43.5,2.0,49.9,5.0,Rain
904497,402377,2024-04-26,36.4,12.0,93.1,0.9,Haze
904498,401450,2026-05-03,27.2,0.5,64.3,11.4,Heavy Rain
904499,402978,2024-07-22,11.0,2.2,87.3,3.4,Cloudy
904500,404239,2024-04-28,25.0,2.0,84.8,0.6,Heavy Rain
904501,401882,2025-05-16,32.7,1.1,56.9,19.9,Storm
904502,402511,2024-06-12,25.9,10.2,67.2,7.1,Haze
904503,402575,2025-01-19,36.3,3.1,76.1,6.7,Storm
904504,403150,2025-05-13,34.1,5.2,68.6,25.8,Haze
904506,404045,2026-04-07,19.8,10.2,65.3,2.1,Haze
904507,403740,2026-05-25,27.2,18.8,76.8,5.0,Heavy Rain
904508,404346,2025-07-23,19.5,15.1,58.5,3.8,Rain
904509,404290,2025-09-25,21.5,2.1,63.7,26.1,Haze
904510,403651,2025-07-09,13.7,9.0,69.2,2.2,Clear
904511,402010,2026-06-16,26.0,8.6,78.3,31.4,Rain
904512,403483,2024-04-02,30.5,8.8,54.1,5.9,Haze
904513,404689,2026-01-18,23.3,0.8,46.1,1.3,Clear
904514,402431,2026-05-27,16.0,8.8,64.9,30.6,Storm
904515,404605,2025-03-11,37.4,0.0,57.2,55.6,Cloudy
904516,402988,2024-09-24,32.2,1.5,88.5,4.4,Cloudy
904517,401587,2024-11-18,35.7,20.7,56.7,32.0,Cloudy
904518,404851,2024-09-06,28.0,2.3,47.2,10.1,Storm
904519,401221,2025-09-18,36.7,14.2,79.6,9.8,Rain
904520,404609,2024-04-27,23.1,19.7,84.5,8.0,Clear
904521,400330,2026-02-25,34.1,12.3,79.3,11.2,Haze
904522,402445,2025-05-03,31.6,5.9,41.5,35.2,Heavy Rain
904523,404611,2025-06-26,13.0,2.8,91.2,0.4,Clear
904524,404713,2025-07-08,25.7,10.6,48.9,4.8,Heavy Rain
904525,401077,2025-12-15,29.8,10.0,73.2,0.8,Storm
904526,403796,2024-10-15,30.1,2.7,92.1,23.6,Rain
904527,401855,2026-01-19,23.0,13.2,56.5,7.4,Rain
904528,404698,2025-03-20,22.5,0.3,50.5,1.9,Haze
904529,400645,2026-05-28,20.3,7.5,47.0,7.5,Clear
904530,404144,2026-03-01,27.8,3.3,85.5,7.1,Heavy Rain
904531,403648,2024-10-31,30.3,5.2,45.1,14.7,Storm
904532,403252,2025-08-17,27.2,14.3,28.4,4.9,Cloudy
904533,400197,2025-04-29,32.9,4.1,51.1,15.6,Heavy Rain
904534,404544,2024-11-15,21.0,0.8,85.6,6.1,Rain
904535,400905,2024-10-29,41.1,17.5,64.3,7.5,Haze
904536,404630,2025-11-11,30.6,8.9,62.9,12.5,Clear
904537,401413,2025-04-10,27.0,0.4,64.3,20.4,Heavy Rain
904538,403280,2024-09-14,30.3,10.6,61.4,20.0,Heavy Rain
904539,401084,2025-04-29,9.7,11.9,59.4,23.0,Storm
904540,402689,2024-10-25,25.3,8.6,90.4,23.1,Clear
904541,402384,2024-01-10,26.3,19.0,68.5,7.4,Rain
904542,404021,2025-04-06,27.0,13.4,83.3,20.1,Clear
904543,402987,2025-02-27,36.0,0.2,56.0,18.5,Heavy Rain
904544,401308,2025-07-08,46.8,8.3,60.2,9.3,Haze
904545,404194,2025-12-26,32.2,2.9,30.5,4.3,Storm
904546,401456,2024-11-18,28.9,7.5,81.5,22.9,Cloudy
904547,401860,2024-08-16,29.1,9.1,93.7,22.5,Cloudy
904548,401759,2026-04-25,15.8,16.4,68.7,7.3,Haze
904549,402519,2025-08-11,30.6,2.1,13.0,31.2,Clear
904550,404555,2024-02-21,31.9,13.4,44.0,17.7,Cloudy
904552,402122,2025-01-12,37.9,3.7,55.7,3.2,Rain
904553,403167,2024-02-03,36.3,4.9,78.0,7.2,Clear
904554,404093,2024-06-19,31.6,3.2,71.2,12.3,Storm
904555,403307,2025-11-13,39.9,3.8,56.9,15.7,Haze
904556,404302,2024-06-19,8.6,2.7,88.4,7.9,Heavy Rain
904557,403091,2025-10-09,14.5,12.3,55.4,0.4,Rain
904558,403004,2024-08-09,33.1,3.5,70.0,15.1,Haze
904559,402736,2024-05-10,22.8,8.8,30.1,6.6,Cloudy
904560,404738,2025-01-28,26.1,1.2,74.6,10.2,Storm
904561,401824,2025-06-29,11.7,4.3,69.0,19.4,Rain
904562,403670,2024-01-13,29.9,21.3,79.7,5.9,Storm
904563,404243,2024-10-11,26.4,5.5,92.6,5.5,Storm
904564,401992,2025-09-10,23.3,2.6,55.2,4.1,Storm
904565,400742,2024-10-01,24.4,5.3,60.2,9.8,Rain
904566,403160,2026-06-26,17.5,1.7,79.7,0.0,Rain
904567,404669,2026-04-05,23.6,23.5,85.9,13.8,Clear
904569,400518,2024-08-26,9.7,2.7,63.7,22.7,Cloudy
904570,401494,2024-03-13,28.8,1.7,41.2,10.7,Storm
904571,400131,2025-02-25,25.8,1.8,30.8,20.8,Cloudy
904572,401161,2024-02-20,35.9,1.3,67.8,40.0,Cloudy
904573,403031,2025-09-04,29.5,1.3,67.4,5.1,Heavy Rain
904574,401683,2026-02-08,39.8,5.0,83.0,22.3,Rain
904575,401782,2024-05-28,38.5,22.8,64.3,8.8,Rain
904576,403159,2025-03-03,30.0,0.8,90.2,3.3,Rain
904577,401856,2025-01-16,26.9,17.0,75.1,2.1,Haze
904578,400840,2026-02-20,36.8,37.6,48.6,0.8,Cloudy
904579,402457,2024-07-20,36.2,8.1,72.5,9.3,Storm
904580,400852,2025-05-22,8.1,1.1,57.7,18.1,Heavy Rain
904581,400264,2025-03-25,30.0,1.4,74.7,38.5,Cloudy
904582,402079,2026-01-22,30.4,3.2,46.1,1.0,Clear
904583,402021,2024-10-03,26.0,11.8,57.3,0.2,Clear
904584,400332,2024-05-08,16.8,3.7,78.1,16.7,Storm
904585,400495,2024-01-16,28.6,2.9,62.0,4.6,Haze
904586,401640,2026-05-13,18.9,15.1,47.7,11.0,Cloudy
904587,400523,2026-03-27,36.6,11.3,61.0,17.1,Cloudy
904588,401892,2025-06-24,35.3,14.5,73.1,15.3,Haze
904589,401262,2025-06-18,24.0,1.1,55.1,23.3,Storm
904590,402544,2024-08-30,19.4,4.2,61.6,15.0,Storm
904591,401361,2025-08-15,24.4,14.8,61.4,3.1,Haze
904592,400818,2025-12-18,39.3,1.6,50.7,1.6,Heavy Rain
904593,401069,2024-04-25,41.6,7.7,44.8,0.4,Cloudy
904595,400845,2026-06-01,28.6,11.0,61.7,13.8,Haze
904596,402854,2025-01-25,26.1,0.3,66.1,7.9,Rain
904597,402451,2025-07-04,30.5,4.5,32.7,20.6,Storm
904598,402069,2025-09-15,30.0,4.4,74.3,1.8,Cloudy
904599,401754,2024-09-01,36.2,1.0,53.8,0.8,Storm
904600,400337,2026-06-24,25.7,4.6,94.3,17.8,Heavy Rain
904601,403970,2024-07-27,17.7,2.7,61.8,33.6,Heavy Rain
904602,401191,2026-03-12,35.6,4.3,66.2,78.6,Heavy Rain
904603,400247,2026-02-26,26.4,4.6,77.4,2.6,Clear
904604,401014,2024-09-02,31.1,3.0,91.1,20.9,Clear
904605,404807,2025-06-10,35.5,8.9,42.9,3.0,Heavy Rain
904606,403849,2024-05-06,30.8,14.2,65.0,9.7,Cloudy
904607,401290,2026-04-14,46.0,7.3,47.9,1.4,Storm
904608,401528,2025-01-18,47.2,11.9,64.0,6.8,Heavy Rain
904609,400096,2026-01-20,11.2,5.5,79.9,2.0,Storm
904610,403804,2025-04-15,26.9,2.6,58.4,9.0,Storm
904611,403691,2026-02-16,32.9,1.6,58.0,13.0,Cloudy
904612,402912,2024-05-19,37.4,10.4,58.5,20.4,Heavy Rain
904613,403612,2024-03-20,44.8,5.8,67.8,7.7,Cloudy
904614,401578,2024-10-10,30.3,32.6,96.6,26.4,Cloudy
904615,401896,2024-07-07,35.0,2.3,78.5,20.4,Cloudy
904616,404095,2026-01-16,23.8,4.2,68.5,4.5,Heavy Rain
904617,403689,2025-05-27,29.4,10.2,80.0,12.2,Haze
904618,401923,2025-05-25,22.3,1.1,66.8,5.6,Storm
904619,403002,2024-08-01,27.4,12.4,50.6,9.3,Cloudy
904620,402816,2025-08-28,33.6,0.6,50.2,2.4,Heavy Rain
904621,404230,2026-06-25,36.6,32.2,55.4,57.5,Cloudy
904622,403162,2024-02-17,26.0,1.5,49.3,38.1,Heavy Rain
904623,400224,2026-05-20,17.0,2.3,76.3,5.1,Cloudy
904624,401381,2026-03-06,16.4,3.0,56.8,0.8,Clear
904625,402321,2024-02-10,30.9,15.5,39.1,10.8,Haze
904626,402453,2024-04-26,26.2,0.9,76.1,1.0,Cloudy
904627,401702,2024-11-25,18.9,15.9,34.0,10.1,Rain
904628,404808,2025-01-23,21.2,5.5,95.0,7.1,Haze
904629,402522,2025-09-14,30.8,26.6,28.9,26.4,Cloudy
904630,400280,2025-01-08,29.8,15.4,54.0,4.4,Rain
904631,400674,2024-10-02,48.1,20.6,69.5,36.5,Storm
904632,403875,2024-08-02,31.5,1.8,38.4,5.3,Cloudy
904633,402688,2026-05-15,36.6,2.5,57.7,4.0,Heavy Rain
904634,401725,2024-06-03,26.6,7.0,74.4,17.5,Rain
904635,401655,2025-08-11,19.1,0.3,61.9,2.0,Haze
904636,402787,2026-07-10,41.2,10.7,56.3,2.0,Cloudy
904637,401073,2025-02-20,25.5,21.2,56.4,5.6,Heavy Rain
904638,403278,2026-01-31,24.6,4.9,57.6,1.1,Haze
904639,402769,2025-01-16,25.0,8.9,52.9,3.2,Clear
904640,403211,2024-06-05,16.3,6.5,77.9,9.9,Rain
904641,404849,2025-04-21,43.0,2.1,74.6,7.5,Storm
904642,402222,2025-03-30,30.8,1.4,66.3,1.1,Storm
904643,404190,2024-02-13,16.4,6.5,39.0,2.8,Rain
904644,404280,2025-09-18,26.1,1.3,72.9,0.3,Heavy Rain
904645,400741,2024-08-05,30.7,15.9,71.3,6.7,Heavy Rain
904646,403483,2025-06-03,14.3,4.0,76.6,7.7,Storm
904647,402012,2024-06-09,35.3,5.9,52.8,9.0,Rain
904648,403040,2024-01-10,29.4,4.2,69.4,10.0,Clear
904649,401609,2024-07-04,34.8,2.9,61.1,1.1,Haze
904650,403861,2024-10-22,18.9,4.4,70.1,15.5,Storm
904651,403200,2025-12-01,22.3,2.0,54.6,6.1,Haze
904652,400105,2026-04-05,39.7,2.7,58.8,3.1,Heavy Rain
904653,401415,2024-12-28,23.2,8.5,70.1,11.7,Clear
904654,400942,2024-07-16,24.7,0.3,96.2,8.3,Storm
904655,403014,2026-02-07,36.2,0.4,93.5,9.2,Cloudy
904656,400464,2025-04-11,32.8,3.6,29.8,7.5,Haze
904657,400440,2024-03-18,17.2,15.7,79.4,12.2,Rain
904658,404812,2024-01-16,34.7,2.2,83.5,0.9,Clear
904659,403436,2024-02-02,19.5,2.9,34.8,19.0,Rain
904660,402746,2024-03-16,30.2,30.3,95.0,5.4,Clear
904661,403173,2026-07-09,14.6,14.2,83.3,5.9,Heavy Rain
904662,400704,2024-12-13,36.2,6.8,82.1,11.8,Heavy Rain
904663,402948,2026-05-08,27.0,5.3,64.5,32.3,Clear
904664,400952,2025-03-06,24.6,2.4,98.8,5.5,Storm
904665,402206,2025-07-08,30.6,6.9,39.3,12.6,Clear
904666,400638,2024-11-27,29.6,28.9,55.1,7.4,Clear
904667,403129,2025-09-20,20.0,5.5,64.6,16.9,Cloudy
904668,404332,2026-04-12,27.0,2.1,69.5,0.6,Haze
904669,402900,2025-03-15,27.5,5.5,78.0,2.8,Clear
904670,402384,2024-11-10,22.7,0.6,42.1,6.9,Heavy Rain
904671,402062,2024-06-08,29.2,15.1,60.7,14.5,Haze
904672,401143,2025-01-17,25.3,4.9,70.7,24.9,Cloudy
904673,402258,2026-02-24,31.3,1.0,76.2,12.5,Haze
904674,401395,2025-10-04,32.7,3.0,46.9,0.4,Cloudy
904675,401699,2026-07-02,27.0,18.2,36.3,29.4,Rain
904676,401991,2025-09-03,35.7,9.9,76.5,0.6,Heavy Rain
904677,404550,2025-08-23,32.6,20.5,28.8,11.2,Cloudy
904678,401905,2026-04-08,21.8,14.6,47.6,19.5,Haze
904679,403814,2024-03-24,10.5,12.3,81.6,13.4,Cloudy
904680,403973,2024-10-31,19.6,0.0,54.5,13.4,Haze
904681,404470,2024-04-29,21.6,7.5,31.8,17.1,Clear
904682,401135,2024-09-26,19.8,1.6,61.0,16.5,Cloudy
904683,404911,2025-02-22,32.6,9.8,65.9,27.3,Rain
904684,402662,2025-09-05,28.1,32.4,57.2,7.0,Cloudy
904685,400043,2025-11-26,24.4,6.8,71.2,6.0,Haze
904686,403734,2024-08-01,23.2,0.4,75.6,31.4,Clear
904687,401487,2025-07-18,33.8,3.3,72.2,17.4,Clear
904688,404242,2024-05-07,18.1,1.5,57.5,9.3,Haze
904689,403619,2026-01-20,29.5,1.8,81.7,5.3,Heavy Rain
904690,402274,2026-06-23,9.3,1.7,92.1,10.1,Haze
904691,401535,2024-06-16,20.4,3.4,40.3,0.8,Storm
904692,402590,2026-07-01,25.3,4.7,53.5,15.7,Clear
904693,401919,2026-02-06,22.8,6.7,75.9,3.2,Storm
904694,400175,2024-08-24,24.5,11.1,38.8,16.0,Heavy Rain
904695,402131,2026-01-19,32.1,0.2,48.8,4.4,Clear
904696,404295,2025-12-09,27.1,19.6,46.9,13.0,Clear
904697,402375,2026-02-11,26.1,0.6,58.0,13.3,Storm
904698,400884,2025-05-30,19.1,7.9,72.1,1.0,Haze
904699,400892,2025-09-28,20.7,5.2,71.2,14.7,Haze
904700,402459,2024-01-05,38.2,8.0,97.4,9.1,Storm
904701,400250,2026-04-15,18.8,4.7,58.4,1.9,Clear
904702,401903,2026-04-17,16.4,19.4,92.1,14.5,Cloudy
904703,401914,2025-01-17,20.7,9.0,51.6,5.7,Storm
904704,400343,2024-07-22,29.9,3.0,81.7,3.6,Heavy Rain
904705,401332,2025-05-17,26.4,16.3,56.4,7.4,Cloudy
904706,402316,2024-05-26,37.7,15.8,80.7,5.9,Rain
904707,400354,2024-12-11,28.2,6.5,61.4,1.8,Clear
904708,403578,2025-07-08,20.7,2.3,38.1,18.5,Clear
904709,403753,2026-01-06,19.5,36.6,69.4,18.7,Cloudy
904710,400018,2025-07-22,17.7,0.1,57.3,6.5,Clear
904711,404068,2024-12-09,24.0,9.2,73.0,0.3,Clear
904712,401991,2024-10-08,27.8,1.1,41.1,5.4,Rain
904713,403295,2024-10-18,13.2,1.6,59.3,72.5,Rain
904714,402591,2026-04-21,19.7,6.2,81.7,12.1,Storm
904715,400866,2024-11-04,29.1,31.0,76.2,30.1,Rain
904716,400470,2024-05-05,19.5,1.3,77.9,34.8,Haze
904718,401765,2025-09-08,29.1,2.0,47.0,5.9,Rain
904719,402472,2025-04-18,29.9,6.3,82.4,17.9,Cloudy
904720,400338,2026-05-15,18.8,13.3,66.0,29.8,Heavy Rain
904721,401982,2024-10-02,15.8,14.4,45.8,1.5,Rain
904722,404830,2024-08-06,26.8,0.1,64.3,10.0,Haze
904723,401330,2024-07-25,32.1,9.5,41.5,18.7,Haze
904724,403468,2024-02-02,22.4,29.7,56.5,1.7,Cloudy
904725,400752,2025-05-24,17.6,8.2,80.5,15.2,Cloudy
904726,402665,2025-04-10,24.9,4.5,67.6,2.4,Haze
904727,403830,2025-09-25,33.9,31.1,17.2,7.3,Clear
904728,402982,2025-03-04,27.7,2.0,54.6,1.3,Cloudy
904729,403567,2025-05-14,34.5,5.5,77.1,10.9,Heavy Rain
904730,402716,2026-03-17,23.8,22.4,71.6,2.7,Heavy Rain
904731,404701,2024-02-29,26.1,2.2,70.0,9.0,Clear
904732,402913,2026-06-12,23.8,16.2,72.1,0.7,Heavy Rain
904733,403093,2025-10-09,29.9,8.3,49.3,14.6,Cloudy
904734,400287,2024-12-04,18.6,7.3,60.4,7.4,Heavy Rain
904735,404263,2025-04-10,23.1,5.5,41.0,20.0,Rain
904736,400852,2024-06-03,22.8,3.5,44.0,13.5,Cloudy
904737,400425,2026-03-20,35.1,9.1,84.1,25.2,Storm
904738,402611,2024-06-04,26.7,14.2,36.5,13.5,Cloudy
904739,400816,2025-06-05,31.8,10.5,64.7,13.8,Clear
904740,401897,2026-06-15,37.3,1.2,64.3,16.8,Storm
904741,402186,2025-05-08,29.5,5.7,72.9,4.9,Haze
904742,402676,2025-09-06,36.6,2.8,65.6,4.6,Rain
904743,403129,2024-08-23,26.4,0.6,69.5,4.4,Cloudy
904745,402954,2025-05-27,18.4,4.4,50.0,27.1,Storm
904746,404820,2024-07-15,33.5,2.9,65.8,16.8,Rain
904747,400519,2025-12-24,19.4,5.4,85.5,0.9,Heavy Rain
904748,401762,2024-10-27,16.6,4.9,76.0,2.9,Heavy Rain
904749,402561,2025-04-25,13.7,1.4,79.6,23.3,Rain
904750,403120,2026-06-11,41.4,0.7,77.1,17.2,Haze
904751,400468,2024-06-14,26.8,4.6,72.3,9.1,Haze
904752,401349,2025-05-17,20.6,4.6,46.1,23.3,Storm
904753,403801,2024-09-05,34.6,5.7,59.3,2.5,Rain
904754,402243,2024-11-06,32.3,4.2,69.7,5.1,Clear
904755,400493,2025-11-16,32.3,4.3,32.9,2.6,Rain
904756,403340,2025-11-17,19.5,1.8,58.6,1.8,Rain
904758,400404,2025-01-27,24.9,6.5,43.6,14.0,Haze
904759,404130,2025-10-08,22.2,37.6,63.7,10.9,Heavy Rain
904760,401630,2024-12-03,15.4,1.8,63.6,5.7,Cloudy
904761,403868,2024-08-24,33.4,1.4,63.9,14.1,Storm
904762,401645,2025-01-26,19.3,7.9,82.5,13.4,Clear
904763,400878,2025-01-28,31.8,8.0,76.5,25.0,Cloudy
904764,404051,2026-02-19,22.6,11.8,64.6,2.4,Haze
904765,404195,2024-09-26,36.0,2.6,72.7,1.0,Storm
904766,403543,2025-03-17,30.1,10.2,51.9,1.8,Haze
904767,401996,2024-08-11,27.3,3.9,58.0,9.4,Heavy Rain
904768,401929,2024-10-12,34.1,8.6,83.5,10.5,Heavy Rain
904769,404688,2024-10-21,41.8,1.5,75.5,1.8,Haze
904770,401303,2025-01-18,35.9,11.2,63.9,6.6,Heavy Rain
904771,401954,2024-12-18,39.1,18.2,81.3,6.8,Rain
904772,401604,2025-01-09,30.2,0.5,64.3,3.2,Storm
904773,402185,2025-12-02,20.2,6.6,64.3,2.8,Heavy Rain
904774,402250,2024-01-23,36.7,24.1,64.6,19.1,Storm
904775,400412,2024-09-12,32.9,6.7,60.8,32.4,Heavy Rain
904776,404555,2024-09-28,28.9,5.1,43.8,7.8,Rain
904777,403005,2025-09-24,20.8,9.7,73.0,4.0,Clear
904778,404328,2025-05-06,37.7,1.8,32.9,19.7,Clear
904779,401668,2025-11-04,22.3,6.4,72.8,18.8,Storm
904780,403195,2026-06-26,21.5,8.0,49.9,0.0,Cloudy
904781,404417,2025-06-10,20.6,0.5,97.0,0.2,Clear
904782,404755,2026-03-01,34.8,3.1,67.7,52.3,Heavy Rain
904783,401669,2026-01-18,33.5,3.3,74.7,18.7,Heavy Rain
904784,401994,2024-04-25,19.3,15.4,74.9,22.5,Cloudy
904785,401405,2025-01-10,20.1,8.0,37.1,27.8,Storm
904786,402088,2025-02-10,40.1,6.7,50.9,5.8,Cloudy
904787,401793,2024-02-19,21.7,18.0,38.3,9.6,Rain
904789,402408,2025-03-06,26.6,5.1,66.3,1.4,Rain
904790,402240,2026-01-29,30.3,6.1,81.2,3.5,Storm
904791,400268,2025-10-21,29.3,17.9,40.9,6.2,Haze
904792,403441,2025-07-23,28.5,73.0,61.9,1.9,Storm
904793,401655,2024-10-16,27.5,2.1,90.8,6.0,Storm
904794,402046,2025-10-21,29.0,25.1,67.0,11.1,Heavy Rain
904795,402099,2024-11-03,29.9,9.9,64.6,10.3,Storm
904797,403136,2025-06-30,22.0,18.3,61.0,14.8,Haze
904798,400082,2025-08-17,20.0,14.4,54.7,5.7,Rain
904799,404494,2024-09-13,34.7,13.1,51.9,14.9,Heavy Rain
904800,403331,2024-05-17,31.1,3.2,93.3,20.6,Rain
904801,402079,2026-02-11,30.1,6.4,57.0,11.0,Clear
904802,400470,2024-02-13,27.9,3.3,64.9,0.5,Haze
904803,402005,2024-04-22,19.6,8.2,64.5,6.1,Haze
904804,402575,2025-12-03,27.0,0.8,81.3,5.9,Storm
904805,400894,2026-01-29,23.8,2.4,57.4,2.9,Storm
904806,404690,2024-06-26,20.1,0.0,64.3,3.5,Storm
904807,404077,2026-03-28,26.3,50.2,89.0,1.2,Haze
904808,404632,2024-02-14,35.5,8.8,36.1,1.3,Rain
904809,400298,2026-01-27,30.0,4.3,46.4,5.5,Heavy Rain
904810,400354,2024-05-08,22.2,14.6,66.6,8.4,Storm
904811,400850,2025-01-23,24.8,11.3,37.9,0.9,Rain
904812,400119,2024-06-21,30.4,1.1,22.5,4.6,Storm
904813,402323,2024-10-29,12.6,1.1,90.8,4.2,Haze
904814,400609,2025-07-30,42.1,8.6,59.8,30.7,Clear
904815,402400,2026-02-06,20.6,2.3,52.4,12.2,Clear
904816,403746,2024-05-21,39.8,2.6,39.3,28.4,Cloudy
904817,400069,2026-01-25,22.5,15.5,53.7,2.5,Heavy Rain
904818,401381,2024-06-29,34.7,5.8,64.3,9.6,Rain
904819,401773,2026-04-24,25.1,5.1,59.5,5.7,Haze
904820,402079,2026-04-27,25.8,9.1,38.0,7.8,Cloudy
904821,403624,2024-11-18,29.2,1.7,75.1,10.9,Cloudy
904823,403575,2024-11-02,25.1,9.0,73.5,23.6,Rain
904824,403293,2025-07-05,35.9,11.7,87.9,4.3,Heavy Rain
904825,404165,2026-03-10,44.1,7.0,44.0,11.7,Haze
904826,401886,2025-08-09,29.0,6.9,61.0,21.0,Haze
904827,403468,2025-12-14,29.3,2.5,64.3,4.1,Haze
904828,400039,2026-02-24,30.1,25.1,83.7,2.6,Heavy Rain
904829,400394,2024-01-01,32.3,13.2,40.6,8.1,Rain
904830,404001,2025-03-31,28.2,0.6,50.9,25.9,Cloudy
904832,404806,2025-04-16,44.8,7.4,82.2,1.3,Haze
904833,403589,2024-11-13,28.4,1.3,47.5,2.1,Clear
904834,400345,2026-07-15,20.0,2.2,63.8,66.5,Haze
904835,403109,2025-12-11,36.3,7.3,80.1,60.7,Cloudy
904836,401425,2025-07-23,34.6,3.5,73.2,29.0,Clear
904838,400913,2025-08-24,10.0,3.3,81.0,17.8,Rain
904839,404690,2025-09-07,30.2,13.2,28.7,3.4,Storm
904840,401890,2024-01-15,26.9,11.5,64.3,13.4,Haze
904841,400229,2025-07-10,33.4,11.7,82.8,0.7,Heavy Rain
904842,402652,2025-03-30,12.7,10.8,50.7,4.3,Clear
904843,403318,2026-07-17,26.5,11.1,61.1,14.5,Storm
904844,403572,2024-12-19,26.9,1.1,64.2,3.3,Haze
904845,400668,2025-10-10,16.1,0.0,57.3,2.4,Rain
904846,400919,2025-02-05,34.1,4.1,25.5,10.3,Haze
904847,402284,2025-07-29,30.3,10.7,42.8,8.0,Haze
904848,404304,2024-01-14,28.1,5.8,60.4,35.9,Clear
904850,400365,2024-11-19,25.5,6.3,93.4,7.7,Rain
904851,401886,2024-10-09,22.1,3.6,58.8,3.8,Clear
904852,401814,2024-02-05,39.0,0.2,64.0,6.2,Haze
904853,404325,2024-03-08,28.5,11.1,83.6,8.3,Clear
904854,403360,2024-01-29,42.5,3.1,60.8,3.2,Rain
904855,400844,2025-11-25,37.6,1.7,39.1,9.9,Heavy Rain
904856,403640,2024-09-14,29.0,8.4,64.5,9.4,Rain
904857,404321,2025-03-26,24.5,21.0,77.9,4.8,Rain
904858,402995,2024-10-31,44.3,2.5,47.2,11.9,Rain
904859,401229,2025-06-27,14.1,8.4,72.4,1.3,Clear
904860,402479,2025-08-25,22.5,2.6,50.6,16.7,Cloudy
904861,403524,2026-02-05,21.3,1.5,54.5,30.0,Clear
904862,404604,2024-05-29,17.1,3.9,53.9,12.7,Storm
904863,401598,2024-01-23,23.9,4.4,67.2,32.4,Clear
904864,401671,2024-02-10,41.1,3.7,54.2,20.7,Haze
904865,402747,2025-11-20,36.0,7.3,70.8,16.7,Cloudy
904866,401834,2024-02-06,27.6,1.8,58.6,4.6,Cloudy
904867,402189,2024-09-04,31.2,5.4,58.6,5.7,Clear
904868,404833,2025-02-03,30.5,1.1,68.9,7.9,Heavy Rain
904869,403294,2025-08-07,17.2,7.4,44.4,1.8,Rain
904870,402839,2024-07-08,35.9,0.8,45.9,27.0,Storm
904871,400169,2026-04-01,17.5,1.3,57.3,14.4,Storm
904872,400321,2025-01-30,38.0,5.4,47.8,8.1,Clear
904873,401930,2025-10-14,28.1,8.3,64.0,2.3,Clear
904874,403406,2025-11-10,40.9,1.7,85.0,7.7,Cloudy
904876,404450,2024-06-01,44.3,14.8,53.5,14.2,Rain
904877,404771,2025-04-16,28.0,4.5,84.5,9.0,Storm
904878,401436,2024-05-14,23.9,1.2,59.9,11.0,Cloudy
904879,402575,2024-08-08,19.3,9.9,39.6,2.7,Clear
904880,402265,2025-07-13,25.7,16.0,55.7,2.5,Rain
904881,402621,2025-04-15,17.5,4.7,44.4,2.5,Clear
904882,401727,2025-11-07,25.4,4.2,56.3,4.0,Heavy Rain
904883,401729,2024-01-06,24.7,2.4,74.0,19.0,Rain
904884,400709,2024-09-23,24.0,7.9,74.5,46.6,Cloudy
904885,400130,2024-02-06,27.0,8.4,41.4,3.0,Storm
904886,400422,2024-03-10,27.1,18.0,52.6,6.7,Heavy Rain
904887,402053,2025-01-20,39.1,21.4,46.5,15.9,Clear
904888,401456,2024-09-03,45.8,1.6,89.9,9.5,Haze
904889,402108,2026-04-25,27.0,0.6,37.2,9.6,Haze
904890,403451,2024-08-21,21.2,1.1,69.3,0.8,Storm
904891,401617,2024-03-21,19.5,1.7,56.6,4.0,Rain
904892,403736,2024-12-17,24.1,6.8,27.4,0.7,Storm
904893,401715,2024-12-03,23.0,4.0,63.0,33.6,Heavy Rain
904894,401290,2024-05-20,22.0,8.0,36.9,11.1,Storm
904895,402195,2025-01-23,27.1,0.4,77.9,51.1,Rain
904896,403726,2024-04-26,38.4,16.3,58.7,1.9,Rain
904897,402295,2024-07-05,28.3,3.9,83.2,2.2,Clear
904898,401698,2025-09-23,28.7,11.4,86.4,4.2,Haze
904899,401401,2025-07-17,42.5,3.0,84.6,6.1,Storm
904900,404747,2024-03-25,23.5,18.3,62.2,10.3,Clear
904901,401450,2024-09-14,23.0,21.4,31.4,20.5,Clear
904902,401535,2024-09-16,23.3,0.7,63.6,31.5,Storm
904903,400612,2024-09-05,17.4,19.5,85.5,11.8,Clear
904904,401242,2024-11-05,28.5,3.3,25.1,3.5,Rain
904905,402390,2025-07-12,30.7,2.9,60.0,17.7,Storm
904906,400226,2024-05-27,27.7,14.9,89.8,8.7,Clear
904907,404570,2026-02-07,26.4,8.0,60.6,5.4,Clear
904908,403293,2024-09-05,32.5,12.9,69.0,29.8,Cloudy
904909,403750,2025-09-05,17.9,1.5,74.8,23.6,Haze
904910,401357,2025-07-05,21.9,11.2,60.2,10.0,Heavy Rain
904911,402464,2025-01-16,27.0,5.5,33.0,14.9,Storm
904912,404293,2025-09-09,21.0,30.1,55.2,18.9,Haze
904913,402823,2024-06-01,28.8,28.3,54.2,13.6,Storm
904914,403219,2025-12-12,25.9,4.9,40.0,5.3,Storm
904915,401142,2025-07-07,21.3,19.3,78.6,5.5,Storm
904916,403839,2025-04-20,47.3,3.3,64.2,20.8,Rain
904917,400469,2024-08-05,36.6,3.6,55.3,31.0,Heavy Rain
904918,404642,2025-02-09,23.0,9.4,54.8,27.1,Cloudy
904919,401361,2024-07-13,12.9,24.9,48.4,3.9,Storm
904920,402862,2025-06-23,32.8,19.4,60.6,4.1,Haze
904921,404668,2024-01-08,27.2,11.4,64.3,36.9,Haze
904922,400854,2024-03-06,25.0,13.0,81.9,22.3,Haze
904923,400169,2024-04-18,37.2,3.3,43.3,19.8,Storm
904924,401531,2025-11-14,31.8,6.8,72.0,14.3,Clear
904925,400415,2026-01-12,24.0,3.6,86.5,4.5,Rain
904926,401228,2026-02-03,12.5,5.7,64.3,5.8,Heavy Rain
904927,400051,2024-01-15,27.9,24.6,49.6,0.3,Haze
904929,404282,2024-05-31,22.0,5.5,74.7,4.0,Clear
904930,400898,2025-02-13,38.3,13.3,69.3,13.8,Clear
904932,400946,2026-07-08,27.1,10.5,82.8,2.1,Rain
904934,404576,2024-04-14,28.0,3.0,72.1,10.3,Storm
904935,402538,2026-02-17,8.9,19.3,83.6,2.7,Storm
904936,403336,2024-06-19,26.5,0.3,82.6,4.3,Heavy Rain
904937,402013,2026-04-01,44.1,20.7,51.2,4.6,Haze
904938,402908,2026-05-07,22.1,7.1,61.1,3.9,Haze
904939,402692,2025-01-29,21.6,8.8,54.8,6.2,Clear
904940,403806,2026-06-25,34.4,1.7,31.7,8.8,Storm
904941,401945,2025-06-12,37.2,9.4,56.1,10.2,Cloudy
904942,400322,2024-01-19,28.3,4.9,72.0,6.4,Clear
904943,401374,2024-01-20,18.2,16.3,49.2,21.1,Cloudy
904945,403385,2024-10-18,35.2,11.5,80.8,1.8,Cloudy
904946,402683,2026-04-04,38.8,2.3,43.1,0.8,Heavy Rain
904947,400171,2024-12-05,30.5,4.7,99.5,3.4,Haze
904948,401292,2025-04-22,21.9,5.1,74.6,7.9,Heavy Rain
904949,401944,2024-09-13,34.1,5.5,24.5,20.6,Heavy Rain
904950,403577,2024-10-26,13.7,19.6,94.5,22.5,Rain
904951,404536,2025-01-09,23.7,6.3,86.9,25.3,Haze
904952,404029,2024-05-02,20.8,27.4,78.9,2.2,Rain
904953,402759,2026-02-18,18.0,8.5,75.1,12.0,Haze
904954,402615,2024-12-24,21.1,12.9,86.8,23.0,Haze
904955,403848,2024-08-22,20.8,19.9,61.2,1.1,Cloudy
904956,400930,2025-04-20,30.8,28.7,70.9,31.9,Heavy Rain
904957,403808,2024-11-26,28.7,4.5,69.6,1.0,Heavy Rain
904958,404213,2025-10-26,43.2,3.9,57.5,1.1,Clear
904959,401674,2025-01-27,31.8,8.5,93.0,1.9,Heavy Rain
904960,400730,2025-09-19,31.0,39.1,34.1,17.5,Clear
904961,403459,2024-12-30,17.6,7.3,86.0,2.5,Heavy Rain
904962,402943,2025-08-25,31.0,7.1,94.1,5.8,Haze
904963,401117,2025-08-25,22.4,6.7,65.4,15.8,Storm
904964,400723,2025-12-22,22.0,2.1,62.6,10.1,Rain
904965,401423,2024-05-30,20.9,5.5,75.5,11.1,Cloudy
904966,402763,2025-08-30,19.6,1.5,63.2,8.6,Clear
904967,403257,2024-12-15,23.9,14.0,56.7,9.6,Heavy Rain
904968,403456,2026-06-19,23.3,0.2,55.8,13.5,Haze
904969,401030,2026-03-26,28.3,1.5,93.4,14.6,Haze
904970,402443,2026-05-21,34.8,1.8,69.6,53.2,Cloudy
904971,402507,2025-02-21,35.4,10.5,72.6,37.8,Rain
904973,401462,2025-04-10,38.0,1.6,66.5,4.8,Rain
904974,402833,2024-10-06,15.3,14.8,54.6,2.0,Haze
904975,404752,2025-04-15,28.1,7.0,83.6,17.6,Haze
904976,404321,2026-06-30,21.5,3.0,33.6,3.1,Storm
904977,402755,2025-12-14,33.0,1.3,46.0,2.3,Clear
904978,401059,2025-12-08,34.1,9.7,40.4,0.4,Cloudy
904979,400378,2024-08-01,10.9,3.7,43.5,16.3,Rain
904980,404520,2026-01-15,15.2,7.1,59.8,0.7,Haze
904981,402583,2024-05-04,19.6,8.5,61.4,5.1,Rain
904982,401442,2026-05-13,36.3,3.9,67.6,10.6,Haze
904983,401389,2025-01-11,32.5,19.2,67.4,35.1,Rain
904984,401642,2024-07-02,14.9,8.1,25.3,2.1,Heavy Rain
904985,400369,2025-03-18,26.7,11.1,54.8,5.8,Heavy Rain
904986,403970,2024-10-18,26.6,1.4,70.4,26.3,Heavy Rain
904987,403894,2024-12-04,23.2,1.7,72.9,12.3,Heavy Rain
904988,403534,2025-12-02,23.3,1.4,70.7,6.0,Rain
904989,404156,2024-06-16,24.9,6.6,88.5,24.6,Heavy Rain
904990,402579,2024-08-25,22.6,13.3,75.4,34.8,Rain
904992,403623,2024-02-10,19.9,14.3,70.2,5.3,Cloudy
904993,401706,2026-06-26,29.6,9.1,47.8,2.2,Rain
904994,400854,2024-10-16,24.1,2.6,73.2,22.3,Haze
904995,402046,2025-07-27,27.9,2.2,70.7,1.1,Haze
904996,400541,2024-12-06,33.5,4.5,64.3,2.1,Storm
904997,402183,2024-10-10,36.7,19.8,57.5,1.4,Clear
904998,402873,2024-09-08,22.1,1.9,55.0,8.4,Rain
904999,402490,2024-05-22,20.3,2.2,64.3,7.9,Rain
905000,401465,2025-06-27,28.6,1.3,61.8,25.9,Clear
905001,402558,2025-12-31,42.4,0.7,54.9,2.2,Rain
905002,403458,2025-06-16,32.4,0.2,80.6,8.9,Rain
905003,403017,2025-07-23,24.3,30.9,64.3,3.1,Cloudy
905004,403063,2025-06-30,36.3,10.1,58.5,6.1,Clear
905005,404591,2025-03-09,30.3,14.9,64.3,5.8,Haze
905006,404698,2025-10-15,25.2,13.0,55.6,2.2,Cloudy
905007,403236,2025-04-08,16.6,13.5,63.9,14.6,Clear
905008,400943,2025-12-10,34.2,12.7,100.0,13.3,Clear
905009,401213,2024-07-08,14.8,19.8,43.0,40.7,Rain
905010,403042,2024-09-29,15.4,0.3,66.9,12.3,Heavy Rain
905011,404094,2026-02-16,18.9,6.6,17.5,23.4,Clear
905012,401443,2024-03-24,13.1,27.2,44.1,23.1,Haze
905013,402569,2024-03-02,19.0,11.7,33.6,8.8,Haze
905014,401560,2026-05-20,27.5,0.4,88.2,1.4,Storm
905015,402016,2024-03-08,31.2,10.7,64.3,6.0,Cloudy
905016,404527,2024-03-12,37.5,1.3,52.0,20.0,Storm
905017,401356,2026-05-16,31.0,0.2,62.2,19.4,Storm
905018,403063,2024-04-25,15.4,0.4,53.3,13.4,Haze
905019,404380,2025-12-06,39.3,0.2,79.1,45.7,Cloudy
905020,400320,2024-07-30,17.4,0.5,58.9,2.0,Cloudy
905021,400175,2025-12-06,10.7,2.7,72.6,1.0,Rain
905022,403316,2026-06-04,21.8,0.8,48.6,1.7,Haze
905023,401821,2026-04-17,18.2,0.2,62.4,2.0,Heavy Rain
905024,402660,2025-08-16,23.9,13.4,43.9,0.1,Storm
905025,403717,2025-12-26,29.4,5.4,61.1,8.6,Haze
905026,400088,2024-04-18,34.1,12.5,99.4,14.6,Clear
905027,402520,2024-05-12,36.4,4.6,56.1,5.1,Haze
905028,403753,2025-04-12,23.2,14.5,90.4,5.9,Clear
905029,401109,2024-02-17,24.4,8.2,18.4,25.6,Clear
905030,402441,2026-07-02,29.4,0.1,65.1,20.3,Rain
905031,400128,2025-10-28,33.1,18.8,68.8,5.8,Clear
905032,402541,2024-11-29,45.1,46.5,65.9,2.9,Haze
905033,404021,2026-02-05,18.4,1.0,81.3,4.1,Cloudy
905034,402561,2024-08-22,37.9,13.6,93.8,2.4,Clear
905035,401947,2025-10-08,35.2,11.7,87.6,2.5,Heavy Rain
905036,401850,2026-01-05,18.0,4.8,35.4,20.8,Haze
905037,403983,2025-10-31,28.2,12.3,68.0,10.1,Clear
905038,404844,2025-03-10,28.1,8.7,83.1,9.1,Rain
905039,404710,2024-04-08,37.4,6.8,73.7,6.5,Haze
905040,402550,2025-12-09,29.4,12.7,56.2,0.8,Clear
905041,403871,2024-11-27,27.7,6.9,53.8,11.0,Haze
905042,402994,2025-09-12,13.7,25.0,74.9,4.2,Heavy Rain
905043,401417,2025-03-20,22.9,15.8,88.3,22.6,Haze
905044,402208,2024-12-25,36.9,12.6,33.1,6.6,Cloudy
905045,403618,2024-02-09,31.1,15.8,86.8,0.8,Cloudy
905046,401558,2025-08-08,26.7,0.2,85.8,13.8,Storm
905047,400912,2024-06-30,25.4,3.4,57.1,3.4,Heavy Rain
905048,403436,2025-06-19,36.3,0.6,65.3,7.9,Clear
905049,403889,2025-12-19,22.1,5.7,95.7,21.7,Cloudy
905050,403161,2026-03-11,32.2,6.7,76.2,0.2,Rain
905051,404953,2025-02-24,10.5,1.7,67.2,4.4,Clear
905052,402703,2026-03-25,23.0,10.1,54.0,4.1,Cloudy
905053,401665,2026-02-19,34.4,3.6,96.4,0.0,Storm
905054,404698,2024-04-14,23.8,3.8,62.7,12.3,Haze
905055,403562,2026-05-08,34.8,5.5,73.3,8.4,Rain
905056,400269,2025-07-12,23.8,1.9,51.9,21.7,Heavy Rain
905057,401546,2025-05-06,39.6,8.7,91.3,9.2,Cloudy
905058,404828,2024-02-04,47.5,5.2,99.5,7.8,Rain
905059,403690,2024-05-27,36.9,1.5,75.3,16.0,Haze
905060,402248,2024-06-08,16.8,4.6,45.6,16.5,Storm
905061,402204,2026-05-23,27.2,0.5,58.8,21.9,Clear
905062,401297,2024-07-30,27.8,3.1,55.2,40.0,Heavy Rain
905063,404622,2025-06-09,30.3,8.9,77.4,8.0,Rain
905064,400141,2025-09-10,19.1,1.8,51.4,14.7,Clear
905065,402889,2024-01-08,35.9,10.1,80.0,0.1,Storm
905066,403971,2025-12-18,11.3,0.8,67.6,17.6,Heavy Rain
905067,402091,2025-03-08,14.2,5.1,45.9,26.2,Heavy Rain
905068,400738,2025-10-06,22.2,13.7,69.3,1.1,Rain
905069,402067,2025-12-18,19.7,10.4,70.1,8.3,Haze
905070,401960,2024-12-30,22.7,6.7,62.1,0.6,Clear
905071,402629,2024-07-10,34.8,1.8,80.7,30.0,Storm
905072,402491,2025-10-19,32.6,1.3,49.4,6.7,Rain
905073,404782,2025-12-10,30.9,9.4,99.4,2.7,Storm
905074,403970,2025-07-17,38.8,16.2,70.4,2.5,Storm
905075,401134,2024-08-11,27.0,1.7,92.8,10.1,Heavy Rain
905076,404173,2026-02-19,27.4,5.5,77.5,10.0,Heavy Rain
905077,402817,2024-07-14,25.7,2.9,81.1,3.4,Cloudy
905078,401243,2026-03-09,29.6,2.8,70.6,40.7,Cloudy
905079,401056,2024-04-22,34.9,12.2,78.6,5.0,Cloudy
905080,400887,2025-06-29,25.3,3.0,59.9,29.6,Haze
905081,400768,2026-02-17,19.5,0.6,71.7,13.6,Storm
905083,404524,2026-05-09,13.4,0.5,12.0,2.0,Rain
905084,402503,2024-08-23,17.7,39.5,53.5,2.8,Haze
905085,404591,2025-03-20,41.3,11.5,58.6,7.5,Haze
905086,404539,2026-05-14,19.2,6.8,13.9,1.4,Storm
905087,404763,2025-09-25,29.5,16.7,70.7,38.7,Rain
905088,404559,2024-11-07,16.1,3.1,64.3,3.8,Heavy Rain
905089,400516,2026-06-28,26.7,5.4,50.7,12.5,Clear
905090,402056,2024-06-08,23.1,2.0,32.5,22.0,Rain
905091,401371,2024-09-30,32.5,3.2,45.2,0.1,Heavy Rain
905093,404943,2024-02-05,16.9,0.1,52.9,4.0,Storm
905094,403284,2025-10-29,25.5,31.1,53.5,21.5,Cloudy
905095,404486,2026-03-31,25.1,1.0,64.3,9.9,Storm
905096,404827,2025-04-12,22.0,16.4,65.0,1.2,Rain
905097,404218,2025-04-13,37.9,2.6,85.0,11.6,Storm
905098,402294,2026-02-18,34.3,0.0,98.8,0.3,Clear
905099,400511,2024-04-25,24.6,2.7,68.7,0.1,Heavy Rain
905100,404303,2026-06-30,23.7,21.6,64.9,9.7,Heavy Rain
905101,401079,2025-11-15,19.2,5.1,41.0,1.2,Haze
905102,403327,2024-06-11,34.3,0.8,56.9,0.5,Haze
905103,403212,2025-07-19,32.7,14.3,77.2,8.4,Cloudy
905104,404944,2024-08-11,37.4,0.1,72.0,4.9,Storm
905105,404039,2025-03-14,25.1,3.4,53.4,4.6,Storm
905106,400199,2026-06-12,29.5,23.3,54.8,7.2,Cloudy
905107,404991,2024-08-26,27.4,0.2,63.5,27.0,Clear
905108,401287,2024-07-23,31.1,5.1,58.3,17.6,Heavy Rain
905109,400949,2026-03-05,24.6,14.0,71.2,8.1,Cloudy
905110,404816,2026-06-20,38.9,4.2,65.2,11.9,Storm
905111,400508,2024-02-19,20.1,4.7,81.8,18.5,Storm
905112,403394,2025-04-04,37.2,17.4,29.5,7.7,Rain
905113,402791,2026-02-13,21.2,1.0,81.5,3.7,Storm
905114,404126,2025-09-30,23.9,4.2,89.1,5.6,Storm
905115,400075,2026-01-01,31.8,0.5,71.2,5.4,Clear
905116,402645,2024-03-08,23.2,13.4,72.6,59.6,Clear
905117,404836,2024-08-02,23.8,25.3,38.0,7.8,Cloudy
905118,403540,2025-05-02,34.3,19.5,72.6,32.5,Clear
905119,402327,2025-06-14,37.0,13.8,49.5,12.4,Heavy Rain
905120,402995,2026-04-07,20.0,6.2,43.3,3.7,Heavy Rain
905121,404848,2025-07-23,21.6,16.7,56.9,37.9,Rain
905122,402063,2026-04-11,28.0,18.1,33.1,2.6,Cloudy
905123,402389,2025-01-26,28.7,10.9,58.6,14.2,Storm
905124,404012,2026-06-09,16.8,3.6,91.7,24.7,Rain
905125,402995,2024-04-26,21.0,3.2,66.5,1.8,Clear
905126,400358,2024-05-01,31.6,31.7,74.8,44.3,Heavy Rain
905127,401493,2026-06-23,20.3,1.4,38.4,5.3,Heavy Rain
905128,400192,2024-08-06,32.0,26.6,73.3,5.6,Clear
905129,400409,2024-10-14,25.1,3.7,84.2,29.9,Cloudy
905130,401844,2026-05-18,17.7,17.0,53.6,3.2,Cloudy
905131,401370,2025-03-08,26.1,10.5,39.7,33.3,Heavy Rain
905132,402608,2025-11-05,20.6,2.7,67.1,2.0,Haze
905133,400638,2025-11-02,25.0,3.5,69.3,29.8,Clear
905134,401317,2025-06-16,26.6,10.7,35.7,6.2,Haze
905136,400146,2025-11-20,38.3,20.9,79.6,1.8,Heavy Rain
905137,402340,2025-08-23,24.3,11.2,71.7,16.0,Heavy Rain
905138,400614,2025-12-31,14.6,0.2,59.7,0.1,Cloudy
905139,401442,2024-12-06,20.9,28.9,76.3,24.3,Cloudy
905140,404356,2024-01-16,29.7,18.8,95.3,6.7,Clear
905141,401880,2024-01-05,24.7,6.6,43.9,15.5,Clear
905142,400852,2024-02-28,30.8,20.4,86.3,1.3,Haze
905143,404314,2024-07-03,38.1,0.6,88.4,1.6,Clear
905144,401021,2025-06-18,25.5,23.1,61.5,10.8,Rain
905145,404292,2026-01-22,17.9,18.5,15.8,2.2,Rain
905146,404692,2024-04-18,28.0,21.7,48.9,33.4,Clear
905147,401376,2025-10-09,26.7,27.5,49.9,8.1,Heavy Rain
905148,404062,2026-06-06,29.6,3.9,53.8,27.4,Storm
905149,402822,2024-12-01,19.5,13.0,36.1,3.1,Heavy Rain
905150,401556,2025-11-12,39.3,0.9,67.4,17.9,Heavy Rain
905151,401937,2025-01-01,10.7,4.1,66.1,8.8,Cloudy
905152,400677,2025-08-16,20.6,15.6,77.9,13.5,Heavy Rain
905153,400389,2026-06-09,27.6,6.2,74.9,3.1,Clear
905154,403320,2025-09-22,24.5,5.8,69.4,23.7,Rain
905155,401939,2025-02-14,19.9,6.9,54.3,1.9,Rain
905156,403801,2024-05-16,23.1,4.1,40.7,10.5,Heavy Rain
905157,401264,2024-03-02,29.3,4.2,76.6,4.8,Heavy Rain
905158,403384,2026-04-26,12.6,4.2,57.6,2.7,Clear
905159,400301,2024-07-27,12.2,1.0,92.3,29.8,Heavy Rain
905160,404783,2024-07-01,31.0,24.9,70.5,10.9,Storm
905161,404487,2026-01-22,28.3,14.6,87.2,18.2,Storm
905162,404482,2024-07-04,31.8,7.5,31.6,2.9,Heavy Rain
905163,403327,2024-03-16,8.5,1.9,64.3,2.9,Haze
905164,401849,2024-11-22,15.2,6.6,93.7,3.5,Rain
905165,403469,2025-05-07,29.1,5.4,49.2,8.4,Cloudy
905166,400090,2025-01-14,28.9,0.4,79.8,10.7,Rain
905167,401594,2026-03-19,31.4,5.5,58.9,20.6,Clear
905168,403738,2025-11-01,25.8,26.7,37.0,22.6,Haze
905169,400838,2026-06-11,28.6,2.2,52.1,33.3,Rain
905170,402848,2026-06-16,29.8,2.6,13.6,1.8,Cloudy
905171,404954,2024-12-11,32.8,2.5,53.4,4.5,Cloudy
905172,401912,2026-01-03,17.2,8.4,15.2,6.0,Cloudy
905173,400611,2025-11-28,32.2,0.0,57.5,38.9,Rain
905174,401004,2025-08-23,6.1,0.3,88.4,14.2,Heavy Rain
905175,402220,2025-07-03,32.2,3.7,68.6,0.2,Cloudy
905176,401041,2026-01-27,26.0,4.4,88.0,50.1,Storm
905177,400913,2025-12-08,25.0,14.5,44.3,1.3,Cloudy
905178,402660,2024-11-11,22.4,1.4,74.2,12.2,Rain
905179,404598,2025-02-06,18.6,4.5,72.0,24.0,Cloudy
905180,400584,2024-11-26,36.6,14.4,57.0,4.7,Heavy Rain
905181,403915,2026-03-14,36.1,22.5,57.4,2.3,Heavy Rain
905182,401840,2025-09-28,27.2,4.1,45.4,8.8,Rain
905183,400532,2025-03-23,30.0,29.8,84.6,5.5,Clear
905184,402308,2024-08-08,28.3,6.4,52.4,18.5,Storm
905185,403318,2025-05-11,22.9,2.4,62.2,0.0,Cloudy
905186,403861,2025-11-04,27.6,3.4,54.0,1.7,Heavy Rain
905187,403917,2025-01-31,31.3,12.8,89.8,6.0,Cloudy
905188,404892,2025-08-05,22.0,11.1,64.4,20.9,Storm
905189,403525,2026-02-10,17.5,15.3,83.7,13.2,Heavy Rain
905190,403371,2024-12-12,25.0,3.4,68.2,12.8,Clear
905191,403668,2025-04-17,24.7,29.0,73.4,16.1,Cloudy
905192,402040,2025-08-31,11.5,9.6,54.1,17.2,Cloudy
905193,404413,2025-09-27,26.4,18.5,80.6,9.8,Clear
905194,401581,2026-06-16,25.4,9.8,48.1,1.5,Clear
905195,401111,2024-08-24,29.0,0.3,64.9,11.8,Clear
905196,402085,2025-11-24,34.2,3.1,52.6,26.5,Heavy Rain
905197,401720,2024-12-11,12.7,5.4,80.9,11.4,Clear
905198,403906,2025-08-20,27.4,9.0,60.9,14.9,Clear
905199,403683,2024-01-01,26.3,4.9,55.1,2.3,Rain
905200,403464,2026-02-11,29.4,9.8,54.8,1.7,Haze
905201,404444,2026-05-18,37.1,9.0,71.4,3.4,Clear
905202,401689,2025-04-20,38.5,0.3,69.0,17.7,Rain
905203,402699,2026-03-27,39.9,5.5,69.2,1.7,Clear
905204,402549,2024-07-08,18.9,2.3,64.9,3.3,Rain
905205,402032,2026-03-31,40.3,6.9,19.2,1.2,Storm
905206,403835,2026-06-14,35.7,6.7,64.3,30.9,Clear
905207,403896,2025-06-05,31.3,14.8,48.1,8.2,Heavy Rain
905208,404039,2024-09-03,15.7,0.7,57.4,5.7,Storm
905209,404947,2024-01-25,27.8,9.8,68.6,12.9,Clear
905210,400174,2025-02-13,27.2,3.4,59.3,0.3,Storm
905211,404786,2025-07-22,23.1,2.9,83.1,24.4,Clear
905212,403770,2024-04-04,20.8,14.4,77.3,3.3,Cloudy
905213,401386,2025-12-05,22.4,18.8,68.1,0.9,Storm
905214,400953,2024-02-23,14.3,9.3,61.7,2.6,Clear
905215,402082,2025-08-01,31.4,1.2,69.5,10.8,Haze
905216,404166,2025-06-12,27.0,5.1,82.8,6.7,Clear
905217,400113,2025-12-03,42.5,5.8,73.8,13.1,Rain
905218,403462,2025-04-22,29.0,0.2,50.2,3.4,Rain
905219,403978,2024-06-13,19.2,29.3,61.4,6.1,Cloudy
905220,404345,2025-01-31,32.0,5.6,79.2,6.1,Cloudy
905221,400870,2024-05-10,28.6,2.9,96.6,12.8,Clear
905222,400609,2025-03-05,33.4,0.4,37.4,1.3,Haze
905223,404776,2025-12-18,29.0,15.6,51.9,15.2,Rain
905224,402647,2025-06-27,27.7,20.2,61.2,2.9,Clear
905225,403623,2024-05-31,21.8,9.7,85.7,10.2,Rain
905226,400171,2025-06-04,30.2,21.5,57.0,2.8,Heavy Rain
905227,401991,2026-03-31,22.7,25.4,71.1,1.7,Storm
905228,400284,2024-10-18,17.8,2.4,72.0,21.4,Clear
905229,402865,2026-01-12,27.1,0.6,29.4,11.5,Heavy Rain
905230,400087,2026-03-28,36.6,11.2,64.5,3.1,Heavy Rain
905231,402807,2026-06-12,34.4,1.5,37.4,8.4,Heavy Rain
905232,400204,2025-05-12,29.0,2.7,79.8,1.9,Cloudy
905233,400142,2026-04-29,27.8,0.5,72.1,9.3,Rain
905234,400183,2025-09-16,22.0,4.1,61.1,1.9,Clear
905235,401250,2026-02-14,22.8,0.4,40.2,2.7,Storm
905236,402492,2026-06-30,21.7,1.4,84.2,2.1,Storm
905237,401471,2025-07-30,29.0,4.0,78.8,8.5,Cloudy
905238,404792,2026-02-23,35.3,1.2,66.2,24.5,Haze
905239,402749,2026-06-13,27.0,1.1,29.2,17.2,Rain
905240,401567,2026-06-10,19.0,1.4,54.7,2.7,Storm
905241,402645,2024-12-18,36.8,3.6,58.6,8.9,Haze
905242,400628,2024-04-26,35.4,4.0,89.9,20.5,Clear
905243,401199,2025-03-30,22.5,9.8,79.0,5.2,Clear
905244,402832,2025-08-24,25.9,0.3,68.1,2.9,Rain
905245,403107,2024-10-26,24.7,9.1,3.2,10.9,Heavy Rain
905246,401120,2025-05-18,20.6,11.0,72.9,15.8,Heavy Rain
905247,403279,2025-01-10,31.9,0.9,53.2,1.8,Clear
905248,404072,2025-04-21,14.0,1.1,61.3,7.7,Heavy Rain
905249,401622,2024-01-01,31.3,20.4,78.2,11.0,Haze
905250,400378,2024-04-24,29.2,16.2,73.9,0.6,Clear
905251,402362,2025-03-22,33.1,10.7,57.8,40.2,Clear
905252,404355,2024-04-29,20.0,9.0,69.7,8.7,Cloudy
905253,401519,2026-01-28,21.4,1.7,65.4,6.1,Clear
905254,402837,2025-09-09,19.5,2.9,96.4,5.2,Clear
905255,403572,2024-06-26,43.7,8.4,52.2,14.0,Clear
905256,404773,2025-10-06,25.7,2.9,46.3,3.6,Heavy Rain
905257,400868,2026-05-23,33.3,0.9,64.5,5.7,Rain
905258,401944,2024-05-21,25.3,9.3,59.2,13.7,Heavy Rain
905259,402439,2024-08-15,24.3,2.8,25.8,28.8,Rain
905260,402391,2026-04-19,25.6,0.3,71.9,8.9,Rain
905261,401255,2026-07-11,18.3,19.3,54.6,3.0,Cloudy
905262,403427,2024-05-12,17.9,11.0,85.3,14.1,Rain
905263,400394,2024-12-31,31.5,0.5,84.2,8.1,Cloudy
905264,401931,2024-11-14,37.8,3.9,44.2,0.3,Heavy Rain
905265,401282,2024-11-25,23.2,5.0,72.5,9.6,Rain
905266,404763,2025-07-12,43.2,12.8,56.5,7.5,Storm
905267,402594,2025-06-09,34.4,5.5,48.5,8.6,Cloudy
905268,400068,2025-12-16,33.2,2.6,89.3,49.2,Haze
905269,404553,2025-03-27,39.7,0.1,52.1,17.3,Cloudy
905270,404087,2026-05-07,31.5,1.2,77.6,0.5,Clear
905271,402243,2024-03-04,28.2,16.8,70.6,2.8,Clear
905272,403920,2024-03-30,12.2,1.9,39.6,9.6,Cloudy
905273,403864,2026-03-01,17.3,7.6,61.9,31.9,Heavy Rain
905274,400698,2026-01-22,19.9,1.3,56.5,33.1,Clear
905275,402312,2025-04-29,20.1,3.2,37.7,13.8,Cloudy
905276,403076,2025-06-02,38.8,3.2,72.5,20.1,Cloudy
905278,401489,2026-06-06,29.2,9.0,50.2,0.2,Storm
905279,402162,2026-07-02,20.9,18.0,55.4,0.4,Haze
905280,402429,2025-06-04,33.7,13.5,69.8,7.9,Rain
905281,400478,2026-02-05,25.3,2.6,74.3,4.4,Haze
905282,402202,2025-06-27,12.4,11.9,99.8,1.0,Heavy Rain
905283,401151,2025-11-09,26.5,16.0,61.4,0.1,Rain
905285,401145,2024-02-28,39.8,2.2,64.3,13.9,Heavy Rain
905286,404359,2026-03-20,37.0,9.4,72.4,1.0,Storm
905287,404388,2024-03-02,24.2,7.5,76.9,5.3,Haze
905288,404986,2025-05-06,19.9,4.3,66.4,31.4,Rain
905289,403251,2026-01-22,19.3,33.1,65.0,11.2,Rain
905290,402997,2025-08-20,42.4,12.4,34.8,0.1,Haze
905291,401506,2024-08-27,28.0,11.1,83.2,10.7,Haze
905292,401842,2025-02-06,27.8,14.3,82.6,31.3,Haze
905293,400569,2026-06-10,35.6,8.1,83.3,9.2,Heavy Rain
905294,404957,2024-11-16,21.8,0.7,58.8,3.8,Rain
905295,401400,2024-07-05,34.6,2.5,46.5,44.3,Rain
905296,404978,2025-03-01,30.7,4.8,58.8,0.5,Rain
905297,403269,2026-03-05,45.5,0.7,51.8,3.9,Heavy Rain
905298,401290,2024-10-09,41.2,22.5,9.4,21.3,Cloudy
905299,404642,2024-10-29,22.6,1.4,83.5,4.6,Storm
905301,402521,2026-03-27,32.2,5.1,62.0,12.2,Haze
905302,402502,2026-05-16,32.5,19.8,55.7,8.8,Haze
905303,404829,2026-06-06,22.5,2.4,63.8,61.6,Rain
905304,402632,2024-07-08,39.9,2.6,48.4,1.3,Storm
905305,403529,2024-09-25,15.1,4.9,85.3,9.8,Heavy Rain
905306,403973,2024-07-22,26.5,0.9,66.9,20.9,Heavy Rain
905307,403462,2024-08-28,11.1,11.1,78.8,2.1,Haze
905308,402741,2025-10-23,24.7,8.5,61.8,71.1,Cloudy
905309,402452,2025-08-28,30.0,3.7,64.4,11.9,Heavy Rain
905310,400519,2026-04-04,27.2,2.8,81.0,13.4,Heavy Rain
905311,404897,2024-10-20,24.7,3.4,47.9,21.7,Cloudy
905312,403823,2024-07-03,23.3,30.6,81.3,5.2,Haze
905313,404162,2025-08-22,32.0,23.3,59.6,6.5,Rain
905314,402780,2026-04-08,30.3,1.4,67.5,40.9,Storm
905315,404391,2024-10-28,23.3,0.6,82.9,0.4,Rain
905316,401161,2026-01-16,32.1,0.9,55.7,4.7,Haze
905317,403785,2026-06-03,28.8,5.5,75.9,13.5,Rain
905318,404892,2025-03-04,29.6,4.7,35.2,5.5,Heavy Rain
905319,403880,2026-05-19,22.8,8.2,59.5,0.5,Heavy Rain
905320,404892,2026-03-19,24.4,17.8,90.4,21.6,Storm
905321,402187,2024-04-12,28.0,5.2,46.8,9.4,Clear
905322,401371,2026-06-03,42.0,0.2,20.6,53.9,Cloudy
905323,402574,2024-06-12,27.3,2.1,58.3,1.2,Heavy Rain
905324,402338,2026-02-26,25.9,22.7,56.6,13.2,Storm
905325,404614,2025-12-17,30.0,3.7,68.8,17.8,Storm
905326,402160,2026-01-02,21.2,2.2,72.1,22.4,Rain
905327,404548,2025-08-11,18.5,13.0,64.3,0.7,Storm
905328,404746,2024-01-29,36.9,22.5,67.3,32.4,Cloudy
905329,404583,2025-04-17,27.8,6.1,26.7,29.4,Rain
905330,402541,2024-01-20,21.3,9.8,94.7,3.7,Haze
905331,404320,2025-12-03,15.7,0.6,47.9,4.6,Clear
905332,400861,2025-10-17,35.0,25.1,54.2,6.7,Heavy Rain
905333,402459,2026-02-03,30.6,4.0,73.2,3.8,Clear
905334,403883,2024-09-27,20.3,5.6,34.3,29.4,Storm
905335,401014,2025-07-25,31.0,1.1,58.4,13.7,Storm
905336,404980,2025-11-04,15.1,4.8,59.4,29.3,Heavy Rain
905337,400027,2026-07-14,40.5,3.3,63.6,13.3,Haze
905338,400417,2025-10-19,20.4,7.8,36.8,12.7,Storm
905339,404584,2026-03-16,14.7,9.2,92.4,37.5,Storm
905340,401916,2025-02-22,23.2,6.9,57.1,15.1,Haze
905341,404963,2026-02-24,34.6,6.8,91.1,20.4,Heavy Rain
905342,404404,2025-03-02,23.5,0.6,52.4,26.5,Storm
905343,400452,2025-01-16,19.9,5.3,82.6,15.6,Storm
905344,401843,2025-08-02,29.6,7.4,26.9,14.2,Clear
905345,401077,2026-03-01,38.2,13.8,60.2,1.2,Rain
905346,404813,2024-04-23,30.4,2.4,69.3,1.4,Storm
905347,400749,2024-08-14,19.6,0.9,72.4,24.9,Storm
905348,400273,2025-10-02,20.4,30.0,64.3,1.2,Heavy Rain
905349,400840,2025-07-10,32.2,9.5,78.1,3.9,Storm
905350,400588,2025-11-01,31.0,0.3,74.9,5.8,Heavy Rain
905351,400917,2024-12-26,41.8,2.6,74.5,8.9,Cloudy
905352,403294,2026-06-23,30.8,1.7,73.5,5.6,Haze
905353,404400,2026-02-11,20.9,38.5,95.2,1.1,Storm
905354,401027,2024-06-03,17.4,1.5,60.9,0.1,Rain
905355,400274,2024-09-15,25.4,0.8,51.0,0.5,Clear
905356,401983,2024-04-03,29.0,5.9,64.6,8.9,Rain
905357,403654,2025-05-22,3.0,6.7,51.9,15.5,Clear
905358,401252,2026-03-02,28.7,2.0,78.7,19.1,Haze
905359,404177,2026-05-15,27.0,4.3,60.9,0.8,Cloudy
905360,400494,2026-07-07,16.9,5.7,59.8,5.7,Heavy Rain
905361,402514,2024-12-16,27.9,8.1,40.8,21.0,Cloudy
905362,403933,2025-09-27,10.7,6.5,60.9,1.1,Clear
905363,402373,2025-07-31,31.2,2.1,56.0,11.2,Rain
905364,403468,2025-02-09,21.3,6.3,49.8,1.0,Heavy Rain
905366,403976,2024-06-27,14.4,7.9,43.9,13.4,Rain
905367,401334,2024-07-17,20.1,1.1,70.5,49.5,Heavy Rain
905368,402024,2024-05-02,15.8,4.0,61.8,1.8,Rain
905369,402494,2024-10-06,24.3,13.3,72.8,1.2,Heavy Rain
905370,403463,2026-01-16,26.5,4.5,90.7,4.7,Heavy Rain
905371,402657,2025-07-03,23.4,6.8,80.1,4.6,Rain
905372,403149,2026-05-01,25.1,1.6,84.8,16.7,Cloudy
905373,400593,2024-01-28,39.4,11.2,84.5,4.1,Clear
905374,400459,2025-09-18,28.5,0.4,30.5,9.9,Rain
905375,402152,2025-04-02,38.8,1.6,53.5,19.8,Clear
905376,401671,2026-06-14,33.5,5.0,86.6,20.6,Clear
905377,402948,2024-03-10,10.3,1.3,51.9,1.2,Heavy Rain
905378,400598,2025-05-06,29.3,5.5,63.0,1.1,Clear
905379,403733,2024-01-01,44.7,0.0,74.9,59.2,Haze
905380,402700,2025-02-08,37.9,3.2,60.0,55.3,Clear
905381,400217,2026-05-19,19.5,35.7,89.0,3.9,Rain
905382,403073,2024-12-09,41.7,4.9,62.1,2.7,Storm
905383,402237,2026-06-09,28.2,17.5,45.1,20.6,Rain
905384,403162,2026-06-04,24.5,15.3,77.5,4.9,Cloudy
905385,402815,2024-03-05,27.0,5.8,74.9,8.6,Haze
905386,402902,2024-06-25,10.8,0.1,83.3,15.9,Storm
905387,400272,2024-01-09,21.3,3.1,49.3,4.3,Haze
905388,401601,2025-09-27,9.1,1.8,99.7,4.4,Rain
905389,400607,2024-12-20,21.5,7.7,88.3,7.0,Rain
905390,403754,2025-07-01,22.1,2.1,74.3,13.5,Clear
905391,404941,2024-06-26,19.4,9.7,76.5,2.2,Haze
905392,403049,2025-02-26,38.0,12.5,47.4,13.7,Rain
905393,402030,2026-01-10,31.5,0.1,62.1,3.7,Clear
905394,403229,2024-09-12,27.6,1.3,69.1,23.2,Cloudy
905395,401616,2024-06-17,20.6,4.0,95.4,23.0,Heavy Rain
905396,403111,2025-05-09,29.3,15.7,45.6,5.8,Haze
905397,404857,2025-02-14,30.5,5.5,76.9,8.1,Rain
905398,404791,2024-12-04,24.7,12.8,49.4,2.0,Heavy Rain
905399,403492,2025-07-23,20.0,32.6,85.4,5.5,Heavy Rain
905400,403386,2024-09-03,18.3,4.2,60.1,3.9,Heavy Rain
905401,401195,2025-04-30,38.1,3.5,32.3,21.6,Clear
905402,404108,2024-10-02,12.6,18.3,60.1,18.7,Clear
905403,402857,2024-07-03,27.0,10.7,56.2,2.2,Rain
905404,400367,2024-04-24,25.4,1.1,68.5,8.0,Rain
905405,402822,2024-04-23,18.9,19.0,43.6,0.6,Heavy Rain
905406,402796,2024-08-21,27.1,2.7,42.6,17.6,Haze
905407,402092,2024-10-18,29.0,10.6,47.1,15.7,Rain
905408,400225,2025-08-20,33.6,2.3,48.1,14.8,Cloudy
905409,403569,2025-01-01,33.6,17.9,64.8,0.8,Clear
905410,403746,2024-02-13,30.2,3.8,60.4,10.8,Storm
905411,402980,2024-01-15,19.1,4.7,52.4,0.6,Storm
905412,403810,2025-12-10,21.5,0.4,94.0,24.4,Haze
905413,400457,2026-03-12,32.8,3.1,58.9,19.6,Storm
905414,401555,2025-04-14,27.6,19.5,62.3,23.8,Clear
905415,402871,2026-07-14,27.0,18.9,64.0,26.6,Storm
905416,400239,2025-11-10,31.1,18.1,88.5,10.9,Cloudy
905417,401380,2024-04-05,29.4,18.3,56.1,11.9,Clear
905418,403799,2024-11-26,26.7,8.0,38.2,34.2,Heavy Rain
905419,400935,2026-01-09,28.7,0.2,40.0,17.6,Haze
905420,402565,2024-11-15,46.5,11.7,87.1,7.4,Heavy Rain
905421,402580,2026-07-05,29.6,2.6,27.5,16.8,Haze
905422,403652,2025-03-11,4.3,4.4,53.7,8.9,Storm
905423,403253,2025-09-17,24.0,2.1,33.5,0.2,Haze
905424,402825,2025-06-10,23.8,1.5,64.3,8.2,Clear
905425,400925,2024-06-01,31.0,3.4,50.2,5.4,Haze
905426,401389,2024-02-14,32.4,3.2,47.8,4.6,Heavy Rain
905427,404189,2025-05-30,37.7,18.8,44.8,14.1,Heavy Rain
905428,400076,2026-06-18,24.5,0.8,95.1,6.9,Clear
905429,402014,2026-02-26,29.7,5.6,64.3,18.8,Storm
905430,403349,2026-05-01,18.7,4.3,71.9,20.9,Cloudy
905431,404700,2024-03-19,37.0,19.9,64.3,0.2,Clear
905432,403709,2024-08-07,18.8,1.9,68.2,1.6,Storm
905433,404581,2024-06-22,38.9,14.8,54.9,9.1,Cloudy
905434,400160,2025-12-17,8.6,23.5,41.9,13.1,Storm
905435,400777,2025-01-13,29.6,5.4,62.7,6.6,Cloudy
905436,401860,2024-04-14,28.0,1.5,69.8,2.8,Haze
905437,403067,2025-08-13,16.6,3.3,40.7,7.6,Cloudy
905438,403497,2026-01-19,21.1,1.0,43.1,2.3,Clear
905439,404713,2026-03-12,28.2,5.3,30.0,6.2,Clear
905440,403298,2026-06-08,36.9,1.4,81.6,11.7,Haze
905441,402636,2025-07-31,32.4,3.3,83.7,4.2,Cloudy
905442,401067,2025-11-01,21.5,10.8,55.3,13.7,Haze
905443,401334,2024-04-17,36.4,1.1,17.9,1.1,Storm
905444,402180,2026-06-11,22.8,6.3,52.1,15.3,Haze
905445,402010,2024-12-30,26.8,1.5,83.2,1.5,Heavy Rain
905446,404404,2026-03-25,27.9,5.3,59.7,11.2,Cloudy
905447,401109,2024-09-10,22.2,7.3,33.9,0.6,Clear
905448,401116,2025-08-19,18.5,5.5,66.2,9.0,Storm
905449,403283,2025-09-08,17.2,7.4,86.0,42.8,Rain
905450,401599,2025-08-10,39.4,8.2,54.1,35.2,Cloudy
905451,404597,2025-12-01,30.7,24.0,70.7,25.9,Haze
905452,402942,2025-08-06,39.1,2.8,27.2,4.9,Clear
905453,400993,2025-12-28,32.7,3.5,70.8,12.9,Clear
905454,403751,2025-12-09,44.1,1.7,94.8,0.5,Haze
905455,400508,2025-05-11,24.6,4.2,55.5,7.1,Heavy Rain
905456,401937,2025-08-27,26.5,2.5,49.4,17.6,Clear
905457,404870,2026-05-26,28.3,1.1,64.3,7.8,Storm
905458,403828,2026-06-25,36.6,13.5,64.3,30.0,Clear
905460,404381,2024-08-04,13.9,20.1,23.2,4.9,Rain
905461,401514,2024-08-13,26.7,6.3,50.8,3.1,Heavy Rain
905462,404527,2025-07-20,27.7,8.3,80.2,13.8,Clear
905463,404006,2026-06-30,26.0,5.5,76.9,1.4,Clear
905464,404365,2026-05-25,19.5,2.2,51.3,0.6,Rain
905465,404846,2025-02-04,24.8,0.0,31.2,0.7,Heavy Rain
905466,403739,2026-02-22,38.5,3.4,99.4,8.2,Rain
905467,402753,2026-01-12,31.1,3.4,45.7,4.2,Rain
905468,403006,2025-11-30,14.9,8.3,82.1,1.9,Haze
905469,403056,2025-12-24,21.8,2.0,66.6,6.4,Cloudy
905470,403389,2025-11-09,2.6,31.6,40.6,12.3,Haze
905471,404638,2025-10-06,39.0,8.8,51.9,10.7,Clear
905472,404280,2026-07-16,18.8,1.5,67.1,3.3,Cloudy
905473,401770,2026-02-19,27.0,13.3,52.0,2.5,Storm
905474,404205,2024-11-08,28.7,1.9,71.3,42.0,Storm
905475,404939,2025-10-07,41.1,16.1,95.5,2.8,Clear
905476,402389,2026-05-18,19.3,18.8,78.6,0.0,Rain
905477,402017,2024-12-04,37.0,13.4,84.1,12.4,Cloudy
905478,402889,2025-06-14,26.2,4.5,57.4,2.3,Clear
905479,402064,2024-07-27,24.1,7.4,49.2,17.3,Cloudy
905480,403776,2025-01-04,37.0,16.2,40.3,16.1,Clear
905482,400915,2024-08-08,38.2,35.6,74.5,18.2,Rain
905483,403856,2024-01-19,22.6,0.8,62.1,2.4,Clear
905484,400060,2026-02-10,35.1,4.1,91.1,12.6,Rain
905485,404719,2025-04-01,26.4,33.5,62.0,2.4,Rain
905486,400153,2025-03-02,31.4,3.6,70.5,25.5,Clear
905487,400099,2024-12-08,37.3,0.1,77.0,19.2,Rain
905488,404550,2025-08-10,24.1,0.8,95.7,17.3,Storm
905489,401259,2026-04-15,14.0,9.0,88.6,4.4,Storm
905490,400805,2026-02-14,20.5,9.2,61.1,4.0,Clear
905491,401749,2025-05-28,23.6,2.3,53.5,6.7,Storm
905492,400944,2025-10-31,39.0,27.5,51.6,9.2,Clear
905493,402383,2025-06-13,24.9,5.5,71.1,5.3,Heavy Rain
905494,400296,2024-06-25,18.0,10.2,95.7,4.6,Cloudy
905496,404998,2025-01-14,38.4,0.7,71.1,1.1,Clear
905497,404467,2025-06-18,24.7,2.5,33.7,2.6,Clear
905498,402821,2025-08-24,35.3,5.3,81.4,12.9,Clear
905499,401441,2026-04-09,16.2,1.9,41.4,15.4,Cloudy
905500,400984,2024-02-20,32.2,6.3,65.8,5.0,Clear
905501,404667,2026-01-02,27.8,16.9,52.8,21.5,Rain
905502,403946,2024-03-08,9.1,1.0,78.1,1.5,Cloudy
905503,404581,2026-02-09,39.7,13.8,61.3,2.5,Haze
905504,402520,2025-10-05,32.4,2.3,52.2,16.2,Clear
905505,403813,2026-01-07,22.9,4.2,40.4,3.4,Storm
905506,400249,2024-05-18,36.2,5.6,63.9,15.3,Rain
905507,401294,2025-05-31,30.4,4.4,87.1,1.4,Cloudy
905508,400356,2025-10-04,39.6,15.0,51.0,27.6,Storm
905509,404328,2024-06-02,18.5,11.2,55.9,5.3,Rain
905510,404481,2024-10-11,42.5,0.6,55.3,3.9,Cloudy
905511,402299,2024-01-09,21.8,3.6,92.9,8.3,Storm
905512,401706,2024-05-13,13.3,13.7,33.8,26.3,Haze
905513,400995,2026-07-18,30.0,2.1,52.9,2.7,Storm
905514,403649,2024-10-26,30.5,7.7,72.2,26.7,Storm
905515,400814,2025-03-04,22.6,2.0,72.8,0.9,Rain
905516,403263,2026-01-20,18.9,7.8,78.8,4.6,Clear
905517,404185,2024-10-07,22.4,0.6,65.4,5.2,Haze
905518,404372,2025-09-16,27.4,1.2,76.1,15.2,Storm
905519,401151,2026-06-01,35.9,3.1,35.1,3.4,Storm
905520,400199,2025-05-05,16.0,25.6,83.4,4.8,Clear
905521,404015,2026-02-13,25.8,2.0,41.1,3.6,Cloudy
905522,401632,2024-03-28,23.7,9.4,82.0,8.0,Storm
905523,400527,2024-05-09,32.2,24.0,70.4,11.5,Cloudy
905524,402530,2024-10-01,38.4,1.8,96.8,30.5,Storm
905525,402012,2024-08-30,30.3,1.5,47.8,11.5,Rain
905526,402004,2024-03-21,15.1,0.7,67.7,9.3,Haze
905527,401439,2026-06-08,36.5,6.3,42.5,7.0,Cloudy
905528,400280,2025-05-17,18.3,3.8,75.6,0.2,Rain
905529,401027,2024-01-23,32.6,4.8,66.3,15.0,Storm
905530,401128,2024-02-13,20.0,10.5,64.3,1.3,Heavy Rain
905531,404149,2024-02-16,32.0,10.0,66.8,50.4,Clear
905532,401882,2025-10-12,20.9,3.7,60.7,0.6,Clear
905533,402004,2024-05-14,26.3,6.0,46.6,4.0,Storm
905534,400116,2025-11-21,37.9,4.6,84.3,4.2,Haze
905535,401899,2024-12-09,24.0,13.3,68.0,2.9,Storm
905536,404785,2025-08-01,23.6,0.8,68.5,6.1,Clear
905537,400095,2024-05-31,41.3,1.1,40.4,3.0,Clear
905538,403168,2026-06-25,29.2,9.0,49.3,25.1,Rain
905539,401220,2024-07-21,27.9,12.9,54.4,4.4,Rain
905540,400688,2025-12-01,25.3,7.5,66.9,2.4,Clear
905541,403265,2026-01-29,30.4,13.9,90.2,13.0,Rain
905542,402228,2025-06-24,26.7,0.7,50.9,5.6,Storm
905543,401515,2026-07-16,25.0,1.1,52.6,3.6,Cloudy
905544,401370,2025-01-09,32.6,18.9,97.1,5.3,Clear
905545,403393,2024-11-17,19.8,13.0,64.4,5.0,Storm
905546,402962,2025-10-13,34.5,15.0,36.4,7.3,Storm
905548,402089,2026-01-23,39.2,6.2,38.0,9.8,Heavy Rain
905549,404421,2024-07-30,15.8,12.2,80.5,6.6,Storm
905550,402574,2025-02-16,17.5,2.1,92.5,21.1,Cloudy
905551,403091,2024-07-06,46.9,5.6,43.2,2.7,Haze
905552,403110,2025-06-13,26.7,0.3,64.6,12.5,Rain
905554,400302,2026-06-11,24.9,11.9,51.5,13.0,Rain
905555,400565,2025-12-05,23.9,27.5,39.3,10.1,Storm
905556,403795,2025-05-30,31.5,0.3,67.2,6.6,Cloudy
905557,402307,2026-01-09,36.1,8.1,79.5,1.9,Storm
905558,400811,2025-12-16,29.2,1.2,70.1,1.4,Heavy Rain
905559,400575,2026-01-04,38.2,4.5,86.4,17.8,Storm
905560,404916,2026-05-20,22.4,16.5,35.8,9.9,Heavy Rain
905561,404188,2024-10-28,43.5,2.8,39.5,24.7,Clear
905562,403958,2024-10-14,28.7,0.6,64.3,3.3,Rain
905563,400687,2025-03-17,25.9,6.5,65.2,6.4,Clear
905564,403859,2024-10-05,11.8,13.3,59.1,1.7,Heavy Rain
905565,404121,2024-07-16,31.4,2.6,64.7,0.2,Haze
905566,403547,2026-01-07,22.0,13.5,67.6,39.1,Heavy Rain
905567,404855,2024-11-27,26.9,0.5,85.8,0.8,Heavy Rain
905568,401506,2025-05-03,28.3,17.8,74.6,13.2,Haze
905569,402880,2026-05-09,33.6,2.0,62.3,10.7,Cloudy
905570,401905,2025-05-07,26.3,15.0,42.3,0.9,Rain
905571,400793,2024-02-24,26.7,10.3,30.0,1.9,Heavy Rain
905572,402885,2024-09-01,29.7,6.6,36.1,14.3,Heavy Rain
905573,402121,2026-06-23,37.1,2.9,63.8,3.4,Clear
905574,403581,2024-08-22,38.0,4.3,81.4,15.6,Rain
905575,402630,2025-10-27,16.6,2.3,77.1,16.5,Rain
905576,404915,2026-07-03,15.4,11.7,64.9,18.3,Storm
905577,403422,2025-09-24,30.7,3.3,68.9,20.5,Heavy Rain
905578,404271,2025-03-30,38.4,13.7,40.7,0.6,Rain
905579,404827,2025-08-24,35.2,18.6,56.2,11.8,Clear
905580,404241,2024-11-07,16.6,0.8,38.3,9.2,Cloudy
905581,400878,2024-06-24,22.7,15.1,42.7,0.1,Storm
905582,400869,2026-05-18,34.0,0.4,50.0,12.3,Heavy Rain
905583,404400,2026-06-24,23.0,1.2,81.8,10.3,Haze
905584,400301,2024-01-29,27.8,6.0,69.4,18.8,Rain
905585,402861,2026-01-27,32.9,4.3,80.6,3.1,Haze
905586,403001,2025-09-28,45.3,12.9,51.2,12.7,Clear
905587,401617,2025-11-20,23.4,9.1,64.6,13.3,Clear
905588,400271,2024-11-19,28.0,2.4,64.3,7.1,Rain
905589,403376,2026-02-26,24.6,1.0,89.2,20.8,Heavy Rain
905590,400498,2026-07-06,18.1,7.3,49.2,19.2,Cloudy
905591,402798,2025-02-07,28.9,9.4,60.1,1.4,Haze
905592,402901,2026-07-02,16.6,19.9,27.1,3.7,Heavy Rain
905593,403896,2024-08-17,24.7,0.7,54.6,6.0,Rain
905594,403883,2025-08-21,27.0,0.5,55.1,2.1,Rain
905595,403880,2026-05-11,27.4,0.3,71.3,14.4,Heavy Rain
905596,403519,2025-04-05,28.4,2.4,64.9,17.1,Heavy Rain
905597,401948,2026-05-26,6.7,0.0,97.7,8.0,Haze
905598,402963,2024-08-14,34.5,4.3,65.9,3.5,Rain
905599,401726,2026-05-09,12.0,8.1,67.2,37.4,Storm
905600,400789,2025-05-10,23.3,8.8,94.1,29.4,Rain
905601,402573,2024-04-14,21.8,12.7,82.3,60.3,Storm
905602,403770,2025-07-05,44.7,5.5,75.6,3.2,Storm
905603,404146,2024-05-25,19.9,0.8,76.1,43.8,Heavy Rain
905604,400033,2024-11-08,17.7,2.7,41.1,40.1,Storm
905605,403836,2026-05-10,36.5,1.6,80.8,2.2,Haze
905606,400909,2024-03-01,29.0,0.1,18.1,13.1,Cloudy
905607,404052,2024-08-24,24.5,8.8,63.4,7.6,Heavy Rain
905608,404383,2024-09-04,17.6,9.2,52.9,3.0,Storm
905609,402414,2025-01-16,28.2,1.0,79.6,1.9,Haze
905610,403874,2025-02-09,22.7,1.0,32.7,10.2,Clear
905611,401272,2024-04-23,25.9,1.6,57.7,6.0,Heavy Rain
905612,402469,2026-06-08,28.4,4.5,69.1,8.2,Rain
905613,404697,2024-11-04,33.7,8.0,76.1,3.0,Rain
905614,401176,2026-03-18,23.0,4.6,51.9,4.3,Haze
905615,401900,2024-03-06,31.5,5.2,63.9,18.1,Haze
905616,401318,2024-07-27,11.9,7.2,94.4,4.5,Clear
905617,404754,2024-03-24,35.9,0.2,72.3,5.2,Storm
905618,402555,2025-12-10,26.5,5.5,82.4,5.3,Heavy Rain
905619,400664,2025-12-19,25.4,8.6,92.9,43.3,Heavy Rain
905620,402828,2025-07-21,30.3,6.4,64.4,17.4,Heavy Rain
905621,402734,2025-01-05,16.4,1.8,70.8,12.0,Rain
905622,403979,2026-06-15,16.5,1.6,44.6,9.0,Haze
905623,403506,2024-03-09,32.9,12.6,39.6,37.5,Rain
905624,403338,2026-06-06,10.3,1.8,62.7,17.4,Rain
905625,400895,2025-07-30,18.1,7.0,72.0,1.0,Storm
905626,404328,2024-03-30,25.8,5.0,64.2,7.2,Haze
905627,403540,2026-06-17,35.3,15.0,75.7,21.3,Storm
905628,401303,2025-11-04,25.8,14.6,75.4,37.3,Rain
905629,403021,2026-04-09,29.7,13.6,53.9,6.0,Rain
905630,403654,2024-03-03,21.8,1.0,67.7,1.8,Heavy Rain
905631,403469,2025-04-20,15.8,1.3,65.1,23.6,Storm
905632,404426,2024-03-12,29.5,1.8,56.5,5.6,Rain
905633,402061,2024-10-25,36.0,5.4,47.1,4.5,Rain
905634,402748,2026-04-17,24.5,8.1,99.4,3.6,Heavy Rain
905635,404067,2025-10-22,26.3,8.3,72.8,12.9,Heavy Rain
905636,402441,2026-06-17,18.4,30.1,66.4,2.0,Haze
905637,403475,2025-11-21,19.6,3.1,60.6,3.5,Haze
905638,404817,2025-12-19,29.0,0.3,79.0,11.0,Cloudy
905639,402140,2024-11-22,24.1,11.1,83.6,7.2,Cloudy
905640,400821,2024-10-17,24.2,4.2,56.9,0.1,Haze
905641,402116,2024-08-08,21.2,1.7,77.9,6.0,Clear
905642,400055,2024-09-27,24.3,3.6,90.5,24.7,Rain
905643,404018,2025-10-22,28.1,0.8,59.3,6.2,Cloudy
905644,404361,2025-12-23,16.3,15.2,80.2,14.6,Rain
905645,400567,2026-07-11,29.5,2.2,51.9,9.2,Rain
905646,401377,2025-01-19,29.8,1.9,58.5,5.8,Storm
905647,403239,2025-06-14,25.1,25.4,40.3,33.8,Clear
905648,401290,2026-02-05,31.8,1.1,73.7,5.5,Rain
905649,404228,2026-04-02,35.2,0.4,81.3,24.0,Clear
905650,401435,2025-06-04,48.4,3.2,50.0,13.8,Haze
905651,401420,2025-06-03,29.0,14.4,77.0,2.3,Rain
905652,403929,2025-02-11,15.1,2.2,64.3,11.2,Haze
905653,403835,2025-03-16,30.2,1.3,68.4,1.6,Haze
905654,402690,2024-12-18,14.3,5.7,48.0,11.6,Haze
905655,401253,2025-10-07,16.1,10.6,70.4,1.9,Rain
905656,404976,2024-06-04,22.7,2.4,81.9,3.8,Clear
905657,401568,2025-10-14,29.3,3.8,91.9,0.0,Rain
905658,404880,2024-12-23,33.2,12.0,74.0,2.2,Storm
905659,404447,2025-05-26,28.8,3.8,60.6,10.1,Clear
905660,402699,2025-01-20,37.1,10.5,40.7,23.2,Storm
905661,404457,2025-03-31,9.0,0.4,77.4,10.3,Storm
905662,400625,2024-09-24,38.2,9.8,64.3,45.0,Clear
905663,404567,2024-06-13,24.0,15.6,65.6,17.0,Storm
905664,403914,2024-08-27,17.2,16.6,49.0,17.3,Clear
905665,402189,2025-06-01,39.7,17.8,51.8,10.1,Cloudy
905666,400901,2024-11-24,28.5,19.0,75.2,12.2,Heavy Rain
905667,400687,2026-01-18,24.6,4.3,49.7,14.2,Cloudy
905668,403247,2025-01-13,42.9,4.2,65.7,1.2,Rain
905669,403661,2024-08-27,27.8,1.7,87.3,18.9,Clear
905670,401416,2025-04-26,19.9,0.0,79.3,10.7,Rain
905671,401364,2026-06-29,22.0,23.1,60.3,15.0,Storm
905672,401649,2024-09-14,37.3,4.4,86.2,12.1,Heavy Rain
905673,400541,2024-08-07,24.4,10.8,78.8,0.1,Storm
905674,400147,2025-12-28,25.9,6.1,69.7,5.2,Storm
905675,403184,2025-12-05,26.8,13.6,59.6,16.7,Clear
905676,400904,2024-07-21,26.2,0.5,55.2,16.0,Rain
905677,403868,2024-09-04,28.8,1.2,58.4,13.1,Heavy Rain
905678,402059,2024-04-26,31.6,8.1,54.8,6.5,Rain
905679,404095,2026-07-05,22.5,16.4,62.1,10.7,Cloudy
905680,400202,2025-06-08,12.0,0.3,63.8,18.8,Heavy Rain
905681,401085,2025-01-17,30.9,20.1,63.2,5.5,Clear
905682,401076,2025-09-30,36.8,8.1,43.6,11.3,Storm
905683,404113,2024-05-26,30.8,1.5,96.9,3.3,Haze
905684,402121,2024-11-14,37.6,5.5,52.7,5.2,Rain
905685,400600,2024-03-17,31.5,0.9,94.2,5.5,Cloudy
905686,404461,2024-06-13,21.0,19.7,75.0,1.9,Cloudy
905687,402628,2026-03-20,32.0,7.1,51.5,5.7,Storm
905688,401428,2025-10-03,24.6,5.9,63.9,0.7,Heavy Rain
905689,401254,2026-01-18,31.2,5.5,72.7,12.3,Cloudy
905690,403872,2026-03-01,34.1,2.7,60.1,5.8,Rain
905691,403925,2024-07-29,22.0,6.5,52.7,4.7,Storm
905692,404401,2025-03-06,35.0,4.2,58.4,9.8,Storm
905693,402761,2026-06-24,27.2,4.5,80.8,23.5,Heavy Rain
905694,403483,2025-12-18,25.5,0.2,82.9,1.4,Heavy Rain
905695,401244,2024-06-02,34.3,3.8,52.4,1.3,Cloudy
905696,400010,2024-02-13,4.1,17.1,93.3,7.1,Storm
905697,402817,2025-08-06,37.7,18.8,79.8,4.4,Rain
905698,402578,2025-06-01,35.2,10.8,59.6,45.5,Heavy Rain
905699,401027,2026-07-14,29.0,29.2,85.7,2.5,Rain
905700,402206,2026-06-27,33.7,7.9,46.7,4.2,Cloudy
905701,402598,2025-03-04,22.4,11.6,82.1,8.4,Cloudy
905702,401436,2025-06-27,29.6,15.0,46.1,0.2,Haze
905703,402462,2025-05-26,29.5,5.2,53.2,6.5,Storm
905705,402727,2025-01-18,26.0,0.8,64.5,5.1,Cloudy
905706,404517,2025-02-04,19.0,5.6,61.6,7.0,Haze
905707,404862,2024-07-03,30.8,5.9,78.8,0.6,Cloudy
905708,401324,2026-07-05,27.4,10.7,64.3,1.5,Cloudy
905709,401981,2025-02-27,27.6,6.7,58.1,12.7,Heavy Rain
905710,402854,2026-05-06,25.2,8.0,43.6,4.4,Clear
905711,404320,2026-05-27,29.1,5.0,64.6,3.6,Heavy Rain
905712,400744,2024-09-28,37.4,1.3,67.1,14.5,Cloudy
905713,400205,2024-04-16,18.2,2.1,69.2,0.4,Clear
905714,402029,2026-02-24,22.1,4.5,64.0,2.0,Haze
905715,401206,2024-01-12,20.3,2.6,69.1,0.6,Cloudy
905716,401468,2024-07-18,33.2,8.6,22.6,22.2,Rain
905717,403894,2025-01-16,38.1,5.7,85.8,4.3,Storm
905718,400008,2024-10-20,15.6,26.8,58.5,2.5,Heavy Rain
905719,401000,2024-07-16,28.2,2.8,69.8,0.5,Haze
905720,400570,2024-05-10,27.7,14.4,58.2,1.3,Haze
905721,402160,2024-03-08,7.3,6.6,87.0,35.2,Haze
905722,402079,2026-02-25,28.3,10.8,71.2,5.5,Clear
905723,402842,2025-01-18,27.0,4.5,52.0,1.6,Heavy Rain
905724,403821,2024-12-24,9.4,18.2,65.2,4.5,Rain
905725,402060,2025-02-20,23.5,0.8,82.8,14.4,Clear
905726,402191,2026-02-18,42.9,5.6,64.9,19.9,Storm
905727,404704,2024-09-24,22.4,12.6,71.1,0.5,Cloudy
905728,401736,2025-10-12,25.8,1.4,66.4,5.8,Rain
905729,402892,2025-05-30,29.8,5.2,88.4,8.8,Heavy Rain
905730,400256,2024-08-10,33.9,1.2,88.8,0.7,Clear
905731,404790,2024-08-01,16.6,6.9,99.7,15.8,Haze
905732,404587,2025-01-21,17.0,4.1,64.3,1.8,Heavy Rain
905733,402009,2024-11-02,18.9,2.9,60.5,44.7,Cloudy
905734,400799,2026-04-11,29.3,1.9,61.0,0.6,Cloudy
905735,400995,2026-05-21,17.4,3.7,55.1,5.6,Storm
905736,401040,2025-10-08,25.5,7.2,64.9,14.5,Storm
905737,401578,2025-07-08,36.1,5.5,53.1,2.8,Haze
905738,400881,2025-07-07,26.3,11.2,69.6,4.4,Haze
905739,404360,2024-01-04,24.3,3.7,60.9,2.6,Clear
905740,404329,2024-09-11,21.2,7.2,67.3,21.7,Cloudy
905741,402221,2026-05-31,37.9,3.7,75.6,6.4,Clear
905742,402080,2025-02-24,34.5,7.0,63.9,5.5,Clear
905743,402976,2026-01-15,32.9,5.8,70.7,11.8,Cloudy
905744,400738,2024-03-01,25.5,9.2,64.3,24.8,Heavy Rain
905745,402851,2025-10-20,37.9,18.6,88.4,9.1,Clear
905746,404848,2024-08-13,33.4,6.0,75.0,13.5,Clear
905747,401940,2026-04-09,24.4,14.4,64.3,5.0,Haze
905748,404970,2024-01-22,39.3,19.8,85.0,24.4,Haze
905749,402836,2026-06-26,18.0,2.4,60.2,35.3,Cloudy
905750,404032,2024-01-23,26.3,4.0,73.9,1.2,Storm
905751,404575,2024-01-29,22.9,3.0,58.6,4.3,Cloudy
905752,403230,2025-08-21,25.8,1.2,74.2,14.8,Clear
905753,403926,2025-10-22,15.3,0.3,64.3,5.0,Cloudy
905754,403366,2024-05-05,29.8,1.4,56.0,6.3,Clear
905755,404245,2024-01-30,38.1,4.3,71.9,2.5,Rain
905756,401922,2026-01-18,23.8,10.3,57.5,6.2,Haze
905757,404895,2024-03-11,49.1,22.3,71.0,9.4,Rain
905758,401966,2026-06-04,17.6,12.4,37.4,17.1,Rain
905759,400825,2026-06-06,31.8,53.2,93.1,30.3,Haze
905760,404884,2024-10-28,38.1,4.4,54.1,3.0,Haze
905761,402129,2025-06-30,25.6,3.7,75.3,27.2,Haze
905762,402327,2026-07-05,39.8,7.9,74.0,4.4,Heavy Rain
905763,401520,2026-01-15,27.0,3.1,75.5,36.0,Haze
905764,403640,2026-03-08,28.7,3.7,41.2,7.4,Clear
905765,400004,2025-12-16,28.3,7.8,51.3,0.0,Storm
905766,401194,2024-04-08,27.6,0.3,60.6,0.5,Haze
905767,401341,2026-01-18,19.3,13.8,83.9,1.3,Clear
905768,402715,2025-09-27,26.9,1.9,80.9,1.9,Storm
905769,400752,2025-08-19,34.7,8.8,55.3,8.0,Clear
905770,403281,2024-07-10,35.4,6.9,48.7,25.1,Clear
905771,400752,2025-08-14,28.9,9.8,64.3,8.9,Storm
905772,401049,2026-04-19,24.0,16.8,65.0,5.2,Haze
905773,400048,2025-04-21,13.6,9.5,51.2,12.0,Rain
905774,403971,2026-04-11,39.8,2.5,35.1,21.6,Haze
905775,401035,2025-09-24,28.9,6.8,47.7,2.2,Rain
905776,401243,2025-03-25,19.2,9.8,85.1,13.7,Heavy Rain
905777,404383,2024-03-23,28.7,5.5,67.9,19.0,Rain
905778,400379,2025-09-09,16.5,8.4,68.2,3.8,Cloudy
905779,400400,2025-07-06,29.8,9.0,64.9,6.8,Cloudy
905780,401839,2025-01-20,25.0,16.9,40.4,3.1,Heavy Rain
905781,402108,2024-06-29,30.7,5.0,15.4,0.2,Storm
905782,402818,2025-04-29,23.0,7.5,69.2,2.3,Storm
905783,402280,2026-01-08,27.3,7.1,83.6,4.3,Heavy Rain
905784,403246,2025-06-06,17.9,8.3,64.1,2.4,Heavy Rain
905785,402267,2024-01-08,28.0,3.2,43.6,2.7,Haze
905786,400162,2026-04-30,30.7,8.3,32.4,6.0,Heavy Rain
905787,404978,2024-12-04,43.5,3.6,67.6,1.0,Clear
905788,404746,2024-05-18,6.3,4.8,33.1,0.8,Haze
905789,400311,2024-06-18,37.0,4.7,82.1,6.4,Storm
905790,401776,2025-08-09,20.1,15.1,76.1,3.2,Clear
905791,400285,2025-06-09,16.9,6.6,75.9,33.4,Cloudy
905792,402289,2024-05-02,20.8,2.6,47.0,21.8,Storm
905793,401344,2026-06-09,11.8,1.0,49.6,38.0,Heavy Rain
905794,404004,2026-03-21,24.5,6.0,83.6,15.6,Clear
905795,401669,2024-09-15,29.8,1.8,54.3,12.8,Heavy Rain
905796,404692,2026-02-15,28.6,11.5,66.8,11.2,Haze
905797,402066,2024-07-18,25.2,13.1,63.5,7.7,Haze
905798,401366,2026-01-29,24.2,3.4,64.3,22.2,Rain
905799,402614,2025-05-13,31.5,27.7,84.5,6.5,Haze
905800,401399,2025-12-30,14.4,0.1,57.1,4.0,Storm
905801,400400,2024-02-25,35.1,1.2,40.2,0.9,Rain
905802,400962,2024-05-10,41.3,4.1,55.2,0.5,Storm
905803,402551,2024-12-24,24.4,11.8,57.7,51.3,Cloudy
905805,402394,2026-03-12,43.5,28.5,92.0,1.2,Cloudy
905806,401112,2026-05-10,20.4,20.7,82.6,1.0,Cloudy
905807,402586,2024-01-24,29.9,3.4,41.5,0.7,Heavy Rain
905808,403047,2024-09-18,36.3,8.1,71.8,16.7,Cloudy
905809,403378,2025-07-09,32.8,0.8,18.2,1.5,Storm
905810,401659,2025-10-15,19.6,2.3,57.4,52.7,Haze
905811,400048,2024-03-19,25.3,2.0,83.1,9.0,Clear
905812,403728,2024-04-16,22.9,11.6,70.7,59.0,Rain
905813,404795,2024-12-01,35.0,1.5,66.6,28.0,Heavy Rain
905814,400315,2024-09-12,34.3,7.5,80.5,34.9,Storm
905815,402152,2025-03-07,29.2,4.8,56.4,1.5,Cloudy
905816,401306,2025-04-21,33.4,0.6,53.1,6.0,Rain
905817,400852,2025-12-07,30.3,14.8,64.3,18.2,Cloudy
905818,404220,2024-11-01,30.7,3.5,4.7,14.6,Haze
905819,402938,2026-04-18,19.5,2.0,57.8,27.8,Rain
905820,403505,2024-09-02,46.4,15.6,65.6,0.4,Rain
905821,400348,2025-11-04,30.0,0.2,39.1,32.0,Rain
905822,404582,2024-06-17,19.4,9.2,63.8,1.4,Clear
905823,400755,2024-03-04,24.0,3.7,37.9,2.2,Rain
905824,403028,2025-06-30,50.0,2.4,87.7,20.4,Haze
905825,404305,2026-05-04,16.8,3.7,45.7,10.4,Clear
905826,400864,2024-07-06,36.3,21.9,70.9,5.6,Haze
905827,403273,2024-04-22,17.1,25.2,61.0,15.2,Storm
905828,401583,2025-08-12,25.6,9.5,95.7,14.6,Cloudy
905829,401022,2024-01-27,30.8,3.3,74.1,48.6,Clear
905830,401188,2024-11-30,31.4,2.9,57.3,0.3,Haze
905831,403754,2024-09-21,29.0,11.8,62.5,1.6,Heavy Rain
905832,401327,2025-08-05,20.3,8.4,65.1,15.8,Cloudy
905833,400042,2025-02-14,43.8,7.9,16.2,4.8,Cloudy
905834,401354,2025-12-21,28.0,13.0,48.3,16.4,Haze
905836,401492,2025-06-30,28.3,1.8,36.5,11.8,Rain
905837,403869,2026-02-16,26.3,7.8,62.0,3.1,Clear
905838,404856,2026-02-22,22.1,3.5,66.6,24.1,Storm
905839,401814,2024-05-08,22.3,0.6,40.2,5.1,Haze
905840,403759,2024-12-15,21.5,28.2,37.4,2.6,Clear
905841,404550,2025-05-16,45.3,4.4,60.7,6.9,Haze
905842,404201,2024-02-17,32.5,6.0,41.5,1.0,Storm
905843,404263,2026-04-21,32.6,5.2,56.0,0.4,Storm
905844,404641,2025-04-02,22.9,46.5,54.5,4.9,Clear
905845,404955,2025-08-10,18.3,4.5,95.1,15.1,Rain
905846,403791,2025-01-10,21.1,2.1,75.5,2.2,Heavy Rain
905847,403341,2025-09-25,28.8,17.9,51.3,15.7,Haze
905848,402808,2024-02-24,27.7,4.9,90.5,2.9,Rain
905849,400856,2025-04-21,26.5,3.2,66.2,18.3,Storm
905850,401101,2024-11-26,15.1,24.4,56.0,23.0,Cloudy
905851,400542,2026-07-11,19.4,8.5,44.7,1.8,Cloudy
905852,400812,2024-01-28,18.8,1.7,70.8,6.5,Cloudy
905853,402605,2026-04-21,31.5,0.7,56.8,0.2,Heavy Rain
905854,401041,2025-08-04,33.6,0.2,69.1,7.5,Storm
905855,401174,2026-02-05,10.4,1.0,86.3,10.2,Cloudy
905856,402062,2025-07-22,7.8,11.7,71.5,2.0,Heavy Rain
905857,404820,2024-04-30,18.3,3.8,44.4,18.6,Haze
905858,401153,2024-12-29,28.1,11.2,65.5,3.2,Storm
905859,401995,2026-05-05,33.6,21.2,66.5,8.5,Clear
905860,402287,2026-07-18,20.6,2.2,48.0,4.7,Rain
905861,404988,2024-11-06,26.1,10.4,16.5,17.5,Heavy Rain
905863,401881,2024-04-20,22.2,1.1,44.1,1.4,Storm
905864,403594,2026-01-23,24.7,17.0,62.6,6.8,Haze
905865,403766,2025-02-19,40.6,6.1,72.4,2.9,Cloudy
905866,403510,2026-04-06,34.0,20.5,65.1,11.2,Rain
905867,402838,2024-06-09,22.6,6.4,77.3,30.3,Rain
905868,404732,2024-04-03,20.8,0.8,37.0,2.3,Clear
905869,402051,2024-10-21,28.9,5.5,30.4,22.8,Heavy Rain
905870,402537,2024-07-23,4.2,13.8,78.9,8.9,Storm
905871,402454,2025-08-25,27.8,16.5,58.8,6.3,Heavy Rain
905872,403411,2025-12-18,26.9,2.9,83.1,11.7,Storm
905873,403760,2024-05-04,29.9,8.1,69.0,10.6,Heavy Rain
905874,403386,2025-08-05,40.6,0.7,73.7,26.2,Haze
905876,400097,2025-01-06,12.0,18.1,71.7,5.1,Storm
905877,404243,2026-04-04,19.9,7.7,76.7,4.9,Clear
905878,400917,2026-05-06,22.3,0.5,64.3,6.8,Storm
905879,403972,2024-08-29,37.8,4.1,63.7,1.8,Storm
905880,401830,2024-04-18,24.8,1.0,73.3,1.5,Storm
905881,403502,2026-02-03,25.7,4.5,61.8,49.4,Heavy Rain
905882,401395,2024-03-27,30.2,12.5,51.8,6.5,Cloudy
905883,402603,2024-02-26,23.7,8.3,53.4,0.3,Rain
905884,404853,2024-03-24,36.3,5.2,48.3,17.9,Clear
905885,402309,2026-06-13,35.6,8.0,64.3,21.7,Haze
905886,404811,2024-09-01,20.8,8.3,84.6,1.6,Clear
905887,400264,2026-02-17,25.3,1.4,90.4,0.6,Rain
905888,404864,2024-12-29,22.3,6.2,48.2,13.5,Heavy Rain
905889,404982,2024-01-26,37.0,6.7,72.7,24.7,Heavy Rain
905892,402030,2025-05-27,24.2,8.8,83.9,8.4,Rain
905893,402518,2026-07-01,29.3,4.2,83.0,19.8,Haze
905894,404141,2025-07-08,36.0,3.6,42.5,3.3,Haze
905895,400111,2026-02-03,22.5,25.0,65.0,21.6,Heavy Rain
905896,400483,2026-03-03,32.8,11.6,60.0,9.8,Heavy Rain
905897,404172,2025-10-14,28.7,1.0,55.1,7.7,Haze
905898,404225,2026-01-10,20.2,20.9,64.3,32.0,Rain
905899,400767,2025-03-11,23.8,11.8,64.3,3.3,Haze
905900,404428,2025-11-03,28.3,1.9,86.5,2.3,Cloudy
905901,400285,2026-04-27,15.8,0.1,68.1,1.6,Clear
905902,403987,2025-10-05,17.9,1.1,69.0,8.4,Clear
905903,404807,2026-05-29,41.9,1.0,64.3,5.1,Cloudy
905904,400069,2024-07-04,14.4,12.4,46.0,34.3,Rain
905905,404995,2024-11-24,42.9,6.0,45.4,6.1,Haze
905906,400600,2024-10-10,24.3,3.8,70.0,5.7,Rain
905907,404360,2025-02-01,30.7,12.9,57.5,8.8,Rain
905908,404645,2024-09-15,17.6,0.8,49.9,1.4,Storm
905909,404712,2025-08-21,33.8,10.4,90.2,8.3,Storm
905910,400839,2026-01-31,19.8,0.0,55.5,14.1,Clear
905911,400011,2024-08-10,32.1,2.2,80.9,20.4,Cloudy
905912,403167,2025-06-26,26.2,0.5,40.0,29.9,Storm
905913,401810,2024-02-11,6.9,15.0,66.6,2.9,Cloudy
905914,403855,2025-07-31,23.4,1.7,57.6,15.0,Heavy Rain
905915,402175,2025-03-19,27.8,2.4,87.4,27.5,Clear
905916,404300,2024-07-13,23.1,8.6,81.9,19.5,Cloudy
905917,401818,2025-01-19,23.0,9.1,25.2,9.2,Cloudy
905918,403538,2024-06-20,23.4,8.6,86.3,13.9,Clear
905919,403608,2024-01-14,12.5,10.4,85.7,13.9,Haze
905920,401812,2025-11-03,30.9,4.9,78.8,11.6,Heavy Rain
905921,401447,2025-06-02,34.7,8.7,52.4,14.7,Clear
905922,400270,2024-10-06,-0.8,10.5,52.7,0.2,Haze
905923,402257,2024-04-19,33.3,12.9,73.3,9.9,Haze
905924,402728,2024-08-05,41.5,12.8,71.3,1.7,Haze
905925,402171,2025-10-06,15.6,3.5,55.9,8.6,Storm
905926,404564,2024-07-17,35.2,5.3,64.3,8.2,Cloudy
905927,401628,2024-02-18,32.4,7.5,60.1,0.9,Cloudy
905928,403338,2024-11-18,27.3,4.4,57.2,45.7,Clear
905929,401698,2024-01-26,23.5,0.3,55.3,22.2,Clear
905930,402535,2025-05-26,41.7,7.6,36.7,19.1,Heavy Rain
905931,402662,2026-04-21,20.5,0.9,59.5,0.2,Storm
905932,401428,2024-09-09,5.8,10.6,79.2,7.1,Heavy Rain
905933,404835,2024-12-23,12.5,5.5,53.4,0.5,Rain
905934,402066,2026-03-17,37.2,9.2,23.8,2.4,Rain
905935,402985,2024-12-05,36.3,14.4,64.6,32.8,Rain
905936,403974,2025-08-24,22.3,52.6,58.5,24.2,Haze
905937,402400,2026-04-13,20.0,1.8,66.8,24.3,Storm
905938,402824,2024-03-08,31.6,0.6,69.0,2.4,Heavy Rain
905939,400188,2025-09-12,27.1,0.1,35.8,5.6,Storm
905940,402421,2024-04-28,36.7,6.9,61.5,9.7,Heavy Rain
905941,401523,2026-07-17,27.6,4.4,56.1,8.0,Storm
905942,402523,2025-08-02,28.4,28.3,56.7,8.1,Heavy Rain
905943,402068,2025-01-22,38.7,13.1,87.3,26.8,Haze
905944,404339,2026-02-21,28.4,0.7,64.3,25.4,Clear
905945,400827,2025-01-31,27.0,18.5,70.0,1.0,Clear
905946,400681,2024-06-01,34.7,1.0,64.6,7.9,Storm
905947,400402,2025-11-27,18.2,0.7,80.3,4.3,Rain
905948,404556,2025-08-21,23.7,8.6,66.4,4.7,Storm
905949,404935,2024-02-10,27.3,0.9,60.8,2.9,Storm
905950,401543,2025-10-31,31.4,9.7,72.1,9.2,Haze
905951,404986,2026-04-25,29.9,1.5,53.9,6.4,Storm
905952,404288,2025-09-26,19.6,0.1,84.4,35.1,Rain
905953,404686,2025-03-07,18.5,5.9,77.0,2.8,Heavy Rain
905954,401237,2026-02-24,30.6,3.0,35.5,7.8,Clear
905955,404795,2025-05-20,18.7,2.5,97.6,7.4,Clear
905956,404676,2024-03-13,27.2,7.8,63.9,5.4,Clear
905957,401103,2026-07-15,28.1,17.9,57.7,19.1,Cloudy
905958,402656,2024-04-28,12.9,5.5,87.9,2.8,Storm
905959,400988,2024-05-21,26.4,4.9,70.8,1.2,Cloudy
905960,403754,2025-06-02,35.4,38.6,85.6,42.8,Rain
905961,400403,2024-02-18,26.0,14.1,88.7,29.7,Clear
905962,402868,2025-03-25,24.0,10.2,72.3,4.3,Clear
905963,402747,2024-10-02,36.9,10.1,86.9,11.9,Storm
905964,400135,2024-04-13,16.1,35.4,88.8,13.4,Haze
905965,401427,2025-06-23,30.7,1.6,44.7,9.8,Haze
905966,401103,2026-02-06,27.8,8.0,57.9,2.6,Rain
905967,402943,2025-04-10,30.7,5.2,92.0,9.4,Rain
905968,404537,2024-12-12,5.3,4.3,37.3,5.9,Rain
905969,400738,2025-08-19,22.5,8.3,77.9,2.4,Rain
905970,402492,2026-04-07,14.2,13.5,59.2,8.2,Haze
905971,400405,2024-04-22,18.4,3.3,74.0,23.6,Clear
905972,400267,2024-07-05,26.8,0.8,70.3,1.4,Heavy Rain
905973,402004,2024-04-05,40.5,4.0,84.4,9.5,Heavy Rain
905974,404659,2024-04-28,25.1,1.1,69.2,1.4,Haze
905975,402608,2025-04-06,23.5,4.3,80.5,5.6,Clear
905976,403507,2024-08-02,25.2,26.0,65.6,0.9,Storm
905977,400926,2024-07-14,29.4,0.0,46.8,6.8,Rain
905978,400142,2025-02-04,23.6,2.4,80.6,4.5,Cloudy
905979,403757,2024-08-31,25.0,12.3,77.7,5.8,Haze
905980,402544,2024-06-13,32.9,22.4,48.5,2.9,Rain
905981,403724,2025-09-12,28.2,0.2,52.4,2.0,Heavy Rain
905982,404976,2026-02-14,12.2,24.8,58.3,7.0,Clear
905983,401287,2025-03-26,33.0,15.0,48.7,4.9,Rain
905984,404469,2025-06-14,32.5,23.8,59.2,21.4,Rain
905985,401043,2024-01-20,31.8,5.8,34.4,9.1,Rain
905986,404410,2025-09-18,35.2,40.3,63.9,5.7,Cloudy
905987,403187,2025-07-27,31.6,16.8,76.5,16.8,Cloudy
905988,402261,2025-05-21,29.0,1.4,48.8,6.9,Cloudy
905989,401339,2024-12-06,25.9,4.2,51.1,0.4,Haze
905990,404974,2025-03-13,7.8,27.3,71.2,25.7,Rain
905991,401729,2024-10-25,11.1,4.1,63.0,39.6,Storm
905992,403539,2025-10-09,23.3,4.4,58.6,9.5,Rain
905993,403417,2026-01-26,37.7,13.2,70.6,26.0,Haze
905994,402153,2025-11-28,28.1,1.9,49.9,24.0,Clear
905995,401249,2026-04-01,34.0,5.7,77.3,4.6,Rain
905996,400557,2025-04-20,27.5,10.3,84.6,2.0,Cloudy
905997,403262,2024-01-20,31.7,0.1,53.6,2.9,Clear
905998,403651,2024-07-01,28.6,10.0,32.1,62.7,Heavy Rain
905999,404702,2024-05-10,18.7,5.9,48.4,21.6,Rain
906000,404896,2026-05-01,19.9,8.4,63.0,5.6,Storm
906001,402354,2024-09-30,39.0,16.0,71.4,10.4,Storm
906002,401915,2026-04-01,37.4,1.3,70.6,1.8,Storm
906004,403918,2026-02-11,30.1,7.2,58.1,2.4,Cloudy
906005,403446,2026-05-07,32.7,18.3,51.9,11.1,Rain
906006,400820,2024-01-24,32.1,0.1,67.0,15.6,Storm
906007,404763,2024-04-10,28.7,2.7,66.8,18.8,Rain
906008,403254,2024-11-25,13.2,3.0,74.1,15.7,Heavy Rain
906009,400058,2026-01-31,46.0,6.9,60.3,31.2,Haze
906010,403105,2025-06-10,15.5,0.6,63.0,10.0,Storm
906011,401965,2024-02-05,35.8,0.5,51.5,6.2,Rain
906012,403897,2024-03-06,17.9,2.8,77.8,0.1,Cloudy
906013,403041,2026-07-05,22.5,0.1,90.8,27.1,Rain
906014,403276,2024-12-29,43.9,7.6,82.7,24.6,Heavy Rain
906015,401263,2025-06-10,33.6,8.5,90.8,1.3,Cloudy
906016,402853,2024-03-20,31.5,4.3,85.9,11.2,Clear
906017,400434,2025-01-21,26.9,5.0,68.1,1.3,Clear
906018,403570,2025-12-24,17.2,1.0,64.4,13.4,Haze
906019,403076,2024-07-20,32.9,12.2,53.3,8.4,Heavy Rain
906020,404187,2025-05-22,19.6,1.0,76.6,42.9,Haze
906021,401176,2026-04-01,19.7,3.1,63.9,1.3,Clear
906022,400647,2026-01-11,24.3,2.0,85.3,0.5,Storm
906023,400665,2026-06-21,29.3,0.5,48.4,30.7,Heavy Rain
906024,403049,2024-10-24,23.4,9.0,37.9,3.3,Heavy Rain
906025,404396,2024-12-16,14.2,15.8,64.3,1.5,Clear
906026,401287,2024-08-17,39.7,6.6,70.3,17.3,Clear
906027,402878,2025-11-26,13.7,1.9,62.9,4.6,Haze
906028,402126,2024-06-16,26.0,6.8,67.2,17.0,Rain
906029,401383,2025-01-10,23.7,12.3,63.6,8.4,Rain
906030,403052,2024-01-26,26.2,21.9,63.4,4.0,Clear
906031,400602,2024-10-10,33.0,25.7,64.3,2.9,Storm
906032,401533,2025-04-26,35.1,1.6,40.9,19.3,Heavy Rain
906033,404426,2024-03-10,22.5,7.3,82.0,2.0,Heavy Rain
906034,400746,2024-01-02,32.6,13.7,60.4,9.1,Haze
906035,404555,2025-04-26,33.1,9.0,69.3,8.9,Haze
906036,404226,2024-07-26,25.6,14.6,79.6,15.0,Rain
906037,404426,2024-12-09,24.1,17.3,53.0,1.5,Clear
906038,403246,2026-06-29,36.4,9.9,40.2,6.0,Clear
906039,400414,2024-06-17,27.5,16.2,49.7,9.6,Haze
906040,400536,2024-04-27,33.1,10.5,71.5,12.5,Clear
906041,404964,2025-09-13,38.2,3.1,78.3,4.5,Clear
906042,401621,2026-02-17,34.7,4.9,70.9,31.6,Clear
906043,401761,2025-08-29,27.0,1.2,47.4,3.2,Haze
906044,401093,2024-11-21,16.6,12.4,79.4,2.3,Storm
906045,404187,2024-04-08,20.7,4.3,82.0,12.6,Storm
906046,401447,2026-03-25,23.3,12.9,72.9,8.0,Cloudy
906047,402788,2026-03-07,21.3,15.8,49.6,9.8,Haze
906048,401516,2025-04-01,32.9,27.1,72.9,22.5,Heavy Rain
906049,401498,2025-01-11,33.1,12.8,27.0,14.9,Rain
906050,403396,2025-04-28,23.4,1.0,54.9,10.4,Clear
906051,402966,2025-03-03,32.0,0.1,70.8,15.1,Heavy Rain
906052,401398,2025-02-15,31.3,0.8,53.3,10.5,Rain
906053,400763,2026-06-28,30.0,5.0,73.1,6.2,Clear
906054,403341,2025-07-21,35.7,5.5,67.6,15.9,Heavy Rain
906055,402091,2026-05-08,20.2,1.9,64.3,3.6,Rain
906056,400484,2025-09-08,30.9,12.4,80.9,1.8,Storm
906057,402335,2025-01-02,34.9,27.6,62.1,12.8,Haze
906058,400182,2025-03-21,31.4,17.3,50.0,12.3,Rain
906059,401941,2024-01-12,19.1,6.2,58.8,14.8,Heavy Rain
906060,401479,2025-09-11,22.9,8.8,70.8,10.8,Clear
906061,401012,2025-05-14,29.2,5.3,78.2,63.8,Clear
906062,401941,2026-01-16,17.7,20.6,72.6,6.4,Heavy Rain
906063,400026,2024-07-22,31.2,3.1,67.8,8.3,Cloudy
906064,404450,2025-09-02,18.8,0.3,56.4,2.5,Haze
906065,401186,2025-12-31,37.6,0.8,55.5,9.5,Rain
906066,400154,2026-06-10,16.5,3.4,52.9,13.3,Storm
906067,403547,2024-10-13,36.8,12.6,70.9,10.9,Storm
906068,404555,2025-08-05,28.4,14.8,66.4,2.1,Cloudy
906070,401639,2025-01-10,20.8,30.3,55.7,9.4,Rain
906071,402563,2026-04-23,27.3,3.2,70.9,35.9,Heavy Rain
906072,402133,2025-12-02,33.1,19.7,40.2,2.0,Rain
906073,403867,2025-07-19,28.0,9.1,73.5,3.2,Heavy Rain
906074,403977,2026-06-10,19.2,14.9,41.1,1.8,Cloudy
906075,404214,2024-10-27,35.1,2.7,91.3,1.0,Clear
906076,404982,2024-11-23,26.5,0.7,63.4,7.7,Rain
906077,400969,2024-06-10,36.6,12.1,73.2,18.8,Rain
906078,401875,2026-01-07,25.8,4.1,40.8,5.4,Rain
906079,400718,2025-03-15,33.9,3.5,93.1,13.0,Rain
906080,401231,2025-04-02,11.8,13.0,46.3,23.2,Heavy Rain
906081,402159,2026-04-11,29.2,4.3,39.5,2.8,Rain
906082,401023,2024-07-30,24.7,5.5,60.6,0.5,Rain
906083,402769,2025-10-31,23.2,1.5,67.6,11.4,Heavy Rain
906084,403389,2024-04-22,24.7,13.0,62.8,8.4,Rain
906085,403826,2025-05-02,7.0,0.0,57.2,0.9,Heavy Rain
906086,403865,2024-04-02,12.7,39.2,44.8,9.0,Storm
906087,404091,2025-09-30,19.1,16.1,91.4,25.2,Cloudy
906088,402309,2024-07-14,34.7,13.7,92.4,18.5,Haze
906089,402184,2024-05-20,21.4,5.1,61.8,0.6,Rain
906090,404628,2026-02-12,24.0,0.3,71.0,12.5,Storm
906091,402083,2025-04-04,24.5,1.7,72.8,5.9,Heavy Rain
906092,401038,2026-05-31,35.1,5.5,67.8,1.8,Rain
906093,400012,2026-03-10,28.4,9.7,71.7,20.3,Cloudy
906094,402283,2024-09-16,21.0,5.0,89.4,29.3,Haze
906095,402505,2025-03-01,31.7,2.7,59.4,27.8,Storm
906096,403249,2026-06-29,32.2,7.0,60.5,15.8,Heavy Rain
906097,400886,2025-02-19,24.2,4.1,76.8,10.3,Heavy Rain
906098,402693,2025-04-29,19.6,8.7,93.4,12.4,Haze
906099,404046,2024-06-04,21.3,11.2,61.6,2.4,Heavy Rain
906100,401317,2024-10-15,10.0,5.5,60.3,2.6,Clear
906101,401151,2024-12-17,20.6,9.7,6.8,1.7,Haze
906102,402754,2025-08-04,37.6,7.8,69.9,19.4,Rain
906103,401748,2025-09-27,19.6,6.1,66.3,13.7,Storm
906104,400477,2025-04-23,40.5,1.1,89.4,5.9,Haze
906105,404253,2025-01-25,23.5,2.3,88.9,3.9,Haze
906106,401063,2024-06-20,30.8,1.3,65.8,0.5,Cloudy
906107,401969,2026-05-30,29.0,18.2,73.3,25.2,Cloudy
906108,404232,2025-09-21,23.6,7.2,13.9,25.3,Cloudy
906109,404168,2025-06-29,17.8,0.1,45.8,31.9,Haze
906110,400609,2025-06-09,37.4,25.3,56.5,5.4,Clear
906111,404186,2025-02-09,24.4,1.1,46.8,3.7,Clear
906112,402420,2025-06-09,34.7,12.2,52.2,17.8,Heavy Rain
906113,402687,2025-09-06,29.3,11.1,59.2,0.2,Clear
906114,404286,2026-01-09,19.0,3.4,67.8,2.4,Clear
906115,401593,2026-03-17,27.4,31.8,73.2,25.6,Heavy Rain
906116,400166,2024-12-08,37.5,0.2,79.1,1.5,Rain
906117,403337,2026-05-14,29.3,16.0,83.2,2.1,Heavy Rain
906118,401440,2025-11-16,20.2,11.0,47.6,15.3,Haze
906119,403735,2024-07-21,37.0,15.9,75.1,7.1,Haze
906120,402892,2024-01-12,26.9,21.9,94.2,0.7,Rain
906121,404303,2024-08-22,31.1,2.3,70.3,14.8,Clear
906122,401761,2026-02-06,29.7,8.5,22.6,22.7,Heavy Rain
906123,401704,2026-04-05,12.2,1.9,43.9,4.3,Rain
906124,400817,2024-06-11,30.8,11.9,73.1,4.1,Rain
906125,401746,2024-12-17,21.7,1.1,56.3,0.2,Heavy Rain
906126,402464,2026-06-04,29.9,8.4,52.4,2.3,Storm
906127,403352,2026-01-17,17.4,12.3,49.2,16.2,Haze
906128,403439,2026-01-22,20.2,1.2,60.3,1.5,Rain
906129,401692,2024-09-04,27.5,8.4,66.6,39.6,Heavy Rain
906130,400677,2024-01-05,26.5,17.2,58.5,7.1,Rain
906131,402345,2025-04-02,23.8,4.6,88.5,13.4,Cloudy
906132,404016,2025-07-19,43.6,13.0,65.0,7.6,Haze
906133,404729,2025-06-13,38.6,13.1,55.9,9.4,Haze
906134,401192,2025-06-04,19.3,0.5,79.5,5.7,Clear
906135,401941,2024-04-23,32.2,11.8,71.6,1.8,Rain
906136,402863,2025-05-22,27.4,15.5,33.6,28.7,Haze
906137,400576,2025-02-21,13.8,2.7,58.3,14.7,Haze
906138,403979,2025-08-04,28.3,7.7,93.6,0.7,Storm
906139,401543,2024-10-14,27.1,9.9,64.7,4.4,Heavy Rain
906140,404447,2026-04-11,15.5,12.9,74.0,5.8,Clear
906141,403008,2025-09-23,16.3,11.1,71.6,9.9,Cloudy
906142,402545,2024-01-22,43.9,2.1,64.3,19.6,Heavy Rain
906143,404236,2024-04-20,27.9,14.6,53.1,1.6,Clear
906144,404033,2026-03-14,23.6,0.2,47.2,7.6,Haze
906145,400996,2025-04-25,24.6,1.3,74.3,4.2,Rain
906146,401183,2026-03-20,39.7,11.3,77.8,21.0,Cloudy
906147,403915,2025-01-10,23.1,6.7,63.4,17.7,Haze
906148,401780,2025-06-27,29.0,8.7,60.0,6.2,Storm
906149,401557,2026-01-21,31.5,16.2,27.9,4.5,Rain
906150,400642,2024-08-20,20.2,5.5,81.0,10.5,Storm
906151,401733,2026-06-26,24.2,2.6,52.7,17.1,Haze
906152,401062,2025-06-14,42.5,2.0,75.3,32.5,Haze
906153,403173,2024-09-22,23.0,0.5,62.0,21.9,Rain
906154,402236,2024-03-08,19.9,2.9,66.3,25.6,Rain
906155,403805,2024-03-12,41.5,2.8,67.3,19.7,Clear
906156,400678,2024-08-24,31.1,6.2,64.3,20.1,Cloudy
906157,401148,2024-10-13,28.6,10.0,49.2,20.8,Heavy Rain
906158,400199,2024-06-28,26.7,7.6,63.4,5.9,Storm
906159,404024,2025-03-03,46.3,11.4,79.4,18.4,Haze
906160,401536,2024-06-03,26.7,9.7,53.5,3.7,Cloudy
906161,402750,2024-02-16,27.9,12.0,66.0,16.5,Cloudy
906162,403963,2025-09-01,13.1,6.0,64.3,8.6,Clear
906164,401927,2026-03-25,20.6,4.8,48.2,12.3,Rain
906165,400170,2024-03-22,33.8,32.8,63.7,8.0,Clear
906166,401592,2026-03-10,24.4,2.1,71.1,1.5,Rain
906167,402803,2025-11-27,30.0,11.4,84.1,15.8,Rain
906168,400107,2026-02-09,17.3,1.4,90.6,22.6,Storm
906169,400380,2026-05-27,25.8,13.2,75.2,6.2,Cloudy
906170,400211,2025-05-27,31.6,18.7,58.0,6.2,Storm
906171,403264,2024-02-12,20.9,5.2,64.3,6.6,Clear
906172,404726,2024-02-14,28.3,3.0,40.5,15.2,Rain
906174,400482,2026-05-28,26.5,18.0,82.0,10.5,Haze
906175,404418,2025-09-01,27.1,17.4,88.8,12.6,Heavy Rain
906176,404500,2024-04-05,20.4,13.0,74.0,3.6,Haze
906177,403509,2025-01-10,32.2,12.7,45.7,14.9,Cloudy
906178,403413,2024-06-13,44.2,10.1,46.3,13.0,Rain
906179,402099,2024-10-03,29.8,1.9,62.8,35.3,Rain
906180,401568,2024-07-18,19.1,7.3,55.1,8.1,Heavy Rain
906181,403485,2024-08-02,16.1,8.6,43.4,43.8,Storm
906183,403292,2024-09-04,29.2,14.7,89.2,10.6,Heavy Rain
906184,400055,2024-07-13,39.0,7.0,84.2,2.9,Storm
906185,400479,2026-04-22,25.7,2.8,27.0,14.0,Haze
906186,404125,2026-04-21,34.9,1.1,80.0,49.8,Heavy Rain
906187,404936,2025-04-20,31.4,1.6,51.2,0.8,Haze
906188,404687,2024-10-06,23.4,5.1,75.7,65.0,Cloudy
906189,400976,2026-06-01,19.3,2.5,46.1,2.6,Clear
906190,404111,2024-03-26,20.2,6.2,14.5,1.6,Clear
906191,400465,2025-11-17,30.2,6.5,69.4,18.9,Heavy Rain
906192,404061,2026-02-10,25.2,3.9,22.0,1.8,Storm
906193,400401,2026-01-01,29.4,8.8,44.6,1.9,Heavy Rain
906194,401590,2024-04-29,22.2,16.7,50.1,8.7,Rain
906195,402000,2025-01-30,25.7,2.8,51.5,26.8,Heavy Rain
906196,402655,2026-01-17,21.7,16.6,77.4,2.1,Heavy Rain
906197,401532,2024-02-09,25.3,3.1,36.5,14.3,Clear
906198,404321,2025-04-08,38.0,0.2,50.3,0.0,Heavy Rain
906199,401543,2026-06-28,33.8,1.8,8.9,2.9,Cloudy
906200,402243,2025-05-13,29.0,2.4,42.6,60.9,Rain
906201,400691,2026-03-25,19.5,4.0,56.7,0.7,Rain
906202,404238,2025-09-19,26.1,17.7,69.3,8.2,Storm
906203,401804,2025-07-02,30.4,5.5,27.9,16.4,Storm
906204,402141,2024-01-31,19.5,6.3,81.4,4.3,Clear
906205,402845,2025-05-10,26.0,2.0,63.1,1.8,Haze
906206,400003,2024-03-15,28.3,2.8,84.6,7.4,Clear
906207,402575,2025-01-15,26.0,1.0,76.8,9.6,Clear
906208,401804,2024-01-17,23.7,4.7,59.2,1.7,Cloudy
906209,404475,2026-01-31,33.2,9.5,33.7,41.9,Haze
906210,404199,2026-02-03,29.2,33.2,58.3,1.1,Clear
906211,402753,2024-06-18,13.9,8.6,79.3,7.5,Storm
906212,401203,2026-02-19,26.0,0.2,74.5,12.5,Cloudy
906213,404545,2024-10-31,25.4,16.4,44.6,2.9,Cloudy
906214,402001,2025-04-20,12.8,7.0,45.9,0.8,Clear
906215,404096,2026-07-18,35.2,3.6,90.9,3.9,Cloudy
906216,401585,2026-07-10,44.6,30.8,70.4,10.0,Clear
906217,404967,2025-10-24,32.7,15.7,71.3,21.3,Clear
906218,404244,2025-01-18,32.5,1.1,82.1,1.3,Rain
906219,401714,2025-08-03,29.5,4.2,62.6,0.2,Heavy Rain
906220,403431,2024-08-08,14.9,7.4,84.0,30.0,Heavy Rain
906221,401593,2026-02-09,34.5,16.0,79.2,1.8,Heavy Rain
906222,401635,2026-02-03,34.8,0.2,65.2,12.7,Cloudy
906223,401971,2026-05-17,30.2,17.1,54.6,0.1,Heavy Rain
906224,401019,2024-11-09,27.9,2.3,46.9,32.9,Clear
906225,402029,2025-04-28,24.2,9.7,70.4,7.4,Haze
906226,402722,2024-06-15,34.0,3.2,65.9,15.9,Haze
906228,402305,2024-10-08,6.6,6.3,40.3,46.9,Storm
906229,403845,2024-02-24,10.9,0.6,88.2,5.4,Rain
906230,402973,2026-07-14,22.0,8.1,60.4,9.5,Storm
906232,404348,2024-06-26,16.9,2.4,57.7,5.2,Rain
906233,403573,2026-01-28,25.0,1.6,76.9,2.6,Cloudy
906234,402158,2024-08-04,27.5,14.4,56.3,11.7,Cloudy
906235,402893,2024-10-16,24.8,16.3,88.8,30.0,Clear
906236,400322,2025-12-18,24.7,8.4,86.0,5.7,Rain
906237,402840,2025-02-08,31.1,1.1,76.7,10.4,Cloudy
906238,404839,2024-07-24,26.8,2.4,55.7,3.6,Cloudy
906239,403494,2026-02-17,11.6,26.5,46.7,19.7,Cloudy
906240,404950,2025-08-18,34.3,4.4,61.0,2.3,Storm
906241,403820,2025-07-10,30.5,5.4,49.8,8.0,Cloudy
906243,401614,2024-10-06,21.3,3.3,68.5,1.8,Cloudy
906244,402496,2025-03-01,40.7,3.5,57.5,5.7,Storm
906245,404476,2025-12-11,10.4,1.1,61.7,6.9,Haze
906246,404489,2024-09-24,22.1,3.3,77.8,0.3,Rain
906247,401899,2024-02-12,25.8,8.4,82.0,27.3,Cloudy
906248,402717,2024-03-02,33.9,4.5,71.8,4.0,Rain
906249,404850,2026-06-19,24.6,4.9,49.7,19.1,Rain
906250,404770,2025-07-20,16.7,13.2,48.1,9.3,Cloudy
906251,400153,2026-01-21,28.2,15.4,41.1,10.5,Rain
906252,403261,2025-09-04,28.6,2.4,23.8,0.1,Heavy Rain
906253,403713,2024-11-14,20.3,3.9,46.6,30.9,Cloudy
906254,404652,2024-03-30,22.1,16.1,64.7,3.4,Storm
906255,403491,2024-06-20,29.9,12.6,64.3,2.4,Storm
906256,400974,2025-04-05,31.5,7.7,28.6,16.9,Rain
906257,403466,2025-04-05,27.4,22.8,71.5,6.2,Cloudy
906258,403432,2024-05-18,18.6,12.5,59.4,6.4,Rain
906259,401257,2026-06-17,41.6,2.6,82.1,13.1,Storm
906260,400146,2026-02-22,19.2,3.5,64.3,0.1,Rain
906261,400582,2025-11-22,19.2,24.3,72.3,10.4,Rain
906262,400209,2024-10-28,30.3,6.7,62.9,9.4,Heavy Rain
906263,401837,2025-03-26,29.6,20.1,63.6,9.5,Clear
906264,404581,2024-02-17,19.8,5.4,80.9,4.1,Cloudy
906265,400095,2025-02-24,31.3,8.7,60.5,6.2,Rain
906266,402807,2025-05-11,32.5,6.7,54.3,2.0,Cloudy
906267,404655,2024-10-19,29.7,3.2,65.9,6.0,Haze
906268,403462,2025-04-08,23.4,1.1,54.9,3.2,Haze
906269,403717,2024-04-03,23.7,8.5,71.8,29.7,Rain
906270,402472,2024-01-04,30.6,20.1,77.9,1.6,Cloudy
906271,400564,2025-07-16,23.8,8.2,36.9,2.2,Cloudy
906272,401004,2024-03-03,30.1,55.4,87.4,2.5,Cloudy
906273,400320,2025-12-18,18.4,9.0,76.6,3.6,Cloudy
906274,402591,2024-12-07,27.5,16.0,60.6,7.6,Storm
906275,403976,2024-02-02,39.5,5.8,61.9,22.2,Heavy Rain
906276,403040,2025-09-01,25.8,12.6,62.9,9.0,Heavy Rain
906277,403028,2026-05-18,28.7,2.0,66.1,21.6,Rain
906278,402515,2026-06-17,27.0,13.4,59.0,1.5,Cloudy
906279,403446,2025-09-10,14.7,13.8,86.3,1.8,Haze
906280,401638,2025-10-31,23.2,2.0,50.0,3.7,Clear
906281,404387,2026-03-09,22.3,0.1,63.1,3.9,Clear
906282,402252,2024-12-16,44.6,4.0,95.7,2.2,Haze
906283,402654,2025-12-11,26.6,9.8,49.5,14.3,Clear
906284,401290,2025-01-27,22.2,10.8,55.9,6.3,Haze
906285,401371,2026-01-28,26.9,1.1,38.3,3.6,Clear
906286,400405,2026-03-09,24.2,10.7,82.7,17.4,Clear
906287,401421,2025-05-31,24.2,1.6,70.7,13.4,Clear
906288,400513,2026-01-09,25.1,10.3,90.2,13.5,Haze
906289,401805,2025-01-29,18.8,15.0,63.3,45.9,Clear
906290,400447,2024-04-05,37.1,6.5,44.4,5.7,Rain
906291,401547,2026-06-07,39.5,2.1,81.2,6.4,Cloudy
906292,400671,2024-08-11,32.0,19.9,63.8,48.7,Haze
906293,400028,2026-06-10,40.4,3.2,54.6,5.4,Cloudy
906294,404768,2024-05-19,31.4,1.9,54.3,12.9,Haze
906295,401718,2026-06-14,44.6,7.0,82.2,18.8,Clear
906296,400401,2024-12-19,28.2,16.7,69.9,0.9,Haze
906297,402344,2024-01-06,36.6,5.8,45.5,8.6,Rain
906298,402710,2026-01-14,31.9,7.2,66.2,5.3,Clear
906299,401542,2025-09-09,20.3,6.3,64.3,5.9,Heavy Rain
906300,404931,2024-04-29,18.2,15.1,55.4,6.3,Storm
906301,401660,2024-12-08,18.2,1.5,41.5,5.8,Clear
906302,403758,2026-01-06,18.7,3.4,56.3,6.5,Heavy Rain
906303,404591,2024-01-17,19.2,11.1,59.4,0.6,Heavy Rain
906304,400639,2025-11-23,37.0,5.6,66.2,8.4,Clear
906305,403213,2025-08-19,23.4,19.1,88.3,2.2,Cloudy
906306,400698,2026-04-11,33.9,1.8,65.8,5.4,Clear
906307,401898,2025-07-02,23.4,7.3,45.0,6.7,Heavy Rain
906308,401438,2026-04-19,26.2,2.3,67.2,0.9,Haze
906309,403491,2025-02-19,28.4,2.8,51.1,33.8,Haze
906310,402308,2025-11-15,20.4,5.0,53.8,9.3,Haze
906311,402694,2026-04-24,20.4,14.0,80.4,5.8,Haze
906312,401005,2025-07-05,32.5,0.6,66.3,23.0,Clear
906313,401596,2026-03-07,24.1,1.9,48.7,10.4,Clear
906314,400247,2025-11-22,31.8,5.5,67.6,3.3,Heavy Rain
906315,404244,2025-08-25,23.2,3.5,64.3,8.9,Storm
906316,402862,2026-02-03,30.4,16.5,44.8,1.6,Clear
906317,404391,2024-04-06,45.7,5.7,68.6,7.0,Heavy Rain
906318,401822,2024-08-08,13.1,0.4,81.0,10.6,Cloudy
906320,402229,2025-05-01,20.1,7.1,79.4,21.3,Rain
906321,403355,2026-05-06,20.1,28.3,84.5,8.7,Cloudy
906322,403026,2025-03-07,23.9,1.3,43.2,33.9,Cloudy
906323,404120,2024-01-13,27.3,0.6,73.1,1.3,Heavy Rain
906324,400024,2026-03-03,19.0,7.6,65.8,7.3,Heavy Rain
906325,401669,2024-08-03,17.1,13.1,53.3,16.0,Cloudy
906326,402705,2026-04-07,27.7,30.1,65.1,9.3,Storm
906327,400661,2024-10-29,36.9,13.6,52.2,3.9,Rain
906328,400112,2025-03-15,38.4,4.9,39.1,0.2,Cloudy
906329,401436,2025-07-01,24.2,6.8,68.7,21.2,Cloudy
906330,400367,2024-03-11,15.6,0.1,56.1,4.9,Heavy Rain
906331,401614,2025-07-19,31.0,1.8,84.1,0.1,Rain
906332,404377,2025-09-12,26.2,1.6,68.8,6.5,Heavy Rain
906333,404789,2025-03-27,46.8,2.2,75.1,4.9,Cloudy
906334,400191,2026-01-21,33.7,6.0,79.2,36.6,Storm
906335,403077,2025-11-14,36.0,4.9,52.6,36.4,Cloudy
906336,404476,2026-04-24,18.5,0.9,63.3,8.4,Clear
906337,400866,2025-11-18,16.9,3.1,58.1,9.5,Heavy Rain
906338,402931,2025-08-10,30.7,11.2,60.7,37.2,Heavy Rain
906339,401610,2024-10-23,34.0,16.8,62.8,10.7,Heavy Rain
906340,403876,2026-07-13,27.3,10.4,69.8,4.2,Cloudy
906341,402430,2026-04-10,26.7,0.9,78.8,0.0,Rain
906342,403432,2024-11-02,47.8,26.2,72.9,24.5,Rain
906343,402738,2024-07-26,10.9,6.7,69.7,17.5,Haze
906344,404437,2025-12-17,24.4,1.7,83.6,38.2,Clear
906345,400587,2026-04-30,29.4,13.7,84.9,1.4,Clear
906346,403467,2025-08-05,27.7,11.3,78.1,4.2,Clear
906347,403075,2025-01-25,27.0,0.6,67.9,3.8,Rain
906348,401930,2026-05-18,26.6,15.6,67.3,4.9,Heavy Rain
906349,403476,2024-12-16,14.0,9.3,57.2,24.5,Heavy Rain
906350,400014,2026-03-10,34.3,3.2,50.0,0.0,Cloudy
906352,401313,2025-03-10,28.4,5.9,48.5,12.1,Storm
906353,402670,2025-11-10,35.0,0.1,98.8,14.8,Heavy Rain
906354,403435,2024-10-27,32.3,2.2,72.6,14.3,Cloudy
906355,400736,2024-06-11,41.7,5.3,82.1,1.5,Rain
906356,401554,2026-02-11,22.0,2.6,66.9,15.4,Rain
906357,404978,2026-02-10,31.1,9.9,94.6,3.2,Haze
906358,400861,2024-03-30,30.2,14.5,64.3,10.0,Heavy Rain
906359,401073,2026-02-04,31.3,8.8,47.6,2.2,Haze
906360,404667,2024-08-31,20.7,2.4,90.8,30.3,Haze
906361,404569,2025-06-27,32.2,0.8,65.9,0.4,Clear
906362,401379,2025-02-25,32.8,7.8,76.5,11.8,Haze
906363,401639,2025-12-17,18.0,1.9,32.5,1.1,Heavy Rain
906364,400508,2025-06-21,31.7,9.1,73.8,4.7,Cloudy
906365,401642,2024-02-06,11.2,4.7,55.0,0.6,Clear
906366,401272,2025-09-04,38.0,1.5,12.0,52.4,Cloudy
906367,404023,2024-04-18,20.3,5.6,76.4,6.1,Haze
906368,403349,2024-05-02,33.8,29.2,27.9,5.1,Heavy Rain
906369,404576,2025-08-23,41.1,4.9,48.1,2.8,Haze
906370,400422,2026-03-17,23.9,2.6,85.1,2.6,Heavy Rain
906371,400955,2025-12-21,22.7,3.8,78.2,15.4,Rain
906372,401214,2024-10-27,38.6,1.9,66.2,0.8,Storm
906373,401766,2024-03-03,14.1,24.6,45.1,10.7,Haze
906374,401640,2024-11-27,19.0,4.1,71.6,23.8,Heavy Rain
906375,404027,2026-05-08,23.5,3.9,93.7,5.7,Storm
906376,402932,2024-02-09,23.2,16.4,71.4,31.3,Storm
906377,400216,2025-06-09,39.7,19.8,44.0,2.7,Storm
906378,403269,2024-09-01,34.5,0.4,77.4,23.1,Heavy Rain
906379,403632,2024-09-24,27.4,0.5,41.3,3.1,Clear
906380,402470,2025-04-07,14.5,1.1,66.3,47.5,Rain
906381,404011,2025-07-22,21.6,18.3,64.3,1.1,Storm
906382,404942,2025-06-06,34.1,3.5,47.6,19.1,Heavy Rain
906383,402828,2025-05-12,25.0,18.4,71.9,3.9,Rain
906384,401377,2026-04-14,17.9,5.3,72.1,7.4,Rain
906385,402560,2025-06-19,17.1,1.4,59.1,15.4,Heavy Rain
906386,400266,2025-09-27,21.1,2.1,79.0,15.5,Heavy Rain
906387,402254,2025-01-07,34.4,7.1,60.0,10.2,Rain
906388,401831,2026-03-29,19.9,2.5,39.6,4.2,Cloudy
906389,404301,2024-10-24,30.6,19.4,58.7,6.0,Clear
906390,404936,2025-03-27,19.3,5.0,64.3,46.4,Rain
906391,404342,2025-09-24,25.3,0.3,91.3,8.1,Heavy Rain
906392,404992,2024-05-24,31.7,1.1,96.6,14.3,Storm
906393,404149,2025-09-05,27.0,1.1,37.5,36.4,Heavy Rain
906394,402801,2024-11-03,43.9,11.1,62.0,25.7,Rain
906395,402257,2025-05-29,22.5,41.7,20.8,0.7,Storm
906396,402055,2026-01-29,24.0,7.1,49.2,7.0,Cloudy
906397,404866,2025-04-13,24.6,11.5,73.8,50.8,Cloudy
906398,402412,2025-12-18,39.0,8.1,76.2,12.5,Cloudy
906399,404553,2026-03-23,10.0,4.0,44.5,0.7,Rain
906400,402689,2024-01-29,14.6,2.9,73.6,0.2,Clear
906401,402165,2026-02-07,40.5,9.4,30.3,9.6,Storm
906402,402562,2024-06-06,9.2,8.3,77.9,4.0,Cloudy
906403,400269,2024-02-02,23.2,0.0,49.7,20.3,Heavy Rain
906404,400888,2026-06-13,46.9,0.7,84.9,0.5,Cloudy
906405,404253,2024-01-19,20.9,12.4,73.9,15.1,Storm
906406,400469,2026-07-09,33.5,0.1,60.0,10.9,Clear
906407,402810,2026-04-07,39.2,4.2,63.7,3.9,Rain
906408,403902,2026-05-22,34.5,5.3,61.8,10.6,Clear
906409,403452,2024-08-05,21.6,13.3,67.1,34.2,Heavy Rain
906410,403537,2024-05-16,30.3,1.5,81.1,5.3,Storm
906411,401918,2024-01-11,26.8,23.7,74.9,20.0,Clear
906412,403676,2026-03-30,30.2,2.8,55.5,29.2,Storm
906413,403377,2024-03-23,34.6,1.5,55.8,26.7,Rain
906414,402742,2025-02-01,18.8,11.7,58.7,29.1,Clear
906415,404343,2025-06-25,36.5,5.4,57.1,5.1,Storm
906416,403347,2025-03-02,22.4,14.9,57.8,8.9,Heavy Rain
906417,400936,2025-07-31,37.4,9.9,56.4,14.8,Storm
906418,404086,2025-03-18,19.3,24.6,68.2,0.8,Clear
906419,404387,2024-09-07,44.3,9.5,85.5,13.5,Cloudy
906420,403598,2024-04-25,27.7,11.4,65.5,15.4,Haze
906421,404166,2025-03-16,15.5,5.0,68.7,4.1,Cloudy
906422,402915,2026-07-11,23.1,3.9,32.5,3.2,Rain
906423,403991,2024-07-12,28.4,5.7,52.8,3.9,Rain
906424,400526,2026-06-13,15.6,8.6,72.9,33.3,Heavy Rain
906425,404174,2025-09-02,21.2,14.7,46.7,8.8,Clear
906426,400846,2024-11-11,28.2,3.6,74.0,8.7,Storm
906427,401637,2025-06-24,31.8,2.7,79.0,17.7,Storm
906428,400166,2024-02-20,14.2,42.1,74.0,2.9,Rain
906429,401647,2026-01-14,21.3,4.6,39.9,13.9,Heavy Rain
906430,401711,2026-05-12,27.0,2.2,83.0,11.9,Rain
906431,404252,2025-07-04,43.9,1.9,64.3,18.1,Storm
906432,400130,2025-03-25,17.7,0.5,48.2,3.9,Haze
906433,404203,2025-11-16,30.7,2.4,68.3,6.3,Haze
906434,400836,2024-12-19,27.2,0.0,92.9,30.6,Heavy Rain
906436,404925,2025-08-01,33.2,17.6,53.2,3.3,Storm
906437,403898,2025-06-13,32.8,1.1,45.8,0.5,Haze
906438,404554,2025-09-07,37.0,2.2,71.0,5.8,Rain
906439,402966,2024-08-30,24.4,46.4,61.5,70.9,Cloudy
906440,402999,2024-07-08,27.4,6.9,62.8,19.0,Cloudy
906441,401281,2025-09-22,20.3,2.2,38.8,5.2,Storm
906442,402392,2026-03-07,5.2,18.5,62.2,40.6,Heavy Rain
906443,402897,2025-11-25,21.3,0.7,68.3,6.8,Rain
906444,403814,2024-03-14,32.3,20.6,63.2,48.8,Heavy Rain
906445,401036,2025-01-14,34.8,6.1,17.9,1.1,Haze
906446,401150,2025-10-14,13.4,9.7,35.7,4.4,Cloudy
906447,403525,2025-05-27,33.4,15.1,56.8,14.2,Cloudy
906448,403819,2025-10-07,37.6,4.8,37.4,4.7,Clear
906449,401805,2026-02-28,22.2,4.8,58.1,3.0,Heavy Rain
906450,404881,2024-11-14,13.6,10.3,70.8,4.6,Rain
906451,400277,2026-05-21,31.1,25.5,74.3,15.3,Haze
906452,400773,2025-12-24,28.6,18.7,66.6,7.7,Haze
906453,403925,2025-10-30,50.6,8.4,81.6,2.0,Storm
906454,403689,2026-01-19,34.8,5.5,54.6,57.9,Clear
906455,402946,2024-12-13,25.7,2.0,67.4,7.2,Heavy Rain
906456,400646,2024-06-27,11.3,0.7,73.5,15.0,Heavy Rain
906457,401924,2024-06-03,20.3,1.4,56.2,21.8,Rain
906458,403584,2025-05-18,23.3,2.2,73.9,0.5,Clear
906459,404372,2024-04-09,29.6,3.7,38.3,1.4,Storm
906460,404204,2025-02-22,18.7,1.2,59.0,7.1,Heavy Rain
906461,404844,2025-01-24,31.4,23.2,83.3,1.9,Storm
906462,401821,2025-03-15,37.3,11.6,58.4,4.8,Cloudy
906463,400747,2024-09-17,24.0,3.9,40.8,17.4,Haze
906464,402279,2025-06-07,24.8,15.1,38.7,3.9,Haze
906465,400082,2026-03-21,25.1,0.1,69.1,6.9,Rain
906466,403257,2025-02-01,36.8,1.5,49.3,11.8,Cloudy
906467,404738,2024-12-10,37.4,8.7,54.2,1.6,Clear
906468,404633,2026-06-04,31.6,4.7,81.4,3.2,Heavy Rain
906469,401587,2026-01-19,17.5,1.5,84.6,19.2,Storm
906470,404962,2025-01-09,27.5,6.5,77.5,27.5,Haze
906471,402590,2024-04-12,16.0,21.0,56.6,19.9,Haze
906472,403955,2026-04-13,21.6,18.7,77.7,14.0,Haze
906473,400598,2024-03-17,28.8,3.0,62.9,2.6,Storm
906474,404084,2026-02-13,37.4,5.7,64.1,20.2,Storm
906475,404988,2025-02-17,37.5,4.5,82.5,12.2,Cloudy
906476,403118,2026-04-12,37.4,16.2,51.4,21.2,Haze
906477,400453,2024-11-29,31.5,8.3,57.4,24.3,Cloudy
906478,400784,2024-10-16,36.4,0.6,65.4,0.7,Rain
906479,402082,2025-12-26,29.1,1.2,64.3,17.8,Cloudy
906480,403253,2025-04-20,27.5,10.2,83.1,14.2,Haze
906481,403014,2025-12-07,40.8,0.0,51.7,21.1,Storm
906482,400464,2024-07-02,28.8,8.0,57.4,9.9,Heavy Rain
906483,402872,2025-03-25,11.5,0.8,67.3,3.6,Rain
906484,404994,2025-06-03,12.9,0.9,46.8,15.2,Clear
906486,404365,2025-04-11,28.2,6.8,56.5,17.0,Heavy Rain
906487,400111,2024-03-09,17.1,3.6,63.8,32.9,Storm
906488,404849,2024-10-10,22.4,5.1,72.0,27.6,Rain
906489,401820,2026-06-27,28.4,25.9,53.7,8.3,Heavy Rain
906490,404484,2026-01-06,27.1,9.6,53.4,14.0,Rain
906491,400265,2025-08-22,35.6,28.2,70.0,0.5,Heavy Rain
906492,402069,2024-07-04,39.5,0.8,40.4,23.3,Heavy Rain
906493,403668,2026-06-18,33.4,10.5,55.1,1.0,Rain
906494,400944,2026-05-23,26.9,4.9,88.1,19.5,Heavy Rain
906495,402419,2025-10-16,14.4,8.5,67.5,4.5,Rain
906496,400701,2025-02-22,27.0,14.8,80.4,10.9,Heavy Rain
906497,404064,2025-06-09,19.9,11.0,87.0,24.9,Haze
906498,401867,2025-07-27,26.5,4.1,70.6,2.7,Heavy Rain
906499,401097,2024-09-15,32.1,4.9,58.5,5.0,Cloudy
906500,403509,2024-01-08,18.6,18.8,42.0,6.2,Haze
906501,400930,2024-01-01,21.7,12.2,38.0,10.4,Heavy Rain
906502,402182,2025-12-18,30.5,5.1,46.3,33.9,Rain
906503,401647,2024-02-09,27.0,1.0,43.8,3.7,Storm
906504,404322,2025-12-24,39.0,2.0,52.3,4.1,Storm
906505,402020,2026-01-27,22.2,3.8,66.0,10.5,Haze
906506,403253,2026-06-16,28.0,4.8,49.0,40.4,Rain
906507,400631,2024-10-20,19.6,3.5,66.6,6.1,Clear
906508,402179,2024-11-05,26.1,3.9,32.3,0.9,Storm
906509,401987,2025-12-17,22.8,16.8,79.0,11.7,Rain
906510,403834,2025-01-10,20.0,5.3,58.3,10.2,Haze
906511,400314,2024-06-30,26.2,1.0,64.3,4.6,Rain
906512,404513,2024-09-16,27.0,1.1,82.8,16.0,Rain
906513,400140,2024-09-11,35.7,1.7,90.8,1.2,Clear
906514,400741,2024-06-04,36.0,3.4,61.2,21.5,Heavy Rain
906515,401795,2026-06-18,6.1,5.6,72.4,23.5,Storm
906516,400130,2024-09-03,36.4,24.2,77.6,18.3,Haze
906517,402884,2025-06-14,42.8,3.7,79.7,4.7,Storm
906518,400701,2024-01-22,25.3,2.9,66.0,14.5,Storm
906519,401947,2024-07-11,27.3,0.7,62.0,6.4,Cloudy
906520,402560,2025-10-08,37.8,9.3,63.3,23.3,Heavy Rain
906521,401767,2025-05-22,38.9,22.6,63.6,4.0,Storm
906522,400339,2024-09-02,38.6,12.8,83.0,1.2,Rain
906523,400157,2025-07-07,26.6,6.6,88.8,13.8,Haze
906524,400617,2024-05-14,35.0,1.2,57.8,8.5,Rain
906525,400315,2024-05-23,23.6,38.8,59.4,2.7,Haze
906526,401493,2025-11-23,26.8,3.2,60.4,4.1,Clear
906527,403091,2025-06-18,37.7,3.5,64.3,9.7,Cloudy
906528,402005,2024-03-18,25.5,1.1,89.5,13.5,Rain
906529,403181,2025-02-11,31.2,13.2,79.5,19.4,Cloudy
906530,401720,2025-10-08,32.3,1.7,45.3,10.2,Heavy Rain
906531,402713,2024-11-11,31.8,23.2,88.8,5.1,Cloudy
906532,401178,2024-01-15,22.9,6.8,81.3,3.0,Clear
906533,400286,2024-02-02,22.0,16.2,53.9,0.9,Storm
906534,402014,2024-09-30,22.4,1.1,64.3,28.8,Heavy Rain
906535,401716,2026-01-04,29.4,5.8,64.3,2.7,Cloudy
906536,400185,2025-11-07,38.4,10.6,57.9,3.6,Cloudy
906537,402324,2024-10-15,20.0,6.1,57.8,8.5,Clear
906538,403751,2024-05-19,17.1,14.2,85.4,8.0,Heavy Rain
906539,402220,2026-07-03,17.9,13.4,68.9,6.7,Rain
906540,401230,2025-06-11,34.5,10.8,75.6,15.6,Haze
906541,403573,2024-04-13,24.2,1.3,67.7,11.9,Rain
906542,402328,2024-07-07,47.1,3.1,58.6,0.6,Heavy Rain
906545,401383,2024-02-01,30.4,17.7,87.4,0.2,Clear
906546,400856,2025-05-01,36.6,1.0,38.9,0.7,Rain
906547,400343,2024-04-03,31.8,13.3,36.2,6.4,Cloudy
906548,403032,2024-07-09,31.8,38.5,46.4,11.7,Heavy Rain
906549,400127,2024-07-24,25.5,9.1,54.5,17.2,Rain
906550,401623,2025-09-17,30.2,3.5,66.1,9.1,Cloudy
906551,400362,2025-08-30,24.7,16.4,64.3,16.2,Heavy Rain
906552,402367,2025-07-20,26.1,1.9,74.1,7.7,Cloudy
906553,401204,2025-11-25,18.0,1.2,93.5,18.5,Cloudy
906554,403213,2025-09-03,13.7,6.9,51.5,14.4,Heavy Rain
906555,401328,2026-04-13,34.5,1.2,82.0,7.9,Rain
906556,402827,2025-10-06,30.0,21.8,69.0,5.6,Haze
906557,404770,2025-07-31,32.1,25.2,72.6,16.8,Storm
906558,404650,2026-06-30,36.8,2.0,81.3,0.8,Storm
906559,403605,2024-08-08,9.3,5.2,60.2,9.1,Storm
906560,402137,2024-10-01,24.2,9.9,41.8,2.1,Storm
906561,400473,2024-02-04,26.8,2.3,58.2,20.9,Heavy Rain
906562,403290,2025-12-12,22.8,1.9,47.1,7.5,Haze
906563,400278,2025-05-19,22.9,2.1,62.7,17.8,Heavy Rain
906564,402581,2025-07-25,30.6,15.8,56.4,15.4,Cloudy
906565,403607,2025-12-27,29.2,9.9,89.5,18.5,Haze
906566,402576,2024-08-17,8.6,5.1,48.4,18.6,Clear
906567,404953,2025-09-20,33.4,4.9,78.7,4.5,Clear
906568,402897,2026-02-06,21.7,2.5,82.9,1.2,Rain
906569,402642,2024-01-20,26.1,12.0,64.2,10.6,Clear
906570,401302,2024-01-09,21.7,5.5,65.7,1.7,Rain
906571,404230,2025-12-15,35.4,22.1,93.6,2.2,Heavy Rain
906572,401684,2025-04-09,27.0,6.5,42.5,34.0,Rain
906573,401422,2024-02-20,28.0,4.8,83.0,16.1,Cloudy
906574,404849,2024-09-04,33.4,8.5,80.8,0.1,Heavy Rain
906575,404064,2024-12-09,35.5,1.2,81.3,5.9,Heavy Rain
906576,401650,2026-02-12,26.4,8.7,58.8,10.9,Storm
906577,400886,2025-08-21,28.7,5.3,41.1,7.1,Clear
906578,404905,2025-11-23,31.5,36.8,70.9,4.3,Storm
906579,403570,2026-04-07,34.9,0.2,39.3,0.2,Heavy Rain
906581,404028,2024-10-01,39.8,15.1,29.9,21.0,Rain
906582,403467,2026-07-08,36.7,7.2,57.9,60.4,Storm
906584,401306,2025-02-07,21.4,0.1,72.6,26.2,Heavy Rain
906585,402422,2024-09-01,22.8,0.8,69.9,10.2,Storm
906586,404137,2026-03-23,33.4,3.5,53.8,3.2,Storm
906587,403163,2025-03-16,45.4,2.5,36.3,5.4,Clear
906588,400931,2025-09-06,15.0,2.3,90.6,24.6,Clear
906589,404321,2024-06-12,23.4,3.9,52.9,0.8,Heavy Rain
906590,400650,2024-06-23,37.0,7.9,66.9,19.7,Rain
906591,401878,2025-06-03,27.9,1.3,34.9,2.1,Storm
906592,400701,2024-06-12,32.6,0.9,50.8,18.0,Rain
906593,404449,2024-04-29,21.6,8.2,89.5,0.2,Clear
906594,403519,2026-02-24,25.8,2.5,20.5,4.1,Storm
906595,404828,2025-12-26,31.3,3.6,92.2,14.9,Cloudy
906596,403348,2025-01-11,19.8,12.8,64.3,44.7,Cloudy
906597,403831,2024-03-18,34.8,15.0,47.2,16.8,Cloudy
906598,404680,2026-07-04,25.4,4.9,57.4,10.1,Clear
906599,404980,2024-09-09,32.2,0.9,80.5,18.7,Rain
906600,404198,2024-09-29,21.7,16.8,22.9,8.7,Rain
906601,404210,2026-01-18,27.4,2.0,51.9,3.5,Clear
906602,401193,2025-01-20,29.4,2.0,59.7,2.7,Storm
906603,401454,2024-05-21,20.6,5.8,42.8,8.6,Cloudy
906604,400139,2025-10-31,30.3,4.1,93.1,27.4,Rain
906605,402725,2025-06-07,12.2,4.5,46.2,8.6,Storm
906606,403894,2024-10-22,19.1,3.2,79.4,3.8,Cloudy
906607,403555,2024-01-21,15.6,10.2,73.3,10.6,Haze
906608,401300,2025-10-18,26.7,15.0,68.6,45.9,Storm
906609,403884,2025-05-17,23.3,9.8,66.1,2.8,Cloudy
906610,404260,2024-10-27,34.2,15.6,67.6,13.2,Haze
906611,400529,2026-01-02,32.2,13.1,69.0,5.6,Cloudy
906613,401831,2026-01-13,28.8,2.5,74.9,6.2,Haze
906614,403504,2025-01-16,18.0,4.7,42.7,2.3,Rain
906615,401530,2024-09-13,41.6,1.2,72.5,2.7,Cloudy
906616,404121,2024-08-29,24.6,2.7,38.1,24.4,Cloudy
906617,400502,2025-04-11,33.3,12.9,64.0,14.7,Heavy Rain
906618,401864,2025-10-14,30.7,12.6,51.3,2.9,Storm
906619,400764,2025-07-27,22.5,0.5,64.3,0.3,Clear
906620,401559,2025-12-26,44.0,4.9,49.9,0.1,Cloudy
906621,402700,2026-07-16,20.8,3.1,63.1,6.3,Rain
906622,404970,2024-02-24,36.0,4.5,74.9,17.3,Clear
906623,403544,2026-03-17,30.4,1.8,79.9,8.7,Storm
906624,403957,2024-01-02,36.0,2.9,50.2,1.4,Haze
906625,403023,2024-05-10,27.4,0.3,41.0,10.2,Cloudy
906626,402037,2024-10-07,25.7,14.5,54.4,19.8,Storm
906627,404053,2025-05-10,22.5,0.0,83.7,2.6,Cloudy
906628,402646,2024-04-11,44.4,11.0,60.3,8.4,Storm
906629,400251,2024-10-22,20.0,7.5,65.4,1.2,Clear
906630,403852,2024-11-27,23.3,12.5,45.4,9.2,Heavy Rain
906631,404121,2026-01-09,19.4,10.3,33.2,3.9,Haze
906632,404597,2025-08-27,20.2,9.7,91.8,3.8,Rain
906633,404792,2025-03-15,24.3,2.1,68.2,19.1,Rain
906634,404183,2025-11-22,18.4,6.3,51.8,24.8,Haze
906635,400866,2024-11-12,23.0,6.5,50.7,5.4,Clear
906636,402320,2024-12-17,23.8,5.9,63.8,1.6,Heavy Rain
906637,402068,2024-03-20,27.0,6.7,62.7,0.9,Clear
906638,400333,2025-08-14,33.6,7.4,90.8,9.1,Storm
906639,402647,2024-07-29,33.0,15.2,43.5,4.4,Haze
906640,402687,2026-07-08,22.9,2.2,56.6,15.7,Cloudy
906641,400869,2024-10-14,39.7,3.3,76.1,0.1,Heavy Rain
906642,403567,2024-07-09,17.7,0.5,76.5,10.4,Haze
906643,400330,2026-04-24,23.6,0.3,47.5,1.9,Heavy Rain
906644,403119,2024-09-08,28.7,24.8,90.5,14.7,Haze
906645,402902,2026-01-12,28.8,3.4,76.0,42.1,Heavy Rain
906646,402194,2024-07-16,38.2,6.0,34.4,12.0,Cloudy
906647,401088,2024-11-06,47.0,0.4,69.2,2.5,Cloudy
906648,400955,2025-01-26,46.3,0.1,90.4,10.4,Haze
906649,403052,2025-09-17,26.4,0.7,52.0,18.9,Storm
906650,401083,2025-03-23,26.1,3.0,48.2,2.7,Haze
906651,404294,2025-12-15,27.2,1.5,65.2,17.9,Cloudy
906652,404748,2025-06-18,21.2,27.5,54.8,3.0,Storm
906653,400105,2024-01-18,30.8,7.9,48.0,26.1,Heavy Rain
906654,401055,2024-04-12,19.1,5.9,64.3,1.4,Rain
906655,402401,2026-01-22,9.9,17.0,42.7,2.2,Rain
906656,403280,2024-11-01,28.4,2.0,72.9,12.3,Storm
906657,402074,2026-02-14,37.5,28.3,45.2,6.7,Heavy Rain
906658,402038,2026-04-07,14.5,5.9,41.3,11.3,Clear
906659,400233,2026-02-15,35.8,16.0,32.8,10.5,Cloudy
906660,404760,2024-02-27,36.5,5.5,39.7,15.0,Haze
906661,400339,2024-02-24,22.3,11.9,56.0,3.4,Clear
906662,403260,2025-11-10,28.2,7.2,58.5,20.7,Haze
906663,400504,2024-11-25,27.3,1.8,44.4,2.9,Storm
906664,403437,2024-01-06,17.7,6.1,46.0,12.3,Storm
906665,404583,2024-06-19,41.8,3.3,48.6,16.5,Cloudy
906666,404429,2025-06-28,29.0,8.3,77.6,13.4,Cloudy
906667,402544,2024-02-01,31.5,0.6,89.6,28.4,Haze
906668,401881,2024-04-20,37.8,0.7,56.4,9.0,Clear
906669,404215,2024-10-12,30.3,0.4,64.3,17.1,Rain
906670,401243,2025-08-09,24.9,5.7,27.2,15.1,Cloudy
906671,403072,2025-02-26,33.6,2.0,39.0,11.2,Heavy Rain
906672,404708,2024-06-12,21.9,4.1,55.2,2.3,Haze
906673,403021,2025-03-24,39.0,5.5,65.2,38.3,Haze
906674,400031,2024-09-20,25.1,16.6,49.6,23.7,Heavy Rain
906676,402491,2025-01-04,14.0,5.2,49.6,22.8,Clear
906677,404734,2024-03-02,38.9,10.2,76.6,1.3,Clear
906678,400210,2025-05-30,44.8,3.4,87.7,5.8,Clear
906679,401468,2025-10-05,32.8,14.9,81.4,16.7,Storm
906680,402954,2024-11-20,19.1,5.0,91.4,0.6,Rain
906681,402766,2024-08-24,24.5,9.6,60.4,34.1,Haze
906682,404757,2026-07-14,19.8,2.2,64.3,12.6,Storm
906683,404145,2025-09-26,21.2,4.4,59.2,10.3,Heavy Rain
906684,401744,2025-08-12,31.9,2.7,49.6,17.5,Clear
906685,402261,2026-02-20,15.2,31.1,73.8,4.4,Haze
906686,403068,2025-02-01,23.6,7.2,69.6,16.2,Heavy Rain
906687,401392,2024-03-13,20.7,6.3,75.3,12.9,Haze
906688,401020,2026-02-23,23.7,6.2,68.1,25.2,Cloudy
906689,400053,2024-04-05,30.0,6.8,47.6,8.4,Haze
906690,400447,2025-03-05,29.3,20.1,45.1,34.0,Rain
906691,400264,2024-11-22,25.2,7.0,76.1,3.2,Clear
906692,403398,2025-06-25,26.2,1.4,85.3,11.8,Cloudy
906693,404490,2025-02-21,28.5,2.0,42.8,0.4,Storm
906694,403004,2025-09-22,30.0,2.7,62.4,11.2,Storm
906695,402059,2025-10-05,27.5,5.9,86.0,4.1,Storm
906696,402216,2024-07-10,37.0,3.1,71.6,11.9,Heavy Rain
906697,401021,2026-06-16,26.7,1.3,40.0,71.2,Heavy Rain
906698,401984,2025-07-02,17.1,10.7,72.9,16.7,Cloudy
906699,400157,2025-09-01,22.1,7.3,53.0,4.2,Clear
906700,403051,2025-07-02,27.2,30.6,71.6,1.3,Cloudy
906701,403595,2024-04-25,25.8,3.2,84.1,19.6,Rain
906702,401729,2025-04-23,19.0,19.5,33.9,6.9,Clear
906703,402634,2025-02-22,33.3,2.8,28.5,1.1,Clear
906704,401234,2025-03-30,28.5,1.6,54.0,0.1,Rain
906705,402944,2024-12-26,36.0,0.4,64.3,5.6,Storm
906706,401053,2026-07-04,11.9,9.1,48.8,19.0,Clear
906707,404699,2026-01-28,24.0,1.2,73.4,12.3,Cloudy
906708,403723,2025-07-16,33.5,5.4,69.5,12.9,Haze
906710,400646,2025-02-25,31.3,37.7,29.4,20.6,Heavy Rain
906711,402323,2025-03-05,24.9,0.4,63.0,15.6,Haze
906712,404489,2025-12-07,41.4,0.6,46.4,30.8,Clear
906713,401339,2024-11-30,11.6,7.1,53.9,0.4,Haze
906714,402133,2025-09-22,29.0,7.5,59.7,3.7,Heavy Rain
906715,402400,2024-02-08,13.7,0.7,71.9,0.5,Storm
906716,401877,2024-07-24,36.0,4.7,64.3,5.1,Heavy Rain
906717,403006,2025-12-23,20.3,16.1,61.3,13.1,Rain
906718,402068,2024-08-31,17.1,2.4,71.7,0.3,Cloudy
906719,402391,2025-11-09,29.0,4.4,93.8,29.9,Haze
906720,402142,2025-04-27,24.4,19.9,67.4,1.5,Rain
906721,403634,2025-12-27,27.4,14.5,27.7,8.7,Haze
906722,400886,2024-05-13,20.5,10.2,62.8,1.5,Storm
906723,404619,2025-08-11,32.4,2.4,64.3,14.9,Rain
906724,401265,2024-05-21,30.6,1.3,56.8,9.2,Clear
906725,404714,2025-12-05,21.0,8.4,98.3,55.9,Haze
906726,401465,2025-12-19,24.2,3.2,55.4,1.7,Cloudy
906727,401129,2026-02-24,24.0,2.7,72.2,8.6,Clear
906728,400667,2025-07-25,33.7,1.4,64.3,38.9,Cloudy
906729,402777,2026-05-12,31.1,2.6,41.4,3.1,Clear
906730,400162,2024-01-07,29.4,4.6,91.2,13.1,Storm
906731,404006,2024-03-25,24.9,3.4,64.3,8.0,Clear
906732,402684,2026-06-21,38.3,6.1,62.1,0.3,Rain
906733,404612,2025-07-28,18.9,3.0,60.5,2.5,Rain
906734,402798,2024-10-29,27.7,5.3,62.1,14.3,Rain
906735,404267,2026-05-26,35.4,20.2,65.6,6.1,Rain
906736,400315,2026-05-20,32.9,5.5,75.8,39.8,Rain
906737,404986,2024-03-25,23.2,9.0,87.0,10.1,Heavy Rain
906738,400478,2025-04-26,24.1,5.2,47.0,4.8,Heavy Rain
906739,400099,2024-08-23,26.8,1.6,59.4,55.2,Clear
906740,401098,2024-12-08,35.9,17.1,89.7,6.5,Heavy Rain
906741,404912,2026-05-26,20.8,7.2,89.1,4.1,Rain
906742,402511,2026-03-04,25.9,13.0,77.5,20.6,Cloudy
906743,402130,2025-04-06,30.6,8.6,26.1,26.1,Clear
906744,403110,2026-03-20,20.6,4.6,61.0,3.6,Heavy Rain
906745,402528,2025-04-02,18.3,26.2,51.2,0.6,Heavy Rain
906746,403291,2024-02-19,27.2,30.7,81.8,15.3,Rain
906747,401876,2025-02-19,30.6,2.6,44.8,1.9,Storm
906748,404525,2025-09-01,20.9,1.4,64.3,5.1,Clear
906749,400767,2026-06-04,27.5,9.7,68.8,2.7,Rain
906750,401548,2025-09-05,31.8,7.9,63.6,16.0,Heavy Rain
906751,403240,2024-01-13,21.8,3.6,46.5,0.4,Storm
906752,401000,2025-07-05,37.0,2.0,63.3,8.0,Storm
906753,401113,2025-07-21,28.5,13.2,84.1,4.7,Heavy Rain
906754,404405,2025-10-21,32.6,7.9,46.4,26.7,Clear
906755,401714,2025-06-22,37.2,8.4,77.2,4.8,Heavy Rain
906756,402617,2025-05-06,30.1,4.7,64.3,12.0,Clear
906757,404476,2024-09-11,26.7,5.0,55.4,6.3,Cloudy
906758,403246,2024-01-29,31.5,3.4,78.7,0.0,Heavy Rain
906759,403362,2025-02-13,35.4,10.0,86.5,21.3,Cloudy
906760,400584,2026-06-25,40.3,2.9,64.6,18.2,Haze
906763,403479,2025-08-08,25.8,0.3,79.5,1.5,Heavy Rain
906764,401547,2024-07-02,27.8,10.2,45.9,6.3,Cloudy
906765,403971,2026-03-07,27.8,8.4,29.8,7.8,Clear
906766,403688,2024-03-31,42.1,5.4,51.8,2.1,Haze
906767,400288,2024-03-24,37.4,0.4,54.5,4.8,Heavy Rain
906768,404084,2025-09-30,24.9,18.3,65.1,7.9,Storm
906769,404144,2024-09-26,27.9,7.0,81.0,2.8,Rain
906770,401443,2025-11-03,26.6,5.8,42.2,4.3,Heavy Rain
906771,403884,2026-04-05,27.1,0.8,93.5,25.2,Haze
906772,400533,2026-05-04,26.8,1.7,60.6,7.9,Clear
906774,401525,2025-11-05,30.3,7.9,92.5,30.0,Storm
906775,400577,2025-11-17,21.7,7.3,93.9,2.9,Heavy Rain
906776,404685,2026-02-02,25.1,20.0,61.0,9.3,Heavy Rain
906777,402621,2024-03-19,27.0,8.3,63.0,8.8,Heavy Rain
906778,404332,2025-10-11,40.6,5.5,85.9,68.0,Rain
906779,402079,2025-05-25,12.4,1.4,74.7,3.1,Heavy Rain
906780,400407,2025-10-31,32.9,14.2,90.6,4.0,Cloudy
906781,402222,2025-04-25,35.1,7.8,60.4,2.1,Heavy Rain
906782,403957,2025-10-22,17.1,10.4,64.3,16.3,Clear
906783,403822,2025-07-19,33.8,0.4,49.7,15.3,Haze
906784,403549,2025-12-13,31.6,2.5,78.9,16.0,Heavy Rain
906785,403373,2024-07-10,32.0,3.3,84.6,3.2,Clear
906786,402964,2024-09-15,19.7,40.9,63.1,20.3,Clear
906787,400174,2024-02-16,26.2,13.8,49.2,17.0,Cloudy
906788,403299,2025-07-27,30.6,2.4,47.2,34.2,Rain
906789,402912,2025-09-26,20.9,6.8,74.4,6.5,Storm
906790,401480,2025-05-12,28.9,7.6,66.5,10.5,Storm
906791,401223,2024-12-21,25.3,1.2,79.5,3.4,Heavy Rain
906792,401078,2024-03-22,28.2,28.7,64.3,15.3,Clear
906793,401753,2025-06-21,32.7,3.0,57.1,23.0,Haze
906794,401720,2026-04-24,19.5,11.1,63.2,7.0,Haze
906795,404780,2024-09-06,26.7,3.6,72.3,5.4,Storm
906796,403354,2024-07-09,28.6,8.0,82.9,4.6,Storm
906797,401983,2024-10-01,32.6,2.3,64.3,18.2,Rain
906798,402672,2024-05-14,37.9,8.5,52.9,7.3,Storm
906799,404554,2024-08-29,27.8,3.5,47.2,22.4,Storm
906800,400539,2024-02-01,39.8,14.0,67.7,1.9,Storm
906801,404722,2024-04-05,29.2,17.2,64.3,13.3,Heavy Rain
906802,403381,2025-11-15,45.0,2.4,77.1,0.2,Clear
906803,401476,2026-05-20,27.1,10.7,34.3,0.3,Storm
906804,402846,2026-03-04,20.2,10.3,61.6,6.2,Heavy Rain
906805,403090,2025-01-11,22.7,12.4,64.6,9.2,Cloudy
906806,400160,2025-03-04,22.5,1.1,74.2,0.2,Heavy Rain
906807,404820,2024-04-05,33.8,10.1,44.6,0.5,Storm
906808,403353,2025-08-30,24.8,6.6,97.5,5.7,Clear
906809,400681,2025-06-12,30.5,11.9,30.8,13.9,Cloudy
906810,403489,2025-03-30,38.2,7.7,47.4,56.0,Heavy Rain
906811,403721,2026-06-24,32.3,21.9,47.7,0.4,Rain
906812,401965,2025-08-18,26.4,2.2,28.1,5.8,Haze
906813,400584,2024-04-27,34.8,0.8,33.6,2.3,Cloudy
906814,401844,2024-12-22,22.2,9.8,75.6,6.3,Heavy Rain
906815,402313,2025-09-20,35.8,12.0,33.5,2.1,Rain
906816,402750,2024-06-14,21.2,4.9,21.2,21.8,Cloudy
906817,401712,2024-01-02,37.1,0.9,87.2,27.4,Rain
906818,404442,2024-12-28,16.1,6.6,64.6,2.3,Heavy Rain
906820,402152,2026-03-26,21.3,6.0,87.4,13.7,Rain
906821,402892,2024-09-17,31.3,4.9,56.1,20.3,Cloudy
906822,403505,2026-05-31,32.6,1.7,33.9,20.0,Cloudy
906823,400883,2025-04-09,34.1,1.4,76.9,34.1,Cloudy
906824,401154,2025-07-28,34.5,17.8,88.4,5.6,Haze
906825,404401,2024-02-11,26.5,1.0,58.3,6.5,Haze
906826,401471,2025-04-28,41.8,2.6,51.2,26.8,Haze
906827,400627,2026-01-20,17.8,10.7,81.4,19.3,Cloudy
906828,404040,2025-09-28,34.7,3.7,54.5,62.3,Clear
906829,402265,2024-01-21,24.9,2.7,56.1,6.5,Rain
906830,403613,2024-08-11,38.5,5.1,56.7,3.9,Storm
906831,403922,2025-01-29,10.4,12.1,67.6,12.7,Clear
906832,404502,2024-10-06,37.0,5.0,74.2,2.3,Clear
906833,403772,2025-07-18,26.9,2.1,86.6,35.9,Rain
906834,400351,2026-04-17,34.5,2.4,64.3,5.3,Cloudy
906835,400427,2024-11-05,32.3,7.6,60.5,10.5,Rain
906836,404264,2024-11-13,23.8,12.6,88.5,5.8,Clear
906837,400586,2025-12-05,26.1,19.5,82.6,2.0,Rain
906838,402001,2025-11-06,38.2,8.1,89.0,23.7,Heavy Rain
906839,400467,2024-12-19,28.5,6.0,71.3,15.7,Cloudy
906840,403332,2024-01-07,27.7,0.8,99.1,10.0,Haze
906841,404928,2024-01-21,29.6,9.2,70.7,1.9,Heavy Rain
906842,401441,2024-11-23,17.5,0.6,70.3,1.2,Haze
906843,402376,2025-04-19,42.0,1.4,53.4,7.0,Clear
906844,403462,2026-06-01,19.8,37.4,67.0,19.1,Heavy Rain
906845,403301,2025-09-19,29.0,12.1,38.2,10.3,Cloudy
906846,403571,2024-01-25,40.4,3.0,64.3,5.2,Clear
906847,404437,2025-02-01,24.2,7.3,58.2,0.8,Heavy Rain
906848,403819,2024-05-05,21.6,1.8,32.1,2.1,Clear
906849,401775,2025-05-19,15.2,1.2,73.4,2.2,Clear
906850,404094,2025-06-02,43.1,9.7,50.1,1.9,Haze
906851,402319,2024-07-02,24.2,2.5,60.0,19.9,Storm
906852,401554,2024-01-06,35.9,4.1,45.6,6.6,Rain
906853,403713,2024-01-27,19.9,2.3,58.4,21.4,Storm
906854,402369,2024-02-05,25.6,14.2,86.4,6.0,Haze
906855,401434,2024-12-25,19.3,0.5,70.1,0.9,Rain
906856,400094,2026-03-28,27.7,2.5,60.9,19.3,Rain
906857,404653,2025-04-30,25.1,8.0,44.3,45.7,Clear
906858,403576,2025-10-01,36.4,6.2,63.0,0.8,Haze
906859,403285,2025-03-29,28.0,11.1,48.0,4.8,Haze
906860,404706,2025-10-02,25.2,5.5,64.3,19.1,Rain
906861,404278,2024-01-17,40.4,6.5,48.3,4.5,Storm
906862,400176,2025-01-09,19.2,9.8,53.2,53.4,Storm
906863,402456,2024-09-16,28.8,1.7,62.5,3.1,Rain
906864,401205,2024-08-03,31.7,9.8,63.1,2.5,Cloudy
906865,402861,2025-04-22,25.6,1.9,78.8,1.4,Rain
906866,402149,2025-11-17,30.0,4.0,41.7,8.4,Heavy Rain
906867,402224,2026-03-26,29.3,0.1,46.4,8.2,Cloudy
906868,403239,2025-09-30,4.2,23.8,59.9,8.1,Storm
906869,401777,2025-11-08,37.8,20.9,75.5,2.0,Rain
906870,403299,2025-06-27,37.4,2.9,67.8,0.1,Rain
906871,400841,2026-02-07,22.3,7.0,49.0,16.9,Storm
906872,401724,2025-12-23,40.8,4.5,69.7,26.0,Clear
906873,403063,2024-03-15,21.2,4.6,31.0,8.6,Cloudy
906874,400792,2024-08-19,36.5,3.8,52.4,2.3,Rain
906875,402951,2026-04-11,31.8,5.7,18.8,13.3,Heavy Rain
906876,400786,2024-03-14,20.0,4.3,54.4,5.5,Heavy Rain
906877,403897,2025-01-22,25.0,3.7,74.1,16.0,Storm
906878,401963,2025-01-13,27.9,1.8,57.9,18.1,Rain
906879,404702,2024-02-25,38.5,4.9,73.8,5.2,Cloudy
906880,400001,2025-07-30,17.9,10.0,50.6,2.3,Clear
906881,402855,2026-01-26,22.6,7.6,55.1,6.8,Storm
906882,400501,2025-11-22,42.6,2.0,47.6,1.7,Cloudy
906883,401966,2025-12-19,41.6,1.0,73.1,20.3,Haze
906884,404594,2026-06-07,36.0,19.6,67.5,2.8,Storm
906885,403248,2025-08-08,37.3,1.5,40.9,17.5,Clear
906886,403598,2025-07-11,32.7,17.6,54.2,13.0,Cloudy
906887,400758,2024-05-26,25.4,3.8,63.9,7.6,Haze
906888,403686,2024-12-25,21.8,14.8,51.0,0.1,Rain
906889,402000,2025-05-26,26.4,5.5,37.8,9.9,Storm
906890,402240,2024-07-05,30.6,2.4,54.8,1.9,Heavy Rain
906891,403960,2025-05-02,16.5,5.3,59.9,26.9,Haze
906892,400158,2025-04-21,27.0,0.7,22.4,0.2,Rain
906893,404165,2025-08-23,27.2,0.2,67.5,12.1,Clear
906894,400797,2026-05-19,22.7,5.7,59.1,23.7,Clear
906895,404011,2024-10-31,27.8,13.1,69.3,20.5,Cloudy
906896,403810,2025-04-10,21.4,5.0,91.3,1.6,Clear
906897,403518,2024-10-29,42.8,7.5,26.5,8.1,Storm
906898,401134,2024-07-31,31.9,5.6,62.7,1.9,Clear
906899,400392,2024-11-26,21.4,2.4,48.9,14.1,Rain
906900,404358,2026-02-12,33.3,8.7,62.0,35.3,Haze
906901,402814,2024-11-07,24.9,5.7,86.4,2.7,Rain
906902,404276,2025-12-01,23.3,11.1,46.1,19.9,Cloudy
906903,401773,2024-10-14,18.1,5.5,61.3,6.2,Heavy Rain
906905,402036,2024-07-31,22.3,0.2,54.3,9.2,Rain
906906,400440,2025-01-27,30.1,6.9,41.5,9.5,Cloudy
906907,400190,2024-10-20,22.9,9.1,48.5,23.4,Heavy Rain
906908,403593,2025-03-21,26.3,20.2,50.5,16.4,Rain
906909,403902,2024-02-01,34.5,7.8,72.4,17.9,Haze
906910,401622,2025-03-18,31.2,8.6,53.0,7.7,Cloudy
906911,400600,2024-12-03,33.7,8.8,80.1,2.5,Heavy Rain
906912,401423,2025-08-11,26.3,4.7,70.3,6.8,Storm
906913,401443,2024-01-23,37.2,3.3,83.7,9.3,Clear
906914,400720,2026-04-18,20.4,2.6,68.9,9.3,Clear
906915,402790,2024-11-10,25.5,3.2,56.3,37.4,Rain
906916,401201,2025-10-26,22.4,3.8,77.4,0.7,Clear
906917,403157,2024-09-14,24.8,4.2,67.1,24.3,Cloudy
906918,400422,2025-07-16,25.2,0.9,24.5,7.7,Storm
906919,400776,2024-08-26,26.9,6.8,67.8,1.3,Storm
906920,403766,2025-07-24,31.3,2.6,73.3,6.0,Cloudy
906921,403901,2026-07-08,31.1,1.9,88.4,20.6,Rain
906922,403467,2025-02-27,24.9,1.3,76.9,12.9,Heavy Rain
906923,402779,2025-10-12,31.5,10.4,51.3,7.3,Rain
906924,403281,2026-02-24,17.5,0.8,75.4,11.4,Haze
906925,402998,2024-11-20,19.3,16.2,70.0,8.0,Cloudy
906926,403741,2025-07-17,25.0,8.2,74.7,29.4,Storm
906927,404286,2025-02-01,31.8,8.5,49.5,14.3,Clear
906929,400081,2024-08-23,29.8,5.0,76.3,1.3,Cloudy
906930,400640,2025-05-25,16.2,14.9,76.0,3.1,Rain
906931,403906,2024-09-24,20.2,5.3,22.3,28.0,Cloudy
906932,401337,2026-06-16,34.6,11.9,57.8,24.5,Clear
906933,402313,2025-09-02,38.9,1.6,69.6,17.2,Haze
906934,400852,2024-11-29,38.1,0.9,32.4,2.1,Heavy Rain
906935,402366,2025-08-21,25.1,16.7,78.5,5.2,Haze
906936,401194,2025-12-27,35.5,0.1,77.9,17.9,Cloudy
906937,403208,2024-09-22,22.4,1.2,74.4,7.8,Storm
906938,403251,2025-09-13,32.6,12.6,61.7,49.9,Rain
906939,404964,2025-07-22,29.4,6.7,91.0,15.5,Heavy Rain
906940,402440,2025-05-23,22.2,1.2,49.7,30.3,Cloudy
906941,401054,2024-06-03,17.4,23.0,78.2,13.5,Clear
906942,400862,2024-08-24,27.2,0.3,79.8,0.1,Heavy Rain
906943,401029,2026-04-02,16.6,1.3,85.1,8.7,Clear
906944,404655,2026-01-02,18.0,10.8,59.8,1.3,Heavy Rain
906945,400927,2025-05-19,23.3,0.2,70.2,1.1,Rain
906946,401897,2025-11-13,21.1,4.5,70.2,4.9,Clear
906947,401621,2025-11-21,26.9,9.0,64.3,9.5,Rain
906948,401292,2025-01-23,31.5,3.4,57.1,2.0,Haze
906949,400586,2025-07-14,36.7,11.3,58.3,13.9,Storm
906950,402287,2024-05-08,17.2,3.7,64.1,7.9,Cloudy
906951,401990,2025-10-19,17.3,9.1,76.4,7.9,Rain
906953,402594,2024-10-21,29.1,2.4,86.0,3.1,Storm
906954,404734,2025-07-12,25.2,0.4,57.4,1.1,Heavy Rain
906955,403222,2025-10-08,15.3,13.8,79.1,6.4,Rain
906956,403133,2024-12-15,30.8,6.8,61.8,4.4,Clear
906957,404728,2024-11-07,28.3,9.3,75.0,7.7,Rain
906958,403828,2025-06-23,13.7,2.6,55.5,3.3,Rain
906959,401269,2024-11-30,40.6,14.3,76.9,10.2,Heavy Rain
906960,403190,2024-03-24,24.6,3.2,48.7,19.1,Rain
906961,400667,2026-02-06,37.6,4.5,46.9,6.1,Clear
906962,404250,2026-03-31,28.0,5.1,64.3,35.9,Rain
906963,400641,2024-08-05,34.7,12.6,79.4,35.2,Storm
906964,401049,2025-10-20,27.3,14.9,74.5,4.7,Cloudy
906965,402285,2025-12-15,26.3,0.4,68.2,3.6,Haze
906966,400761,2026-03-26,39.4,10.4,67.9,16.3,Heavy Rain
906967,404737,2024-07-23,17.7,5.6,28.3,8.5,Heavy Rain
906968,402395,2026-05-23,22.6,3.4,50.1,2.1,Haze
906969,402329,2025-03-30,25.3,4.1,49.7,5.0,Rain
906970,403006,2025-12-29,9.1,7.3,71.9,6.6,Clear
906971,402149,2026-04-05,22.3,27.6,94.2,23.4,Heavy Rain
906972,401085,2026-01-09,8.9,1.1,55.5,19.2,Rain
906973,401858,2024-12-30,8.6,3.8,67.8,6.9,Rain
906974,404577,2025-05-24,40.2,0.0,66.7,1.9,Haze
906975,404544,2024-03-02,41.8,1.3,50.6,1.7,Cloudy
906976,402906,2024-08-03,39.9,22.7,50.5,5.4,Clear
906977,404229,2024-09-28,25.9,12.1,62.3,2.0,Cloudy
906978,404245,2026-01-14,14.9,5.6,47.9,29.0,Heavy Rain
906979,401635,2024-06-27,34.9,22.3,61.5,15.9,Heavy Rain
906980,400392,2024-10-15,31.2,6.4,69.7,5.2,Clear
906981,400100,2026-03-20,25.0,6.8,68.5,5.5,Clear
906982,404863,2025-03-08,32.7,9.8,60.5,5.3,Clear
906983,400125,2024-02-05,25.8,28.0,44.5,1.1,Heavy Rain
906984,401242,2024-03-28,38.2,2.7,64.3,10.3,Rain
906985,401069,2024-02-15,36.0,1.9,44.0,18.5,Rain
906986,404173,2024-11-11,36.5,16.5,85.2,4.4,Clear
906987,401630,2024-08-10,27.4,6.6,64.4,1.9,Haze
906988,402843,2025-07-06,24.4,13.9,56.7,5.4,Clear
906989,401055,2024-12-27,17.7,8.1,56.8,25.1,Rain
906990,404506,2026-01-28,28.4,7.1,90.0,9.0,Rain
906992,403420,2025-06-28,17.5,1.4,84.4,5.5,Heavy Rain
906993,404219,2024-12-18,34.9,11.9,64.7,48.5,Clear
906994,402666,2025-07-28,32.0,8.4,30.7,8.3,Haze
906995,403121,2025-09-20,26.2,2.8,41.3,46.9,Rain
906996,400464,2026-04-04,27.0,2.9,43.8,9.7,Haze
906997,403011,2024-02-24,18.9,12.3,64.5,0.3,Clear
906998,404180,2024-09-29,24.4,5.5,41.1,0.8,Storm
906999,403147,2024-06-08,18.6,2.1,65.8,7.1,Rain
907000,402960,2024-04-12,15.9,7.8,77.5,13.0,Heavy Rain
907001,400487,2024-11-05,24.4,11.9,83.0,17.5,Rain
907002,400966,2025-10-27,33.9,2.1,62.6,22.7,Rain
907003,400925,2024-01-10,32.3,1.3,51.3,24.9,Heavy Rain
907004,400511,2024-12-31,25.2,4.7,64.3,28.2,Storm
907005,401800,2024-06-06,16.6,1.5,61.7,1.9,Haze
907006,404826,2025-08-08,32.9,0.6,55.0,6.6,Cloudy
907007,403142,2025-08-08,18.9,10.9,73.6,17.2,Clear
907008,401729,2026-06-19,23.8,2.7,31.9,13.8,Storm
907009,400110,2025-07-28,36.0,14.5,66.0,26.9,Haze
907010,402459,2024-05-17,25.9,1.5,49.2,1.4,Heavy Rain
907011,403639,2025-07-24,13.3,11.6,68.3,11.5,Heavy Rain
907012,403216,2024-02-05,23.1,17.4,57.0,13.6,Storm
907013,404749,2025-05-25,32.4,10.8,86.3,0.9,Rain
907014,404898,2026-03-12,28.3,6.2,70.7,55.3,Cloudy
907015,400978,2024-12-09,27.8,14.7,56.1,1.6,Haze
907016,403430,2024-01-08,32.6,1.4,86.3,9.1,Rain
907017,404921,2025-03-11,14.1,5.5,63.6,0.6,Rain
907018,400411,2024-04-28,33.4,6.0,74.3,35.9,Heavy Rain
907019,403102,2026-06-10,26.4,0.6,41.2,1.8,Haze
907020,404945,2025-10-21,27.0,5.6,49.1,13.8,Clear
907021,403821,2026-02-18,26.5,2.6,64.3,4.9,Rain
907022,404619,2025-11-19,35.7,11.2,64.9,3.6,Cloudy
907024,403639,2024-09-16,34.8,0.7,52.8,16.9,Heavy Rain
907025,404007,2026-05-06,27.4,1.1,58.2,31.3,Haze
907026,401231,2024-04-14,34.2,3.2,72.9,4.2,Cloudy
907027,401806,2024-03-14,34.5,7.9,34.7,16.0,Clear
907028,402188,2024-12-07,26.7,7.9,67.7,15.4,Rain
907029,404597,2026-03-25,34.0,4.6,66.1,31.0,Cloudy
907030,403088,2025-01-31,41.8,70.7,79.8,0.1,Clear
907031,403902,2024-12-19,23.4,11.5,93.4,3.5,Haze
907032,404386,2026-06-30,35.5,4.6,83.7,10.4,Clear
907033,400098,2026-05-08,19.0,26.8,68.6,3.1,Storm
907034,403176,2025-08-26,23.3,26.1,75.9,1.2,Cloudy
907035,400896,2024-10-31,37.6,14.9,55.5,33.9,Heavy Rain
907036,400260,2025-09-30,34.3,24.6,56.2,2.6,Haze
907037,404728,2025-08-01,16.7,14.9,22.8,0.3,Rain
907038,404027,2025-03-10,23.6,7.2,52.5,5.0,Heavy Rain
907039,400078,2026-06-06,9.5,14.1,64.3,32.6,Haze
907040,402432,2025-11-23,13.4,2.6,79.2,11.0,Cloudy
907041,402392,2024-06-17,27.0,3.0,77.0,16.2,Clear
907042,402264,2026-03-23,31.6,7.2,83.6,7.2,Rain
907043,401876,2024-11-16,17.8,2.8,37.8,3.7,Rain
907044,401004,2024-05-13,25.6,5.5,40.6,2.3,Cloudy
907045,401833,2024-04-12,22.5,14.4,83.6,4.8,Clear
907046,403325,2026-06-06,22.0,5.1,59.5,11.6,Rain
907047,400382,2025-01-24,30.3,7.4,83.5,6.8,Haze
907048,402015,2025-01-28,25.3,3.1,61.1,7.8,Rain
907049,401590,2024-07-11,24.6,15.0,68.1,19.5,Heavy Rain
907050,402908,2025-05-15,27.0,1.2,31.3,14.7,Haze
907051,400865,2025-05-31,34.9,27.1,64.7,5.4,Rain
907052,400949,2024-02-21,21.2,0.4,64.3,1.5,Haze
907053,402641,2025-01-26,36.7,5.6,71.7,2.0,Cloudy
907054,404502,2024-10-03,32.2,6.5,76.6,11.2,Haze
907056,400610,2024-08-02,20.5,5.1,68.2,9.0,Haze
907057,403375,2026-07-18,39.7,9.1,53.8,9.5,Haze
907058,403481,2026-01-30,25.7,18.3,70.0,0.1,Rain
907059,402504,2024-06-12,26.7,15.7,47.1,17.7,Storm
907060,400746,2025-12-06,24.6,7.1,40.6,8.1,Clear
907061,402900,2024-02-07,15.6,7.4,58.4,0.9,Rain
907062,400269,2024-01-02,27.6,11.3,38.5,24.4,Storm
907063,403072,2024-12-11,33.3,1.3,68.3,0.0,Storm
907064,403080,2025-05-06,31.6,10.4,97.8,41.3,Haze
907065,400275,2026-01-05,38.5,1.8,64.8,6.6,Rain
907066,400221,2025-10-31,27.0,2.6,64.6,0.2,Cloudy
907067,402939,2024-11-23,18.7,4.0,61.3,7.9,Rain
907068,403544,2024-05-14,30.2,7.2,77.2,0.7,Rain
907070,402455,2024-11-14,24.0,1.6,73.4,16.2,Haze
907071,400891,2025-10-08,24.4,28.4,34.7,6.6,Clear
907072,404300,2024-01-26,40.2,22.9,55.3,19.8,Storm
907073,402429,2026-02-08,37.7,4.1,63.9,12.9,Haze
907074,402036,2025-07-17,15.4,3.3,50.6,3.4,Haze
907075,404862,2024-11-09,44.2,2.5,82.2,9.9,Rain
907076,402217,2026-07-15,34.9,20.5,76.0,3.6,Haze
907077,400040,2024-05-26,28.7,8.0,52.0,39.0,Cloudy
907078,402611,2025-05-04,34.1,0.1,73.1,1.3,Haze
907079,400615,2025-06-25,37.9,2.7,79.8,22.9,Cloudy
907080,400888,2024-04-21,27.7,8.6,60.2,2.3,Storm
907081,403184,2024-01-20,26.9,1.9,39.2,11.0,Heavy Rain
907082,404447,2024-02-19,40.8,2.4,47.0,7.7,Rain
907083,401167,2025-05-10,27.1,13.5,74.0,6.6,Rain
907084,402094,2024-01-21,30.3,20.1,53.5,20.8,Heavy Rain
907085,401456,2024-01-17,35.4,22.5,73.3,4.2,Storm
907086,400208,2026-06-08,33.0,2.5,67.3,15.9,Clear
907087,402415,2025-05-10,28.6,8.3,45.9,12.1,Heavy Rain
907088,402476,2025-01-20,37.0,1.7,59.6,3.2,Clear
907089,400462,2025-07-01,20.1,0.5,51.7,19.6,Heavy Rain
907090,402549,2024-03-20,20.1,1.0,54.4,13.5,Rain
907091,400506,2025-05-04,27.6,0.5,74.6,10.2,Clear
907092,400905,2024-08-24,35.1,0.5,57.8,9.6,Clear
907093,401086,2024-07-12,35.0,1.3,99.8,20.6,Haze
907094,403696,2026-06-25,29.9,7.6,82.3,8.5,Storm
907095,401466,2025-04-17,19.6,0.1,56.1,19.3,Heavy Rain
907096,401198,2024-05-13,23.7,4.9,64.3,27.8,Haze
907097,402794,2024-06-21,21.1,10.2,94.0,13.0,Cloudy
907098,400367,2025-03-01,15.0,2.9,52.9,1.4,Haze
907099,401220,2025-01-24,26.6,0.3,70.5,4.5,Cloudy
907100,400486,2026-01-17,21.7,20.0,42.8,35.3,Storm
907101,404269,2024-01-06,27.0,11.6,55.4,13.4,Storm
907102,401870,2024-01-25,30.5,11.0,64.0,5.2,Cloudy
907103,404623,2026-04-27,43.6,5.2,64.2,21.0,Cloudy
907104,400741,2024-01-10,32.1,7.4,64.3,2.8,Clear
907105,403379,2025-08-29,43.4,10.8,62.2,24.1,Heavy Rain
907106,402844,2025-09-06,37.1,11.6,64.3,1.0,Storm
907107,404300,2025-08-23,26.2,4.7,60.5,9.9,Cloudy
907108,404842,2024-11-05,31.1,4.9,51.0,3.7,Clear
907109,404486,2025-10-21,34.1,8.4,57.1,0.1,Rain
907110,400662,2025-11-23,33.6,4.4,64.7,7.1,Clear
907111,401117,2024-12-24,23.7,4.8,65.5,7.3,Storm
907112,403610,2026-04-16,22.9,23.6,77.8,4.5,Heavy Rain
907113,403135,2025-10-17,28.5,24.7,74.4,3.8,Storm
907114,404243,2025-02-14,28.6,9.7,49.9,6.1,Haze
907115,402459,2024-11-04,27.6,16.8,74.7,8.3,Rain
907116,401234,2024-09-02,20.3,3.0,81.7,13.2,Heavy Rain
907117,403504,2026-06-04,28.2,4.2,33.7,16.3,Haze
907118,404281,2024-03-19,33.9,9.5,42.2,6.2,Cloudy
907119,404303,2026-06-20,17.7,10.3,36.0,16.1,Storm
907120,403346,2026-01-20,37.0,3.1,58.6,14.6,Rain
907121,400939,2025-03-29,15.0,12.8,80.6,8.6,Cloudy
907122,400063,2024-10-28,21.2,0.4,63.5,15.0,Storm
907123,401010,2024-10-10,30.4,6.0,59.6,1.9,Storm
907124,403509,2026-04-20,26.9,3.5,33.7,12.4,Cloudy
907125,403651,2024-10-31,15.4,3.7,66.5,15.7,Storm
907126,402695,2025-03-30,36.8,1.8,58.7,15.9,Heavy Rain
907127,400043,2024-08-20,27.4,6.0,51.0,9.2,Cloudy
907128,403344,2024-01-27,17.9,21.9,26.0,9.9,Storm
907129,403194,2024-12-13,32.4,1.5,60.0,18.0,Rain
907130,403439,2026-04-02,19.9,33.9,58.9,9.0,Clear
907131,402355,2026-01-27,13.6,17.9,82.5,23.7,Heavy Rain
907132,402631,2025-03-13,26.7,7.4,59.6,11.6,Cloudy
907133,400688,2025-10-03,15.0,13.3,88.4,6.6,Haze
907134,403890,2026-06-09,21.3,5.0,75.2,7.0,Haze
907135,401091,2026-06-23,29.6,1.4,53.3,40.2,Storm
907136,401346,2024-10-21,23.8,8.2,99.2,7.8,Clear
907137,400647,2025-05-18,30.6,0.8,64.3,10.7,Storm
907138,401042,2025-01-23,35.9,9.9,64.1,4.9,Haze
907139,400804,2026-05-13,33.0,14.3,74.1,0.4,Rain
907140,402565,2025-08-28,36.2,3.6,79.3,7.9,Haze
907141,402105,2025-07-25,24.5,2.2,93.7,38.6,Clear
907142,404838,2024-01-14,21.0,17.3,59.8,5.8,Haze
907143,404460,2024-10-04,43.9,3.1,86.4,25.9,Cloudy
907144,402484,2025-09-14,28.8,15.2,51.2,9.1,Cloudy
907145,404501,2025-07-09,17.1,9.4,80.3,12.0,Storm
907146,403268,2024-11-06,27.1,0.6,49.9,4.0,Cloudy
907147,402688,2025-08-07,16.1,8.2,29.4,5.7,Storm
907148,402419,2025-04-16,31.1,11.0,72.3,8.1,Haze
907149,401847,2026-05-21,26.7,1.1,35.9,20.9,Heavy Rain
907150,401251,2024-03-31,28.2,8.5,71.5,2.2,Heavy Rain
907151,401363,2025-02-12,39.5,11.4,67.5,45.7,Clear
907152,401152,2025-03-10,31.2,2.4,77.9,25.1,Haze
907153,403938,2025-08-24,23.3,11.8,71.3,12.5,Clear
907154,401714,2024-08-07,32.6,22.1,56.8,1.0,Rain
907155,402935,2024-11-21,20.0,10.4,67.3,3.0,Cloudy
907157,400181,2025-03-21,34.4,6.0,61.4,42.6,Heavy Rain
907158,403178,2025-06-02,20.3,21.3,54.1,16.3,Storm
907159,400398,2026-07-10,32.2,0.3,67.0,0.5,Storm
907161,400699,2026-05-29,27.8,0.8,73.9,24.4,Haze
907163,404889,2024-02-16,33.7,17.2,63.3,10.3,Clear
907164,402433,2024-04-26,32.8,8.0,64.3,15.1,Clear
907165,404157,2024-08-20,36.5,38.7,69.1,1.3,Rain
907166,403687,2025-02-02,26.2,25.9,89.4,7.3,Clear
907167,400881,2025-01-08,19.5,3.1,50.3,8.1,Clear
907168,402191,2024-10-23,36.8,3.7,50.0,5.2,Clear
907169,401956,2025-08-26,20.3,2.0,64.4,7.6,Storm
907170,402447,2025-03-05,33.0,22.5,91.1,20.6,Haze
907171,402197,2025-08-02,31.2,2.3,71.9,3.5,Clear
907172,404175,2026-06-06,29.8,3.1,65.7,5.1,Clear
907173,404949,2024-05-07,32.6,5.5,51.8,1.1,Storm
907174,402467,2025-07-13,23.1,23.0,86.9,2.6,Heavy Rain
907175,403780,2024-12-21,25.3,0.2,42.2,6.0,Clear
907176,402938,2026-03-17,15.3,10.6,14.7,2.4,Cloudy
907177,403595,2024-01-20,31.0,1.9,61.0,21.4,Rain
907178,404354,2024-07-13,34.7,2.8,42.5,3.7,Clear
907179,404039,2024-03-28,43.8,1.1,62.1,1.7,Haze
907180,401623,2025-08-15,28.6,9.1,56.7,6.3,Clear
907181,404365,2024-02-07,35.7,9.3,46.2,0.5,Haze
907182,401327,2026-03-22,19.9,3.0,53.2,6.2,Clear
907183,404800,2026-05-26,22.7,1.7,67.0,17.3,Cloudy
907184,403378,2024-03-28,35.7,5.9,78.7,1.7,Rain
907185,401775,2026-06-12,26.5,1.4,53.1,12.0,Cloudy
907186,400582,2026-07-04,15.4,11.3,67.9,7.8,Haze
907187,402226,2024-07-10,32.7,2.2,81.6,18.5,Rain
907188,404963,2024-10-01,27.0,14.1,87.9,15.9,Rain
907189,401294,2024-11-25,36.4,8.7,78.7,4.3,Clear
907190,401686,2026-04-18,36.7,1.0,52.5,0.9,Haze
907191,401283,2025-04-25,27.4,2.2,61.0,6.4,Heavy Rain
907192,403803,2024-10-21,37.5,11.8,75.2,7.5,Rain
907193,402105,2024-05-29,42.2,11.1,77.1,13.0,Clear
907194,400688,2026-03-10,35.6,2.1,64.7,15.3,Haze
907195,401859,2024-04-28,20.9,9.8,63.5,0.3,Storm
907196,403641,2024-12-23,28.7,12.0,60.6,2.0,Clear
907197,402924,2025-04-26,26.1,0.1,36.5,29.3,Cloudy
907198,403624,2026-06-17,20.7,6.0,93.1,5.2,Heavy Rain
907199,401021,2025-05-24,28.0,6.2,39.6,7.7,Rain
907200,400677,2025-03-24,34.6,1.7,87.3,46.7,Cloudy
907201,404360,2025-11-26,33.8,12.1,58.2,5.1,Haze
907202,401440,2026-03-23,31.6,1.2,64.3,3.9,Clear
907204,404937,2026-02-01,19.7,1.7,91.2,0.8,Cloudy
907205,402409,2025-09-10,24.3,36.8,71.8,9.1,Clear
907206,404134,2024-04-29,28.7,12.2,42.1,13.8,Clear
907207,400222,2024-01-06,29.9,1.2,64.3,9.3,Storm
907208,401247,2024-05-28,16.3,3.1,38.0,25.6,Haze
907209,402187,2024-07-01,27.6,17.3,85.2,12.0,Heavy Rain
907210,404305,2024-10-03,17.5,0.6,58.7,5.8,Cloudy
907211,400038,2026-01-11,34.0,5.9,45.8,8.0,Cloudy
907212,400692,2024-10-05,18.2,1.8,48.5,2.2,Haze
907213,401922,2025-06-12,10.3,24.8,70.6,8.1,Heavy Rain
907214,404665,2026-05-29,29.5,30.4,58.3,12.6,Heavy Rain
907216,400287,2025-06-27,21.8,16.4,67.0,7.4,Heavy Rain
907217,400917,2024-04-03,29.2,1.0,55.0,15.6,Haze
907218,401876,2025-11-10,9.5,7.1,48.4,14.3,Heavy Rain
907219,404599,2024-06-26,33.0,5.3,52.6,22.6,Rain
907220,400335,2025-09-20,30.8,0.9,65.8,3.9,Storm
907221,404108,2024-11-21,32.3,0.8,59.2,8.0,Cloudy
907222,402284,2025-12-04,27.6,0.2,73.4,6.5,Heavy Rain
907223,400648,2026-06-22,41.2,7.8,42.3,1.1,Clear
907224,402937,2024-09-13,40.0,5.1,64.0,13.3,Heavy Rain
907225,404402,2024-10-22,28.5,15.6,70.7,17.8,Clear
907226,401640,2026-06-23,18.3,3.5,72.9,3.0,Heavy Rain
907227,402915,2025-01-29,32.2,1.9,47.9,6.3,Rain
907228,403923,2026-02-18,34.0,4.2,91.2,7.7,Rain
907229,401567,2024-06-12,33.9,1.1,96.1,7.0,Clear
907230,403324,2025-03-03,23.4,4.8,58.4,27.9,Storm
907231,403057,2025-05-12,33.3,0.7,77.6,10.8,Storm
907232,400867,2025-04-01,31.4,14.6,28.8,1.0,Clear
907233,400824,2025-04-10,29.7,10.0,81.7,2.9,Clear
907234,402407,2026-06-30,33.5,12.7,82.7,6.7,Cloudy
907235,403060,2026-02-04,33.3,4.4,58.4,21.2,Haze
907236,403494,2024-04-23,44.4,7.8,73.4,1.8,Storm
907237,402774,2026-04-25,29.8,2.6,60.0,1.3,Cloudy
907238,401926,2026-02-22,40.4,7.1,59.9,5.6,Haze
907239,404795,2025-03-09,11.3,1.8,31.6,30.9,Rain
907240,400725,2024-10-06,23.7,12.0,67.9,16.0,Clear
907241,404512,2026-07-04,21.1,4.3,70.0,18.8,Storm
907242,401476,2026-03-10,43.4,5.7,33.8,27.5,Storm
907243,400935,2025-11-11,17.9,10.3,74.5,1.4,Heavy Rain
907244,403609,2025-09-23,16.5,0.6,57.3,11.2,Heavy Rain
907245,404161,2024-03-22,26.1,18.3,40.1,0.5,Storm
907246,401421,2025-04-12,36.4,9.9,53.6,11.6,Cloudy
907247,400266,2025-02-07,32.4,17.0,49.4,3.1,Heavy Rain
907248,404613,2024-12-15,32.9,0.2,81.5,10.1,Storm
907249,404165,2024-07-18,25.7,0.1,89.5,0.6,Heavy Rain
907250,404834,2024-03-06,43.4,21.2,79.2,10.0,Cloudy
907251,400229,2024-05-26,32.1,4.2,74.9,9.7,Clear
907252,402342,2025-12-25,29.6,0.8,52.5,31.0,Rain
907253,402443,2026-07-16,34.1,3.1,90.9,1.0,Rain
907254,402545,2025-01-11,27.5,10.5,34.1,3.7,Heavy Rain
907255,404099,2025-12-07,27.7,10.7,24.3,17.2,Storm
907256,401289,2024-05-12,21.5,12.5,92.4,10.8,Heavy Rain
907257,400348,2025-03-11,26.4,2.2,86.9,7.6,Haze
907258,401122,2026-01-10,20.2,2.2,51.3,1.6,Haze
907259,403029,2026-05-05,25.9,16.5,45.7,1.8,Haze
907260,404234,2025-09-03,21.1,4.3,55.2,9.0,Heavy Rain
907261,400270,2026-06-08,34.3,8.5,84.6,13.5,Haze
907262,401454,2025-02-13,31.3,4.1,81.1,4.9,Rain
907263,402966,2025-10-25,39.2,11.5,75.7,22.8,Clear
907264,404418,2026-03-03,11.5,4.6,71.1,17.6,Heavy Rain
907265,401228,2026-07-02,7.9,0.3,49.3,0.6,Cloudy
907266,401000,2024-01-30,42.4,4.2,89.5,31.0,Storm
907267,401357,2024-06-09,20.6,4.9,50.4,25.7,Cloudy
907268,404416,2024-12-12,38.4,13.0,68.8,7.8,Heavy Rain
907269,401176,2026-01-24,28.6,1.1,25.5,0.2,Storm
907270,403484,2025-11-02,26.2,2.4,68.1,0.7,Rain
907271,402746,2024-06-03,20.2,24.6,81.2,61.0,Storm
907272,404743,2024-10-01,31.3,3.3,79.2,15.9,Clear
907273,402446,2026-06-19,24.1,13.1,91.1,8.4,Rain
907274,404937,2025-01-13,31.2,7.2,45.9,6.8,Storm
907275,402989,2025-03-14,34.0,1.5,82.2,1.7,Rain
907276,402036,2026-02-07,31.3,0.1,65.0,12.0,Clear
907277,404627,2024-07-10,20.8,1.4,50.4,23.6,Haze
907278,404040,2025-09-15,33.6,3.0,78.5,52.3,Haze
907279,404402,2025-03-10,27.4,11.2,58.8,5.1,Clear
907280,403786,2026-03-17,22.7,3.6,64.2,7.8,Haze
907281,404220,2024-06-05,26.3,1.5,77.6,5.0,Heavy Rain
907282,402616,2025-10-13,30.4,10.2,74.8,3.6,Rain
907283,401089,2025-01-18,28.5,1.2,67.4,2.7,Cloudy
907284,404492,2024-06-05,23.9,4.7,97.8,7.2,Storm
907285,403251,2026-01-18,28.6,6.0,46.5,2.1,Storm
907286,402336,2024-06-09,39.0,0.1,91.5,1.2,Haze
907287,401817,2024-01-08,40.8,5.0,62.2,0.4,Clear
907288,403128,2025-08-30,22.7,5.0,47.6,12.9,Heavy Rain
907289,400344,2024-10-27,32.0,1.1,62.2,0.0,Haze
907290,402546,2024-08-18,27.0,0.5,67.0,1.1,Heavy Rain
907291,400514,2025-01-30,33.3,3.6,71.5,4.2,Cloudy
907292,404782,2025-01-13,15.6,1.6,64.8,31.5,Haze
907293,400524,2024-08-11,37.4,6.0,82.0,6.9,Heavy Rain
907294,400660,2026-04-21,18.0,1.0,45.1,3.5,Rain
907295,401813,2024-03-01,45.1,13.1,54.7,0.9,Rain
907296,403886,2025-10-01,31.7,11.3,39.2,14.2,Rain
907297,404413,2024-06-30,16.6,11.1,43.7,67.5,Cloudy
907298,402205,2025-04-15,25.7,23.4,65.2,12.4,Clear
907299,404371,2026-04-26,19.3,6.6,58.6,1.3,Haze
907300,402048,2024-10-30,20.0,1.5,60.3,2.7,Rain
907302,403479,2024-07-20,16.5,10.8,31.8,5.3,Cloudy
907303,404958,2026-01-13,30.3,7.8,54.2,12.9,Rain
907304,404531,2024-03-23,11.5,5.3,62.6,7.1,Cloudy
907305,400748,2024-05-15,28.9,3.6,64.0,0.0,Storm
907306,402117,2025-03-26,30.6,5.4,78.0,47.8,Clear
907307,400817,2024-03-06,26.6,8.3,56.5,0.1,Cloudy
907308,403092,2025-06-21,29.8,6.5,69.7,35.6,Cloudy
907309,403206,2025-04-08,41.6,7.0,86.1,3.8,Cloudy
907310,400784,2024-03-03,17.6,19.7,67.8,0.3,Haze
907311,403200,2025-05-20,27.0,4.3,72.3,5.1,Storm
907312,403179,2025-10-28,20.6,2.4,82.3,7.6,Clear
907313,404438,2025-07-02,26.0,3.6,83.2,30.2,Storm
907314,400429,2026-02-17,32.5,0.8,51.3,38.1,Cloudy
907315,401713,2024-12-12,25.0,0.4,68.1,0.6,Storm
907316,404939,2025-11-06,32.1,0.5,64.3,0.0,Rain
907317,403622,2026-02-03,32.9,2.6,72.5,6.0,Rain
907318,404043,2026-01-24,47.4,1.2,40.2,11.5,Rain
907319,401226,2024-03-13,22.9,23.5,58.5,26.5,Clear
907320,401001,2025-12-07,13.4,12.6,31.2,6.9,Storm
907321,400222,2024-09-30,44.5,6.3,34.8,26.8,Heavy Rain
907322,401485,2024-05-13,30.4,5.1,76.0,1.5,Storm
907323,404441,2025-12-01,43.7,9.9,71.1,2.8,Heavy Rain
907324,403922,2026-03-27,10.4,3.8,75.0,7.1,Haze
907325,404627,2025-06-19,30.3,12.7,54.0,11.3,Storm
907326,401282,2025-08-09,33.6,10.1,35.0,19.1,Clear
907327,401041,2026-05-23,41.7,3.1,63.9,0.5,Heavy Rain
907328,400441,2024-10-27,38.9,8.9,52.0,0.8,Clear
907329,404098,2025-03-31,35.4,2.1,90.1,4.4,Cloudy
907330,403456,2025-01-20,29.8,1.5,64.8,15.0,Cloudy
907331,402157,2026-04-15,23.7,24.9,69.7,0.3,Cloudy
907332,403273,2024-05-01,26.1,15.6,60.1,14.7,Haze
907333,400560,2025-12-28,24.2,3.7,56.2,9.9,Storm
907334,400608,2024-03-18,37.6,5.5,69.8,11.4,Storm
907335,400518,2024-05-12,30.1,0.6,66.2,16.4,Clear
907336,403305,2025-11-27,14.2,8.7,86.8,34.4,Clear
907337,403203,2024-06-15,33.8,26.7,24.2,11.7,Clear
907338,403547,2024-01-16,26.7,4.8,63.6,16.6,Rain
907339,400376,2025-04-05,21.3,22.0,66.6,1.7,Heavy Rain
907340,402170,2024-08-05,31.3,11.3,19.1,9.1,Heavy Rain
907341,403054,2024-08-07,10.9,1.2,43.5,8.8,Heavy Rain
907342,400534,2025-08-22,37.8,0.4,91.9,1.0,Clear
907343,402291,2024-11-16,32.0,6.0,54.9,1.9,Storm
907344,400457,2024-04-01,11.8,8.5,34.9,4.8,Cloudy
907345,403767,2024-11-30,36.2,0.1,73.6,22.5,Haze
907346,402696,2026-07-01,32.4,1.0,69.4,6.2,Storm
907347,401861,2026-04-02,41.2,1.5,46.5,2.5,Cloudy
907348,402900,2024-06-12,26.0,7.3,62.6,3.9,Heavy Rain
907349,404589,2024-03-15,20.0,11.4,87.7,54.2,Storm
907350,403524,2024-04-06,14.2,3.1,73.9,27.1,Clear
907352,400145,2024-07-12,16.0,1.4,62.3,44.2,Clear
907353,403796,2024-07-20,23.0,7.3,49.4,26.3,Rain
907354,403776,2025-09-28,39.5,5.5,75.9,2.0,Cloudy
907355,404261,2025-05-31,36.0,24.0,65.5,19.4,Rain
907356,403235,2024-05-27,24.1,2.2,39.8,0.6,Heavy Rain
907357,402709,2024-03-05,20.8,5.6,67.4,0.2,Heavy Rain
907358,401479,2026-05-23,19.7,8.4,41.7,15.4,Storm
907359,402240,2026-03-17,13.1,4.1,56.3,3.5,Storm
907360,404298,2024-10-29,36.7,26.8,38.9,24.4,Rain
907361,401084,2026-03-13,34.5,0.4,64.3,15.6,Haze
907362,401862,2025-12-17,16.2,12.6,69.3,3.2,Cloudy
907363,401609,2024-02-28,26.8,4.2,56.0,6.4,Haze
907364,403628,2026-02-21,21.8,11.6,58.2,6.5,Cloudy
907365,400361,2024-07-23,22.2,2.8,56.2,23.5,Cloudy
907366,403853,2025-09-02,27.1,9.1,53.5,22.7,Heavy Rain
907367,402732,2025-04-01,18.3,7.1,59.5,5.5,Rain
907368,402727,2025-10-14,21.6,3.1,72.7,1.2,Heavy Rain
907369,400833,2024-05-16,24.5,7.0,81.3,5.4,Clear
907370,404881,2024-07-30,24.6,4.3,64.3,21.4,Haze
907371,402221,2025-08-05,17.8,0.3,60.0,7.7,Clear
907372,402825,2025-12-15,22.9,8.1,78.3,1.0,Heavy Rain
907373,404070,2024-11-11,31.3,1.6,83.4,31.6,Clear
907374,404028,2025-05-16,33.9,4.8,64.3,23.1,Storm
907375,402534,2025-04-30,40.0,6.6,64.6,8.4,Cloudy
907376,404660,2024-08-25,19.9,2.1,71.9,2.8,Cloudy
907377,403942,2025-07-23,42.7,0.2,64.0,9.3,Rain
907378,400279,2024-07-25,30.1,1.3,82.2,3.6,Rain
907379,404274,2025-02-21,36.5,5.1,96.7,9.6,Clear
907380,402658,2025-11-07,21.4,5.8,81.8,0.9,Heavy Rain
907381,401114,2025-09-14,27.1,1.6,87.9,1.1,Haze
907382,400911,2024-10-09,25.2,8.5,57.5,6.9,Storm
907383,401037,2024-10-01,30.4,6.8,83.1,25.0,Rain
907384,404666,2025-06-26,13.5,1.6,46.3,12.6,Clear
907385,403371,2025-01-01,26.5,14.0,61.9,7.3,Storm
907386,401853,2025-01-30,18.6,6.2,56.6,3.6,Heavy Rain
907387,401650,2026-04-13,38.0,1.9,81.7,7.2,Storm
907388,402138,2026-07-05,25.3,10.0,68.5,2.6,Storm
907389,402156,2026-06-04,35.4,8.2,51.1,17.5,Storm
907390,402272,2024-06-04,21.4,9.2,57.7,9.4,Heavy Rain
907391,402426,2026-03-20,32.0,27.8,59.4,15.5,Haze
907392,403081,2024-11-07,22.5,0.3,60.6,20.9,Rain
907393,402902,2024-01-02,21.0,8.3,53.3,33.8,Storm
907394,400359,2025-09-12,29.7,12.6,57.2,4.4,Cloudy
907395,401437,2026-07-03,10.2,12.6,22.3,2.8,Rain
907396,400422,2025-04-04,32.9,10.0,62.2,7.7,Heavy Rain
907397,403038,2025-03-21,26.1,9.8,79.7,8.2,Cloudy
907398,404486,2026-01-18,22.2,3.4,68.2,22.1,Clear
907399,404004,2024-11-18,28.2,17.4,48.4,40.0,Cloudy
907400,401289,2026-02-06,17.0,39.5,93.0,7.1,Heavy Rain
907401,402720,2026-04-02,26.7,0.2,70.0,0.1,Rain
907402,400503,2024-06-20,6.3,16.2,63.1,15.5,Clear
907403,400992,2025-02-23,34.4,13.7,65.0,12.5,Rain
907404,402026,2026-06-24,27.1,15.7,70.3,9.5,Cloudy
907405,402483,2025-06-20,35.3,7.8,64.0,0.3,Storm
907406,402563,2024-08-26,30.9,7.2,65.8,0.2,Cloudy
907407,401002,2025-10-03,22.4,14.3,95.2,5.1,Rain
907408,401491,2025-12-04,15.4,6.5,61.3,4.0,Heavy Rain
907409,403087,2025-05-08,18.4,0.3,70.4,13.7,Heavy Rain
907410,400680,2026-05-02,33.6,4.3,91.3,3.7,Rain
907411,404061,2024-04-13,24.2,19.3,51.9,30.3,Storm
907412,401820,2025-06-09,24.9,3.2,79.8,33.3,Rain
907413,403214,2024-05-29,15.0,5.5,71.3,27.0,Rain
907414,404168,2024-05-12,31.0,0.9,86.1,8.5,Clear
907415,403350,2025-12-24,32.8,1.7,58.4,12.7,Rain
907416,401254,2024-01-17,14.1,9.1,57.5,3.5,Rain
907417,401297,2026-01-28,12.7,3.2,71.5,10.1,Haze
907418,404497,2026-03-26,20.9,3.6,60.6,51.1,Heavy Rain
907419,402264,2024-02-03,25.2,1.1,21.5,30.8,Rain
907420,404574,2025-09-25,20.6,1.7,39.3,16.1,Cloudy
907421,401905,2026-07-15,25.9,9.2,24.6,8.2,Clear
907422,402605,2024-10-26,29.6,3.5,54.2,4.6,Rain
907423,404480,2025-02-02,13.5,9.7,82.2,18.8,Cloudy
907424,404018,2025-09-27,33.6,1.2,32.3,0.3,Clear
907425,402175,2026-02-14,37.8,12.7,66.2,1.0,Storm
907426,403909,2025-09-27,23.3,11.6,66.3,7.4,Clear
907427,401106,2024-01-30,32.5,13.5,54.5,3.8,Heavy Rain
907428,400188,2026-04-02,19.2,1.9,78.1,9.8,Cloudy
907429,402076,2024-11-09,22.4,4.1,67.1,9.9,Haze
907431,403012,2026-04-14,31.6,5.9,58.7,14.5,Clear
907432,403711,2026-01-20,18.6,8.8,92.1,5.1,Heavy Rain
907433,401417,2024-08-16,17.4,5.5,94.0,30.3,Cloudy
907434,403791,2025-08-22,30.1,6.1,57.9,3.7,Haze
907435,402091,2025-02-24,23.7,10.0,54.1,1.8,Storm
907436,400562,2024-10-13,25.1,0.2,89.2,0.8,Heavy Rain
907437,400834,2026-05-15,41.7,2.5,56.3,16.6,Storm
907439,403137,2025-02-26,21.3,8.7,60.4,11.5,Haze
907440,402329,2026-04-09,35.0,15.2,87.4,4.5,Cloudy
907441,400358,2025-08-20,26.9,3.4,71.0,7.9,Rain
907442,403396,2025-04-08,19.6,3.3,48.1,25.3,Clear
907443,403913,2024-02-29,27.4,22.3,53.2,4.4,Cloudy
907444,401327,2025-11-12,31.5,8.8,58.6,2.4,Heavy Rain
907445,404687,2025-01-08,19.3,0.2,88.6,4.0,Haze
907446,401190,2025-04-13,10.0,3.7,50.3,11.4,Rain
907447,401335,2025-04-03,30.5,14.5,83.8,2.1,Rain
907448,401020,2024-07-31,33.6,5.5,57.3,0.4,Heavy Rain
907449,400801,2026-07-17,20.7,2.4,66.1,3.3,Haze
907450,400303,2026-02-14,37.3,8.7,90.3,9.6,Haze
907452,404005,2024-04-04,23.4,7.1,60.3,14.8,Heavy Rain
907454,404667,2024-11-27,30.4,15.3,64.3,6.1,Rain
907455,402740,2024-08-07,31.3,1.8,79.7,9.8,Storm
907456,403284,2024-08-06,36.6,4.9,66.3,26.5,Storm
907457,402704,2026-07-07,30.0,8.2,62.4,18.1,Rain
907458,403813,2024-05-09,30.8,12.2,85.9,10.9,Storm
907459,404389,2026-06-28,34.1,0.9,63.4,0.2,Storm
907460,404425,2025-11-08,25.6,5.0,66.2,25.2,Heavy Rain
907461,400938,2026-02-09,25.0,4.1,74.5,37.0,Haze
907462,404801,2024-01-11,26.5,5.0,82.9,0.6,Storm
907463,400954,2025-08-07,28.5,0.1,51.7,21.3,Clear
907464,402405,2025-03-14,22.5,6.9,66.6,6.5,Storm
907465,402384,2026-03-28,42.2,9.8,69.0,2.1,Cloudy
907466,403970,2024-08-04,19.1,19.1,64.3,15.1,Clear
907467,403637,2024-04-11,32.0,0.7,80.2,17.2,Heavy Rain
907468,403549,2025-09-12,36.6,9.1,68.2,6.2,Heavy Rain
907469,400308,2024-08-13,25.1,0.7,57.3,4.0,Storm
907471,402658,2024-02-17,30.8,2.4,64.3,1.8,Heavy Rain
907472,403199,2024-09-14,12.0,1.0,64.3,15.3,Heavy Rain
907473,400682,2024-11-19,22.4,25.0,24.9,8.8,Cloudy
907474,404798,2025-05-23,22.2,28.2,66.6,26.7,Rain
907475,404366,2025-01-28,16.6,4.5,93.1,10.6,Storm
907476,403234,2024-01-10,18.2,16.5,54.4,8.0,Clear
907477,400280,2025-07-31,18.4,0.4,76.5,3.9,Cloudy
907478,400803,2025-01-16,33.9,0.3,42.8,4.1,Heavy Rain
907479,402241,2025-01-17,30.2,2.1,54.1,0.7,Clear
907480,402201,2024-04-21,28.6,10.5,95.3,47.9,Storm
907481,403063,2025-05-01,25.1,0.3,46.1,17.0,Haze
907482,401137,2026-04-08,25.5,1.0,71.1,6.0,Clear
907484,404095,2024-05-05,39.2,2.2,60.0,16.2,Rain
907485,401168,2024-04-04,37.3,2.9,69.4,0.4,Rain
907486,404118,2025-07-26,19.7,13.9,57.8,15.1,Heavy Rain
907487,402514,2024-09-26,20.5,14.8,67.6,17.8,Storm
907488,402172,2024-01-01,23.3,10.8,79.2,4.0,Heavy Rain
907489,401274,2024-10-31,23.4,3.0,45.0,10.9,Heavy Rain
907490,400998,2024-12-30,22.9,4.1,56.1,3.7,Storm
907492,403426,2024-02-19,32.2,6.9,73.3,8.0,Haze
907493,402209,2026-02-25,34.1,14.1,56.4,18.6,Haze
907494,400899,2024-09-12,22.4,13.2,58.9,17.8,Rain
907495,401903,2025-12-04,19.5,11.4,67.9,8.0,Cloudy
907496,403994,2025-08-23,34.1,1.3,74.7,1.9,Storm
907498,402378,2024-04-20,23.3,1.1,64.3,8.1,Rain
907499,402761,2024-12-24,36.1,3.5,92.3,19.0,Clear
907500,404528,2024-06-05,24.1,12.9,54.0,13.5,Cloudy
907501,401381,2026-04-07,45.2,7.5,89.4,8.0,Heavy Rain
907502,400963,2026-07-04,33.4,0.4,61.5,8.3,Haze
907503,402860,2025-06-12,24.4,4.5,65.5,1.7,Haze
907505,403206,2026-01-10,36.7,9.7,68.3,16.4,Cloudy
907506,402206,2025-01-08,14.8,5.3,71.6,57.1,Storm
907507,403607,2024-03-30,27.6,11.0,64.3,1.5,Storm
907508,400859,2024-11-07,37.8,4.8,46.0,0.4,Haze
907509,402769,2026-01-08,23.4,0.8,49.1,16.0,Heavy Rain
907510,404929,2024-05-24,25.8,3.1,69.1,0.7,Storm
907511,403203,2024-03-03,36.8,4.4,98.1,2.6,Heavy Rain
907512,403174,2026-02-22,33.2,1.2,76.1,24.3,Cloudy
907513,404501,2026-03-02,37.0,9.8,50.8,1.6,Heavy Rain
907514,404405,2026-03-11,30.1,5.8,58.9,4.7,Clear
907515,402656,2024-03-26,25.6,1.4,91.0,32.8,Clear
907516,401980,2025-04-01,16.8,1.7,83.5,15.4,Cloudy
907517,403111,2024-03-29,21.8,7.0,88.2,29.0,Storm
907518,402890,2025-03-28,38.0,0.0,44.0,17.0,Clear
907519,402771,2024-07-29,33.4,1.7,52.3,5.9,Storm
907520,400831,2024-12-20,35.3,0.5,87.5,6.4,Storm
907521,401434,2026-03-06,30.5,7.3,56.0,13.2,Storm
907522,403534,2025-10-07,14.4,16.6,57.5,5.4,Haze
907523,401449,2024-06-05,32.6,6.7,66.8,0.4,Rain
907524,404393,2024-01-10,34.7,0.8,73.8,2.4,Storm
907525,401630,2026-04-24,32.4,23.9,30.1,23.9,Clear
907526,404271,2025-09-28,32.8,2.4,50.3,0.6,Clear
907527,401997,2025-04-08,20.1,0.6,74.6,14.3,Heavy Rain
907528,402587,2024-03-05,40.7,16.2,89.3,20.2,Heavy Rain
907529,401515,2024-10-19,24.0,26.0,76.2,59.9,Cloudy
907531,403550,2025-05-08,16.7,8.4,83.8,21.2,Storm
907532,403847,2026-03-13,36.5,0.3,20.6,17.0,Clear
907533,400516,2024-02-06,37.0,2.1,53.3,1.4,Haze
907534,404523,2024-10-08,16.2,7.0,79.4,35.9,Rain
907535,402135,2025-11-23,26.0,4.2,49.2,43.5,Rain
907536,402842,2024-04-25,17.8,9.9,86.8,8.4,Heavy Rain
907537,403884,2025-04-05,26.4,3.5,68.2,12.8,Haze
907538,403127,2026-04-24,25.9,2.7,63.5,11.8,Heavy Rain
907539,402524,2025-11-22,17.9,4.8,33.0,5.5,Heavy Rain
907540,400559,2026-06-07,26.9,5.3,70.5,3.5,Rain
907541,404365,2026-04-06,20.9,0.3,72.0,35.6,Cloudy
907542,404291,2026-01-03,27.9,2.3,58.5,6.9,Rain
907543,401459,2024-04-17,19.7,0.4,59.2,3.2,Heavy Rain
907544,403565,2025-03-01,39.5,3.4,73.4,5.9,Rain
907545,402184,2024-08-23,19.3,2.6,65.4,7.9,Heavy Rain
907546,404768,2025-10-29,19.3,9.2,64.3,0.1,Heavy Rain
907547,401186,2025-08-29,25.3,0.7,73.7,21.7,Rain
907548,404301,2026-06-17,33.5,0.2,64.3,3.0,Heavy Rain
907549,403063,2024-10-27,9.1,1.2,82.6,0.4,Rain
907550,402478,2024-07-28,21.1,7.6,79.4,0.5,Clear
907551,401211,2025-07-20,23.1,2.6,79.5,10.9,Heavy Rain
907552,404107,2025-06-16,20.3,5.5,59.4,2.0,Rain
907553,404501,2024-09-11,28.2,25.6,74.9,17.6,Clear
907554,403566,2025-11-16,33.3,3.3,65.8,2.0,Clear
907555,400045,2025-04-15,37.4,5.4,85.0,18.4,Clear
907556,402980,2024-12-09,28.4,14.4,27.2,54.0,Clear
907557,404645,2026-01-19,15.6,8.9,57.0,6.1,Heavy Rain
907558,404667,2024-04-22,38.3,1.3,40.2,14.3,Rain
907559,404780,2025-01-21,21.4,22.5,48.4,2.7,Cloudy
907560,404248,2024-02-12,19.9,3.7,98.9,9.8,Heavy Rain
907561,403424,2025-11-01,22.8,7.1,68.0,2.7,Clear
907562,404270,2025-11-30,34.4,0.1,62.2,3.4,Haze
907563,401249,2025-04-18,17.4,4.1,81.6,46.7,Haze
907564,401400,2025-09-21,25.8,2.7,58.6,12.0,Cloudy
907565,404281,2025-06-05,33.7,10.6,70.9,6.3,Haze
907566,401578,2025-06-12,28.8,20.6,40.4,47.3,Rain
907567,400072,2026-06-27,28.6,2.2,51.0,20.9,Rain
907568,403894,2026-05-23,17.9,0.9,60.1,3.4,Rain
907569,400770,2025-01-11,31.4,1.4,79.8,18.2,Storm
907570,404667,2026-01-18,14.4,10.8,29.7,8.3,Heavy Rain
907571,401980,2026-03-11,29.5,7.9,67.8,16.4,Heavy Rain
907572,400172,2024-02-19,38.9,10.1,74.0,12.2,Heavy Rain
907573,400302,2025-02-07,17.5,6.3,77.3,5.5,Clear
907574,404380,2024-02-13,43.4,11.1,55.1,1.3,Cloudy
907575,404762,2026-05-20,30.1,0.8,77.3,15.8,Storm
907576,401927,2025-03-17,24.6,4.9,67.0,0.7,Heavy Rain
907577,404313,2024-12-16,26.7,5.6,44.0,4.7,Clear
907578,402928,2026-05-29,21.8,0.1,79.2,7.6,Storm
907579,401887,2026-06-03,19.9,12.0,77.8,13.2,Rain
907580,402477,2024-09-11,26.5,1.1,59.8,0.0,Clear
907581,402484,2024-04-21,26.4,5.0,65.2,16.5,Heavy Rain
907582,404062,2026-01-16,16.8,13.8,44.9,29.2,Cloudy
907583,403195,2024-09-05,36.5,0.6,60.9,2.2,Cloudy
907584,401649,2024-07-05,20.3,9.1,77.0,35.2,Cloudy
907585,403588,2025-05-18,38.4,1.6,56.5,7.2,Cloudy
907586,404326,2024-07-24,21.9,16.1,72.8,1.6,Rain
907587,400832,2025-04-30,28.9,4.5,78.9,2.4,Rain
907588,404910,2024-11-01,31.9,2.5,69.0,13.3,Clear
907589,404512,2026-06-16,30.9,1.8,45.8,7.2,Storm
907590,401489,2024-01-13,29.4,3.1,51.6,9.3,Haze
907591,402279,2025-01-21,24.8,15.1,43.8,20.7,Haze
907592,402654,2024-06-24,24.4,7.2,45.9,6.1,Rain
907593,400094,2026-05-26,33.5,5.2,58.3,86.0,Rain
907594,401286,2024-09-05,24.9,5.1,66.1,3.1,Rain
907595,400241,2024-12-22,33.1,1.5,51.2,17.7,Storm
907597,400443,2024-11-26,19.6,1.7,70.9,4.6,Storm
907598,401310,2026-03-01,28.2,2.1,70.8,6.7,Rain
907599,404733,2025-09-06,46.0,22.7,64.1,2.3,Haze
907600,403437,2024-11-20,40.1,7.8,64.3,1.4,Storm
907601,404372,2025-11-21,38.5,11.9,46.5,6.3,Clear
907602,403472,2024-10-26,36.6,0.4,65.4,9.5,Rain
907603,400995,2024-09-03,40.1,0.5,73.5,0.7,Rain
907604,400479,2025-01-06,37.2,4.2,77.0,2.4,Clear
907605,401812,2026-05-02,26.0,60.2,56.5,7.2,Storm
907606,404999,2026-02-24,27.0,11.0,56.7,12.4,Rain
907607,403563,2024-12-08,26.6,7.8,54.8,7.7,Haze
907608,404024,2025-01-20,19.9,5.7,86.4,1.7,Storm
907609,402381,2025-06-03,26.3,6.1,49.1,11.0,Storm
907610,400446,2026-06-04,25.1,13.5,70.2,5.7,Storm
907611,403956,2026-01-02,31.6,0.4,56.2,13.5,Heavy Rain
907612,400108,2025-04-24,35.2,7.9,62.5,3.5,Clear
907613,402415,2026-02-15,26.3,50.5,43.8,2.6,Haze
907614,401113,2025-06-08,19.2,7.1,75.4,48.1,Storm
907615,402178,2025-01-21,38.1,1.6,44.0,1.0,Clear
907616,401374,2025-03-29,39.9,11.8,87.1,23.2,Rain
907617,402375,2025-09-09,21.5,17.3,89.5,4.3,Clear
907619,404559,2026-02-17,27.0,6.9,68.3,1.6,Clear
907620,403721,2025-11-30,22.2,4.5,55.2,14.0,Storm
907621,403641,2024-10-23,24.3,1.0,93.5,18.0,Storm
907622,400725,2026-02-17,27.8,5.4,57.9,8.2,Heavy Rain
907623,403861,2025-03-15,28.4,30.9,55.9,0.4,Clear
907624,400430,2025-02-17,28.8,8.4,35.4,7.4,Haze
907625,403697,2025-10-29,18.5,1.0,78.5,12.5,Rain
907626,403920,2024-06-01,31.7,1.8,74.4,2.9,Rain
907627,401251,2025-01-18,22.5,1.5,76.1,1.8,Heavy Rain
907628,400465,2024-08-07,30.9,3.3,55.3,3.8,Cloudy
907629,402465,2024-09-30,22.5,0.6,46.7,9.8,Haze
907630,400769,2026-03-14,24.3,2.7,76.7,2.1,Heavy Rain
907631,402483,2025-08-19,34.5,52.0,52.2,5.7,Clear
907632,404518,2025-10-07,35.1,3.8,67.1,55.6,Storm
907633,401699,2024-10-03,25.1,0.7,40.6,4.6,Clear
907634,400267,2024-11-19,15.4,4.6,49.7,1.2,Heavy Rain
907635,400482,2024-07-14,18.3,3.2,73.9,3.1,Rain
907636,404390,2025-01-03,33.5,5.7,66.8,9.1,Cloudy
907637,404971,2025-09-21,27.8,7.0,50.7,70.5,Rain
907638,404019,2025-01-26,27.9,13.4,53.9,15.2,Rain
907639,402009,2026-02-01,14.7,1.0,57.8,12.9,Rain
907640,403807,2024-01-16,21.2,41.0,49.0,2.6,Clear
907641,404060,2024-05-25,14.0,29.6,65.4,8.2,Rain
907642,400343,2026-02-01,26.3,32.1,90.7,31.4,Cloudy
907643,403206,2024-04-19,24.5,0.7,74.4,14.8,Rain
907644,404802,2026-03-15,22.7,5.7,52.0,4.5,Rain
907645,401502,2026-04-12,29.5,12.7,84.4,46.0,Cloudy
907646,402090,2024-10-31,34.9,10.0,61.8,10.2,Haze
907647,400579,2024-11-21,32.3,11.3,64.6,13.8,Cloudy
907648,400932,2025-07-20,28.9,0.8,50.8,7.9,Heavy Rain
907649,404763,2024-04-29,13.7,2.4,56.0,6.3,Heavy Rain
907650,400682,2026-07-06,27.5,0.4,57.9,2.5,Haze
907651,402872,2024-12-07,23.5,4.5,66.5,34.1,Rain
907652,404353,2026-04-30,19.8,3.3,60.5,0.4,Rain
907653,403268,2025-08-24,32.4,2.0,56.7,6.8,Cloudy
907654,402927,2025-07-22,28.3,2.7,85.0,45.4,Haze
907655,404181,2025-12-06,31.5,3.5,53.4,20.5,Haze
907656,403080,2024-06-23,32.5,3.1,53.7,3.0,Haze
907657,404787,2024-07-25,29.2,4.3,63.7,15.3,Heavy Rain
907658,403467,2025-07-11,42.6,2.3,78.2,2.7,Haze
907659,403016,2025-10-11,26.5,0.7,68.2,4.2,Storm
907660,401034,2025-12-17,35.2,15.7,74.0,2.9,Storm
907661,401425,2025-07-01,28.4,0.8,62.9,5.8,Heavy Rain
907662,403404,2025-04-12,22.3,10.1,49.0,13.2,Heavy Rain
907663,404512,2024-08-26,34.0,2.2,64.3,15.4,Heavy Rain
907664,401474,2024-10-26,15.8,2.4,49.2,8.6,Haze
907665,402762,2025-02-05,25.3,0.1,83.3,2.2,Haze
907666,403332,2026-03-05,32.2,2.2,57.2,6.3,Clear
907668,403569,2025-03-17,42.2,7.1,35.6,3.4,Storm
907669,404485,2024-04-05,28.9,4.5,97.1,2.2,Clear
907670,402015,2025-06-28,45.1,23.2,72.8,3.2,Rain
907671,402466,2025-05-07,27.0,25.7,48.3,36.4,Storm
907673,401946,2025-11-22,30.2,0.0,53.7,13.9,Rain
907674,401180,2025-07-03,13.9,4.6,33.9,2.4,Rain
907675,400930,2025-03-16,22.9,13.2,54.9,18.0,Storm
907676,400262,2024-08-30,24.2,1.6,42.6,4.7,Cloudy
907677,401266,2024-05-02,23.0,2.7,87.9,16.4,Heavy Rain
907678,400641,2025-01-25,33.3,4.8,70.5,14.0,Storm
907679,402723,2024-02-03,20.5,3.4,71.3,2.3,Storm
907680,402418,2024-01-26,15.6,8.7,73.8,3.0,Cloudy
907681,402961,2025-01-08,31.0,5.7,61.4,3.5,Clear
907682,402750,2026-05-13,14.3,0.9,49.4,1.9,Clear
907683,402851,2024-01-08,32.6,8.4,31.5,25.0,Heavy Rain
907684,403989,2025-01-14,35.8,1.8,74.8,0.1,Heavy Rain
907685,404881,2026-02-08,25.6,2.0,60.7,12.7,Haze
907686,404780,2025-08-06,29.0,7.4,8.3,21.8,Haze
907687,403815,2025-05-31,19.3,0.3,75.8,2.3,Haze
907688,401104,2025-08-05,28.4,3.7,66.5,9.2,Cloudy
907689,400365,2025-06-09,26.8,0.7,65.7,15.1,Haze
907690,402410,2026-01-01,33.5,7.6,56.7,4.5,Heavy Rain
907691,403132,2024-08-10,22.3,10.1,71.0,3.1,Clear
907692,402200,2025-07-12,27.0,10.2,59.4,1.1,Haze
907693,402367,2025-10-18,36.1,15.5,67.4,13.5,Haze
907694,400030,2025-02-15,23.3,25.5,73.6,25.3,Cloudy
907695,400103,2025-09-02,25.9,15.0,51.4,11.1,Clear
907696,400134,2025-09-02,32.4,3.8,55.9,16.3,Storm
907697,403091,2025-11-05,29.7,1.1,62.6,0.2,Heavy Rain
907698,402782,2025-11-11,39.3,5.5,62.2,34.0,Heavy Rain
907699,401622,2025-05-20,34.4,5.3,82.1,3.2,Rain
907700,400996,2025-06-12,37.0,15.0,82.9,0.7,Cloudy
907701,400418,2024-05-23,26.9,5.8,79.3,32.3,Haze
907702,401108,2025-05-17,37.2,2.2,57.1,22.9,Clear
907703,402299,2025-11-02,13.7,32.8,82.2,0.4,Clear
907704,402385,2025-06-07,20.9,7.5,57.9,11.8,Haze
907705,401716,2025-04-10,56.5,16.0,82.0,14.5,Rain
907706,401367,2025-06-14,38.4,3.4,72.8,1.9,Storm
907707,400086,2024-04-25,21.6,18.2,66.6,3.4,Haze
907708,404258,2025-01-27,9.2,0.6,63.1,17.6,Haze
907709,403512,2025-12-08,21.1,5.6,80.7,21.7,Rain
907710,403359,2025-09-24,26.7,19.4,92.6,7.1,Haze
907711,404355,2024-08-05,37.6,2.5,66.1,1.7,Heavy Rain
907712,404747,2024-01-22,14.9,11.7,68.6,1.9,Haze
907713,401071,2025-12-19,34.9,0.5,36.1,52.0,Heavy Rain
907714,404779,2024-05-15,23.5,10.3,73.0,6.4,Clear
907715,403758,2025-06-13,21.4,25.2,87.7,3.2,Rain
907716,404537,2025-08-14,29.2,8.2,64.9,2.9,Storm
907717,400827,2025-05-19,37.6,2.1,61.9,1.8,Heavy Rain
907718,402874,2024-10-25,30.3,0.1,94.7,11.8,Heavy Rain
907719,400041,2025-06-19,31.6,5.3,77.8,11.5,Haze
907720,400434,2024-04-17,29.9,3.9,59.5,26.5,Heavy Rain
907721,400777,2025-08-01,32.4,2.8,68.6,2.1,Rain
907722,401424,2024-06-25,32.5,7.1,31.2,8.3,Cloudy
907723,402197,2025-05-10,15.9,26.7,60.1,0.8,Haze
907724,400642,2025-02-24,34.8,4.1,59.8,2.3,Clear
907725,400667,2025-02-12,23.1,5.3,62.9,0.6,Heavy Rain
907726,402514,2024-08-22,22.0,3.9,79.2,1.7,Rain
907727,401528,2024-07-29,37.7,1.5,60.8,2.3,Rain
907728,404562,2024-06-05,33.1,3.3,67.8,3.2,Cloudy
907729,400573,2024-03-14,30.5,6.5,41.3,16.1,Heavy Rain
907730,403690,2025-02-02,34.8,1.5,86.3,10.8,Heavy Rain
907731,404147,2025-11-01,25.5,2.7,77.2,12.5,Haze
907732,400556,2026-03-21,36.5,11.1,50.3,10.7,Haze
907733,400707,2024-08-17,28.3,2.0,64.9,9.8,Rain
907734,404849,2024-06-28,34.6,2.5,68.4,4.6,Cloudy
907735,404345,2024-04-26,29.6,21.2,67.4,30.3,Heavy Rain
907736,404512,2024-08-16,9.4,3.9,55.8,6.4,Heavy Rain
907737,404279,2026-01-10,29.9,6.6,72.2,16.2,Storm
907739,401725,2024-04-28,27.2,16.7,48.0,73.5,Cloudy
907740,401185,2026-04-11,24.7,5.5,38.2,28.0,Rain
907742,402468,2025-08-27,26.5,3.1,59.3,7.2,Cloudy
907743,403013,2024-01-21,33.6,10.4,73.6,5.3,Heavy Rain
907744,400184,2025-08-19,24.8,3.1,66.1,31.8,Rain
907745,404918,2025-12-27,30.0,0.1,34.6,11.2,Rain
907746,400796,2025-10-29,41.9,3.2,61.7,14.0,Haze
907747,400075,2025-07-04,14.8,12.3,64.3,4.6,Clear
907748,402439,2025-08-27,26.4,0.5,58.9,13.4,Cloudy
907749,402722,2024-12-01,44.1,9.3,55.2,10.0,Cloudy
907750,402694,2025-07-02,18.5,7.9,70.8,2.4,Heavy Rain
907751,400529,2025-04-16,23.2,3.8,42.8,15.3,Clear
907752,401621,2024-03-19,28.3,13.9,97.0,10.8,Haze
907753,401980,2025-08-31,26.1,2.8,62.1,33.0,Storm
907754,403147,2024-01-02,16.1,13.0,48.4,9.1,Haze
907755,403192,2025-06-07,17.5,7.2,66.2,9.2,Rain
907756,402392,2025-07-05,24.5,0.8,97.5,16.8,Cloudy
907757,400635,2025-11-22,32.5,1.4,65.4,4.7,Clear
907758,404393,2024-07-27,18.5,5.9,64.6,4.4,Cloudy
907759,403430,2026-01-29,15.5,10.8,60.1,3.0,Haze
907760,403431,2024-11-19,27.2,2.2,85.9,10.3,Rain
907761,403228,2024-02-20,24.2,10.0,77.5,2.3,Storm
907762,403465,2024-08-25,23.2,5.4,73.0,11.9,Haze
907763,403097,2024-01-28,27.8,6.2,67.2,7.5,Rain
907764,404967,2024-07-10,27.4,4.3,60.8,0.1,Heavy Rain
907765,404628,2025-11-11,18.5,18.5,94.6,20.1,Haze
907766,400469,2024-12-21,22.9,10.8,51.0,23.9,Haze
907767,402909,2026-04-30,28.9,8.5,36.9,6.9,Haze
907769,404941,2025-01-24,35.4,6.4,30.1,35.6,Clear
907770,400093,2026-01-09,27.1,5.5,69.9,10.6,Storm
907771,400783,2025-12-10,25.5,14.7,57.8,28.4,Heavy Rain
907772,400847,2026-04-25,28.9,6.8,66.9,0.4,Cloudy
907773,401591,2026-05-24,25.6,17.0,56.3,9.9,Rain
907774,404714,2026-01-29,11.2,7.6,70.0,16.3,Clear
907775,404497,2025-01-04,39.7,6.4,64.2,4.1,Haze
907776,404630,2024-03-05,21.2,0.1,43.4,16.2,Cloudy
907777,401945,2026-03-24,17.7,10.3,68.9,2.5,Clear
907778,403030,2024-10-25,29.7,1.2,84.2,17.4,Rain
907779,403401,2025-12-12,37.9,8.0,78.7,19.6,Haze
907780,404792,2024-09-15,28.5,2.2,64.6,2.5,Clear
907781,401583,2024-08-27,48.3,0.3,99.2,2.6,Clear
907782,402579,2026-07-12,30.3,9.1,60.3,6.3,Storm
907783,403380,2024-01-24,10.2,28.0,75.9,8.0,Cloudy
907784,400065,2024-04-17,24.2,3.6,64.3,27.4,Rain
907785,400882,2025-09-30,40.2,6.3,44.3,9.8,Storm
907786,404058,2025-06-26,33.8,11.6,36.9,7.0,Rain
907787,404075,2024-06-25,43.0,4.5,69.1,11.8,Clear
907788,402657,2025-02-16,33.4,5.4,74.0,9.3,Rain
907789,400745,2024-07-15,40.2,1.8,64.7,0.1,Cloudy
907790,403921,2026-04-24,18.0,1.8,77.9,9.3,Rain
907791,400821,2024-11-15,28.7,14.6,76.2,6.2,Heavy Rain
907792,402801,2024-11-05,20.0,22.2,59.2,7.0,Storm
907793,404068,2025-08-17,36.5,1.4,86.3,19.2,Heavy Rain
907794,403954,2026-02-13,33.8,11.3,88.9,33.0,Rain
907795,402309,2026-05-19,31.6,3.0,54.3,0.7,Rain
907796,401175,2025-01-21,21.4,11.9,43.8,36.6,Clear
907797,403183,2025-12-06,34.0,15.8,54.7,3.7,Storm
907798,400669,2024-05-08,19.6,45.3,90.0,11.6,Rain
907799,402561,2025-12-15,29.1,8.1,48.5,1.1,Heavy Rain
907801,402906,2025-06-14,18.5,2.0,49.6,18.1,Heavy Rain
907802,404908,2026-06-13,23.5,6.8,64.7,13.8,Rain
907803,403085,2026-02-22,50.7,9.3,75.3,5.7,Rain
907804,401041,2024-12-28,29.1,4.8,82.8,5.3,Heavy Rain
907805,401574,2024-09-08,27.6,2.5,46.9,11.5,Storm
907806,404800,2025-07-08,12.5,1.4,63.8,14.2,Storm
907807,404138,2025-08-08,15.7,10.4,96.6,1.8,Haze
907808,404380,2025-07-16,29.5,9.4,65.9,1.6,Storm
907809,402473,2026-02-13,19.0,0.6,84.3,7.9,Heavy Rain
907810,402756,2024-10-14,28.7,2.1,76.7,13.1,Haze
907811,404270,2024-01-14,14.9,9.2,82.2,14.8,Storm
907812,401308,2024-01-12,21.6,7.5,95.8,5.8,Clear
907813,400240,2024-12-08,20.6,5.5,71.8,0.5,Rain
907814,400952,2026-07-05,18.3,2.3,62.6,0.1,Storm
907815,403024,2024-04-16,33.9,16.1,82.7,1.3,Rain
907816,400476,2025-05-01,51.6,5.3,50.4,13.8,Storm
907817,402581,2024-09-16,26.2,17.2,60.8,16.5,Rain
907818,401486,2026-06-12,37.1,4.4,62.1,33.3,Heavy Rain
907819,403949,2025-08-11,26.9,9.2,62.1,17.8,Haze
907820,404752,2026-03-17,28.8,7.4,78.0,21.8,Rain
907821,400650,2025-08-28,26.4,16.8,83.6,8.1,Haze
907822,402109,2024-01-10,20.4,4.8,98.7,0.6,Haze
907823,403694,2026-05-02,40.8,15.1,50.2,9.0,Cloudy
907824,402048,2024-03-21,25.1,6.5,43.1,1.2,Rain
907825,400118,2025-10-11,12.2,10.1,67.3,4.3,Clear
907826,401067,2026-07-07,30.7,0.3,55.9,28.8,Cloudy
907827,403791,2025-08-05,5.3,11.2,69.4,11.8,Clear
907828,402272,2025-06-19,35.0,18.2,84.1,6.6,Rain
907829,401038,2024-01-01,35.9,3.6,64.3,35.2,Storm
907830,400963,2024-08-08,16.7,5.3,89.3,11.2,Heavy Rain
907831,401106,2025-09-10,10.7,4.6,62.2,2.1,Cloudy
907832,400081,2025-05-14,25.1,11.5,48.9,10.1,Storm
907833,401809,2025-04-19,34.1,4.1,48.3,23.5,Rain
907834,404104,2025-11-06,29.8,21.5,82.2,28.5,Clear
907835,403050,2026-01-25,39.0,1.4,46.8,2.4,Storm
907836,402158,2024-09-24,13.1,1.2,71.8,45.5,Heavy Rain
907837,400942,2026-01-13,27.0,11.0,66.5,42.9,Rain
907838,404656,2024-09-10,20.2,18.9,82.9,9.7,Cloudy
907839,400951,2025-10-08,38.0,6.4,70.4,29.4,Storm
907840,402151,2026-04-03,29.4,0.7,70.5,15.8,Rain
907841,402062,2025-10-26,17.0,7.6,43.8,6.5,Rain
907843,401001,2025-12-08,11.5,17.0,71.6,2.6,Heavy Rain
907844,403179,2024-11-21,25.4,4.4,61.5,3.7,Heavy Rain
907845,402902,2024-05-18,20.9,0.2,59.5,0.4,Haze
907846,404384,2025-11-23,17.5,1.8,68.2,3.2,Heavy Rain
907847,402667,2025-06-15,23.3,1.1,80.2,11.2,Clear
907848,402033,2025-02-24,22.6,9.1,63.7,22.3,Clear
907849,403242,2026-06-12,32.2,23.7,56.2,3.5,Haze
907850,404664,2025-08-26,19.9,12.5,77.0,11.1,Clear
907851,404498,2025-02-18,18.1,4.8,89.9,7.9,Heavy Rain
907852,402864,2026-03-19,16.8,2.6,84.2,4.3,Clear
907853,404419,2025-09-08,24.9,4.6,77.9,43.1,Rain
907854,402575,2025-08-15,21.3,14.5,68.0,27.1,Heavy Rain
907856,401295,2025-12-31,19.5,10.6,41.1,16.8,Heavy Rain
907857,403276,2024-03-11,36.0,10.9,57.6,22.9,Storm
907858,404077,2025-01-24,40.3,25.5,68.4,0.3,Heavy Rain
907859,402164,2024-05-19,23.0,18.3,35.6,19.6,Clear
907860,402797,2025-01-15,30.5,1.2,48.3,2.9,Haze
907861,404546,2024-08-26,14.9,2.9,74.1,38.5,Storm
907862,402431,2025-05-04,27.6,6.1,53.6,6.1,Cloudy
907863,403179,2024-02-20,17.1,7.6,41.2,1.0,Storm
907864,402144,2025-05-09,34.8,4.2,46.6,19.1,Haze
907865,403535,2025-01-12,23.3,20.9,64.3,11.8,Cloudy
907866,401750,2024-12-01,27.5,5.3,66.2,13.7,Cloudy
907867,401444,2024-10-11,31.6,3.3,75.2,55.8,Storm
907868,401414,2024-04-24,24.6,3.1,68.1,33.6,Heavy Rain
907869,402996,2024-03-30,23.9,14.8,52.2,6.3,Haze
907870,402767,2025-09-05,14.8,1.3,62.6,9.7,Storm
907871,402223,2025-07-21,27.1,9.6,68.6,13.9,Clear
907872,402469,2025-03-23,19.6,12.3,58.1,7.1,Heavy Rain
907873,404663,2024-04-25,32.6,5.2,68.6,21.7,Cloudy
907874,404855,2025-04-10,21.6,19.7,76.7,2.5,Rain
907875,400262,2024-08-02,31.0,8.4,51.3,6.7,Heavy Rain
907876,403877,2024-10-07,21.5,3.4,36.3,1.8,Cloudy
907877,401790,2026-03-30,9.1,1.0,49.8,3.5,Rain
907878,403305,2026-07-02,20.1,11.5,35.5,2.2,Storm
907879,400415,2024-08-06,18.2,10.3,77.5,19.4,Cloudy
907880,401281,2024-08-05,19.7,0.2,64.3,55.0,Clear
907881,402505,2024-04-30,32.3,4.0,85.5,8.3,Haze
907882,400437,2025-11-21,28.3,6.3,79.0,0.4,Heavy Rain
907883,404075,2025-07-22,32.3,5.3,76.2,39.5,Heavy Rain
907884,404259,2026-04-26,31.8,4.4,76.1,8.4,Clear
907886,401261,2026-01-04,7.4,2.9,80.5,20.8,Heavy Rain
907887,403967,2024-06-07,23.6,4.4,24.3,0.2,Clear
907888,402634,2025-12-11,39.9,4.5,64.3,18.3,Heavy Rain
907889,404790,2026-01-04,33.1,2.6,58.0,12.6,Haze
907890,403991,2024-01-10,29.8,20.4,55.7,1.1,Haze
907891,402982,2024-02-13,23.0,5.5,69.8,41.4,Haze
907892,401724,2025-12-01,32.5,3.0,82.1,3.4,Storm
907893,402404,2024-09-19,35.5,2.9,30.7,15.9,Cloudy
907894,402676,2024-03-04,18.9,6.0,44.1,8.9,Storm
907896,403607,2024-10-09,27.8,2.4,60.6,7.8,Clear
907898,400945,2025-08-31,50.0,6.4,66.4,5.9,Haze
907899,403141,2024-10-14,37.0,1.6,73.1,46.1,Cloudy
907900,400411,2026-03-02,37.5,15.3,55.7,6.7,Storm
907901,402047,2025-05-21,27.9,0.6,67.8,20.2,Heavy Rain
907902,402758,2024-12-08,19.1,0.6,91.0,6.1,Storm
907903,400434,2025-09-23,25.8,25.1,61.0,2.1,Heavy Rain
907904,402924,2024-08-30,25.5,0.2,47.2,14.4,Heavy Rain
907905,403010,2024-10-30,10.7,1.9,61.0,3.2,Clear
907906,401907,2025-10-29,28.9,31.0,96.1,9.2,Storm
907907,400536,2025-07-19,22.9,10.2,71.9,2.4,Clear
907908,402875,2025-11-29,27.4,9.0,56.0,7.1,Clear
907909,402024,2026-07-16,18.3,2.8,64.2,19.7,Cloudy
907910,404029,2025-06-26,35.2,6.3,63.4,4.7,Cloudy
907912,404131,2024-09-06,14.3,5.9,49.0,18.6,Storm
907913,400250,2025-07-21,31.7,5.5,83.9,13.2,Heavy Rain
907914,404529,2026-03-25,22.5,2.5,79.3,3.9,Cloudy
907915,400349,2024-06-10,21.4,3.1,63.8,8.7,Rain
907916,402418,2025-07-24,18.2,15.2,51.8,14.3,Heavy Rain
907917,404613,2025-09-28,24.5,20.8,90.1,3.8,Storm
907918,401933,2025-12-25,33.6,3.6,50.3,6.0,Heavy Rain
907919,400938,2025-04-16,25.5,5.2,72.7,2.2,Clear
907920,403973,2025-09-06,21.7,1.6,78.6,14.1,Rain
907921,400336,2024-02-06,32.2,13.6,46.2,2.8,Heavy Rain
907922,403872,2025-07-11,25.2,5.7,64.3,9.8,Heavy Rain
907923,400008,2025-03-20,26.2,24.0,52.0,5.5,Heavy Rain
907924,402075,2025-08-06,18.7,1.7,68.2,1.8,Cloudy
907925,402608,2024-12-14,27.0,1.4,58.9,0.9,Storm
907926,403594,2026-07-08,27.0,4.7,62.1,1.4,Clear
907927,402447,2026-07-15,19.9,4.9,70.7,39.3,Heavy Rain
907928,401432,2026-01-27,32.4,15.4,93.5,7.6,Heavy Rain
907929,402988,2026-03-27,23.7,3.4,44.5,1.4,Rain
907930,400520,2025-11-11,25.8,4.3,40.3,7.7,Cloudy
907931,401213,2024-05-19,11.6,6.1,43.2,11.8,Cloudy
907932,404959,2024-10-23,31.4,1.4,53.9,2.9,Haze
907933,403452,2024-12-18,27.2,29.4,61.2,6.5,Rain
907934,402435,2024-12-04,27.9,19.4,90.3,5.7,Clear
907935,402844,2025-07-29,15.2,10.0,89.2,7.7,Clear
907936,402895,2024-05-15,46.4,4.2,62.5,18.2,Heavy Rain
907937,401125,2025-04-01,35.8,0.4,43.6,17.1,Storm
907938,404940,2025-11-19,17.2,6.5,85.5,21.0,Clear
907939,404854,2024-07-25,28.4,13.8,71.2,22.8,Heavy Rain
907940,400444,2025-07-06,38.0,3.1,53.5,7.5,Clear
907941,404847,2024-12-31,24.0,11.1,53.5,18.5,Rain
907943,403436,2026-06-29,18.8,3.0,74.3,38.3,Haze
907944,403426,2024-01-28,31.3,1.1,64.3,3.1,Rain
907945,402180,2025-12-28,31.1,5.5,42.5,2.9,Storm
907946,401677,2024-06-25,26.4,4.0,72.3,36.1,Rain
907947,400245,2024-12-17,34.9,3.0,55.7,1.3,Cloudy
907948,402272,2024-05-04,28.4,7.8,71.8,1.5,Haze
907949,402018,2024-06-09,28.4,8.5,94.3,8.8,Heavy Rain
907950,401359,2024-05-05,25.5,17.4,34.8,6.6,Rain
907951,402273,2024-06-03,40.8,9.5,66.6,3.1,Cloudy
907952,404339,2024-12-20,22.7,19.4,86.4,9.5,Clear
907953,400621,2026-02-22,17.7,0.5,54.8,3.9,Storm
907955,401453,2024-01-08,44.1,7.5,87.2,14.6,Haze
907956,400764,2024-03-18,28.2,0.1,69.7,1.4,Storm
907957,404107,2025-04-10,28.9,9.7,49.4,11.8,Cloudy
907958,403388,2024-08-04,9.6,2.0,72.8,7.6,Cloudy
907959,402853,2025-07-03,22.6,5.7,63.8,22.8,Heavy Rain
907960,400285,2025-08-18,13.6,7.7,78.2,16.6,Clear
907961,401888,2025-11-24,28.7,4.5,41.4,1.6,Storm
907962,400556,2024-07-15,28.9,8.3,61.5,2.4,Haze
907963,401912,2024-09-11,27.6,11.8,63.7,38.6,Cloudy
907964,400977,2024-10-06,24.6,11.5,66.0,88.1,Cloudy
907965,404128,2026-06-10,29.6,6.7,47.7,2.2,Storm
907966,403795,2024-03-18,33.6,4.7,67.6,4.8,Rain
907967,400862,2025-02-19,12.5,2.8,71.8,3.4,Clear
907968,402429,2026-01-26,41.3,16.8,44.4,2.7,Cloudy
907969,402706,2025-04-05,26.6,2.8,81.4,5.6,Haze
907970,400283,2025-04-11,27.5,12.7,91.8,7.1,Haze
907971,400444,2024-09-18,22.1,1.8,64.3,3.6,Cloudy
907972,400274,2025-05-26,22.4,11.8,42.1,5.9,Rain
907973,403058,2026-06-22,21.4,9.4,18.8,21.4,Haze
907974,402743,2024-08-21,19.9,19.0,39.9,0.9,Rain
907975,401774,2026-02-06,29.6,3.1,61.8,1.7,Clear
907976,401978,2024-07-27,31.0,21.0,35.6,4.4,Haze
907977,402183,2024-03-03,17.5,17.5,76.0,11.6,Clear
907978,401338,2025-11-19,31.8,13.2,94.3,4.9,Cloudy
907979,401167,2024-03-16,21.0,5.0,91.3,34.2,Storm
907980,404835,2026-03-22,24.0,14.1,56.5,1.7,Clear
907981,402908,2025-02-22,39.4,0.4,92.7,8.8,Clear
907982,400130,2024-07-10,34.2,17.3,78.2,1.3,Storm
907983,402129,2024-08-15,23.0,14.0,56.2,21.9,Rain
907984,403517,2026-04-28,24.8,5.5,66.5,1.0,Haze
907985,402259,2024-06-20,24.6,4.9,98.3,21.5,Storm
907986,401141,2024-03-24,28.1,1.3,65.2,16.5,Clear
907987,403034,2025-11-26,24.7,1.8,50.8,13.0,Storm
907988,402195,2024-08-13,32.4,3.4,82.1,39.2,Haze
907989,404671,2024-11-25,16.5,13.6,69.4,6.7,Cloudy
907990,400542,2024-09-25,18.9,6.5,27.8,2.3,Rain
907991,400458,2025-09-19,36.9,1.5,86.1,4.6,Rain
907992,403280,2024-09-15,24.5,26.8,81.4,9.6,Storm
907993,404613,2025-12-22,30.2,14.9,64.3,41.7,Storm
907994,400539,2026-03-25,29.6,5.5,84.4,12.7,Cloudy
907995,402110,2025-12-13,23.9,5.4,77.3,38.9,Heavy Rain
907996,401374,2026-01-03,22.3,2.1,63.8,11.9,Cloudy
907997,404057,2026-04-25,16.1,6.3,68.5,6.0,Storm
907998,402283,2026-02-03,25.0,10.5,57.6,2.9,Rain
907999,403471,2025-08-27,31.8,2.8,52.9,16.2,Cloudy
908000,404591,2025-04-04,20.5,0.8,81.6,29.5,Haze
908001,404613,2025-02-25,26.9,10.8,36.1,4.2,Clear
908002,401921,2025-06-16,36.1,3.8,72.8,1.0,Clear
908003,401306,2024-12-20,26.9,0.4,53.4,4.9,Rain
908004,404519,2024-03-02,34.7,6.6,58.8,0.2,Storm
908005,402613,2024-07-01,24.6,6.7,65.5,4.1,Heavy Rain
908006,400441,2026-07-15,18.2,5.5,71.0,14.8,Cloudy
908007,403074,2026-07-02,28.8,11.7,90.8,1.6,Haze
908008,402246,2025-02-20,21.5,7.9,65.0,8.5,Storm
908009,402775,2025-08-30,55.8,8.6,47.0,3.7,Heavy Rain
908010,403206,2025-11-13,18.1,6.6,20.8,0.6,Clear
908011,401651,2024-05-13,31.5,1.2,64.3,2.1,Storm
908012,403045,2026-02-13,24.4,5.6,68.4,22.3,Clear
908013,402231,2025-08-09,29.6,5.2,71.8,5.1,Clear
908015,402440,2024-07-01,32.6,10.4,77.3,2.6,Cloudy
908016,404332,2025-02-17,26.7,0.1,58.0,10.2,Storm
908017,404074,2024-09-30,36.3,8.5,82.0,1.7,Rain
908018,401796,2026-02-18,17.4,21.5,89.7,15.3,Cloudy
908019,400324,2026-01-26,27.3,3.3,53.4,3.7,Storm
908020,403344,2025-02-21,17.7,9.2,45.8,15.2,Storm
908021,403963,2025-01-13,27.8,11.6,70.0,10.6,Rain
908022,402973,2025-10-23,29.9,1.2,63.9,14.4,Heavy Rain
908023,403268,2026-06-29,26.3,7.8,98.4,47.8,Heavy Rain
908024,403633,2025-03-10,27.0,0.2,61.9,1.7,Heavy Rain
908025,401972,2024-09-09,28.8,0.2,30.0,4.0,Cloudy
908026,400222,2025-05-13,33.2,2.5,40.8,8.8,Cloudy
908027,402052,2024-06-03,30.5,23.8,57.5,5.7,Clear
908028,401036,2025-07-30,10.8,20.4,72.5,2.3,Heavy Rain
908029,401222,2025-05-08,17.9,5.6,64.8,5.7,Haze
908030,404150,2025-05-30,18.1,0.2,67.1,1.4,Rain
908031,403144,2024-10-28,23.9,8.5,63.5,9.0,Haze
908032,401076,2025-05-18,37.2,0.1,59.0,4.0,Heavy Rain
908034,401361,2024-05-06,27.7,15.6,75.4,46.0,Haze
908035,404968,2025-02-26,25.2,2.4,60.5,13.0,Haze
908036,403509,2024-09-18,29.4,12.2,87.3,7.9,Haze
908037,400392,2026-05-07,11.0,13.2,62.2,3.1,Clear
908039,400181,2024-04-09,24.8,8.4,43.7,10.0,Clear
908040,402343,2025-05-10,5.4,0.6,68.8,12.6,Cloudy
908041,400096,2025-02-07,39.2,5.5,79.3,1.6,Clear
908042,400351,2024-03-30,27.0,0.9,58.2,8.1,Heavy Rain
908043,402278,2025-12-08,33.7,3.8,49.0,17.6,Heavy Rain
908044,400677,2025-10-03,37.1,7.9,45.2,3.5,Storm
908045,400775,2026-05-18,30.6,4.7,37.7,1.7,Storm
908046,401946,2024-11-25,31.9,3.1,68.2,15.6,Heavy Rain
908047,404050,2025-08-23,34.8,15.4,45.8,27.5,Rain
908048,404740,2024-04-16,28.3,7.2,56.2,13.9,Clear
908049,404226,2024-05-22,15.0,15.8,70.1,0.4,Clear
908050,401926,2024-05-17,32.7,12.5,51.5,4.8,Clear
908051,403258,2025-06-04,32.0,1.9,55.6,1.0,Cloudy
908052,404084,2025-04-09,37.1,12.0,52.2,13.2,Storm
908053,400575,2024-12-10,31.7,4.9,53.2,11.0,Cloudy
908054,400965,2025-10-04,30.6,2.1,61.5,0.3,Rain
908055,401828,2024-03-31,27.8,5.6,80.3,4.1,Haze
908056,404754,2024-07-08,24.6,11.3,62.0,0.4,Haze
908057,400688,2024-08-09,19.3,0.1,48.5,9.4,Clear
908058,404728,2024-12-15,28.9,9.1,33.6,53.8,Storm
908059,403000,2024-11-11,34.4,15.2,73.9,34.9,Heavy Rain
908060,402764,2026-04-07,34.6,0.9,60.0,3.9,Heavy Rain
908061,400087,2025-07-02,28.5,7.4,63.1,10.5,Heavy Rain
908062,404018,2026-01-07,34.2,1.4,64.6,4.9,Storm
908063,403184,2024-03-11,27.0,10.5,78.6,0.9,Heavy Rain
908064,404527,2025-01-11,31.7,16.7,45.6,28.6,Cloudy
908065,400371,2026-05-24,24.3,0.6,76.1,44.9,Haze
908066,402890,2024-01-21,25.7,4.0,70.1,2.0,Rain
908067,402641,2025-01-18,31.5,9.6,64.6,1.7,Haze
908068,402778,2024-08-22,25.2,6.7,81.0,20.2,Clear
908069,403906,2026-03-14,30.0,2.5,51.2,3.2,Clear
908070,404839,2024-09-15,30.7,8.9,55.8,17.0,Rain
908071,403618,2025-08-16,38.1,5.7,52.6,10.1,Rain
908072,400572,2024-12-14,18.7,5.8,59.6,6.1,Rain
908073,400625,2025-07-23,39.8,2.3,39.6,19.4,Rain
908074,401504,2025-11-01,26.8,0.2,64.3,6.8,Heavy Rain
908075,403110,2025-07-18,19.9,4.4,69.2,15.6,Cloudy
908076,400819,2025-06-26,32.8,9.9,60.3,0.3,Haze
908077,401454,2024-04-11,39.4,3.7,83.7,26.8,Rain
908078,403046,2024-02-24,20.7,1.7,75.3,3.8,Clear
908079,404874,2025-11-05,6.7,13.4,78.6,10.1,Haze
908080,404113,2024-11-15,29.1,0.3,63.0,1.2,Cloudy
908081,404072,2024-02-04,24.7,2.4,60.4,1.3,Clear
908082,400269,2026-07-14,32.3,4.1,62.7,6.0,Rain
908083,403273,2024-08-20,30.7,6.9,46.3,2.6,Cloudy
908084,403002,2024-10-31,20.4,3.2,46.8,11.9,Storm
908085,402812,2024-01-11,37.5,2.1,66.3,3.5,Haze
908086,400622,2026-01-24,36.9,0.9,68.5,28.4,Heavy Rain
908087,400385,2025-04-10,21.8,2.3,60.9,11.9,Haze
908088,401138,2025-12-11,29.1,1.5,70.4,28.3,Clear
908089,400890,2025-06-03,39.0,10.5,64.3,25.8,Storm
908090,403467,2025-01-29,23.7,0.7,65.1,4.8,Clear
908091,401505,2026-03-27,24.9,2.2,67.3,3.4,Cloudy
908092,401423,2024-12-26,30.5,0.2,82.3,14.8,Rain
908093,402472,2025-12-21,27.5,5.0,30.0,21.3,Rain
908094,400901,2026-07-14,32.4,1.9,41.0,8.8,Rain
908095,403510,2025-06-29,30.8,22.6,75.4,1.1,Rain
908096,402628,2024-09-12,23.4,2.2,90.6,1.2,Haze
908097,402241,2026-02-13,30.9,21.9,80.4,22.1,Rain
908098,404491,2025-01-14,14.7,8.3,55.2,12.7,Clear
908099,404296,2026-03-29,25.9,2.1,17.7,23.6,Cloudy
908100,405000,2025-12-19,20.6,1.8,82.2,2.0,Storm
908101,400963,2024-01-25,28.2,30.1,81.3,4.4,Rain
908102,402006,2024-12-06,23.0,3.0,82.9,22.3,Rain
908103,404873,2025-11-09,27.0,2.0,46.1,3.1,Rain
908104,403327,2025-07-30,40.2,6.7,68.3,28.8,Rain
908105,401430,2025-02-03,24.0,27.4,68.4,21.6,Haze
908106,403686,2025-12-19,16.7,5.9,74.7,42.7,Heavy Rain
908107,402309,2024-10-31,32.3,1.0,73.7,1.7,Cloudy
908108,402185,2025-11-09,26.8,16.5,60.3,7.8,Clear
908109,404508,2026-04-16,24.6,10.0,27.3,4.0,Rain
908110,402092,2025-12-24,25.3,2.5,80.0,1.4,Clear
908111,404933,2025-05-11,29.2,33.4,69.2,10.3,Clear
908112,401518,2024-06-08,11.2,12.7,61.7,4.0,Storm
908113,402992,2025-10-21,36.4,0.4,62.4,1.7,Haze
908114,401193,2025-12-01,26.9,8.0,72.8,9.9,Haze
908115,404486,2025-01-12,24.1,18.2,58.0,3.6,Cloudy
908116,404239,2025-07-11,11.3,0.2,78.0,32.3,Rain
908117,403612,2025-06-14,29.0,3.9,69.9,2.8,Heavy Rain
908118,400330,2025-02-17,18.0,6.3,87.7,30.0,Rain
908119,400482,2025-04-08,25.7,26.3,67.9,11.1,Storm
908120,404608,2026-06-04,26.7,0.7,64.3,3.5,Cloudy
908121,400301,2025-02-19,28.8,10.0,51.5,17.6,Heavy Rain
908122,401239,2025-07-10,35.0,6.7,49.5,0.4,Clear
908123,400725,2026-07-18,30.5,9.1,53.6,2.3,Heavy Rain
908124,400872,2025-06-10,34.7,8.4,67.1,1.9,Cloudy
908125,400683,2025-01-19,42.4,16.1,50.9,4.1,Cloudy
908126,400972,2025-12-30,39.1,4.0,62.5,2.6,Haze
908127,404963,2024-03-10,26.7,0.2,99.8,21.9,Cloudy
908128,401065,2025-06-05,15.7,3.5,51.2,2.7,Rain
908129,401763,2026-01-03,26.2,1.9,21.0,72.7,Cloudy
908130,403893,2024-03-25,18.5,40.0,90.1,5.5,Clear
908131,401817,2025-02-14,36.7,6.1,82.7,0.0,Haze
908132,404654,2026-04-07,27.0,3.7,46.2,7.0,Storm
908133,402992,2025-12-28,32.7,28.7,62.1,0.4,Rain
908134,402518,2025-01-15,13.0,10.6,50.0,28.0,Rain
908135,401572,2025-12-05,25.4,7.5,48.0,9.3,Cloudy
908136,404730,2024-08-24,24.3,11.9,35.0,3.3,Rain
908137,402778,2024-03-06,22.9,18.2,69.4,6.7,Cloudy
908138,404544,2026-02-01,23.7,12.8,89.6,2.4,Haze
908140,404427,2025-08-06,35.0,7.6,34.3,15.2,Storm
908141,400556,2025-06-16,37.1,3.1,58.4,21.1,Heavy Rain
908142,403451,2024-10-27,28.5,4.5,49.5,12.9,Storm
908143,402372,2024-04-23,23.7,14.6,67.5,8.6,Storm
908144,400570,2025-07-17,35.6,1.3,30.1,33.4,Haze
908145,402707,2026-07-16,39.4,15.2,36.5,14.2,Rain
908146,404210,2026-01-15,26.1,8.2,62.0,20.0,Rain
908147,402711,2024-09-26,33.3,36.3,87.5,22.7,Haze
908148,403260,2024-05-01,22.6,5.0,95.0,0.6,Storm
908149,403710,2025-01-18,24.6,12.0,56.0,19.9,Heavy Rain
908150,400942,2024-01-13,23.2,2.1,61.5,2.4,Cloudy
908151,401874,2025-03-20,12.1,5.1,58.9,6.5,Haze
908152,404923,2024-01-10,29.7,11.0,65.2,11.5,Heavy Rain
908153,404923,2026-01-31,27.3,0.1,84.6,13.4,Clear
908154,402556,2024-07-28,38.4,0.2,93.5,12.3,Clear
908155,402152,2024-12-03,29.2,0.6,56.2,1.7,Clear
908156,402853,2026-07-17,15.4,0.4,60.7,14.0,Heavy Rain
908157,401825,2024-08-17,13.1,5.7,47.0,6.8,Heavy Rain
908158,402293,2024-11-02,21.4,1.7,67.2,2.3,Haze
908159,403681,2024-08-26,34.7,0.2,65.4,4.8,Heavy Rain
908160,401934,2025-06-13,21.0,5.7,24.7,47.7,Cloudy
908161,402258,2024-06-11,48.0,3.5,70.0,5.6,Clear
908162,402121,2025-02-25,39.7,4.3,64.3,41.8,Rain
908163,401817,2025-04-26,26.7,5.5,72.2,7.6,Clear
908164,404751,2025-05-05,36.0,1.8,63.2,0.8,Heavy Rain
908166,400626,2026-06-26,43.3,4.3,48.0,16.6,Rain
908167,404642,2026-01-14,27.0,1.2,69.2,0.5,Clear
908168,400887,2025-04-08,34.4,3.4,72.6,5.9,Clear
908169,401128,2026-02-19,29.7,4.8,59.8,11.4,Heavy Rain
908170,400705,2025-12-15,51.1,5.2,41.9,12.0,Heavy Rain
908171,402081,2024-01-04,30.3,2.8,82.5,2.5,Cloudy
908172,402635,2024-01-10,24.3,55.5,55.8,24.3,Storm
908173,403123,2024-05-10,10.7,14.5,40.2,7.9,Haze
908174,402638,2025-05-28,22.8,1.1,75.0,0.5,Storm
908175,402284,2025-08-31,36.9,40.5,82.1,22.8,Heavy Rain
908176,404311,2024-01-05,30.8,12.7,64.3,18.2,Rain
908177,404251,2026-03-26,29.0,1.8,56.6,1.6,Haze
908178,403486,2024-05-04,34.1,15.3,65.3,4.7,Rain
908179,404837,2024-11-17,25.0,1.6,33.2,10.2,Cloudy
908180,402310,2026-05-05,29.8,5.9,45.9,20.0,Cloudy
908181,404085,2026-07-01,37.5,1.9,45.8,5.6,Rain
908182,404226,2024-05-02,29.0,0.5,48.8,4.2,Heavy Rain
908183,402833,2024-06-18,12.4,0.7,85.2,12.5,Cloudy
908184,400205,2026-01-26,21.0,9.9,81.9,5.7,Cloudy
908185,401267,2024-08-09,13.1,0.7,45.4,33.8,Cloudy
908186,402626,2024-12-11,30.5,5.1,36.6,8.6,Clear
908187,404466,2026-03-26,21.4,1.3,82.2,41.1,Storm
908189,402218,2024-01-15,23.7,5.6,55.9,16.0,Storm
908190,400386,2024-07-08,24.5,43.2,91.9,16.2,Clear
908191,404795,2026-02-21,21.3,11.7,95.7,0.1,Cloudy
908192,404585,2026-06-19,30.6,5.4,77.3,12.3,Haze
908193,402608,2025-07-30,21.3,12.3,55.3,2.7,Cloudy
908194,404777,2025-10-22,25.4,11.0,40.9,15.8,Rain
908195,401193,2025-06-11,23.5,19.9,46.5,8.7,Cloudy
908196,400179,2025-09-26,22.2,1.5,74.2,1.0,Cloudy
908197,403944,2024-03-03,31.9,7.2,83.9,12.4,Haze
908198,401080,2024-07-22,9.7,16.1,65.1,19.8,Cloudy
908199,403537,2025-01-09,21.0,6.8,56.1,13.8,Haze
908200,400236,2025-02-09,25.3,0.4,53.1,3.3,Rain
908201,402378,2026-06-05,25.6,9.6,73.5,10.4,Cloudy
908202,400983,2025-04-25,25.0,23.4,79.7,1.3,Cloudy
908203,400827,2026-01-17,16.9,10.3,54.1,11.1,Haze
908204,403513,2024-01-12,34.1,13.2,62.0,6.7,Rain
908205,404488,2026-01-18,44.9,9.2,80.7,0.1,Storm
908206,404533,2024-02-25,21.0,8.6,73.6,16.1,Rain
908207,403848,2024-05-31,30.4,2.4,48.8,0.7,Clear
908208,404716,2024-03-26,37.0,8.6,76.9,26.5,Haze
908209,402395,2024-07-09,34.2,21.0,36.6,4.4,Rain
908210,401488,2024-09-03,43.0,16.7,76.1,3.0,Cloudy
908211,401260,2025-11-08,33.8,2.8,71.8,40.2,Haze
908212,402077,2025-03-14,19.0,5.9,19.4,1.5,Heavy Rain
908213,400441,2025-07-22,26.5,14.9,46.6,1.7,Clear
908214,403244,2025-10-29,42.7,1.4,61.9,27.3,Clear
908216,402223,2025-02-19,33.2,1.8,57.5,4.0,Heavy Rain
908217,401607,2024-04-28,34.6,1.8,64.3,4.4,Cloudy
908218,401990,2025-10-17,25.1,3.1,59.7,0.2,Cloudy
908219,400634,2024-07-12,23.7,12.5,38.2,2.1,Cloudy
908220,404445,2024-08-14,31.3,1.2,67.2,1.5,Haze
908221,401832,2025-04-25,25.3,8.7,71.4,9.5,Clear
908222,401910,2024-01-01,18.7,1.0,68.9,13.0,Clear
908223,403300,2025-05-26,16.2,11.5,81.2,15.0,Heavy Rain
908224,404042,2025-07-13,15.4,7.1,46.9,6.8,Clear
908225,402870,2024-12-08,41.1,23.6,67.4,2.8,Haze
908226,403141,2024-12-24,41.0,2.7,47.3,4.8,Cloudy
908227,402229,2024-08-25,31.7,1.3,64.0,9.5,Rain
908228,403835,2025-02-17,36.3,4.1,38.0,7.5,Heavy Rain
908229,404503,2026-05-22,24.6,10.1,27.5,0.1,Heavy Rain
908230,402745,2024-05-21,27.0,5.1,76.4,20.3,Clear
908232,400191,2025-03-26,24.4,0.7,62.1,3.9,Rain
908233,403305,2025-10-12,30.2,15.9,55.1,4.1,Haze
908234,403367,2025-08-02,23.6,7.4,73.3,2.6,Rain
908235,400201,2025-03-15,21.2,13.7,63.6,22.0,Storm
908236,401558,2025-06-03,41.6,1.2,90.8,3.6,Rain
908237,401621,2024-10-13,25.4,5.0,83.6,12.7,Heavy Rain
908238,404778,2026-02-15,26.2,2.3,75.3,2.5,Clear
908239,400773,2024-01-19,26.9,4.1,84.6,4.9,Cloudy
908240,404486,2026-06-10,8.1,8.8,59.9,2.7,Rain
908241,402435,2024-11-04,18.8,9.4,68.0,7.6,Rain
908242,403821,2025-10-17,35.1,6.8,53.6,1.5,Haze
908243,400761,2025-07-23,34.2,7.2,57.8,22.2,Storm
908244,402891,2025-01-03,37.9,8.0,64.7,18.7,Cloudy
908245,400012,2026-06-02,42.8,9.6,79.0,7.1,Cloudy
908246,401742,2026-04-12,29.6,1.6,70.6,29.1,Storm
908247,402961,2026-04-11,13.3,8.4,83.1,4.9,Heavy Rain
908248,400321,2026-02-04,36.7,8.7,66.7,27.4,Clear
908249,403248,2026-02-18,26.6,26.0,50.5,4.1,Haze
908250,400613,2024-04-04,27.0,1.4,45.4,3.1,Rain
908251,404125,2024-12-08,26.6,11.1,70.0,6.8,Heavy Rain
908252,404796,2024-05-24,45.9,22.3,71.1,17.9,Haze
908253,404344,2024-04-26,31.9,8.5,55.7,0.7,Clear
908254,404709,2025-08-17,27.8,13.0,46.3,11.1,Storm
908255,404422,2024-09-15,26.9,4.4,59.9,6.5,Cloudy
908256,401791,2026-04-02,19.4,15.6,79.1,14.9,Haze
908257,402760,2026-03-21,26.7,2.8,60.7,5.5,Clear
908258,401056,2026-05-16,29.5,7.9,43.5,31.3,Haze
908259,400676,2026-02-07,17.0,0.6,97.7,8.1,Rain
908260,403811,2025-09-27,30.2,6.2,54.4,5.4,Rain
908261,402517,2025-09-04,29.3,20.9,90.9,4.3,Heavy Rain
908262,402368,2025-11-23,17.7,3.3,49.4,0.0,Haze
908263,400850,2025-01-10,17.2,1.7,85.9,15.4,Clear
908264,400929,2026-04-28,34.6,14.2,65.6,2.2,Rain
908265,401039,2024-04-26,24.8,26.1,63.0,22.5,Cloudy
908266,404301,2024-05-07,33.6,12.0,64.3,4.6,Storm
908267,400904,2024-11-23,35.7,5.5,42.1,23.2,Storm
908268,400234,2025-04-28,8.7,4.2,82.8,9.8,Rain
908269,402902,2025-04-22,19.5,6.5,85.2,65.9,Storm
908270,401577,2026-03-25,23.4,0.2,64.3,3.6,Storm
908271,400428,2025-10-15,26.2,2.8,80.8,2.1,Heavy Rain
908272,404412,2025-02-09,26.8,2.9,55.2,13.6,Storm
908274,400410,2024-01-05,35.9,4.5,81.6,21.5,Heavy Rain
908275,403746,2025-10-14,11.6,10.8,42.3,2.4,Heavy Rain
908276,401726,2024-11-13,27.4,0.6,76.9,7.6,Storm
908277,404100,2026-06-23,17.1,7.9,80.7,16.1,Clear
908278,404474,2025-04-11,31.4,15.0,53.5,0.3,Haze
908279,400774,2025-03-20,35.3,5.9,47.5,7.7,Storm
908280,400712,2024-04-15,35.3,5.9,95.0,0.1,Clear
908282,403670,2025-08-13,9.9,15.4,33.8,10.3,Heavy Rain
908283,400934,2024-04-28,27.2,4.4,67.3,17.8,Heavy Rain
908284,401805,2026-01-13,36.1,5.2,64.3,18.0,Cloudy
908285,404486,2024-04-07,21.0,14.1,85.9,18.8,Haze
908286,401181,2025-07-08,16.9,2.4,53.9,57.5,Rain
908287,400308,2024-02-21,21.0,12.7,78.0,2.1,Storm
908288,400802,2025-03-09,33.1,0.5,81.3,9.0,Storm
908289,400435,2025-02-03,40.9,21.8,78.3,3.9,Rain
908290,402890,2025-01-02,19.6,9.5,98.1,4.3,Cloudy
908291,401118,2025-11-20,29.0,2.1,68.7,1.2,Rain
908292,402828,2024-03-13,29.8,4.7,51.9,24.9,Haze
908293,400435,2025-08-11,27.3,7.0,90.6,9.9,Heavy Rain
908294,402460,2024-12-11,32.3,6.9,48.0,8.9,Storm
908295,401887,2025-07-31,14.2,2.4,90.8,6.8,Rain
908296,401327,2025-05-04,21.3,9.9,83.2,4.2,Cloudy
908297,402394,2025-07-27,31.3,5.1,69.3,10.3,Haze
908298,404316,2025-04-08,30.1,12.2,53.0,2.0,Storm
908299,400446,2025-06-20,31.6,10.8,64.3,20.8,Rain
908300,400607,2024-02-01,37.3,7.3,32.1,15.4,Haze
908301,402170,2025-10-19,26.9,46.8,90.1,16.2,Heavy Rain
908302,401795,2026-01-05,27.0,11.3,94.5,6.7,Rain
908303,402648,2024-08-26,29.9,21.8,57.3,11.0,Heavy Rain
908304,402353,2026-07-01,39.0,20.6,69.5,0.1,Rain
908306,400574,2024-12-14,27.0,4.5,54.4,10.1,Storm
908307,402415,2025-05-06,38.9,4.6,62.7,30.1,Clear
908308,404696,2026-02-04,26.3,12.2,86.0,2.8,Storm
908309,401729,2024-08-30,41.2,6.0,30.1,30.7,Rain
908310,404280,2026-01-17,31.2,0.8,66.7,14.1,Cloudy
908311,403140,2024-06-23,35.6,3.6,66.6,13.5,Clear
908312,404221,2025-05-06,26.1,7.4,78.1,6.0,Storm
908313,402211,2025-05-26,24.0,0.3,82.9,4.8,Heavy Rain
908314,404180,2026-06-11,26.4,11.6,69.8,1.5,Cloudy
908316,404439,2025-11-01,21.3,0.6,63.1,7.4,Cloudy
908317,400873,2025-08-19,18.1,1.3,31.0,3.6,Clear
908318,400515,2025-01-06,30.0,1.2,53.9,25.8,Rain
908319,400764,2024-05-16,40.5,8.4,64.3,15.6,Storm
908320,403441,2024-06-21,24.8,2.2,49.8,11.2,Storm
908321,403788,2024-03-17,26.2,0.5,62.0,9.2,Heavy Rain
908322,404721,2025-02-16,43.0,2.2,64.3,6.8,Cloudy
908323,402243,2026-07-10,32.3,12.9,51.7,27.1,Storm
908324,400938,2024-12-10,13.2,6.4,75.9,0.6,Cloudy
908325,403808,2026-01-01,33.2,1.3,83.3,7.5,Clear
908326,400301,2025-06-02,18.8,3.5,69.5,7.7,Rain
908327,404608,2026-05-08,33.5,0.0,57.6,9.0,Clear
908328,402778,2024-03-18,38.5,0.9,32.6,11.5,Storm
908329,404012,2026-02-28,26.9,7.8,48.0,0.5,Storm
908330,401147,2025-04-07,21.9,6.9,22.1,5.3,Cloudy
908331,401933,2025-11-07,28.6,2.4,88.7,18.3,Heavy Rain
908332,404745,2024-07-08,10.9,2.4,44.9,5.6,Cloudy
908333,404850,2024-05-06,24.2,7.9,68.3,12.7,Storm
908334,400981,2024-02-05,16.3,7.1,69.1,7.4,Cloudy
908335,400452,2024-12-01,40.5,6.8,86.5,12.4,Clear
908336,402596,2024-03-14,23.6,9.3,59.1,5.7,Clear
908337,401918,2024-02-08,23.7,4.5,56.8,7.2,Storm
908338,400404,2024-06-21,19.0,5.2,76.8,19.9,Clear
908339,403036,2026-04-05,20.4,12.3,40.7,24.3,Cloudy
908340,400183,2026-01-15,34.6,2.8,63.3,0.8,Cloudy
908341,401885,2025-12-30,25.2,13.3,58.9,20.3,Storm
908342,402215,2024-11-09,20.9,1.6,70.8,4.0,Haze
908343,403740,2025-11-16,30.9,12.1,48.5,2.3,Clear
908344,403367,2024-01-05,34.9,3.6,36.0,17.9,Storm
908345,403073,2025-11-13,15.2,0.9,54.5,1.5,Rain
908346,401456,2025-11-27,27.0,3.3,70.8,4.2,Rain
908347,400435,2025-01-28,18.4,8.1,55.8,1.6,Cloudy
908348,404343,2025-12-17,32.0,1.3,66.0,27.6,Storm
908349,400626,2024-06-08,23.3,6.4,81.6,27.6,Clear
908350,403430,2024-06-05,19.2,0.6,33.0,11.7,Heavy Rain
908351,401212,2024-05-24,26.1,3.8,64.3,18.3,Storm
908352,401670,2024-10-29,21.2,17.6,77.3,15.4,Clear
908353,402745,2026-01-01,30.9,10.7,96.3,7.2,Haze
908354,404938,2026-01-20,36.6,20.0,75.3,6.8,Heavy Rain
908355,402303,2024-07-26,25.3,16.2,78.9,10.3,Rain
908356,401723,2025-08-11,29.7,57.4,58.6,14.6,Storm
908358,403250,2025-09-27,36.3,3.9,46.1,1.6,Rain
908359,401619,2024-02-24,24.8,28.3,50.9,23.7,Heavy Rain
908360,402548,2026-01-23,18.3,10.3,64.7,20.9,Clear
908361,402458,2026-06-12,21.3,8.0,49.1,29.9,Rain
908362,401405,2024-09-25,22.1,1.4,81.7,10.2,Rain
908363,402781,2024-06-08,25.8,1.4,73.9,25.3,Heavy Rain
908364,402584,2025-02-24,21.5,26.2,53.3,1.8,Storm
908365,404959,2026-01-01,38.1,0.9,48.1,0.3,Heavy Rain
908366,403648,2025-07-26,43.9,4.7,35.4,32.1,Cloudy
908367,403761,2025-02-06,31.4,10.3,78.4,24.1,Clear
908368,401159,2025-09-08,24.5,4.2,74.9,0.4,Haze
908369,404876,2026-03-22,27.8,10.8,79.5,0.2,Clear
908370,403874,2024-01-19,29.5,1.8,68.2,5.0,Heavy Rain
908371,402953,2025-08-22,28.7,0.3,47.9,11.5,Clear
908372,401306,2024-03-09,32.2,8.4,58.8,17.6,Rain
908373,401414,2024-06-11,46.7,8.3,48.3,22.8,Cloudy
908374,400330,2025-11-23,31.9,6.2,70.3,22.9,Heavy Rain
908375,401634,2024-05-14,31.6,10.7,59.2,28.1,Haze
908376,403254,2025-03-22,22.1,3.2,78.6,28.2,Storm
908377,400743,2024-03-08,28.4,2.3,64.3,25.2,Cloudy
908378,402317,2025-08-02,28.9,12.4,47.3,5.6,Heavy Rain
908379,404883,2024-05-05,22.2,0.9,72.3,5.3,Clear
908380,403894,2025-08-01,16.3,3.6,47.0,5.6,Cloudy
908381,401121,2025-09-16,37.5,1.3,60.8,5.2,Heavy Rain
908382,402916,2026-06-01,38.7,6.3,72.9,26.3,Cloudy
908383,401749,2026-05-20,18.8,3.1,70.8,18.1,Rain
908384,404979,2025-05-26,26.6,4.4,37.9,3.0,Heavy Rain
908385,403777,2024-08-13,23.2,3.4,57.7,1.7,Haze
908386,403501,2024-01-01,33.2,9.1,77.1,13.3,Heavy Rain
908387,403613,2025-04-05,29.5,2.4,69.1,45.4,Heavy Rain
908388,401747,2024-05-23,27.5,1.7,73.7,0.8,Rain
908389,403786,2025-01-05,22.7,6.0,58.1,1.6,Cloudy
908390,402622,2026-05-12,19.6,4.5,84.5,23.9,Clear
908391,400933,2026-02-19,24.7,8.1,65.2,3.4,Cloudy
908392,402006,2025-11-14,25.1,2.8,81.2,4.7,Storm
908393,403896,2024-08-07,21.2,23.1,49.7,26.3,Clear
908394,400578,2025-06-18,29.9,4.3,42.3,7.1,Rain
908395,403946,2025-01-13,32.6,3.5,88.7,18.2,Heavy Rain
908396,400643,2024-03-02,26.6,13.5,75.7,17.3,Cloudy
908397,403134,2024-10-20,40.4,3.2,85.2,32.5,Heavy Rain
908398,400266,2024-08-27,16.8,1.8,45.3,14.5,Rain
908399,401889,2026-05-26,28.8,0.4,80.9,3.9,Heavy Rain
908400,404386,2025-11-21,27.7,0.1,53.2,4.7,Heavy Rain
908401,401154,2025-05-16,25.0,1.0,24.0,5.1,Heavy Rain
908402,402493,2026-07-14,23.2,22.2,59.4,5.2,Haze
908403,403231,2025-05-10,21.7,5.5,73.6,13.9,Rain
908404,402664,2024-04-21,25.8,14.6,69.5,0.2,Heavy Rain
908405,400583,2025-03-02,45.3,4.3,86.2,4.0,Rain
908406,402061,2026-02-21,23.6,1.8,77.2,3.3,Haze
908407,404548,2024-01-31,24.8,5.5,75.5,0.5,Clear
908408,403469,2025-08-22,21.7,3.1,84.3,6.4,Heavy Rain
908409,402030,2024-05-27,23.4,21.9,56.7,5.9,Rain
908410,404430,2025-03-11,18.2,5.9,43.8,9.1,Storm
908411,401464,2025-07-04,35.0,6.5,90.4,34.5,Storm
908412,403953,2025-09-07,29.3,5.3,26.7,9.2,Haze
908413,402478,2026-03-21,40.1,1.3,92.6,10.7,Clear
908414,402912,2025-03-04,27.9,9.5,64.3,9.4,Cloudy
908415,402931,2024-12-04,21.7,8.7,85.1,21.8,Haze
908416,403398,2026-04-23,32.0,2.5,50.6,0.5,Haze
908417,402213,2026-07-05,21.0,8.8,52.1,5.2,Cloudy
908418,401503,2025-03-05,11.9,3.8,76.6,11.7,Clear
908419,400472,2024-08-08,32.3,5.6,64.3,6.0,Heavy Rain
908420,403374,2024-06-08,33.4,0.3,74.0,0.2,Cloudy
908421,401676,2024-05-31,15.2,5.0,47.7,2.7,Storm
908422,403003,2025-01-25,30.0,0.6,31.0,8.6,Rain
908423,400194,2024-05-07,32.4,0.9,76.3,2.1,Rain
908424,400509,2024-09-18,15.3,0.8,84.3,7.6,Heavy Rain
908425,400772,2024-02-17,20.2,0.9,67.1,20.7,Rain
908426,403490,2026-01-29,20.3,12.9,48.1,2.1,Clear
908427,404732,2025-09-11,31.4,3.5,62.0,13.2,Storm
908428,403305,2026-06-07,32.2,1.5,63.3,0.9,Haze
908429,401396,2025-08-23,27.7,0.4,54.4,1.4,Cloudy
908430,401955,2026-06-09,27.6,5.3,96.4,1.9,Storm
908431,404248,2026-06-08,32.7,11.8,58.6,7.8,Cloudy
908432,402476,2025-08-14,38.6,13.2,79.1,23.3,Cloudy
908433,401781,2024-08-07,28.2,18.2,83.8,1.1,Heavy Rain
908435,404411,2024-03-17,38.1,0.6,63.1,1.2,Storm
908436,400250,2026-06-26,26.4,21.2,62.0,30.6,Clear
908437,401856,2024-03-05,28.9,12.2,56.0,0.3,Haze
908438,401320,2024-06-26,14.5,24.3,69.0,4.7,Clear
908439,400770,2024-05-07,36.0,1.3,56.7,27.8,Clear
908440,403831,2024-02-11,34.8,1.1,78.7,0.7,Heavy Rain
908441,403078,2024-08-11,24.7,10.0,89.8,9.0,Clear
908442,403837,2025-08-12,31.5,20.9,73.6,3.1,Clear
908443,401804,2025-09-16,33.6,25.6,35.0,3.4,Haze
908444,403946,2026-06-12,18.0,9.2,37.3,27.3,Storm
908445,401398,2025-08-14,24.4,9.5,55.9,3.6,Cloudy
908446,403137,2025-10-22,26.7,6.3,58.5,5.1,Haze
908447,403069,2025-06-04,29.5,13.7,34.4,1.8,Storm
908448,403544,2025-07-19,45.9,4.7,70.3,25.5,Clear
908449,402922,2024-12-28,24.4,2.3,45.8,15.6,Clear
908450,404981,2025-04-15,30.9,2.2,79.7,8.6,Haze
908451,402411,2025-05-04,34.2,6.2,64.9,16.9,Clear
908452,400045,2026-06-03,29.9,7.4,81.2,7.5,Rain
908453,403103,2025-03-04,27.3,3.1,63.9,6.3,Cloudy
908454,400657,2025-08-26,21.6,10.8,80.1,33.1,Storm
908455,404859,2025-04-18,27.7,7.9,87.1,2.8,Rain
908456,404699,2024-03-29,29.0,22.8,66.6,17.2,Storm
908457,400581,2024-11-09,19.3,20.0,46.5,6.8,Storm
908458,401463,2025-10-24,29.1,1.4,96.9,11.6,Storm
908459,404044,2024-12-21,22.5,0.3,68.1,5.0,Storm
908460,402187,2024-08-28,29.2,17.5,64.3,6.7,Storm
908461,404653,2025-05-23,25.9,1.9,71.3,17.0,Heavy Rain
908462,404591,2026-05-27,30.2,2.3,63.9,1.8,Clear
908463,400246,2026-05-26,32.7,1.8,73.1,29.9,Storm
908464,404952,2025-06-29,29.9,23.9,71.4,16.9,Rain
908465,403722,2025-10-23,37.4,12.9,66.8,14.0,Cloudy
908466,403482,2025-09-07,27.8,7.9,68.4,2.1,Rain
908467,400350,2025-11-01,12.8,2.4,64.3,6.2,Cloudy
908468,404971,2026-04-10,23.8,3.8,88.2,3.6,Heavy Rain
908469,403699,2025-10-27,30.6,2.6,72.9,0.8,Rain
908471,401849,2024-09-24,27.2,4.9,64.3,11.7,Haze
908472,403806,2025-11-07,18.9,5.9,63.8,2.1,Heavy Rain
908473,400986,2024-08-11,27.1,4.6,88.5,1.8,Storm
908474,400497,2024-09-29,22.2,6.2,87.9,9.3,Haze
908475,403428,2026-04-27,33.3,13.2,35.1,24.7,Clear
908476,404148,2024-06-11,16.0,3.4,39.7,5.7,Clear
908477,402547,2025-09-05,18.1,12.6,45.4,48.8,Rain
908478,402822,2026-05-10,26.0,11.2,74.1,19.3,Haze
908479,402732,2024-06-05,31.2,13.8,68.8,1.1,Cloudy
908480,401123,2025-02-04,28.0,19.6,48.6,2.1,Storm
908481,401590,2025-05-05,29.0,8.2,39.6,3.4,Rain
908482,401632,2024-01-06,26.8,5.5,55.8,7.5,Cloudy
908483,402053,2025-10-29,37.6,26.4,87.3,1.4,Heavy Rain
908484,402198,2025-10-20,24.0,2.5,63.6,21.1,Clear
908486,403511,2026-05-01,30.7,6.8,52.4,4.9,Storm
908487,400353,2025-09-30,26.4,15.1,42.2,9.7,Haze
908488,402099,2025-02-21,28.1,5.1,52.5,15.7,Cloudy
908489,404320,2026-02-19,9.5,1.0,91.3,1.6,Heavy Rain
908490,404118,2026-02-10,24.9,7.0,52.7,4.8,Haze
908491,402632,2024-03-23,33.2,9.5,52.8,8.5,Cloudy
908492,401894,2026-05-16,27.0,0.1,47.6,10.5,Storm
908493,404417,2025-02-17,29.0,10.0,61.0,53.5,Storm
908494,401058,2026-04-26,25.4,4.3,55.2,9.3,Storm
908495,400044,2024-04-10,31.9,1.2,69.8,8.0,Clear
908496,402238,2024-06-12,33.4,2.4,68.6,0.2,Storm
908497,400026,2025-03-05,26.2,0.3,69.1,4.6,Cloudy
908498,404782,2025-01-30,18.8,3.6,76.2,6.7,Cloudy
908499,400156,2026-01-25,12.4,16.5,49.5,3.0,Rain
908500,400340,2024-01-19,40.4,1.6,67.1,0.3,Storm
908501,403745,2024-12-18,23.9,8.0,33.3,23.3,Clear
908502,400374,2024-04-02,24.3,4.5,64.3,6.0,Haze
908503,404309,2024-01-14,21.1,0.0,84.3,8.3,Cloudy
908504,400405,2026-03-13,39.4,1.0,82.0,2.9,Storm
908505,403482,2024-03-26,29.5,12.1,71.5,16.2,Heavy Rain
908506,404364,2025-05-03,29.7,13.4,83.6,8.4,Haze
908507,401877,2024-09-03,33.6,8.5,46.4,8.3,Rain
908508,400877,2026-06-23,29.0,1.3,68.4,10.1,Cloudy
908509,402243,2024-12-05,28.7,1.0,62.1,24.6,Storm
908510,403787,2025-08-30,32.4,7.6,89.0,5.1,Storm
908511,403628,2026-02-19,35.0,21.1,55.1,5.2,Heavy Rain
908512,402877,2024-07-24,27.0,10.5,80.4,19.3,Storm
908513,404835,2024-09-10,35.9,9.0,37.2,0.5,Haze
908514,401336,2024-10-25,23.4,9.7,63.1,12.8,Rain
908515,403891,2024-09-19,17.3,8.5,44.8,1.9,Cloudy
908516,402557,2026-05-29,27.7,9.3,64.3,3.3,Heavy Rain
908517,404474,2025-02-26,18.1,11.8,81.5,10.8,Heavy Rain
908518,404237,2025-04-25,27.5,9.6,27.1,30.6,Rain
908519,403453,2026-05-02,20.9,2.3,41.2,4.5,Cloudy
908520,400548,2025-11-22,27.0,8.2,45.9,4.8,Rain
908521,403550,2024-09-16,24.3,3.5,66.3,1.7,Clear
908523,402403,2025-05-30,21.1,0.8,49.2,23.9,Heavy Rain
908524,402376,2024-01-05,37.2,0.1,50.2,7.5,Clear
908525,401201,2026-04-02,25.6,8.6,71.3,45.4,Storm
908526,401139,2025-03-26,33.6,4.1,63.0,37.7,Clear
908527,402368,2024-03-09,26.0,1.7,84.6,13.4,Haze
908528,404071,2025-07-14,25.8,21.4,46.3,19.2,Clear
908529,400652,2025-11-11,36.1,4.6,85.1,3.2,Cloudy
908530,403167,2026-03-01,23.0,3.5,72.8,2.2,Cloudy
908531,404311,2026-04-29,26.0,6.3,67.2,3.8,Cloudy
908532,403570,2025-10-16,13.5,3.5,95.4,49.5,Storm
908533,403332,2024-08-25,25.6,1.3,86.2,17.5,Clear
908534,400256,2024-02-21,24.7,12.2,59.4,6.0,Clear
908535,402573,2024-02-05,26.3,4.0,57.6,4.1,Cloudy
908536,400429,2025-04-02,20.9,0.5,64.3,1.7,Storm
908537,404189,2024-01-31,29.9,4.1,47.2,11.4,Storm
908538,400841,2024-09-02,33.8,10.6,51.9,4.8,Rain
908539,402987,2024-08-27,28.4,41.6,46.7,4.9,Clear
908540,402481,2024-06-19,22.6,4.4,34.9,62.3,Rain
908541,404586,2026-05-16,18.8,5.5,76.0,2.6,Cloudy
908542,404444,2025-01-29,22.2,9.1,63.4,13.5,Haze
908543,400532,2025-09-25,30.4,23.0,63.3,35.1,Storm
908544,404507,2025-06-20,27.7,0.3,60.1,14.6,Rain
908545,404693,2024-11-07,27.2,12.5,66.0,9.7,Storm
908547,401686,2024-01-29,22.9,1.5,81.1,8.8,Heavy Rain
908548,403767,2024-04-09,31.1,21.7,64.5,2.8,Cloudy
908549,400265,2026-03-16,27.2,10.0,63.8,4.3,Clear
908550,400242,2025-11-12,37.7,0.1,63.2,1.9,Rain
908551,402720,2025-01-02,36.9,3.1,66.7,14.5,Rain
908552,400718,2026-03-03,27.8,0.7,54.9,5.4,Cloudy
908553,402136,2025-08-10,31.2,1.6,48.2,4.4,Heavy Rain
908554,401414,2024-01-19,33.9,15.8,69.2,6.0,Rain
908555,402652,2025-06-18,28.3,0.8,55.8,2.9,Cloudy
908556,400540,2025-08-12,25.9,2.8,99.2,35.1,Heavy Rain
908557,401203,2024-10-04,17.3,20.0,42.1,5.5,Heavy Rain
908559,400507,2025-04-19,41.4,3.5,68.5,18.1,Clear
908560,403194,2026-01-05,20.9,4.7,62.0,2.2,Heavy Rain
908561,400982,2025-10-22,25.3,9.7,66.4,0.3,Storm
908562,400784,2025-03-09,39.3,0.5,64.4,26.8,Storm
908563,401268,2024-08-21,35.0,2.3,57.6,7.6,Haze
908564,400777,2024-08-30,12.7,7.7,61.0,14.7,Cloudy
908565,401447,2025-07-23,29.4,2.6,68.1,0.4,Rain
908566,402614,2025-11-24,18.2,1.0,53.2,4.6,Clear
908567,400540,2024-06-13,29.8,11.8,73.5,7.9,Haze
908568,402226,2025-01-25,32.6,0.7,47.7,2.0,Heavy Rain
908569,403845,2025-04-21,26.7,4.4,65.9,14.2,Rain
908570,402557,2024-10-11,17.2,11.9,98.7,8.8,Rain
908571,403841,2024-08-02,20.6,6.6,90.2,32.7,Cloudy
908572,401655,2025-01-10,12.5,21.7,84.5,1.0,Haze
908573,400034,2025-02-16,24.2,8.1,61.4,16.1,Rain
908574,400280,2024-08-11,35.5,10.6,64.3,31.2,Heavy Rain
908575,403966,2024-01-23,23.3,6.4,65.3,12.4,Cloudy
908576,402588,2025-03-17,27.5,1.4,63.8,6.9,Rain
908577,403975,2025-05-03,26.7,1.2,64.3,2.5,Heavy Rain
908578,401017,2025-12-30,19.7,12.0,64.3,10.0,Heavy Rain
908579,401447,2025-09-10,30.2,3.0,71.6,9.3,Storm
908580,403976,2025-09-24,30.4,12.0,61.4,4.7,Heavy Rain
908581,403215,2024-09-29,17.1,10.5,43.6,5.1,Cloudy
908582,402998,2025-09-01,29.8,1.2,66.2,4.9,Storm
908583,401863,2026-01-29,27.6,7.9,74.9,0.4,Cloudy
908584,403675,2024-07-15,22.6,41.5,40.6,8.3,Rain
908585,404022,2024-12-01,11.1,3.5,65.4,2.9,Heavy Rain
908586,401195,2024-07-01,34.2,1.3,59.7,3.4,Cloudy
908587,401977,2025-10-16,23.1,11.1,93.8,2.9,Clear
908588,403838,2025-05-26,33.0,3.2,76.3,5.8,Haze
908589,402623,2025-02-21,28.9,8.7,61.6,10.7,Clear
908590,404905,2026-01-07,34.4,4.9,76.3,2.3,Clear
908591,401008,2024-08-08,33.4,2.4,39.1,37.7,Clear
908592,400939,2026-06-08,21.5,0.2,55.3,16.9,Cloudy
908593,400509,2026-02-21,22.8,0.4,97.1,5.9,Cloudy
908594,400644,2024-08-11,37.8,1.3,75.4,20.8,Cloudy
908595,402197,2024-04-18,20.8,30.4,61.6,38.1,Heavy Rain
908596,404783,2026-02-27,32.3,13.7,53.4,14.1,Storm
908597,404153,2024-04-27,27.9,12.3,97.2,8.9,Clear
908598,404377,2025-11-16,25.0,6.2,98.8,7.2,Heavy Rain
908600,400435,2026-03-03,36.2,11.4,58.8,15.9,Rain
908601,401006,2025-01-13,25.4,3.8,69.5,1.7,Rain
908602,400744,2024-03-22,22.1,3.0,57.2,0.5,Rain
908603,404039,2024-12-01,41.8,0.8,80.1,0.7,Storm
908604,400738,2026-04-20,13.7,10.0,53.4,10.1,Heavy Rain
908605,403274,2026-01-03,22.6,7.2,91.8,4.0,Storm
908606,400831,2024-10-14,34.6,5.9,62.5,17.4,Cloudy
908607,403312,2026-04-23,37.4,14.1,93.5,27.4,Heavy Rain
908608,404247,2025-08-15,36.1,2.2,89.0,34.4,Clear
908609,403672,2025-03-05,15.7,20.1,85.7,2.5,Rain
908610,400713,2024-06-21,16.5,2.3,36.7,7.3,Haze
908611,402758,2026-06-23,19.7,25.7,53.8,16.8,Storm
908612,401340,2025-05-19,26.9,2.5,82.7,2.5,Storm
908613,401098,2025-04-28,37.1,3.4,72.7,7.1,Cloudy
908614,400190,2025-06-08,30.4,13.0,18.1,5.7,Storm
908615,401747,2025-07-10,31.4,3.1,58.9,4.7,Haze
908616,403614,2024-08-14,26.3,5.5,72.0,4.7,Rain
908617,402790,2024-03-10,41.4,6.1,57.5,2.6,Haze
908618,401594,2025-01-27,17.7,10.1,56.0,1.5,Cloudy
908619,401823,2025-03-04,22.9,6.3,83.8,1.4,Haze
908620,402679,2025-10-17,19.6,9.1,72.0,5.5,Heavy Rain
908621,401452,2024-07-31,25.6,2.1,76.3,2.0,Cloudy
908622,404018,2024-01-30,27.8,18.7,67.6,4.1,Clear
908623,403266,2025-04-18,24.7,16.4,43.2,7.2,Cloudy
908624,401250,2025-12-05,27.0,25.7,58.5,28.8,Clear
908625,402643,2025-01-03,26.3,10.6,77.0,1.9,Heavy Rain
908627,404315,2024-12-23,11.7,2.5,69.2,12.1,Haze
908629,401851,2026-01-06,32.5,6.4,94.9,2.1,Haze
908631,400147,2024-05-10,22.7,2.3,83.2,61.1,Cloudy
908632,404933,2026-04-16,21.0,9.6,38.6,17.7,Storm
908633,404657,2025-11-27,28.5,0.6,43.7,1.4,Rain
908634,403718,2024-09-18,28.8,7.7,44.8,3.5,Rain
908635,402679,2024-12-15,21.0,10.4,68.5,7.7,Rain
908636,404007,2026-02-14,20.0,1.5,46.0,23.0,Storm
908637,404178,2025-03-05,27.9,3.1,68.4,16.1,Clear
908638,401927,2025-01-25,28.2,0.5,88.2,0.3,Rain
908639,404837,2025-03-20,29.8,0.4,47.1,0.2,Heavy Rain
908640,401870,2025-04-27,25.2,4.1,54.2,0.1,Clear
908641,403749,2025-01-15,21.4,9.9,51.7,1.3,Clear
908642,404963,2024-12-08,28.4,0.9,38.0,8.6,Storm
908643,402707,2024-10-23,16.7,3.2,40.1,10.0,Haze
908644,403913,2025-01-04,19.0,0.5,55.2,13.0,Clear
908645,403177,2025-06-16,24.6,18.3,64.3,2.9,Storm
908646,404872,2025-05-15,28.8,6.4,56.3,6.9,Cloudy
908647,402547,2025-01-12,28.3,5.7,39.7,101.7,Clear
908648,401457,2026-02-27,34.9,15.5,59.9,7.0,Rain
908649,401004,2026-01-28,23.1,0.5,65.2,17.2,Haze
908650,402210,2025-10-16,38.2,10.7,46.0,1.4,Rain
908651,403757,2024-09-20,28.6,5.1,54.7,2.7,Rain
908652,404477,2025-08-13,27.6,3.8,69.0,22.7,Clear
908653,402696,2025-12-09,20.8,0.5,98.4,17.9,Rain
908655,404213,2024-10-07,26.3,5.1,65.9,10.8,Heavy Rain
908656,404963,2025-03-02,28.8,4.8,77.3,6.8,Haze
908657,401584,2024-12-05,20.4,12.2,79.8,16.8,Haze
908658,404625,2026-01-15,12.7,5.7,85.6,10.0,Heavy Rain
908659,403878,2024-02-14,18.0,7.6,57.0,30.3,Storm
908660,400754,2024-03-21,30.7,5.6,77.4,3.5,Rain
908661,400066,2025-07-27,37.4,1.8,75.8,2.0,Clear
908662,404111,2025-05-30,28.0,5.0,62.4,37.4,Cloudy
908663,402343,2024-02-26,20.6,5.4,52.1,13.0,Clear
908664,404132,2025-08-14,24.9,6.8,49.9,2.4,Rain
908665,402966,2024-03-24,20.5,3.0,62.9,8.0,Cloudy
908666,402188,2025-07-19,21.0,9.0,58.1,6.4,Cloudy
908667,402073,2025-03-27,36.7,1.7,82.5,0.6,Haze
908668,401204,2026-07-15,27.6,11.6,55.0,7.2,Rain
908669,403499,2025-07-09,36.7,0.2,85.0,1.3,Cloudy
908670,401677,2024-11-12,30.4,6.9,55.5,22.1,Heavy Rain
908671,401784,2024-07-23,15.1,15.7,64.3,16.5,Storm
908672,401070,2024-12-17,18.7,3.5,64.3,27.1,Rain
908673,400328,2024-09-26,20.5,21.5,34.3,36.5,Storm
908675,403904,2025-11-07,36.7,9.9,59.9,29.7,Haze
908676,403402,2024-03-19,36.8,10.9,64.3,6.0,Rain
908677,403272,2025-09-28,27.5,21.0,35.3,1.7,Cloudy
908679,404787,2025-05-12,18.8,2.1,86.8,7.7,Heavy Rain
908680,404705,2024-04-05,30.0,4.1,62.5,16.8,Rain
908681,401570,2024-03-03,30.9,2.3,64.9,14.5,Haze
908682,402458,2026-06-01,30.4,2.0,84.3,12.2,Heavy Rain
908683,400955,2024-12-10,29.7,18.9,60.1,17.4,Cloudy
908684,404952,2026-02-03,18.7,17.2,77.9,1.1,Haze
908685,403767,2024-04-11,26.6,11.3,50.4,9.4,Heavy Rain
908686,402445,2026-03-16,25.8,21.6,59.4,20.9,Rain
908687,402677,2025-07-10,30.8,15.2,99.5,8.6,Storm
908688,404525,2024-08-03,35.4,0.9,53.7,36.6,Cloudy
908689,400051,2025-04-10,39.4,12.1,78.8,9.6,Rain
908690,402935,2025-09-08,22.7,8.2,49.8,15.0,Cloudy
908691,404907,2025-11-13,6.9,5.9,78.8,26.0,Storm
908692,404771,2024-06-29,40.2,7.2,74.2,3.4,Heavy Rain
908693,403808,2025-09-26,30.0,24.1,64.3,35.5,Rain
908694,401457,2025-08-09,32.2,1.7,64.3,7.2,Rain
908695,403847,2025-05-15,24.5,3.1,64.4,24.0,Cloudy
908696,403688,2024-05-18,27.0,9.1,29.8,1.1,Cloudy
908697,403746,2025-06-09,27.1,6.9,41.0,33.5,Cloudy
908698,400623,2025-07-22,31.8,5.0,79.2,3.0,Heavy Rain
908699,404870,2025-04-09,29.7,6.9,33.0,8.4,Heavy Rain
908700,400191,2025-08-05,31.4,14.1,78.9,3.8,Clear
908701,400248,2025-10-27,21.3,12.4,64.3,10.6,Clear
908702,400292,2025-11-17,26.8,2.7,84.2,10.8,Heavy Rain
908703,400861,2025-04-26,22.3,3.8,43.0,19.0,Storm
908704,401702,2025-03-30,31.6,14.6,82.3,8.7,Storm
908706,400501,2024-11-11,18.7,5.5,34.6,16.5,Rain
908707,403283,2026-04-24,23.6,8.7,81.2,20.7,Clear
908708,401116,2025-01-01,34.2,3.9,47.9,11.2,Rain
908709,402356,2024-07-03,21.8,5.3,83.8,4.8,Heavy Rain
908710,400299,2024-09-15,30.0,1.8,73.8,0.1,Heavy Rain
908711,402417,2025-07-19,28.5,1.5,61.7,4.9,Heavy Rain
908712,400247,2024-12-05,28.6,20.5,69.3,10.2,Rain
908713,402220,2025-08-17,38.2,9.4,75.8,11.0,Storm
908714,401909,2025-10-26,42.7,1.4,48.6,9.3,Clear
908715,403200,2025-09-22,32.0,10.9,76.7,14.6,Haze
908716,404981,2024-05-05,35.4,0.8,78.3,7.1,Rain
908717,404051,2024-04-26,21.6,10.4,48.0,18.4,Rain
908718,401934,2025-08-19,22.0,7.0,69.8,15.9,Haze
908719,402624,2025-11-18,18.5,6.1,89.6,32.0,Heavy Rain
908720,400301,2025-03-19,25.3,6.0,70.1,13.5,Haze
908721,402562,2025-05-24,18.6,8.7,67.6,7.8,Rain
908722,401281,2025-04-27,43.3,7.7,75.8,44.7,Cloudy
908723,402684,2024-03-04,25.9,6.2,77.7,45.3,Cloudy
908724,400902,2025-11-28,33.9,2.4,64.8,16.7,Storm
908725,403905,2024-02-19,21.6,2.7,62.4,20.9,Storm
908726,400023,2024-08-22,29.2,10.0,64.6,15.8,Rain
908727,401607,2025-12-24,19.2,4.2,52.1,14.4,Haze
908728,404954,2025-03-10,32.3,5.8,72.3,1.6,Clear
908729,402787,2025-02-06,34.3,1.6,33.5,1.3,Heavy Rain
908730,400913,2025-03-25,30.1,1.3,36.9,0.7,Haze
908731,401921,2025-12-20,34.0,10.1,50.7,2.7,Cloudy
908732,404362,2026-03-26,33.6,7.5,87.5,14.9,Clear
908733,402673,2025-05-12,23.2,4.1,38.7,2.6,Storm
908734,401389,2024-02-25,30.3,8.9,43.9,0.1,Cloudy
908735,404854,2024-08-22,35.1,2.6,43.1,4.3,Haze
908736,400795,2025-02-24,23.9,39.4,65.8,1.4,Storm
908737,404805,2025-12-30,36.9,11.1,30.4,9.1,Clear
908738,402071,2024-05-04,24.2,6.8,57.6,6.0,Haze
908739,400060,2024-10-14,23.1,2.2,94.6,15.7,Cloudy
908740,403468,2025-10-24,29.5,7.8,88.8,3.4,Heavy Rain
908741,402609,2024-12-10,25.4,3.0,64.3,0.2,Clear
908742,403932,2026-03-08,33.2,3.5,73.8,14.8,Cloudy
908743,402401,2025-04-30,31.7,17.3,72.2,39.7,Clear
908744,404741,2024-07-03,12.4,7.3,75.0,13.7,Clear
908745,402851,2024-11-14,40.5,23.9,59.6,0.2,Storm
908746,400742,2025-07-28,27.5,5.7,42.8,0.4,Haze
908747,404893,2025-08-22,26.8,6.2,34.9,7.2,Clear
908748,404738,2025-09-12,38.3,0.3,92.9,8.9,Clear
908749,400087,2025-02-19,21.1,4.3,64.3,1.8,Storm
908750,403011,2024-03-01,32.4,3.0,65.4,41.5,Rain
908751,403743,2025-05-10,24.2,0.5,62.8,2.6,Haze
908752,401939,2024-10-15,33.5,1.5,83.1,28.5,Cloudy
908753,404333,2024-12-16,20.1,0.7,59.5,10.1,Rain
908754,403661,2024-10-04,30.1,15.9,41.6,24.9,Haze
908755,404737,2024-12-13,30.1,23.5,78.4,13.8,Storm
908756,404368,2025-08-11,31.2,4.8,44.9,3.6,Clear
908757,401538,2025-06-22,25.4,2.6,62.9,0.7,Heavy Rain
908758,404729,2026-03-02,19.6,34.6,25.3,0.1,Storm
908759,404809,2025-10-14,30.3,7.5,58.6,31.4,Heavy Rain
908760,401272,2025-05-10,24.5,3.7,30.0,4.4,Cloudy
908761,401483,2025-03-02,11.2,0.6,40.6,8.7,Rain
908762,403712,2024-06-17,18.3,0.5,83.5,0.8,Haze
908763,404913,2024-07-06,14.4,3.2,68.5,6.0,Clear
908764,400482,2026-02-18,32.9,4.2,45.3,16.4,Rain
908765,400766,2025-01-02,34.8,3.5,42.4,5.8,Cloudy
908766,403725,2024-07-26,25.9,2.0,45.0,4.9,Storm
908767,402043,2025-08-04,32.2,13.8,66.4,2.1,Rain
908768,401439,2025-12-26,33.8,29.9,69.9,2.2,Clear
908769,402833,2025-08-30,9.3,12.6,61.9,3.3,Rain
908770,402433,2025-07-26,25.5,5.0,58.0,2.6,Haze
908771,404194,2025-12-01,20.6,10.9,83.1,9.7,Cloudy
908772,401118,2024-09-19,25.6,4.2,60.2,0.6,Storm
908773,401072,2024-02-19,32.7,0.6,50.6,8.2,Haze
908774,404094,2025-11-02,37.6,12.7,64.0,1.1,Storm
908775,400942,2024-10-08,37.7,0.9,64.3,0.5,Haze
908776,401701,2025-01-09,26.0,14.8,52.6,5.3,Rain
908777,400693,2025-12-10,18.0,10.6,76.1,14.1,Cloudy
908778,402517,2025-08-19,21.6,1.0,98.5,1.4,Haze
908779,402028,2025-06-11,11.9,0.5,60.9,3.9,Storm
908780,401903,2026-01-06,26.3,9.0,32.3,7.6,Rain
908781,404532,2026-01-04,24.5,14.8,64.3,10.5,Cloudy
908782,402521,2026-03-03,34.7,4.1,49.3,36.6,Storm
908783,401559,2025-10-27,35.1,37.6,53.4,11.2,Storm
908784,400152,2026-01-04,23.8,10.7,82.1,8.8,Storm
908786,400402,2024-02-21,26.7,5.3,68.7,16.6,Cloudy
908787,401058,2026-05-11,30.6,1.8,81.8,0.4,Rain
908788,401544,2024-03-17,22.1,15.1,73.6,12.4,Rain
908789,400490,2025-01-15,21.6,6.0,23.0,1.9,Haze
908790,403663,2026-06-21,34.0,10.8,43.8,3.1,Clear
908791,403424,2026-01-05,16.3,0.5,39.2,19.3,Clear
908792,403258,2025-09-18,29.6,2.1,74.2,32.6,Rain
908793,404511,2025-06-23,27.5,3.1,68.5,17.2,Clear
908794,402317,2026-02-15,29.3,20.2,55.6,6.3,Haze
908796,403276,2024-06-24,38.8,10.5,70.9,5.0,Clear
908797,401675,2025-04-10,16.9,1.1,71.6,18.4,Storm
908798,402910,2025-05-26,41.6,7.2,49.7,1.7,Rain
908799,403132,2025-02-05,15.2,14.3,65.4,54.1,Haze
908800,402473,2024-08-18,14.4,14.0,76.2,8.2,Storm
908801,400639,2025-08-29,26.2,9.9,72.7,17.2,Haze
908802,401962,2025-04-21,38.4,0.6,76.5,1.4,Heavy Rain
908803,402871,2024-05-11,17.4,5.5,54.4,32.5,Cloudy
908804,401891,2025-11-13,29.2,16.0,79.5,5.2,Rain
908805,400761,2025-01-22,27.0,8.0,64.3,8.6,Haze
908806,400534,2024-11-20,23.5,1.8,70.2,3.5,Cloudy
908807,401749,2024-11-06,31.9,10.5,19.6,0.1,Storm
908808,404027,2024-04-22,16.8,6.3,79.7,16.0,Heavy Rain
908809,401981,2024-07-05,28.3,0.5,54.1,2.0,Storm
908810,400562,2025-12-21,32.7,7.8,62.6,26.6,Heavy Rain
908811,401559,2025-04-14,29.9,0.7,63.9,1.0,Storm
908812,400905,2026-05-21,42.6,7.8,67.6,8.4,Cloudy
908813,400633,2025-03-14,30.3,0.2,99.8,2.9,Clear
908814,401883,2026-07-11,24.3,7.3,38.7,5.2,Cloudy
908815,404819,2024-05-10,23.4,7.1,43.4,20.1,Haze
908816,400601,2024-08-20,27.9,4.3,64.3,25.9,Rain
908817,404419,2026-06-27,38.4,17.0,88.9,3.3,Haze
908818,401532,2025-08-04,23.0,10.8,80.3,35.9,Clear
908819,400993,2025-12-24,34.0,15.4,65.0,4.8,Rain
908820,403311,2024-07-07,18.2,6.0,64.3,2.3,Haze
908821,401971,2024-03-01,19.3,8.2,69.9,5.8,Storm
908822,401984,2025-11-05,33.0,0.9,67.1,17.6,Rain
908823,403397,2025-03-13,36.2,3.8,31.2,0.2,Clear
908824,400746,2024-01-05,28.2,23.3,58.2,3.9,Heavy Rain
908825,404149,2024-01-12,25.2,18.2,59.9,9.8,Heavy Rain
908826,402762,2024-10-24,22.2,4.8,48.0,1.9,Storm
908827,403186,2024-10-01,29.3,3.1,62.1,21.6,Rain
908828,401860,2026-05-16,21.6,23.5,64.3,5.9,Heavy Rain
908829,403364,2025-07-18,33.9,3.1,59.2,3.0,Clear
908830,403403,2024-03-08,28.1,2.0,56.9,2.4,Heavy Rain
908831,404428,2026-06-24,21.8,37.8,67.3,9.7,Rain
908832,400062,2025-05-31,25.7,4.0,65.6,4.2,Storm
908833,401953,2025-03-02,44.7,1.4,49.1,1.3,Haze
908834,404257,2025-05-26,31.3,5.5,81.3,21.3,Cloudy
908835,401180,2024-07-13,20.8,6.8,15.9,6.6,Clear
908836,404754,2024-09-21,32.2,7.7,52.2,14.4,Clear
908837,402184,2024-03-20,22.5,13.8,83.9,2.0,Heavy Rain
908838,404113,2024-03-31,30.3,6.2,82.5,19.0,Haze
908839,403043,2024-10-12,45.9,0.0,92.8,16.3,Storm
908840,400930,2025-01-30,32.4,14.8,91.0,0.2,Clear
908841,402733,2024-01-02,14.9,2.4,57.2,14.6,Clear
908842,404623,2025-09-17,20.4,9.2,79.2,0.9,Clear
908844,404840,2024-12-14,26.9,7.6,89.8,7.5,Cloudy
908845,400291,2024-06-16,29.5,3.1,29.6,5.5,Rain
908846,401799,2024-06-28,21.3,6.2,50.8,18.5,Storm
908847,400464,2025-09-22,12.2,11.5,31.1,1.3,Rain
908848,402595,2024-08-07,25.8,22.2,60.6,28.7,Cloudy
908849,400767,2024-03-06,45.8,15.8,43.8,1.7,Haze
908850,402708,2024-04-29,30.8,4.4,86.4,16.8,Storm
908852,400320,2024-12-28,16.2,0.0,45.3,25.0,Clear
908853,402654,2024-09-25,33.6,5.5,42.6,13.2,Clear
908854,401051,2024-08-02,26.5,12.1,96.7,10.6,Storm
908855,400032,2024-06-08,28.3,6.2,68.9,14.2,Haze
908857,402448,2024-04-20,24.9,29.7,63.0,20.4,Clear
908858,403273,2025-04-26,30.8,1.0,43.1,3.0,Clear
908859,402299,2025-04-01,28.1,11.0,73.4,6.5,Cloudy
908860,402100,2025-04-06,18.7,4.5,61.7,9.3,Storm
908861,400526,2024-03-24,28.6,0.3,64.8,0.3,Storm
908862,400839,2026-06-28,34.8,5.5,52.6,11.4,Cloudy
908863,401132,2026-02-04,15.8,5.5,41.2,4.0,Haze
908864,400608,2024-02-06,19.1,2.9,93.7,46.8,Cloudy
908865,403139,2026-05-27,24.2,11.3,77.5,5.6,Heavy Rain
908866,401587,2024-04-02,30.5,6.4,75.1,1.9,Haze
908867,403106,2025-12-19,40.1,14.2,67.7,3.1,Rain
908868,400775,2024-06-23,21.5,2.5,64.3,13.0,Clear
908869,402854,2024-11-04,23.3,16.2,82.1,7.0,Clear
908870,404452,2024-08-06,41.3,8.8,63.4,8.4,Clear
908871,403485,2024-03-18,26.9,3.2,35.8,5.5,Rain
908872,403945,2025-03-20,19.3,15.2,61.5,9.5,Rain
908873,403536,2025-10-17,18.0,10.9,57.1,21.7,Storm
908874,404261,2025-04-04,20.5,14.0,77.8,4.3,Cloudy
908875,403659,2024-02-02,38.9,2.0,69.7,13.7,Haze
908876,400745,2025-10-06,28.3,19.9,58.0,11.4,Heavy Rain
908877,400043,2024-03-14,21.8,2.8,80.5,14.5,Rain
908878,400978,2026-05-22,27.2,14.7,57.6,22.3,Storm
908879,400093,2025-09-02,21.3,3.4,74.3,6.9,Rain
908880,401260,2024-05-05,22.5,7.2,42.6,8.5,Rain
908881,401086,2024-08-24,35.2,5.8,56.4,11.8,Cloudy
908882,401994,2024-12-26,25.9,10.0,86.9,2.3,Clear
908883,401210,2024-11-24,19.5,11.3,69.8,24.9,Clear
908884,404335,2026-01-21,31.2,18.4,60.9,11.8,Cloudy
908885,402678,2024-03-18,37.6,2.0,76.6,5.4,Cloudy
908886,404723,2025-06-12,34.0,0.6,44.5,1.4,Rain
908887,401659,2024-03-31,21.8,1.1,27.9,25.0,Clear
908888,403406,2025-08-31,33.3,4.7,51.0,31.7,Rain
908889,403162,2026-06-17,26.4,4.1,72.6,6.2,Rain
908890,403089,2025-05-29,23.5,0.9,90.1,9.9,Rain
908891,404618,2026-04-19,27.0,5.8,57.7,0.4,Clear
908892,404406,2025-10-28,30.2,5.6,80.0,10.0,Heavy Rain
908893,402283,2026-02-03,22.4,0.1,64.3,27.7,Haze
908894,402884,2025-05-04,29.1,0.8,41.2,16.2,Storm
908895,403278,2024-08-30,20.8,8.9,64.3,7.7,Rain
908896,403778,2026-01-16,33.5,0.7,94.5,1.5,Clear
908897,402420,2026-01-21,42.3,4.2,53.4,0.7,Rain
908898,400710,2026-07-04,41.4,20.4,60.8,12.2,Cloudy
908899,400912,2026-05-18,37.7,20.7,78.0,38.4,Rain
908900,401126,2026-05-26,30.0,7.8,82.9,9.4,Storm
908901,401042,2026-01-04,32.4,5.1,43.7,31.0,Clear
908902,402270,2025-04-02,33.2,1.7,66.0,13.3,Heavy Rain
908903,401956,2026-06-14,20.6,11.6,57.0,2.8,Cloudy
908904,400262,2024-10-29,32.8,13.5,67.0,5.1,Storm
908905,400419,2026-02-13,39.3,4.0,54.0,0.8,Clear
908906,400918,2025-04-29,34.8,1.1,64.3,3.1,Haze
908907,403305,2025-03-23,47.8,1.9,40.1,4.8,Cloudy
908909,400090,2025-02-06,32.2,0.7,47.5,4.0,Heavy Rain
908910,403705,2025-06-10,15.1,4.6,93.4,2.2,Cloudy
908911,401530,2026-03-05,25.6,3.1,54.4,1.7,Haze
908912,400313,2026-04-02,27.8,6.6,50.9,3.1,Haze
908913,403537,2025-05-10,29.5,10.2,43.1,32.2,Heavy Rain
908914,401085,2026-03-25,22.9,4.0,47.3,31.0,Clear
908915,403151,2024-01-26,25.0,21.9,82.1,0.3,Clear
908916,402510,2024-04-29,26.6,3.6,64.5,22.7,Storm
908917,400724,2026-02-18,18.1,12.3,66.0,4.3,Heavy Rain
908918,401777,2024-08-11,32.2,6.7,59.1,1.9,Haze
908919,401076,2025-04-21,17.1,2.4,63.0,17.6,Clear
908920,401396,2026-02-22,21.4,2.3,88.8,10.2,Storm
908921,401515,2025-07-03,33.9,5.1,52.1,9.8,Storm
908922,404683,2026-02-20,17.3,0.1,64.3,5.2,Cloudy
908923,400791,2024-01-24,25.6,14.5,45.0,15.3,Cloudy
908924,401380,2025-03-03,12.2,7.0,56.7,0.1,Storm
908925,404064,2025-01-14,19.3,0.3,46.4,4.0,Haze
908926,400695,2025-04-03,18.4,14.4,56.8,0.6,Storm
908927,403799,2025-02-03,10.7,5.4,69.2,4.9,Cloudy
908928,400810,2025-07-28,31.9,8.6,67.7,15.7,Cloudy
908929,404862,2025-05-09,36.1,16.7,72.0,2.1,Heavy Rain
908930,404766,2026-05-09,21.4,19.0,67.7,1.5,Heavy Rain
908931,401492,2025-10-11,32.8,12.8,38.1,21.8,Cloudy
908932,402077,2024-03-28,25.4,4.2,57.4,13.8,Clear
908933,400495,2025-01-01,29.0,2.1,67.4,7.1,Storm
908934,402934,2024-11-06,18.1,11.8,61.0,24.3,Clear
908935,400025,2025-06-23,31.4,13.8,61.4,12.3,Clear
908936,401627,2024-10-09,28.9,8.0,44.6,6.0,Clear
908937,403061,2025-09-20,27.0,24.1,63.6,8.4,Storm
908938,401372,2024-02-20,25.0,2.7,81.3,14.2,Storm
908939,404303,2024-07-23,37.5,3.9,84.2,16.7,Haze
908941,400884,2025-01-17,18.2,0.1,20.1,16.1,Rain
908942,401938,2024-12-09,40.9,38.7,55.3,19.4,Haze
908943,401330,2026-05-07,29.7,8.5,43.1,0.2,Haze
908944,400478,2026-01-13,29.5,9.9,50.2,13.7,Clear
908945,401720,2025-01-05,35.6,17.9,53.7,2.5,Rain
908946,404451,2024-07-31,29.2,14.6,61.3,9.4,Rain
908947,400772,2025-03-31,23.7,11.6,64.3,3.8,Rain
908948,400514,2025-08-23,33.7,5.9,65.4,3.2,Rain
908949,402852,2025-06-19,25.7,12.1,42.0,4.3,Rain
908950,402510,2026-05-09,24.2,1.6,73.9,1.0,Haze
908951,401566,2025-12-27,27.7,16.4,70.7,10.7,Heavy Rain
908952,402552,2026-07-10,29.7,16.6,77.0,5.1,Clear
908953,401760,2024-07-01,28.8,8.6,89.8,6.1,Clear
908954,401186,2024-08-02,30.7,0.9,99.6,13.5,Haze
908955,403614,2025-04-22,20.9,10.5,59.9,5.3,Heavy Rain
908956,404842,2026-05-06,21.7,4.4,93.7,0.6,Rain
908957,404034,2025-05-08,22.6,18.0,89.6,1.4,Heavy Rain
908958,404866,2026-04-07,16.4,0.1,87.9,4.4,Rain
908959,403405,2024-08-23,26.9,8.0,55.8,2.8,Clear
908960,404979,2026-05-08,33.0,4.8,52.4,5.0,Clear
908962,400098,2025-03-23,22.3,16.7,63.6,13.9,Heavy Rain
908963,400876,2024-09-26,44.1,6.1,81.8,8.9,Heavy Rain
908964,401834,2026-06-22,21.5,0.6,47.0,26.2,Storm
908965,401170,2025-11-29,36.3,4.6,53.1,11.1,Cloudy
908966,403451,2024-06-27,37.9,2.7,45.3,9.0,Cloudy
908967,402283,2024-04-13,27.2,8.5,94.6,28.5,Storm
908968,400663,2024-09-03,19.9,4.1,87.7,17.5,Cloudy
908969,403473,2024-11-21,30.3,0.2,52.0,3.5,Storm
908970,403453,2024-04-11,7.5,21.3,33.7,39.1,Storm
908971,400997,2024-08-21,34.0,10.7,65.0,18.7,Cloudy
908972,400748,2026-07-05,36.7,0.1,79.6,0.5,Cloudy
908973,403930,2024-02-14,29.9,4.0,64.3,10.0,Heavy Rain
908974,400093,2025-07-02,37.2,2.8,72.8,1.7,Cloudy
908975,400415,2025-09-23,15.1,1.4,67.2,10.5,Rain
908976,400230,2025-05-19,35.4,2.6,88.7,9.3,Haze
908977,400645,2024-05-02,20.5,9.6,29.3,58.3,Clear
908978,402065,2024-06-11,25.8,1.4,84.3,1.2,Cloudy
908979,404790,2024-10-17,30.9,12.2,83.2,0.2,Clear
908980,401124,2025-09-29,12.9,7.4,59.1,7.9,Heavy Rain
908981,404040,2025-01-29,29.3,6.1,42.1,11.1,Cloudy
908983,401674,2024-08-06,33.1,0.5,66.2,0.7,Storm
908984,404523,2024-10-28,25.8,17.4,53.4,23.7,Storm
908985,402550,2024-05-08,36.9,4.7,49.1,17.5,Heavy Rain
908986,400570,2025-08-01,21.4,1.9,74.6,1.2,Storm
908987,403274,2024-10-26,34.7,1.4,93.3,3.9,Cloudy
908988,404233,2025-06-12,20.8,21.3,67.7,4.0,Haze
908989,401890,2026-06-09,24.0,4.9,66.4,6.1,Rain
908990,402986,2024-11-26,33.5,9.6,44.8,3.1,Rain
908991,403499,2024-09-14,29.2,3.1,42.5,0.8,Storm
908992,403540,2025-03-05,30.2,34.8,64.1,41.3,Storm
908993,402121,2024-04-26,34.6,5.5,48.7,5.2,Rain
908994,404761,2025-12-25,32.8,3.6,90.3,22.6,Haze
908995,400172,2025-11-14,33.2,1.4,85.6,3.8,Heavy Rain
908996,403274,2025-06-05,39.5,5.9,53.1,2.2,Cloudy
908997,400627,2025-10-23,27.0,1.3,58.1,8.2,Clear
908998,402779,2025-11-04,32.8,5.0,89.9,2.7,Rain
908999,404369,2026-04-21,25.0,7.8,55.3,9.5,Haze
909000,403093,2024-06-08,28.8,6.1,64.1,12.1,Heavy Rain
909001,403706,2024-11-08,30.2,6.7,73.8,1.5,Rain
909002,403237,2024-11-30,33.8,16.1,83.0,19.9,Heavy Rain
909003,402765,2025-12-05,36.7,9.6,55.1,6.8,Storm
909004,402696,2026-01-27,22.3,20.0,79.3,4.5,Storm
909005,400561,2025-07-16,36.7,5.1,64.3,0.5,Heavy Rain
909006,400985,2026-02-15,24.6,6.9,25.9,26.0,Cloudy
909007,400394,2024-04-01,33.0,2.8,42.1,5.0,Storm
909008,400150,2026-01-30,19.9,26.8,65.1,33.5,Cloudy
909009,403156,2026-01-03,32.5,4.1,45.2,7.2,Rain
909010,403661,2025-04-08,22.0,1.4,86.2,0.4,Storm
909011,404499,2025-10-26,20.7,0.3,80.7,7.1,Haze
909013,403935,2024-07-18,33.5,3.6,71.7,7.8,Clear
909014,402563,2024-12-15,34.5,15.9,90.5,4.9,Clear
909015,404098,2024-06-08,29.8,38.4,44.3,1.5,Cloudy
909016,402119,2024-02-08,20.7,3.2,64.3,4.1,Heavy Rain
909017,401892,2024-09-03,28.4,1.0,75.3,2.5,Haze
909018,403916,2025-01-11,28.9,0.2,72.0,6.9,Cloudy
909019,404540,2025-05-31,25.8,1.1,87.3,10.0,Cloudy
909020,402852,2026-05-23,23.7,4.7,50.8,0.6,Rain
909021,402158,2025-06-08,34.7,0.7,76.7,8.7,Heavy Rain
909022,400214,2024-02-11,30.1,12.2,62.3,0.3,Storm
909023,401412,2026-04-09,43.5,0.0,80.4,6.3,Storm
909024,401256,2024-03-25,32.9,0.5,72.7,0.1,Haze
909025,404142,2024-08-06,13.3,14.5,91.1,6.2,Heavy Rain
909026,403167,2026-04-18,34.3,15.8,61.6,0.7,Clear
909027,402711,2024-03-10,37.3,0.5,69.6,22.7,Clear
909028,400758,2024-06-15,12.8,14.1,52.6,4.3,Rain
909029,401625,2024-09-07,46.8,0.5,62.7,0.8,Haze
909030,401461,2024-01-02,37.5,1.4,62.7,29.5,Heavy Rain
909031,401044,2025-07-17,14.2,0.3,74.9,8.6,Cloudy
909032,401755,2025-05-30,24.2,3.7,50.4,14.4,Rain
909033,400010,2024-01-22,16.3,14.6,74.6,29.7,Storm
909035,403462,2025-12-19,27.0,1.0,92.4,0.9,Haze
909036,402085,2025-10-31,33.9,7.4,61.2,5.6,Storm
909037,402086,2024-06-23,28.1,2.8,80.0,3.8,Rain
909039,403243,2025-03-20,19.1,7.2,39.4,4.2,Heavy Rain
909040,400180,2024-01-10,24.2,27.7,64.3,8.4,Cloudy
909041,401071,2025-05-11,16.4,0.2,69.2,0.4,Heavy Rain
909042,400282,2026-06-08,27.1,5.5,91.1,16.5,Storm
909043,401698,2026-02-20,21.9,15.7,76.9,10.8,Storm
909044,402921,2026-03-18,29.0,17.9,98.0,1.5,Heavy Rain
909045,404770,2025-09-04,28.8,2.6,69.8,2.7,Rain
909046,403564,2025-11-28,12.4,2.9,29.1,9.1,Storm
909047,403168,2024-06-22,12.2,21.0,61.4,5.6,Clear
909048,402934,2024-11-23,34.0,1.2,33.0,13.9,Storm
909049,400331,2025-11-04,30.9,3.7,59.9,20.3,Storm
909050,401295,2026-01-21,27.0,7.0,53.2,4.4,Cloudy
909052,401788,2025-01-20,38.0,2.1,46.1,4.3,Cloudy
909053,403770,2026-04-28,13.7,17.0,56.5,10.4,Storm
909055,400317,2024-11-05,25.5,6.9,63.8,13.0,Cloudy
909056,402610,2025-12-24,35.5,6.9,72.3,1.4,Cloudy
909057,403509,2025-06-24,25.8,0.7,71.4,4.1,Clear
909058,402245,2025-07-13,31.4,21.9,39.3,36.0,Haze
909059,400717,2026-07-12,19.2,3.6,65.8,1.0,Haze
909061,403032,2026-03-12,22.1,8.9,65.7,11.9,Clear
909062,402465,2026-02-06,27.0,15.1,56.4,2.7,Haze
909064,403739,2024-06-16,24.9,1.0,70.8,10.4,Heavy Rain
909065,400432,2025-01-10,32.3,34.6,76.0,17.7,Haze
909066,401060,2026-07-11,20.7,22.5,73.3,17.2,Rain
909067,402360,2025-12-19,24.2,12.7,35.9,22.8,Haze
909068,400964,2026-02-12,25.7,14.5,58.3,0.5,Cloudy
909069,400353,2026-02-03,10.0,2.3,53.3,0.8,Heavy Rain
909070,404532,2026-01-26,11.7,4.2,87.8,16.2,Clear
909071,404531,2024-09-02,36.9,8.2,48.9,4.3,Rain
909072,401524,2024-07-27,23.1,1.3,64.9,3.6,Heavy Rain
909074,404118,2025-12-03,38.1,3.3,35.6,0.7,Cloudy
909075,401489,2025-03-25,19.4,19.5,80.6,20.6,Heavy Rain
909076,402590,2026-06-02,29.4,3.6,60.8,8.2,Rain
909077,401925,2025-01-07,22.5,7.5,26.3,5.7,Heavy Rain
909078,403700,2024-12-21,26.9,7.7,95.7,47.9,Heavy Rain
909079,400104,2026-05-29,43.9,3.3,64.4,3.1,Clear
909080,403028,2024-11-09,20.8,7.0,66.3,0.1,Cloudy
909081,400236,2025-08-01,34.1,11.0,40.6,8.5,Haze
909082,402857,2025-07-24,24.2,9.4,31.2,8.0,Haze
909083,402174,2024-01-17,30.4,4.0,57.3,21.0,Rain
909084,403355,2025-08-30,22.9,4.6,64.3,45.4,Haze
909085,402187,2025-01-08,27.8,3.3,66.4,0.7,Heavy Rain
909086,404854,2024-08-13,20.8,1.1,71.0,55.3,Storm
909087,401038,2026-05-04,35.3,3.4,53.4,6.7,Rain
909088,402451,2024-06-16,26.3,14.7,64.3,14.6,Clear
909089,402555,2025-04-18,36.3,6.9,56.1,13.8,Cloudy
909090,401631,2024-05-01,31.4,6.5,36.4,6.8,Heavy Rain
909091,402003,2024-12-06,20.7,1.0,46.8,40.2,Cloudy
909092,400044,2024-03-02,26.8,1.0,54.4,11.8,Heavy Rain
909093,400593,2025-09-04,15.3,24.0,49.1,11.1,Rain
909094,402023,2025-06-16,31.8,0.9,29.6,14.5,Heavy Rain
909095,402070,2024-02-18,28.4,0.4,78.1,5.7,Rain
909096,401486,2026-02-17,20.1,21.7,74.1,12.9,Storm
909097,401504,2026-05-03,37.0,4.8,36.0,9.9,Heavy Rain
909098,401699,2024-10-19,30.7,10.0,79.6,7.7,Clear
909099,402056,2025-10-24,18.1,7.1,54.3,14.4,Cloudy
909100,402638,2024-07-19,26.2,1.8,96.7,22.5,Heavy Rain
909101,402535,2025-08-12,13.6,1.3,54.5,8.1,Cloudy
909102,400685,2025-07-05,31.5,7.2,65.6,3.1,Cloudy
909103,401672,2026-01-27,25.7,3.2,81.9,19.5,Storm
909104,401253,2026-06-03,31.5,8.0,84.7,18.4,Storm
909105,402009,2024-06-07,36.9,4.8,49.3,0.4,Rain
909106,401468,2026-04-07,29.6,4.5,46.7,11.6,Rain
909107,404812,2025-02-12,34.8,4.7,67.9,3.0,Storm
909109,403139,2026-03-14,30.6,3.5,90.7,12.8,Storm
909110,404133,2025-09-30,24.3,1.8,85.2,28.6,Heavy Rain
909111,400337,2026-07-05,28.7,6.5,42.6,5.5,Cloudy
909112,402263,2025-04-26,27.7,2.4,13.7,47.2,Rain
909113,400608,2026-03-31,30.6,9.7,78.9,2.1,Cloudy
909114,400386,2026-03-02,32.4,1.7,62.2,13.5,Heavy Rain
909115,400659,2024-11-02,36.7,5.8,60.6,22.8,Rain
909117,401801,2026-04-08,29.2,36.0,57.3,17.7,Cloudy
909118,400312,2025-07-24,25.1,3.2,52.7,0.4,Storm
909119,402566,2024-10-01,20.3,2.5,80.6,6.2,Clear
909120,401069,2024-11-27,6.9,0.2,61.4,2.8,Storm
909121,403796,2026-04-13,28.9,2.0,55.1,19.5,Haze
909122,404628,2025-09-01,41.7,17.7,79.7,1.4,Storm
909123,401949,2025-06-27,28.7,6.9,58.1,10.3,Cloudy
909124,401094,2025-06-16,22.5,0.7,55.4,3.9,Haze
909125,403424,2024-05-17,20.9,3.3,64.3,2.4,Haze
909126,403740,2026-02-23,38.0,9.8,81.4,16.8,Storm
909127,403918,2024-06-19,28.5,5.2,48.0,4.9,Haze
909128,400036,2025-01-09,29.8,7.6,90.8,7.5,Heavy Rain
909129,400342,2025-11-29,23.4,0.1,69.5,3.5,Haze
909130,401040,2026-02-26,26.8,15.2,33.7,33.7,Cloudy
909131,403869,2024-10-04,14.0,8.8,82.5,4.8,Heavy Rain
909132,404044,2024-02-08,21.5,9.1,39.0,9.5,Rain
909133,400499,2024-01-05,36.6,15.8,95.9,22.6,Heavy Rain
909134,400609,2025-03-02,21.2,0.1,65.6,12.5,Storm
909135,403674,2025-07-16,10.9,9.6,39.5,3.2,Heavy Rain
909136,403612,2026-07-01,36.1,1.7,81.1,2.6,Cloudy
909137,404407,2024-02-06,15.7,0.5,44.6,1.3,Clear
909138,404416,2025-03-18,25.2,26.1,59.8,1.1,Heavy Rain
909139,403909,2024-10-08,25.8,10.0,68.2,20.8,Cloudy
909140,400462,2024-01-31,24.1,5.2,77.2,0.3,Clear
909141,403271,2025-03-09,29.2,15.7,74.3,20.8,Clear
909142,403673,2026-03-22,24.1,28.1,64.3,9.4,Clear
909143,404286,2025-05-26,28.7,10.0,49.7,23.6,Rain
909144,402689,2026-04-30,26.1,1.1,80.1,13.6,Heavy Rain
909145,400335,2024-07-17,36.1,20.3,73.5,12.0,Haze
909146,400703,2024-03-01,31.0,4.3,70.7,31.6,Heavy Rain
909147,404208,2024-04-11,33.9,17.9,45.4,11.3,Rain
909148,404678,2025-12-29,29.8,39.2,49.8,5.8,Heavy Rain
909149,404982,2024-08-16,19.3,1.1,73.5,24.3,Clear
909150,401625,2024-06-30,17.2,2.9,70.8,12.5,Rain
909151,404622,2024-09-02,26.3,7.9,74.8,3.0,Storm
909152,402801,2026-04-24,36.7,7.0,53.9,4.5,Haze
909153,404016,2024-10-06,34.3,0.0,37.7,0.3,Haze
909154,403210,2026-01-09,29.5,0.6,60.5,6.7,Storm
909155,402518,2025-12-13,38.3,4.6,71.8,6.3,Clear
909156,400440,2026-07-08,30.6,4.2,55.0,4.5,Rain
909157,403717,2025-01-04,24.4,0.6,70.3,13.4,Clear
909158,404139,2026-07-17,24.9,17.0,65.3,21.4,Rain
909159,403337,2025-01-22,27.0,17.2,42.8,9.8,Rain
909161,403933,2025-01-13,19.3,6.0,87.0,0.5,Cloudy
909162,404180,2024-07-30,26.2,9.7,75.6,0.9,Haze
909163,404366,2025-03-18,35.8,57.9,85.6,0.6,Heavy Rain
909164,401368,2026-03-24,18.4,0.6,80.3,2.2,Clear
909165,404391,2025-02-25,33.6,0.1,76.5,2.7,Heavy Rain
909166,402626,2024-08-10,29.4,0.5,41.0,12.9,Clear
909167,402518,2025-08-24,26.6,5.7,36.6,4.6,Clear
909168,404349,2025-01-12,35.7,1.2,59.7,40.2,Heavy Rain
909169,402930,2025-10-21,29.7,1.0,44.1,3.6,Storm
909170,401133,2024-10-07,27.5,5.7,79.2,24.6,Rain
909171,404003,2026-01-05,29.8,3.2,64.3,0.5,Clear
909172,404095,2025-10-25,27.6,5.4,85.6,7.0,Haze
909173,402102,2025-04-05,18.1,8.1,67.1,0.8,Storm
909174,402904,2025-12-12,30.1,5.2,40.1,11.9,Cloudy
909175,402903,2026-05-22,25.9,24.8,71.6,1.7,Rain
909176,403994,2025-01-07,35.4,9.6,49.3,15.9,Storm
909177,404886,2025-02-03,30.9,3.0,89.2,3.8,Clear
909178,400454,2026-02-10,30.4,17.6,65.2,42.0,Heavy Rain
909179,404671,2024-07-02,24.4,2.3,63.0,48.4,Cloudy
909180,401345,2024-07-23,25.2,0.6,82.5,15.4,Rain
909181,403516,2024-12-22,27.2,4.6,68.5,5.5,Storm
909182,400681,2024-02-01,16.2,9.1,65.7,29.1,Rain
909183,404234,2025-02-26,30.4,0.9,84.6,13.7,Haze
909184,404885,2024-10-14,24.4,12.8,92.9,16.8,Haze
909185,400179,2025-06-11,20.6,8.6,65.4,29.2,Cloudy
909186,403363,2025-08-12,20.3,0.1,75.1,10.6,Haze
909187,404847,2026-06-14,39.5,8.7,86.6,15.1,Haze
909188,404145,2025-07-07,31.9,2.5,60.5,49.7,Rain
909189,402122,2026-04-22,26.3,4.5,53.7,1.0,Clear
909190,400578,2024-11-15,31.2,12.0,99.2,19.1,Heavy Rain
909191,400698,2024-08-15,29.1,2.7,64.3,14.2,Cloudy
909192,402268,2024-01-08,25.2,2.1,91.1,3.5,Clear
909193,402869,2025-10-02,23.1,23.1,45.6,5.4,Storm
909194,403696,2025-04-14,26.3,7.7,34.9,4.8,Storm
909195,402856,2026-04-10,23.1,4.4,50.9,6.0,Rain
909196,403499,2025-02-22,32.5,19.3,31.6,31.0,Clear
909197,401251,2024-10-08,28.9,7.6,46.7,3.9,Rain
909198,403865,2024-01-13,33.4,15.6,94.5,10.5,Rain
909199,401361,2024-04-29,12.5,2.9,78.7,3.7,Heavy Rain
909200,402109,2026-05-12,25.9,4.5,75.4,11.9,Heavy Rain
909201,403778,2026-05-30,28.8,31.5,41.9,8.4,Haze
909202,404364,2024-08-05,23.7,9.1,63.0,5.5,Heavy Rain
909203,402410,2025-11-30,35.7,1.1,82.0,12.9,Cloudy
909204,404828,2024-10-20,32.4,6.5,40.0,10.7,Cloudy
909205,401642,2025-09-15,23.2,6.7,64.3,1.5,Heavy Rain
909206,401950,2025-03-10,22.1,10.0,72.7,42.5,Haze
909207,402147,2025-04-26,24.0,11.1,67.3,57.2,Haze
909208,403230,2026-05-02,29.1,8.2,59.2,10.1,Haze
909209,401683,2024-11-21,22.4,5.1,60.2,8.6,Heavy Rain
909210,404411,2024-10-30,32.7,5.8,21.0,21.3,Storm
909211,403297,2025-01-07,20.5,5.5,80.2,3.4,Rain
909212,402875,2024-09-01,24.9,13.6,77.4,39.5,Cloudy
909213,404880,2026-06-28,23.1,21.0,58.7,0.8,Clear
909214,401582,2025-05-01,27.2,7.3,51.4,11.0,Rain
909215,401739,2025-01-19,28.6,2.4,51.4,29.4,Haze
909216,402723,2024-11-08,26.5,6.3,51.6,6.7,Heavy Rain
909217,402828,2024-03-12,20.3,21.4,64.5,0.3,Cloudy
909218,401103,2024-03-18,22.6,12.9,68.5,6.3,Cloudy
909219,403126,2026-04-15,44.3,2.9,83.6,16.8,Cloudy
909220,400682,2025-12-18,23.8,3.4,90.7,34.5,Haze
909221,403864,2024-01-14,30.3,36.0,65.8,10.2,Clear
909222,403394,2026-05-23,31.0,5.6,56.8,5.8,Storm
909223,404758,2026-02-20,15.0,2.1,73.6,5.6,Cloudy
909224,402713,2026-07-16,8.4,6.9,51.7,44.5,Cloudy
909225,401252,2025-02-11,25.7,10.0,74.9,3.1,Cloudy
909226,401774,2025-11-01,39.2,8.3,76.8,17.1,Heavy Rain
909227,404063,2024-05-01,23.8,1.6,58.7,28.2,Rain
909228,402382,2024-09-19,32.7,1.2,60.0,9.6,Rain
909229,402692,2025-11-05,17.7,21.7,32.0,0.1,Storm
909231,401839,2024-04-01,22.5,4.7,89.3,26.5,Cloudy
909232,404394,2024-01-15,32.3,5.0,68.5,14.3,Cloudy
909233,402281,2025-06-27,38.9,6.0,33.2,25.4,Cloudy
909234,402993,2026-06-27,37.5,1.9,61.8,2.9,Heavy Rain
909235,404185,2025-11-28,28.9,0.6,67.9,14.8,Haze
909236,402641,2026-02-07,24.9,7.8,70.2,4.9,Haze
909237,402474,2025-04-09,24.3,11.6,41.3,4.0,Rain
909238,404752,2025-01-03,34.6,3.2,56.6,9.4,Haze
909239,403089,2024-07-08,23.0,5.8,90.5,17.1,Haze
909240,403516,2024-05-31,31.3,4.8,43.3,4.7,Rain
909241,400803,2025-08-12,29.5,5.2,84.6,13.0,Cloudy
909242,400209,2024-09-15,34.0,34.3,43.4,3.0,Clear
909243,400944,2025-04-07,32.8,0.7,62.7,14.1,Rain
909244,401346,2026-03-28,22.3,18.0,54.6,21.9,Clear
909245,401366,2025-11-22,32.5,5.0,43.3,24.9,Rain
909246,400602,2025-09-22,26.7,8.3,65.6,9.8,Clear
909247,404000,2025-10-31,29.2,2.1,58.3,44.9,Haze
909248,401224,2025-10-02,39.0,12.0,60.0,7.7,Heavy Rain
909249,400611,2026-01-23,24.5,22.0,51.7,0.2,Cloudy
909250,401857,2024-01-28,25.6,19.4,89.0,10.6,Heavy Rain
909251,401045,2026-02-15,19.4,4.6,66.5,4.2,Storm
909252,400240,2025-03-11,19.3,1.5,76.8,19.2,Cloudy
909253,401602,2024-11-01,19.8,3.9,74.7,11.7,Storm
909254,401774,2025-02-10,27.2,17.8,44.9,0.6,Haze
909255,401673,2024-09-05,36.5,1.5,63.4,25.0,Heavy Rain
909256,402381,2024-04-04,16.6,0.0,63.9,9.9,Haze
909257,401182,2026-06-29,29.4,0.9,53.1,1.1,Heavy Rain
909258,403997,2024-01-08,13.3,0.2,69.6,18.0,Storm
909259,401848,2025-10-29,20.7,11.7,57.2,1.8,Heavy Rain
909260,401872,2025-09-27,30.5,6.3,64.3,6.4,Storm
909261,404971,2026-04-01,22.3,0.5,76.6,2.4,Haze
909262,401832,2024-11-18,30.4,2.0,42.6,0.3,Heavy Rain
909263,404500,2026-06-10,22.9,24.7,75.7,24.1,Storm
909264,403954,2025-04-28,17.2,20.1,55.0,26.9,Storm
909265,404075,2025-08-25,34.3,1.5,81.4,18.5,Clear
909266,404856,2024-12-22,27.5,0.4,82.8,19.4,Rain
909267,404646,2024-05-08,31.3,29.0,55.8,1.4,Heavy Rain
909268,404049,2025-12-04,18.4,4.7,91.1,7.2,Rain
909269,400221,2025-08-20,26.6,8.9,70.5,26.2,Haze
909270,403364,2024-04-27,30.7,31.7,54.6,3.9,Haze
909272,404176,2024-05-20,16.2,7.4,32.8,0.2,Clear
909274,400324,2025-11-09,15.5,9.8,55.5,1.2,Clear
909275,404368,2025-02-21,16.9,1.1,46.5,11.9,Haze
909276,404146,2026-03-14,36.1,12.5,83.5,19.3,Cloudy
909277,403100,2025-12-24,31.4,5.6,73.9,2.1,Haze
909278,403920,2026-03-02,45.1,8.2,29.3,0.1,Storm
909279,402288,2026-05-12,34.9,16.2,65.0,1.8,Haze
909280,404361,2025-01-11,27.0,11.7,56.7,5.1,Rain
909281,401755,2024-10-03,26.2,17.6,59.4,0.2,Storm
909282,400329,2025-10-03,46.2,33.1,79.7,43.8,Rain
909283,403667,2025-01-26,20.0,33.2,32.5,18.5,Haze
909284,403042,2024-03-02,16.0,5.3,61.5,18.8,Rain
909285,401651,2025-02-20,29.8,27.6,80.1,9.7,Clear
909286,403157,2026-05-07,19.9,3.8,48.7,18.4,Rain
909287,401419,2024-03-17,28.4,7.3,96.1,15.0,Clear
909288,404801,2024-04-20,26.9,6.4,73.8,8.0,Clear
909289,403363,2026-05-03,27.8,0.9,89.0,9.7,Rain
909290,404052,2026-03-29,34.0,30.7,67.2,9.0,Haze
909291,402932,2025-06-28,31.4,5.5,75.5,1.8,Storm
909292,401504,2026-03-24,33.3,1.2,35.0,4.1,Rain
909293,404272,2025-01-05,22.2,1.5,52.3,8.8,Haze
909294,404237,2025-10-30,25.3,16.1,67.5,13.1,Cloudy
909295,400230,2026-05-13,24.9,22.4,72.5,34.8,Storm
909296,401236,2026-01-29,19.9,8.7,42.2,7.3,Haze
909298,401149,2024-08-28,21.4,8.1,64.3,4.2,Rain
909299,403885,2024-04-14,32.7,4.4,98.3,9.7,Rain
909300,402309,2025-08-11,27.5,4.0,64.6,0.4,Rain
909301,403663,2026-04-16,36.0,3.7,73.8,6.8,Haze
909302,401228,2025-10-05,29.0,6.2,43.2,20.6,Clear
909303,404371,2026-06-22,21.1,9.6,64.3,8.6,Rain
909304,403554,2024-04-11,30.7,18.7,91.2,12.6,Clear
909305,401625,2025-02-15,35.0,5.9,63.4,40.2,Clear
909306,404543,2024-10-28,25.0,7.0,70.8,3.7,Rain
909307,404500,2026-05-15,20.1,0.3,69.9,19.7,Heavy Rain
909308,400917,2025-01-02,30.1,10.4,41.4,6.4,Rain
909310,400832,2026-03-14,27.0,17.2,72.1,12.2,Storm
909311,402172,2024-01-14,19.9,4.5,83.6,7.9,Storm
909312,404787,2024-06-21,18.5,1.0,73.0,3.3,Storm
909313,400111,2024-04-01,21.2,13.7,61.5,0.1,Clear
909314,403573,2025-04-02,35.6,2.0,80.4,20.0,Cloudy
909315,404942,2024-01-30,24.2,16.6,72.0,2.9,Rain
909316,404308,2024-01-10,25.8,21.9,82.1,8.6,Storm
909317,400055,2025-01-26,32.5,4.9,82.2,3.9,Rain
909318,400926,2025-12-11,23.0,19.0,61.9,4.6,Cloudy
909319,401386,2026-03-22,33.1,5.8,91.1,17.2,Cloudy
909320,403881,2026-05-14,24.7,2.9,50.5,1.2,Clear
909321,404293,2024-02-28,27.0,4.4,72.5,6.9,Clear
909322,402327,2025-07-11,22.6,7.8,72.0,44.1,Storm
909323,402461,2025-08-25,34.6,8.1,35.5,13.4,Rain
909324,400950,2026-07-16,25.8,11.7,60.0,15.4,Haze
909325,401058,2025-06-27,32.4,23.0,48.3,28.2,Storm
909326,402424,2026-02-19,37.7,5.5,53.6,6.4,Rain
909328,402677,2025-08-22,30.4,6.1,54.7,17.3,Clear
909329,403573,2025-11-19,14.0,25.3,74.8,4.1,Clear
909330,402884,2024-04-21,8.8,1.4,63.1,7.6,Heavy Rain
909331,404709,2026-07-01,34.0,6.7,82.3,6.4,Haze
909332,404276,2024-09-28,24.6,23.9,73.4,13.1,Clear
909333,403296,2024-03-11,42.1,13.2,84.4,1.1,Storm
909334,404427,2025-08-06,23.8,8.9,83.9,1.3,Storm
909335,401296,2024-11-05,23.2,16.7,66.7,14.7,Storm
909336,403262,2025-09-21,34.4,1.0,57.7,17.7,Rain
909337,402593,2025-04-04,33.8,0.0,64.3,2.6,Storm
909338,400915,2024-11-24,26.9,0.2,71.2,7.3,Heavy Rain
909339,402913,2025-03-18,28.4,2.3,76.4,3.3,Clear
909340,400156,2026-06-08,19.5,20.1,94.3,16.3,Clear
909341,401474,2025-05-30,32.4,3.3,99.4,0.7,Cloudy
909342,402831,2026-03-13,21.2,10.9,25.1,11.5,Rain
909343,404306,2025-01-01,9.3,0.9,93.4,24.2,Rain
909344,403883,2024-01-25,16.2,13.1,83.4,2.2,Rain
909345,400278,2024-10-07,29.6,3.5,69.3,20.6,Clear
909346,402297,2024-09-16,21.3,1.3,66.9,2.9,Heavy Rain
909347,404851,2024-04-28,16.8,0.5,64.3,10.6,Storm
909348,400070,2025-10-25,24.2,5.5,30.7,4.2,Haze
909349,400776,2024-03-15,38.7,6.7,47.0,30.2,Haze
909350,404044,2024-01-31,21.5,10.3,74.2,0.0,Clear
909351,402561,2025-10-20,14.0,3.4,68.8,18.1,Rain
909352,401836,2026-02-18,15.1,4.7,55.6,2.6,Rain
909353,401224,2026-03-07,29.9,7.0,78.2,0.9,Cloudy
909354,401058,2024-04-03,30.9,9.6,63.2,1.2,Cloudy
909355,402750,2025-07-29,24.0,2.4,47.7,38.3,Haze
909356,403330,2026-02-08,25.2,2.7,38.4,0.0,Cloudy
909357,404828,2024-10-10,23.0,1.8,91.0,8.9,Cloudy
909358,401505,2024-07-17,32.9,27.5,42.3,1.7,Clear
909359,400343,2025-10-10,8.6,0.4,64.3,15.9,Storm
909360,400740,2024-09-08,43.2,6.9,13.0,10.4,Haze
909361,401804,2025-05-23,34.3,0.6,80.5,0.9,Clear
909362,404959,2026-06-26,35.8,5.4,96.9,18.7,Haze
909363,404317,2024-12-09,24.9,0.9,73.6,1.5,Clear
909364,400904,2025-01-01,24.1,14.4,35.3,2.4,Haze
909365,404701,2024-04-18,17.8,1.1,64.3,0.7,Clear
909366,403639,2025-11-15,27.6,6.2,72.9,4.5,Rain
909367,403953,2025-12-03,12.2,4.7,59.9,13.6,Haze
909368,400714,2024-04-26,7.1,17.3,80.3,19.0,Storm
909369,403785,2025-10-30,27.6,1.1,63.7,11.3,Cloudy
909370,401804,2026-02-06,29.0,3.9,78.3,3.8,Clear
909371,400516,2025-04-21,20.9,3.7,69.5,12.3,Heavy Rain
909372,402276,2026-06-24,29.8,14.6,36.5,66.3,Heavy Rain
909373,401271,2025-06-30,29.2,8.3,55.6,1.6,Clear
909374,403045,2025-08-21,8.1,14.8,75.6,22.1,Cloudy
909375,401951,2024-12-02,19.0,9.3,85.4,22.4,Haze
909376,400432,2025-05-05,33.3,19.6,54.9,5.8,Heavy Rain
909377,400010,2025-02-18,27.8,0.9,45.9,10.3,Rain
909378,401023,2025-10-17,30.0,9.4,81.2,8.4,Haze
909379,402666,2026-03-12,38.6,4.6,35.2,0.4,Clear
909380,402480,2024-11-07,21.5,7.2,59.0,1.7,Cloudy
909381,403648,2024-12-13,31.4,0.6,74.9,3.6,Rain
909382,402456,2025-12-28,32.3,6.2,98.1,1.0,Rain
909383,400042,2025-10-08,28.7,14.8,75.1,21.2,Heavy Rain
909384,404591,2024-01-25,28.1,6.3,54.8,2.4,Clear
909386,403712,2024-12-10,34.8,11.7,84.3,19.8,Storm
909387,401562,2025-02-14,27.5,3.5,68.0,8.5,Rain
909388,404640,2024-01-11,48.1,8.6,46.3,8.9,Storm
909390,401970,2026-04-24,41.0,6.4,61.4,0.7,Storm
909391,404559,2025-05-17,34.9,19.0,59.8,19.2,Cloudy
909392,404791,2024-07-19,16.5,5.6,64.3,29.5,Clear
909393,403841,2024-06-17,28.7,5.2,65.0,26.8,Cloudy
909394,403245,2026-01-08,31.3,10.8,78.2,11.6,Heavy Rain
909396,400840,2025-12-08,34.7,1.3,64.3,7.8,Rain
909397,400703,2024-05-21,34.5,7.4,47.8,1.7,Rain
909398,400215,2026-06-09,14.5,9.8,97.2,3.7,Rain
909399,401683,2026-03-30,34.0,2.8,73.6,12.4,Rain
909400,403042,2026-06-19,29.8,2.8,69.3,16.5,Rain
909401,402481,2026-04-18,39.0,11.4,79.8,11.9,Clear
909402,400581,2025-12-25,29.8,3.8,64.3,63.2,Rain
909403,401568,2025-11-03,35.6,17.7,77.4,9.5,Clear
909404,404424,2026-05-10,23.6,5.0,73.7,4.4,Clear
909405,402025,2024-05-02,24.9,1.8,66.7,3.5,Heavy Rain
909406,403214,2025-04-05,21.2,20.0,66.5,7.6,Clear
909407,403008,2024-06-12,26.7,11.4,50.7,20.4,Haze
909408,402701,2026-04-10,35.0,11.5,79.2,13.9,Storm
909409,402466,2024-07-15,13.3,1.7,66.6,0.2,Storm
909410,402932,2025-06-18,38.5,0.8,64.3,10.7,Clear
909411,401034,2025-12-30,29.9,0.1,64.3,9.8,Cloudy
909412,403993,2025-01-14,22.2,7.8,90.9,3.6,Heavy Rain
909413,401301,2025-05-10,8.2,2.3,88.5,6.8,Rain
909414,403480,2024-03-01,24.8,4.3,69.8,2.5,Haze
909415,403613,2025-12-14,31.1,1.1,66.3,8.4,Storm
909416,402613,2024-01-09,17.1,12.3,52.6,16.7,Cloudy
909417,403246,2024-04-04,28.6,20.7,78.4,22.5,Rain
909418,403489,2024-02-13,13.0,13.8,95.5,5.6,Storm
909419,403514,2025-03-06,25.4,6.8,49.9,27.6,Storm
909420,400877,2024-05-19,12.0,10.1,76.2,13.6,Heavy Rain
909421,400509,2025-07-01,36.0,22.6,73.8,0.0,Haze
909422,400312,2025-07-20,33.2,39.9,43.5,6.1,Rain
909423,403587,2025-11-21,34.5,8.3,86.2,4.8,Haze
909424,402554,2025-02-17,47.5,4.8,27.4,1.8,Heavy Rain
909425,404003,2025-05-02,29.5,18.7,35.1,24.3,Storm
909426,403170,2026-05-29,32.6,8.8,74.2,0.1,Heavy Rain
909428,403912,2026-06-23,27.0,43.0,55.5,12.2,Storm
909429,400404,2026-07-06,23.5,5.3,74.5,6.5,Rain
909430,403848,2025-05-03,34.9,10.2,42.4,1.2,Clear
909431,402731,2025-06-27,25.8,2.3,65.1,6.3,Cloudy
909432,401559,2024-06-25,20.1,17.4,65.8,12.3,Storm
909433,400791,2024-06-30,22.3,7.8,51.2,3.5,Storm
909435,403172,2025-01-11,37.3,18.5,91.6,8.4,Haze
909436,401258,2025-01-18,21.6,15.0,50.6,14.5,Clear
909437,400514,2024-10-24,30.0,3.4,73.3,5.4,Haze
909438,403156,2025-10-13,35.0,26.5,58.3,3.2,Storm
909439,400173,2025-11-28,21.2,19.0,89.2,3.8,Storm
909440,404935,2025-01-22,29.3,9.1,70.8,0.7,Heavy Rain
909441,402791,2025-01-13,23.8,0.1,56.0,13.6,Clear
909442,400260,2024-01-20,18.0,22.3,41.7,52.3,Clear
909443,404143,2024-03-15,36.0,0.3,80.5,3.9,Clear
909444,404336,2026-01-29,29.5,7.3,63.9,32.3,Cloudy
909445,401052,2024-06-05,25.9,15.4,58.3,10.1,Cloudy
909446,401605,2024-12-10,0.9,7.0,75.0,24.7,Storm
909447,404214,2024-12-03,33.1,4.4,41.6,2.9,Heavy Rain
909448,402416,2025-01-29,32.3,5.2,49.4,17.5,Heavy Rain
909449,400232,2026-05-25,33.2,2.3,84.0,13.1,Clear
909450,400891,2025-11-06,37.1,4.0,64.3,12.2,Rain
909451,404834,2024-04-02,27.6,19.3,96.3,0.5,Rain
909452,401614,2025-12-20,45.4,0.5,75.2,11.2,Clear
909453,404238,2024-01-31,33.7,1.1,55.7,10.0,Heavy Rain
909454,403765,2026-01-23,25.1,1.7,64.3,10.9,Cloudy
909455,403769,2025-07-30,25.2,28.2,62.4,17.1,Heavy Rain
909456,402465,2024-08-30,20.3,0.3,67.4,14.7,Rain
909457,401875,2024-10-09,36.8,26.4,67.2,5.9,Haze
909458,400689,2024-02-04,23.9,5.9,92.6,26.7,Rain
909459,402626,2024-10-18,25.7,0.4,71.7,27.8,Heavy Rain
909460,401702,2025-06-18,24.9,6.5,85.4,13.7,Cloudy
909461,403577,2025-07-08,37.3,2.9,69.0,12.0,Rain
909462,400908,2024-09-13,24.1,1.3,40.6,5.1,Cloudy
909463,402585,2025-02-02,33.1,3.7,49.3,3.9,Heavy Rain
909464,400157,2024-10-20,24.4,3.6,59.3,1.3,Cloudy
909465,400867,2024-01-06,14.4,2.2,78.2,1.3,Cloudy
909466,402111,2025-09-17,43.5,33.1,73.9,9.8,Storm
909467,404984,2024-03-23,33.4,0.0,88.5,13.7,Cloudy
909468,403513,2026-03-12,34.0,3.2,68.7,24.5,Rain
909469,401340,2024-12-21,33.8,5.3,65.2,2.9,Heavy Rain
909470,400410,2025-05-06,15.4,13.5,71.9,8.0,Clear
909471,401170,2026-04-13,32.6,1.7,83.8,14.0,Heavy Rain
909472,400401,2025-04-27,36.9,1.1,96.8,6.6,Clear
909473,400964,2024-01-24,25.5,14.9,80.6,2.5,Clear
909474,400732,2025-11-19,30.1,3.2,71.4,11.1,Heavy Rain
909475,401638,2025-04-24,31.2,23.0,73.9,6.8,Cloudy
909476,400933,2024-06-02,27.2,7.9,60.2,17.3,Heavy Rain
909477,401371,2026-02-28,12.0,4.0,61.4,16.7,Clear
909478,402662,2024-03-24,24.7,1.8,49.9,15.6,Storm
909479,402587,2025-01-22,18.2,9.0,49.2,3.5,Cloudy
909480,404496,2025-03-17,26.6,8.7,77.1,1.4,Heavy Rain
909481,400789,2025-09-20,38.7,5.9,68.6,0.9,Haze
909482,402374,2024-01-13,16.2,4.1,64.3,17.8,Heavy Rain
909483,402621,2026-03-19,16.2,0.7,30.0,9.8,Haze
909484,400110,2026-05-12,20.0,9.9,65.6,4.5,Cloudy
909485,402448,2026-02-20,17.8,7.1,63.5,4.8,Cloudy
909486,400426,2025-05-29,38.5,1.3,68.6,1.4,Storm
909487,404941,2025-09-23,28.1,15.1,53.1,6.3,Storm
909488,402110,2024-03-28,43.1,1.7,83.5,10.4,Clear
909489,404170,2024-02-02,20.4,7.4,45.8,8.3,Haze
909490,402878,2025-08-30,21.3,5.5,76.5,5.4,Heavy Rain
909491,403979,2026-05-24,18.1,1.0,67.1,8.1,Haze
909492,404364,2024-12-08,35.8,14.2,54.6,14.7,Heavy Rain
909493,401284,2025-08-06,9.9,9.9,87.3,0.5,Storm
909494,400500,2026-06-12,30.3,0.6,22.6,28.1,Cloudy
909495,403762,2025-01-19,24.4,23.4,41.4,38.3,Cloudy
909496,400305,2024-09-15,33.7,19.6,71.0,10.9,Heavy Rain
909497,401852,2025-05-22,21.5,1.5,73.6,4.4,Rain
909498,401631,2025-06-13,30.1,14.5,66.9,5.3,Clear
909499,401407,2026-03-12,15.3,3.5,43.4,10.5,Heavy Rain
909500,404903,2026-04-25,16.1,0.3,45.2,0.8,Storm
909501,401818,2024-11-18,14.9,5.5,40.1,9.7,Storm
909502,400976,2024-12-10,21.6,16.6,96.4,8.4,Haze
909503,404757,2024-05-05,18.8,1.9,36.7,6.1,Cloudy
909504,404341,2024-01-08,34.2,10.9,81.7,20.8,Clear
909505,403234,2025-09-13,11.5,9.3,67.6,19.8,Heavy Rain
909506,401396,2025-12-13,18.9,5.1,50.5,23.5,Cloudy
909507,402767,2026-05-20,26.1,2.4,71.8,11.7,Heavy Rain
909508,402244,2025-03-11,45.7,1.2,77.4,12.3,Storm
909509,401680,2024-02-15,41.6,10.4,64.3,15.3,Haze
909510,402577,2024-01-30,26.1,0.3,64.5,12.1,Storm
909511,402688,2024-05-12,9.4,5.2,70.1,5.1,Storm
909513,404856,2024-11-08,27.1,3.1,55.7,10.8,Clear
909514,400953,2024-12-22,23.9,13.3,83.5,14.5,Haze
909515,402936,2025-10-22,26.3,5.3,84.6,18.5,Clear
909516,403047,2025-03-23,32.1,3.3,76.2,27.4,Storm
909517,401566,2025-06-16,25.1,6.9,55.4,15.0,Rain
909518,402992,2024-02-22,27.2,8.2,90.7,6.1,Haze
909519,402276,2024-06-08,22.0,0.3,64.3,49.4,Heavy Rain
909520,403737,2025-11-09,38.3,3.3,45.8,1.7,Cloudy
909521,402514,2024-07-08,30.9,4.5,90.5,3.0,Storm
909522,404639,2024-06-22,14.1,3.7,73.7,3.6,Rain
909523,402773,2025-05-05,22.9,0.1,56.7,9.9,Storm
909524,404351,2024-11-01,34.5,8.8,55.2,1.2,Storm
909525,402214,2025-04-03,26.0,0.3,66.1,12.8,Clear
909526,402440,2026-03-17,30.2,14.4,55.4,22.0,Clear
909527,400113,2026-05-26,23.9,0.5,64.3,3.1,Rain
909528,401202,2026-03-21,29.4,4.9,75.0,10.9,Cloudy
909529,404430,2025-12-25,25.1,22.1,55.1,0.8,Rain
909530,403018,2025-05-10,30.7,1.9,35.2,4.7,Storm
909531,404119,2024-04-11,16.9,5.5,33.8,6.3,Clear
909532,401549,2024-07-23,18.3,8.2,69.7,1.7,Rain
909533,402278,2025-09-04,28.2,7.9,78.7,10.3,Rain
909534,404237,2025-02-08,29.5,6.5,46.7,2.5,Cloudy
909535,401067,2025-07-16,15.5,3.8,80.3,3.8,Rain
909536,400679,2024-09-30,36.5,0.8,79.0,17.0,Rain
909537,401795,2024-05-28,36.6,0.3,61.1,22.8,Storm
909538,400744,2024-10-09,29.2,0.5,62.7,11.4,Clear
909539,402683,2026-04-12,39.0,2.0,48.1,28.7,Storm
909540,402084,2026-05-10,16.6,10.9,50.5,14.0,Cloudy
909541,404808,2025-08-29,18.6,4.9,51.1,25.6,Clear
909542,403166,2024-07-10,18.5,15.3,76.1,6.4,Storm
909543,404761,2025-09-22,26.8,24.8,44.3,18.6,Storm
909544,404992,2025-06-12,29.7,17.9,61.2,14.4,Storm
909545,401044,2024-02-03,14.0,8.9,58.4,6.2,Storm
909546,403724,2024-07-28,31.9,14.4,63.9,51.5,Heavy Rain
909547,403496,2025-06-08,16.9,5.9,66.1,18.5,Rain
909548,402268,2025-06-25,22.6,4.5,68.8,9.0,Clear
909549,404744,2024-04-11,32.0,19.4,35.0,1.7,Clear
909550,401857,2026-06-03,24.7,5.2,52.2,1.2,Rain
909551,404885,2025-08-01,27.4,22.6,70.5,11.2,Rain
909552,400869,2024-10-07,35.7,1.4,53.4,3.6,Cloudy
909553,403126,2024-09-17,43.8,8.0,35.9,0.4,Heavy Rain
909554,400861,2024-10-10,14.2,5.7,57.5,11.4,Cloudy
909555,400098,2024-10-06,28.4,0.1,56.1,28.1,Heavy Rain
909556,400359,2024-11-30,41.8,2.2,64.3,7.3,Cloudy
909557,402191,2024-06-27,22.7,5.7,80.2,64.3,Clear
909558,400360,2025-04-24,19.2,8.7,52.2,21.4,Storm
909559,403318,2025-07-26,18.5,2.1,64.3,13.2,Storm
909560,400799,2024-03-22,20.9,4.4,67.2,2.9,Rain
909561,403758,2024-04-18,27.2,23.5,92.2,1.2,Cloudy
909562,401297,2024-07-30,21.2,0.8,67.5,14.5,Rain
909563,404976,2026-04-19,20.1,4.6,49.0,1.4,Clear
909564,404347,2024-01-14,32.8,9.1,68.1,0.5,Cloudy
909565,400150,2024-06-18,43.7,5.5,62.0,4.1,Cloudy
909566,401963,2024-11-23,37.3,1.7,73.7,0.4,Clear
909567,404812,2024-12-16,40.4,0.3,65.0,2.2,Rain
909568,403321,2024-10-20,30.5,2.6,77.9,8.3,Rain
909569,402224,2026-06-30,28.6,16.9,59.6,4.9,Haze
909570,403002,2025-04-01,32.0,3.2,68.7,28.5,Heavy Rain
909571,401705,2025-01-06,32.5,9.7,69.4,3.1,Clear
909572,402716,2025-01-16,36.4,0.7,76.6,0.7,Heavy Rain
909573,400145,2025-05-20,32.5,0.0,62.7,4.2,Storm
909574,404315,2025-08-04,26.3,1.3,53.2,41.4,Rain
909575,403920,2026-06-04,27.9,9.3,96.8,11.7,Storm
909576,400514,2024-10-20,29.0,12.0,74.6,15.1,Heavy Rain
909577,404054,2025-03-04,26.7,14.2,65.7,16.1,Heavy Rain
909578,403584,2026-03-29,20.9,4.8,89.9,47.3,Haze
909579,404235,2026-04-15,32.6,0.9,73.6,17.0,Rain
909580,400115,2025-03-26,20.2,5.5,70.2,0.4,Cloudy
909581,402975,2026-04-11,26.0,4.2,64.1,14.6,Heavy Rain
909582,400541,2025-04-27,24.6,5.0,65.0,22.1,Rain
909583,401306,2026-02-16,22.4,12.5,67.9,9.9,Heavy Rain
909584,401145,2025-08-20,16.9,8.1,42.5,0.1,Heavy Rain
909585,404054,2025-06-10,17.3,12.9,50.6,8.6,Rain
909586,400795,2024-12-20,36.4,1.6,74.8,31.6,Heavy Rain
909587,404546,2026-02-13,30.0,13.8,78.4,32.3,Storm
909588,400314,2025-11-15,22.4,2.9,76.1,9.7,Haze
909589,403266,2026-02-24,34.5,0.6,55.1,25.1,Cloudy
909590,401356,2025-05-18,34.0,4.2,54.6,47.5,Rain
909591,404955,2024-01-05,14.6,0.2,64.3,47.4,Heavy Rain
909592,400799,2025-04-03,23.1,16.5,34.4,2.0,Cloudy
909593,401599,2024-02-12,31.1,12.6,77.0,4.0,Cloudy
909594,402359,2024-03-15,37.4,4.5,96.8,3.0,Rain
909595,400743,2025-03-14,22.4,20.8,70.5,32.8,Heavy Rain
909596,403303,2024-05-06,24.2,10.8,64.3,9.8,Cloudy
909597,403854,2024-09-24,23.1,15.6,55.7,4.4,Storm
909598,403940,2026-06-16,35.6,0.7,52.7,44.1,Haze
909599,403517,2024-11-30,29.1,17.5,59.8,18.3,Rain
909600,401178,2024-04-30,35.2,6.5,70.9,0.9,Storm
909601,402059,2026-06-12,23.8,5.4,79.5,3.4,Cloudy
909602,402109,2025-03-30,30.9,11.3,76.0,0.3,Clear
909603,400204,2024-01-30,38.2,12.5,58.1,30.7,Cloudy
909604,401418,2025-11-28,34.4,2.7,57.2,14.8,Rain
909605,402505,2024-01-09,38.9,0.2,73.6,3.7,Haze
909606,401971,2026-01-14,18.4,0.3,52.9,8.2,Rain
909607,404413,2025-10-11,27.1,0.8,71.8,1.4,Cloudy
909608,404760,2024-12-21,36.1,4.1,56.7,2.0,Cloudy
909609,404818,2025-04-04,32.1,14.4,65.4,4.4,Haze
909610,401950,2026-01-30,31.7,5.5,60.0,6.3,Haze
909611,402136,2025-01-13,22.1,9.7,88.6,5.3,Storm
909612,402972,2025-12-20,17.6,3.2,68.6,2.7,Storm
909614,403675,2026-02-26,28.1,4.7,79.1,2.6,Cloudy
909615,401290,2026-02-10,21.5,10.9,65.9,7.3,Rain
909616,400691,2025-09-16,7.3,9.1,66.0,13.3,Cloudy
909617,400180,2024-12-30,20.3,19.9,67.9,14.1,Heavy Rain
909618,403770,2024-04-17,33.5,10.8,47.1,23.4,Storm
909619,402197,2026-07-17,21.8,16.2,73.6,4.4,Cloudy
909620,401261,2025-09-10,27.0,8.6,82.1,14.7,Haze
909621,400550,2025-05-14,22.1,15.8,82.9,7.1,Storm
909622,402598,2026-01-04,21.3,9.8,81.1,5.0,Haze
909623,400330,2025-10-27,11.0,3.3,53.0,20.4,Clear
909624,401735,2026-02-21,30.3,12.3,61.1,2.5,Haze
909625,404550,2026-03-25,19.8,18.9,79.4,19.5,Cloudy
909626,401410,2026-05-12,36.7,6.6,70.2,35.3,Clear
909627,400508,2026-06-26,32.5,3.8,69.0,3.6,Rain
909628,404121,2026-04-18,35.2,0.8,76.0,3.0,Cloudy
909629,404839,2025-02-23,16.1,14.8,67.7,13.5,Heavy Rain
909630,403763,2024-01-14,32.3,18.8,60.2,25.8,Haze
909631,402707,2025-12-20,26.7,1.1,65.9,2.3,Storm
909632,402435,2024-09-20,23.4,0.8,93.9,17.2,Cloudy
909633,400370,2024-06-20,18.8,0.4,56.5,6.9,Cloudy
909634,404770,2024-10-31,29.5,0.9,65.3,8.5,Storm
909635,401488,2025-05-28,30.1,0.4,81.9,48.3,Cloudy
909636,402755,2025-03-05,26.6,11.4,31.2,14.0,Haze
909637,404352,2026-04-21,10.6,5.5,44.1,34.0,Rain
909638,402594,2025-02-04,23.1,2.4,52.5,65.8,Heavy Rain
909639,402873,2024-05-10,29.3,8.5,82.7,2.3,Haze
909640,401164,2024-01-05,22.4,14.6,64.3,18.9,Heavy Rain
909641,400306,2025-01-08,9.3,0.6,79.6,10.9,Storm
909642,403197,2025-02-27,20.4,10.1,65.7,49.0,Heavy Rain
909643,402373,2024-06-17,39.6,18.3,34.6,4.8,Storm
909644,403023,2024-10-17,13.0,31.6,60.9,4.4,Haze
909645,404730,2026-07-16,23.0,2.1,86.6,6.7,Heavy Rain
909646,403132,2024-04-07,36.1,5.0,40.3,1.0,Haze
909647,400762,2024-06-09,22.3,1.0,53.9,24.4,Clear
909648,403412,2025-09-08,22.9,11.5,92.7,5.7,Heavy Rain
909649,404212,2024-03-19,33.9,1.7,87.2,1.0,Rain
909650,404911,2024-10-02,16.7,2.4,79.5,14.8,Rain
909651,403464,2026-05-01,42.1,4.7,58.9,30.9,Haze
909652,400053,2024-08-23,18.0,35.0,52.9,10.1,Heavy Rain
909653,403855,2026-01-16,27.5,3.7,70.2,6.6,Haze
909654,401148,2024-10-22,22.1,6.3,81.5,4.0,Haze
909655,401605,2024-07-02,28.3,7.1,54.4,6.5,Haze
909656,404635,2024-11-03,28.9,48.9,56.5,8.5,Heavy Rain
909657,400419,2024-09-10,24.1,1.2,50.1,5.5,Haze
909658,401082,2025-02-21,14.4,3.2,40.6,36.0,Haze
909659,404689,2026-07-12,32.6,13.2,64.3,5.0,Cloudy
909660,400307,2025-05-10,16.1,3.9,70.2,5.1,Clear
909661,400574,2024-04-20,37.7,0.4,59.5,5.8,Clear
909662,403455,2025-08-24,27.2,4.1,53.7,5.2,Cloudy
909663,401342,2026-03-20,20.0,20.4,85.1,12.3,Haze
909664,401388,2024-12-08,11.9,0.8,54.7,16.0,Haze
909665,404366,2024-08-10,20.4,5.4,57.5,9.8,Clear
909666,402694,2025-11-21,32.4,0.1,74.9,2.6,Rain
909667,404542,2026-05-20,38.0,2.6,67.9,34.2,Cloudy
909668,403659,2025-11-07,31.7,9.3,43.0,29.2,Clear
909669,402251,2025-08-18,26.0,0.7,83.2,4.9,Cloudy
909670,403255,2024-03-18,33.2,0.6,51.9,2.1,Heavy Rain
909671,402960,2025-06-24,29.0,14.0,57.7,8.6,Storm
909672,404655,2024-05-10,35.9,11.6,64.3,0.3,Clear
909673,402486,2025-01-10,26.4,5.5,58.3,4.7,Cloudy
909674,402028,2025-01-05,35.6,9.9,79.5,5.0,Storm
909675,401780,2024-12-26,21.9,6.3,78.2,23.6,Storm
909676,400103,2024-02-05,23.3,2.1,79.9,2.0,Clear
909677,401919,2026-04-23,19.4,2.7,59.1,0.6,Rain
909678,403281,2025-11-20,38.4,8.5,50.1,6.7,Rain
909679,404479,2025-07-07,36.3,1.1,69.4,4.4,Heavy Rain
909680,403266,2025-12-06,20.4,2.5,74.8,29.2,Cloudy
909681,400830,2024-01-28,36.2,5.1,59.2,4.0,Clear
909682,404159,2025-01-01,25.1,30.5,84.7,1.4,Clear
909683,401199,2024-09-20,18.5,11.2,64.6,0.2,Haze
909684,400898,2024-06-23,25.5,15.6,55.3,1.1,Storm
909685,400718,2026-04-23,32.0,7.2,94.2,10.0,Cloudy
909686,404104,2025-10-10,23.4,10.3,62.3,11.1,Haze
909687,402176,2026-05-05,32.2,5.4,73.3,0.4,Cloudy
909688,403697,2025-07-07,17.8,0.0,50.1,13.6,Storm
909689,401285,2025-06-06,20.2,16.7,49.7,27.2,Heavy Rain
909690,404322,2024-02-22,38.1,14.6,67.3,14.0,Rain
909691,403731,2024-11-06,29.1,8.1,81.0,22.2,Cloudy
909692,404792,2025-03-31,28.0,24.3,94.0,1.2,Cloudy
909693,400262,2025-01-07,40.0,9.7,35.0,10.6,Cloudy
909694,402216,2025-10-19,28.0,11.3,55.2,9.4,Clear
909695,404966,2024-04-30,39.0,14.4,31.0,8.9,Heavy Rain
909696,403236,2026-07-08,24.6,3.8,74.6,15.8,Cloudy
909697,402237,2026-07-05,31.9,5.7,51.7,5.3,Storm
909698,403634,2025-12-11,20.0,3.5,98.9,23.4,Cloudy
909699,403528,2025-10-17,27.3,1.4,69.0,3.4,Rain
909700,403854,2025-06-08,23.7,9.6,76.9,5.7,Cloudy
909701,400464,2024-11-13,11.6,0.3,59.8,1.2,Clear
909702,400493,2026-03-03,23.0,18.0,31.2,41.1,Cloudy
909703,403834,2025-08-18,38.4,6.9,61.1,17.7,Haze
909704,404920,2025-01-02,34.1,7.7,77.1,28.6,Haze
909705,401398,2025-06-16,26.4,9.4,85.5,0.1,Clear
909706,403514,2025-12-24,25.8,1.1,62.7,0.3,Haze
909707,404751,2025-12-26,27.5,10.8,40.7,8.8,Storm
909708,402498,2026-05-25,35.9,1.9,69.2,0.8,Storm
909709,403126,2026-01-08,18.1,23.6,67.3,2.2,Clear
909710,403227,2024-07-18,31.0,7.5,54.5,18.7,Haze
909711,403058,2024-12-13,28.7,1.4,64.3,4.2,Clear
909712,404046,2024-10-07,10.7,10.8,53.2,8.2,Haze
909713,402318,2025-03-30,27.0,1.9,73.8,25.1,Haze
909714,400647,2025-07-18,25.6,23.3,48.5,2.8,Heavy Rain
909715,402348,2025-06-28,26.0,5.5,64.3,4.3,Clear
909716,400774,2025-08-18,9.1,1.9,50.7,9.8,Heavy Rain
909717,400770,2026-03-14,26.6,5.4,39.7,16.5,Haze
909718,402938,2025-03-29,37.9,11.6,75.0,5.0,Haze
909719,403484,2025-12-25,10.7,14.1,68.8,2.2,Rain
909720,402764,2025-08-04,27.3,11.7,61.3,3.4,Cloudy
909722,403172,2024-04-30,33.9,3.3,76.7,9.3,Rain
909723,402504,2024-06-24,25.6,6.9,77.9,2.3,Cloudy
909724,401258,2026-06-02,32.8,21.2,76.5,6.3,Haze
909726,402286,2024-02-25,15.0,2.1,74.7,8.2,Heavy Rain
909727,402818,2026-02-20,29.5,19.4,55.2,5.2,Storm
909728,403348,2024-12-16,30.6,0.3,75.8,2.8,Rain
909729,400974,2025-02-10,24.7,3.2,59.0,2.6,Rain
909730,404844,2024-02-08,39.1,9.9,32.3,9.7,Heavy Rain
909732,403010,2025-02-07,14.1,11.7,48.5,40.1,Cloudy
909733,403588,2025-01-23,33.6,0.7,57.3,16.5,Haze
909735,401625,2024-08-28,21.6,5.7,76.3,17.4,Cloudy
909736,402703,2025-08-02,35.8,5.2,75.1,21.5,Heavy Rain
909737,404052,2024-04-13,21.5,16.1,82.8,11.9,Storm
909738,404119,2025-01-03,14.3,18.2,61.6,12.5,Clear
909739,404948,2025-12-13,24.9,0.3,77.8,10.1,Heavy Rain
909740,400141,2026-06-30,28.0,5.7,49.5,9.4,Storm
909741,404187,2025-07-13,21.5,17.1,46.0,4.6,Rain
909742,401062,2025-12-24,32.1,2.0,45.5,11.4,Cloudy
909743,401098,2026-04-25,30.5,10.7,69.9,4.2,Cloudy
909744,400733,2025-08-07,37.1,0.1,92.4,24.0,Rain
909745,403047,2025-06-22,14.6,7.3,61.8,8.5,Clear
909746,400060,2025-04-19,18.1,4.0,67.8,10.3,Storm
909747,404724,2025-12-14,35.6,1.2,86.7,2.3,Rain
909748,400961,2026-07-16,36.3,8.8,58.8,20.0,Heavy Rain
909749,404587,2024-03-29,28.0,2.2,78.3,1.2,Storm
909750,401356,2025-01-19,49.8,4.6,81.8,4.1,Storm
909751,400995,2025-07-11,26.1,15.0,47.7,5.0,Rain
909752,401448,2024-01-26,30.0,6.1,95.5,1.7,Cloudy
909754,401592,2025-10-27,29.9,0.3,25.5,6.4,Clear
909755,401234,2024-05-23,30.1,0.7,65.9,29.6,Clear
909756,400260,2024-08-10,26.0,3.1,96.9,4.1,Rain
909757,404634,2025-06-26,28.9,12.7,33.3,4.2,Storm
909758,401989,2026-05-15,33.5,2.4,82.0,19.0,Clear
909759,403035,2024-08-07,33.2,1.7,71.0,4.2,Clear
909760,401784,2026-02-06,32.3,7.2,47.5,3.0,Cloudy
909762,403147,2025-08-20,27.4,5.7,86.2,2.0,Clear
909763,400929,2024-03-10,16.4,1.0,85.2,26.5,Cloudy
909764,402240,2025-11-25,30.1,1.9,52.7,5.0,Cloudy
909765,400769,2026-05-12,21.9,8.8,69.1,18.1,Storm
909766,404871,2025-09-29,2.8,0.7,58.6,12.2,Heavy Rain
909767,404965,2025-08-07,37.8,7.0,90.5,18.0,Storm
909768,400881,2025-02-17,25.5,9.0,94.4,4.1,Clear
909769,402693,2026-03-24,30.7,23.6,51.9,0.7,Storm
909770,400480,2024-11-10,44.3,7.2,43.3,28.9,Cloudy
909771,403856,2025-04-02,31.4,1.6,71.6,9.2,Rain
909773,403769,2025-03-23,35.9,4.3,63.4,17.3,Rain
909774,403886,2025-10-29,11.8,0.4,64.3,20.7,Rain
909775,403068,2024-11-07,24.0,0.8,27.1,1.2,Rain
909776,401792,2025-12-23,46.2,15.2,49.2,12.7,Rain
909777,400854,2026-05-12,40.3,3.5,78.0,3.6,Clear
909778,400342,2024-02-25,24.6,15.4,98.3,2.2,Haze
909779,400043,2025-10-01,21.0,14.8,53.3,2.0,Rain
909780,404665,2025-02-12,33.1,5.5,47.0,13.4,Cloudy
909781,400686,2025-07-21,28.5,1.8,83.4,9.9,Storm
909782,401287,2026-07-05,21.7,26.4,57.9,1.9,Storm
909783,404927,2026-04-11,20.4,26.9,60.6,14.4,Clear
909784,401139,2024-08-11,28.3,2.7,72.9,40.8,Rain
909785,404926,2024-08-23,19.0,9.0,68.5,12.7,Rain
909786,402914,2025-01-29,10.4,1.4,55.2,8.9,Haze
909787,402102,2026-03-31,27.1,2.7,64.3,3.9,Rain
909789,401657,2026-04-05,35.8,2.6,73.9,1.1,Clear
909790,401381,2025-07-01,40.9,0.9,71.7,11.6,Heavy Rain
909791,400956,2024-06-25,16.5,3.4,76.8,2.7,Storm
909792,403257,2024-11-13,31.2,7.9,78.3,32.1,Heavy Rain
909793,402452,2024-09-04,26.4,5.5,31.4,3.8,Clear
909795,402158,2026-01-06,27.3,1.5,71.6,13.9,Haze
909796,402169,2024-02-09,26.7,13.0,64.3,4.1,Clear
909797,403323,2025-02-18,45.7,0.3,64.3,13.1,Rain
909798,402163,2025-12-31,29.9,12.6,82.3,2.7,Cloudy
909799,402710,2024-04-28,30.2,1.6,55.0,9.4,Cloudy
909800,400094,2025-10-08,37.6,1.5,36.2,1.6,Haze
909801,401860,2026-04-02,29.3,4.8,32.5,24.0,Haze
909802,403466,2025-10-03,38.9,17.1,46.2,38.2,Rain
909803,404147,2025-08-11,27.6,9.5,63.0,63.1,Haze
909805,404243,2024-08-11,12.2,7.6,56.8,28.3,Rain
909806,400118,2024-08-23,42.3,0.4,66.6,8.8,Rain
909807,402606,2026-03-31,16.7,0.9,72.3,7.6,Haze
909808,402471,2024-10-23,41.5,0.5,39.5,8.0,Clear
909809,401282,2024-05-15,24.8,4.1,59.7,3.6,Cloudy
909810,404802,2024-02-07,13.3,0.5,64.3,17.3,Rain
909811,400073,2026-05-24,31.1,7.2,62.2,4.9,Clear
909812,404850,2024-07-06,27.1,4.1,52.0,7.5,Heavy Rain
909813,401253,2024-09-14,17.4,3.5,60.5,45.2,Heavy Rain
909814,403672,2026-01-16,21.0,4.8,75.1,18.1,Storm
909815,404225,2024-11-22,27.5,0.3,81.5,5.1,Heavy Rain
909816,400509,2024-03-08,45.2,3.1,36.2,3.4,Haze
909817,402192,2024-02-25,18.0,6.1,50.8,19.3,Rain
909818,401986,2024-05-26,7.5,4.2,68.2,3.7,Storm
909819,404111,2024-05-03,27.0,32.2,92.1,0.2,Cloudy
909820,400690,2024-02-18,31.8,11.3,82.7,11.1,Haze
909821,403386,2024-08-27,18.4,1.5,86.7,19.6,Cloudy
909822,400509,2025-06-27,27.2,6.9,63.1,32.9,Haze
909823,404237,2026-04-29,35.0,14.2,70.0,0.4,Clear
909824,400697,2024-12-13,34.2,5.5,95.5,1.6,Rain
909825,403357,2026-04-29,24.4,1.2,39.1,4.5,Heavy Rain
909826,401991,2025-12-11,35.2,1.4,39.9,2.3,Storm
909827,404760,2025-11-04,35.2,3.1,62.6,9.3,Storm
909828,401360,2025-10-23,36.4,21.6,44.0,2.7,Rain
909829,404214,2024-07-19,16.7,1.3,49.8,16.2,Storm
909830,400365,2026-03-07,31.5,2.6,31.6,8.1,Cloudy
909831,402558,2024-07-24,32.1,6.1,78.3,1.8,Clear
909833,402746,2026-03-12,25.8,3.7,68.5,0.3,Cloudy
909834,401726,2026-05-28,18.2,1.7,45.4,14.1,Haze
909835,404343,2025-07-28,29.7,0.0,58.7,19.9,Clear
909836,404310,2026-02-26,15.6,2.4,64.3,9.3,Rain
909837,402076,2025-06-01,29.1,15.8,29.8,10.4,Cloudy
909838,402873,2024-10-13,25.8,9.4,73.7,4.4,Cloudy
909839,403515,2025-05-24,35.6,20.4,67.3,19.9,Cloudy
909840,404109,2024-12-09,21.7,2.4,55.4,1.9,Haze
909841,404444,2024-08-19,32.5,8.2,71.8,12.3,Rain
909842,401386,2025-01-03,23.3,0.2,88.4,14.6,Clear
909843,402792,2024-11-09,9.0,6.5,41.6,0.2,Cloudy
909844,400421,2026-02-03,24.1,13.3,73.6,4.9,Heavy Rain
909845,402940,2025-03-08,39.2,16.5,87.4,5.6,Haze
909846,400747,2025-02-28,33.5,1.5,47.0,4.7,Cloudy
909847,402849,2025-09-06,32.1,8.1,90.4,23.4,Heavy Rain
909848,404381,2025-04-30,36.7,7.9,60.4,8.4,Rain
909849,403741,2025-12-03,30.1,4.6,63.1,4.7,Heavy Rain
909850,403167,2024-11-05,46.5,6.9,78.3,3.6,Cloudy
909851,401408,2025-04-01,24.5,9.7,81.9,7.8,Heavy Rain
909852,403563,2025-06-26,19.6,7.7,74.3,1.1,Cloudy
909853,401226,2024-02-20,18.2,1.1,41.3,0.6,Cloudy
909854,400190,2026-04-30,15.8,2.4,63.7,6.6,Rain
909855,400286,2025-10-24,38.7,18.0,68.7,9.4,Haze
909856,402503,2024-10-31,23.1,2.8,58.3,0.6,Clear
909857,400441,2024-12-26,28.0,29.1,69.6,9.3,Cloudy
909859,402524,2025-06-15,26.6,6.2,66.0,20.9,Haze
909860,401189,2024-07-01,29.6,1.0,77.0,2.1,Rain
909861,402945,2024-12-16,35.9,5.1,30.0,17.7,Cloudy
909862,401845,2024-03-02,33.3,0.6,64.9,7.2,Storm
909863,402536,2025-12-14,33.5,4.0,64.3,13.4,Cloudy
909864,403465,2024-01-11,26.7,2.6,65.8,7.7,Rain
909865,401471,2026-02-04,30.8,15.3,66.7,4.1,Clear
909866,400235,2025-07-24,31.9,6.5,94.7,6.3,Cloudy
909867,404156,2025-01-18,23.3,14.6,35.3,4.0,Rain
909868,403555,2024-09-05,35.5,11.9,87.4,4.9,Storm
909869,402008,2026-05-24,7.7,3.0,83.0,3.9,Clear
909870,402834,2026-06-11,31.5,7.0,60.4,10.9,Storm
909871,403025,2026-05-11,28.5,7.8,44.7,10.1,Heavy Rain
909872,403636,2024-10-16,15.6,5.8,62.5,5.2,Rain
909873,401751,2025-04-10,31.1,5.0,94.8,7.2,Cloudy
909874,402897,2024-04-19,39.8,1.4,82.8,16.4,Clear
909875,403939,2025-06-03,24.5,6.9,67.5,7.8,Haze
909876,403838,2025-01-26,37.2,25.5,74.0,3.1,Haze
909877,402761,2025-03-30,28.2,30.9,43.5,4.7,Rain
909878,402394,2024-07-02,17.6,4.1,72.1,0.8,Cloudy
909879,404859,2025-08-25,39.1,7.5,46.2,9.2,Rain
909880,400278,2025-09-21,25.7,6.0,84.3,4.5,Cloudy
909881,403040,2024-03-25,18.6,1.9,51.0,8.7,Clear
909882,402281,2024-01-31,38.6,1.3,72.3,24.2,Clear
909883,400548,2025-09-19,31.4,10.5,64.3,7.5,Clear
909884,403508,2024-12-25,35.9,7.2,48.2,0.6,Heavy Rain
909885,400483,2025-11-20,33.1,13.1,52.9,16.3,Clear
909888,402177,2025-12-07,28.1,15.4,70.4,22.5,Storm
909889,403033,2026-03-31,19.7,12.2,67.3,34.4,Heavy Rain
909890,403358,2025-08-25,17.9,7.4,64.3,14.9,Rain
909891,400691,2026-03-05,31.7,1.0,60.9,3.8,Storm
909892,401974,2025-02-04,37.6,2.2,59.7,6.1,Heavy Rain
909893,401659,2024-05-22,30.9,9.2,61.8,1.6,Cloudy
909894,402549,2024-10-13,38.6,21.7,92.0,10.6,Haze
909895,404772,2026-04-15,28.2,4.5,45.8,5.0,Storm
909896,402700,2024-12-10,35.6,4.5,54.1,6.3,Storm
909897,404729,2026-01-24,28.1,0.6,59.2,6.1,Heavy Rain
909898,404637,2025-01-28,31.5,13.9,82.5,12.3,Rain
909899,402556,2026-03-16,21.6,13.9,55.8,2.1,Heavy Rain
909900,401482,2026-07-10,24.7,17.0,59.5,3.2,Cloudy
909901,401003,2026-06-11,25.3,3.2,87.1,3.4,Rain
909902,404993,2024-04-05,19.8,2.3,74.9,1.5,Heavy Rain
909903,400915,2026-02-11,39.9,3.4,67.8,10.4,Clear
909904,403612,2024-01-30,19.5,13.0,33.4,2.0,Storm
909905,402906,2025-02-09,25.2,32.3,76.9,7.4,Heavy Rain
909906,404835,2024-11-22,16.2,4.4,77.4,14.2,Clear
909907,400107,2026-03-27,17.0,1.6,63.3,15.7,Storm
909908,400053,2025-06-10,28.1,11.7,71.3,3.6,Haze
909909,403930,2025-01-04,21.0,10.7,51.5,4.0,Haze
909910,402527,2024-06-06,37.4,31.8,73.8,8.1,Storm
909912,401570,2024-04-28,17.4,1.3,70.7,5.0,Heavy Rain
909913,404476,2025-10-22,29.1,5.8,53.3,48.0,Heavy Rain
909914,400310,2026-01-04,35.4,8.1,45.6,16.3,Rain
909915,402003,2026-03-14,13.7,3.2,61.6,5.6,Haze
909916,401516,2026-02-16,16.8,13.0,65.4,11.2,Storm
909917,401051,2024-08-15,20.6,6.2,41.6,2.7,Heavy Rain
909918,400688,2024-03-09,32.5,0.9,65.7,3.9,Clear
909919,402870,2026-03-01,30.7,2.3,58.6,0.9,Clear
909920,401995,2026-07-13,17.8,5.1,73.2,5.1,Heavy Rain
909921,404448,2025-10-12,23.2,1.4,58.8,2.6,Heavy Rain
909922,400770,2025-06-22,18.0,13.9,88.0,13.4,Clear
909923,401931,2026-06-20,22.6,6.4,67.5,7.1,Clear
909924,403884,2024-08-19,22.4,9.8,65.8,16.1,Rain
909925,403052,2025-07-24,32.6,17.6,52.6,33.1,Cloudy
909926,402892,2026-05-20,17.2,0.1,69.3,2.8,Storm
909927,404734,2024-06-02,34.3,32.9,63.2,3.7,Storm
909928,401177,2024-01-01,44.7,5.5,65.1,9.6,Heavy Rain
909929,403392,2024-11-21,37.7,3.1,75.1,4.1,Heavy Rain
909930,400786,2025-11-02,37.5,11.6,44.7,34.8,Heavy Rain
909931,404726,2025-07-23,26.8,1.7,67.9,8.5,Clear
909932,402524,2024-05-18,25.5,3.3,40.9,24.6,Storm
909933,404153,2025-07-30,38.9,3.4,54.7,2.7,Cloudy
909934,402230,2026-01-23,34.0,24.3,62.1,0.2,Heavy Rain
909935,402361,2025-09-10,34.1,2.1,55.3,1.8,Rain
909936,402755,2025-04-11,19.8,1.3,63.5,32.3,Storm
909937,402303,2025-10-08,30.6,10.4,89.4,1.4,Rain
909938,404818,2025-02-07,32.6,4.2,33.3,9.7,Haze
909939,400622,2024-07-13,30.6,0.6,62.1,13.7,Storm
909940,404872,2026-04-22,30.3,1.9,62.7,1.8,Clear
909941,402514,2025-09-07,29.9,5.7,52.0,2.3,Cloudy
909942,401532,2026-07-16,25.1,25.9,34.2,11.1,Storm
909943,404650,2025-07-05,34.1,6.9,50.0,33.3,Storm
909944,402593,2025-06-16,39.2,4.9,60.2,19.2,Heavy Rain
909946,403416,2025-05-12,35.3,2.3,45.5,7.5,Cloudy
909948,403299,2024-09-08,23.6,6.5,71.5,6.8,Haze
909949,404213,2025-02-28,17.4,3.7,91.1,10.1,Storm
909950,403117,2025-11-23,18.1,1.2,56.6,13.6,Heavy Rain
909951,400072,2024-04-03,20.5,14.2,67.4,1.0,Heavy Rain
909952,404418,2026-05-12,19.7,1.2,68.7,3.8,Heavy Rain
909953,401091,2025-02-25,20.0,4.8,3.1,1.9,Haze
909954,401827,2025-02-17,40.4,15.1,93.6,13.4,Cloudy
909955,400229,2025-11-07,25.2,0.0,78.5,6.8,Haze
909956,400567,2026-01-07,32.0,8.9,73.0,5.3,Storm
909957,404304,2024-10-23,31.3,1.7,62.9,20.1,Heavy Rain
909958,401592,2024-03-25,22.3,56.5,58.5,3.4,Storm
909959,402253,2025-03-05,33.1,7.6,71.2,26.6,Haze
909960,403376,2025-10-31,31.7,0.8,61.0,0.6,Heavy Rain
909961,403833,2024-03-10,26.4,3.5,44.5,4.4,Heavy Rain
909962,400740,2025-03-16,14.5,2.4,73.4,15.6,Cloudy
909963,403025,2025-09-09,26.1,2.0,74.4,14.0,Rain
909964,403279,2024-11-04,29.4,3.7,72.4,26.8,Clear
909965,403016,2024-09-19,32.6,0.6,57.8,5.9,Rain
909966,404046,2025-01-23,21.4,18.1,47.5,1.4,Haze
909967,402954,2025-07-01,16.8,1.6,47.5,21.5,Heavy Rain
909969,402795,2026-01-19,30.2,8.4,76.8,0.4,Rain
909970,400674,2024-09-04,22.4,1.9,83.0,11.3,Rain
909971,403857,2024-08-10,31.0,20.9,96.3,3.8,Cloudy
909972,400652,2024-02-17,32.9,10.1,70.0,0.1,Storm
909973,402471,2024-02-13,24.1,1.3,82.5,14.3,Clear
909974,401108,2026-04-04,18.1,8.2,31.3,5.2,Storm
909975,402179,2024-08-11,18.7,8.7,27.5,18.1,Clear
909976,400109,2025-01-11,31.8,9.3,84.1,5.5,Haze
909977,403683,2025-07-15,35.1,9.0,65.2,28.2,Heavy Rain
909978,402341,2024-11-22,28.0,10.6,73.9,1.4,Rain
909979,403024,2025-03-04,36.4,0.6,55.9,15.3,Clear
909980,402754,2025-04-23,27.0,22.2,63.8,1.4,Haze
909981,404706,2024-07-27,20.8,3.7,80.1,3.9,Cloudy
909982,403141,2025-04-11,22.7,28.2,36.6,41.3,Rain
909983,402560,2026-01-21,31.4,2.5,66.6,1.9,Haze
909984,403595,2025-08-29,15.0,7.4,33.6,52.4,Haze
909985,402297,2025-01-25,21.7,16.7,77.1,6.9,Haze
909986,403778,2025-05-24,24.9,15.3,52.3,6.7,Cloudy
909987,400437,2025-02-04,21.2,2.1,47.5,15.5,Rain
909988,402216,2026-01-16,29.4,8.8,64.3,6.1,Clear
909989,404669,2025-11-02,27.8,5.5,29.8,1.7,Heavy Rain
909990,404902,2025-06-22,38.1,17.3,61.7,15.8,Rain
909991,403661,2025-10-21,18.8,8.0,66.3,7.9,Clear
909992,401291,2025-03-27,19.9,4.7,86.9,1.0,Cloudy
909993,402021,2024-01-16,12.1,7.0,26.6,17.7,Haze
909994,402886,2024-05-23,23.5,1.3,35.4,7.6,Heavy Rain
909995,400590,2026-05-20,20.7,1.2,90.2,1.6,Cloudy
909996,402447,2025-09-27,33.3,1.8,59.6,5.4,Heavy Rain
909997,404519,2024-03-20,21.9,4.2,71.0,0.1,Heavy Rain
909999,403100,2025-03-21,27.3,6.6,43.8,24.1,Storm
910000,404996,2024-09-26,12.5,46.7,88.4,37.7,Clear
910001,402611,2024-04-06,22.2,1.0,70.1,3.3,Storm
910002,403625,2026-05-20,33.1,22.9,83.9,7.0,Heavy Rain
910003,401699,2024-11-09,17.5,0.7,27.5,14.0,Rain
910004,401020,2024-08-25,21.7,3.2,73.7,6.4,Rain
910005,402368,2026-02-03,29.9,8.9,57.0,18.5,Rain
910006,403674,2025-06-16,35.7,20.6,63.8,51.5,Cloudy
910007,401597,2026-05-22,23.0,6.5,79.8,29.5,Storm
910008,400556,2024-03-21,28.1,2.5,53.6,2.0,Rain
910009,404439,2024-01-11,27.0,3.3,74.3,4.4,Rain
910011,404481,2025-04-23,25.1,1.9,74.3,5.1,Heavy Rain
910012,404082,2024-08-22,33.5,13.9,54.6,5.7,Rain
910013,403038,2024-08-25,13.8,4.1,52.4,0.6,Storm
910014,404170,2024-10-22,31.1,14.9,59.4,14.2,Clear
910015,400717,2025-08-06,55.9,1.1,61.4,13.0,Heavy Rain
910016,404491,2026-02-17,39.3,3.6,66.3,0.7,Rain
910017,401488,2024-12-10,30.4,2.6,64.3,6.7,Heavy Rain
910018,402492,2025-01-23,26.7,21.6,68.8,28.8,Heavy Rain
910019,402534,2025-12-13,17.2,1.2,52.9,6.1,Heavy Rain
910020,401403,2025-03-08,27.0,2.5,82.5,81.5,Storm
910021,402953,2024-03-28,33.7,0.5,89.5,11.2,Cloudy
910022,402260,2024-05-30,19.4,2.6,60.7,1.1,Cloudy
910023,402177,2024-05-01,40.7,0.3,93.4,1.1,Cloudy
910024,402909,2025-03-31,21.7,7.1,46.7,23.3,Cloudy
910025,403417,2024-09-26,8.8,9.2,62.9,16.9,Storm
910026,404724,2025-12-29,27.8,25.7,75.6,17.3,Haze
910027,402936,2025-01-11,11.2,0.9,74.9,3.2,Haze
910028,401080,2025-07-27,26.9,17.9,67.0,21.6,Haze
910029,401517,2025-01-22,31.3,8.0,88.8,5.8,Heavy Rain
910030,401590,2024-01-17,32.7,4.2,43.2,2.8,Rain
910031,403950,2024-07-25,21.6,5.0,61.3,2.7,Heavy Rain
910032,402149,2026-07-06,35.5,12.7,61.4,2.7,Storm
910033,400408,2026-01-29,15.3,4.0,73.8,10.6,Haze
910034,400198,2025-03-02,23.5,7.8,78.2,16.2,Storm
910035,403532,2025-10-08,32.1,6.0,46.2,8.0,Haze
910036,401236,2025-06-14,15.2,5.7,64.3,2.3,Heavy Rain
910037,400980,2025-11-11,34.5,10.4,77.3,11.7,Haze
910038,401780,2026-06-13,27.0,12.0,41.3,10.0,Haze
910039,401257,2024-03-18,17.8,2.7,65.2,5.2,Storm
910040,404513,2025-07-11,15.0,6.9,60.3,11.6,Rain
910041,403373,2025-04-05,11.5,30.3,62.3,5.1,Rain
910042,400946,2025-03-22,33.9,5.9,46.3,44.1,Heavy Rain
910043,402603,2025-07-22,18.3,0.8,77.2,8.7,Storm
910044,402277,2025-10-09,27.4,6.3,49.2,56.6,Clear
910045,401741,2025-11-17,23.2,9.9,69.0,2.4,Heavy Rain
910046,403755,2025-09-20,18.2,4.4,72.0,7.6,Clear
910047,402148,2025-09-26,27.2,1.7,66.4,34.7,Clear
910048,401984,2025-07-14,32.5,23.9,60.3,2.8,Rain
910049,400388,2025-02-12,29.2,2.5,74.2,3.4,Haze
910050,402327,2025-11-29,30.1,7.5,88.5,8.8,Heavy Rain
910051,401209,2026-03-11,44.1,6.1,64.3,1.5,Haze
910052,401069,2026-03-26,31.2,22.1,57.1,1.2,Clear
910053,402830,2024-10-18,18.8,7.1,64.2,7.8,Clear
910054,402034,2026-01-06,54.3,6.1,76.5,6.9,Storm
910055,400738,2024-02-08,23.6,5.5,64.3,7.6,Rain
910056,402193,2026-07-11,18.6,19.3,54.8,12.8,Rain
910057,400986,2025-02-27,29.6,4.0,85.4,11.8,Clear
910058,403350,2026-06-14,26.4,11.5,46.6,6.7,Heavy Rain
910059,401260,2026-02-25,23.8,6.1,70.4,0.6,Storm
910060,400424,2025-11-16,15.1,4.8,54.7,6.2,Heavy Rain
910061,401461,2025-08-06,32.4,4.1,69.9,39.4,Storm
910062,401067,2024-03-17,29.5,2.1,53.1,11.5,Cloudy
910063,401603,2026-05-27,38.2,1.8,80.2,16.8,Storm
910064,403106,2026-05-12,30.3,2.7,71.7,17.0,Storm
910065,404656,2024-06-11,37.0,9.0,81.8,11.2,Storm
910066,403716,2026-07-11,35.2,1.0,86.7,27.8,Cloudy
910067,403579,2026-07-01,27.0,18.5,64.3,11.6,Haze
910068,400427,2026-07-18,31.2,7.2,24.1,4.7,Cloudy
910069,403194,2025-06-13,17.1,5.9,76.1,4.9,Storm
910070,403955,2026-01-31,27.4,25.1,79.8,16.0,Heavy Rain
910071,402823,2024-07-02,30.0,8.9,66.8,18.1,Heavy Rain
910072,402765,2024-10-20,27.5,5.1,72.0,27.2,Storm
910073,403270,2024-03-10,22.1,2.2,66.0,21.2,Heavy Rain
910074,403994,2026-04-15,31.9,0.5,67.8,5.2,Rain
910075,402173,2024-09-02,38.0,0.5,80.3,26.8,Heavy Rain
910076,403755,2026-07-03,34.2,10.9,62.1,14.2,Cloudy
910077,402721,2024-10-06,14.0,19.3,24.7,4.2,Haze
910078,403424,2024-02-29,23.7,2.9,90.4,8.7,Rain
910079,404095,2025-01-20,16.8,11.9,47.6,7.3,Haze
910080,402692,2024-04-08,32.0,9.1,20.5,10.8,Haze
910081,404371,2025-01-11,20.0,8.0,86.9,2.5,Rain
910082,400050,2024-05-10,25.6,4.7,43.3,0.1,Heavy Rain
910083,401760,2024-01-03,34.6,12.0,75.4,1.4,Rain
910084,404641,2025-12-23,26.6,3.9,38.4,19.2,Storm
910085,401930,2025-10-02,31.1,1.8,27.0,36.5,Storm
910086,401574,2026-01-10,32.3,14.9,32.4,14.4,Cloudy
910087,402043,2025-08-31,35.0,8.9,49.3,0.7,Clear
910088,400845,2026-04-08,29.1,5.5,80.5,17.0,Storm
910089,402200,2025-05-24,24.7,9.4,57.6,0.2,Rain
910090,401453,2024-02-06,22.4,15.1,50.1,12.8,Rain
910091,403698,2024-06-28,19.3,1.0,66.3,3.6,Heavy Rain
910092,401643,2026-03-16,26.8,0.9,89.0,1.4,Storm
910093,402160,2025-03-13,36.5,1.3,66.6,12.6,Heavy Rain
910094,400119,2024-02-01,12.4,5.5,84.4,9.6,Cloudy
910097,403401,2025-06-27,23.7,15.4,42.9,4.8,Haze
910098,400140,2024-02-01,27.7,3.3,62.1,2.8,Heavy Rain
910099,402219,2024-05-17,19.8,0.8,54.9,5.0,Clear
910101,404024,2025-08-15,27.0,0.1,51.4,2.6,Rain
910102,401453,2025-12-25,17.3,3.3,61.8,4.2,Clear
910103,402061,2025-06-25,25.9,0.1,68.6,32.2,Heavy Rain
910104,400888,2024-07-05,23.3,11.6,60.1,36.0,Rain
910105,401006,2026-01-21,16.8,10.7,54.0,0.4,Clear
910106,401769,2026-03-25,36.6,0.4,81.2,70.8,Cloudy
910107,402940,2024-05-09,27.9,0.7,16.4,45.6,Rain
910108,403772,2024-11-28,37.5,0.4,82.8,13.9,Haze
910109,400375,2024-02-18,26.6,2.7,96.6,9.1,Cloudy
910110,400171,2025-09-20,27.9,0.2,29.9,3.2,Heavy Rain
910111,404458,2026-06-12,22.5,6.6,83.8,16.0,Clear
910112,400422,2024-03-14,37.2,11.3,49.5,15.8,Clear
910113,400333,2024-07-01,27.5,3.9,51.7,17.7,Heavy Rain
910114,402521,2025-08-16,16.5,1.3,59.1,7.3,Storm
910115,404741,2024-05-05,43.7,7.9,48.3,22.7,Haze
910117,403956,2024-03-17,35.0,14.8,73.3,7.1,Rain
910118,400397,2026-02-15,25.7,2.5,83.0,9.7,Cloudy
910119,402192,2024-02-26,37.3,3.9,66.5,18.2,Heavy Rain
910120,404947,2025-08-10,34.2,18.4,77.2,0.4,Storm
910121,404724,2025-07-09,16.9,10.9,18.1,10.7,Haze
910122,403363,2024-05-10,13.8,5.5,61.3,1.3,Heavy Rain
910123,404866,2024-03-26,35.9,3.3,71.3,2.6,Storm
910124,404254,2025-04-13,35.1,16.3,55.6,1.3,Haze
910125,401385,2024-06-01,24.0,1.9,64.3,11.4,Cloudy
910126,402975,2024-12-03,21.9,3.9,55.2,2.7,Rain
910127,404381,2026-05-08,40.6,29.6,71.8,5.0,Clear
910128,402286,2025-05-10,20.3,1.1,58.2,11.2,Clear
910129,404089,2025-07-28,21.8,8.5,59.3,13.3,Rain
910130,404549,2024-10-06,50.9,6.8,55.9,4.9,Clear
910131,404233,2025-06-13,37.3,26.7,99.1,37.0,Rain
910132,400014,2026-04-13,32.3,3.2,44.9,7.8,Heavy Rain
910133,400835,2024-02-09,35.8,5.6,55.9,9.3,Clear
910134,404394,2025-06-20,28.2,5.8,52.8,14.5,Clear
910135,403438,2026-01-16,24.0,4.0,70.3,1.6,Heavy Rain
910136,402046,2026-01-29,21.1,11.5,52.1,4.4,Clear
910137,402856,2025-03-08,32.4,5.5,69.5,48.4,Storm
910139,400199,2026-04-12,39.9,4.3,41.5,8.4,Rain
910140,401230,2024-01-30,28.2,2.1,81.4,25.3,Cloudy
910141,404756,2024-08-29,19.6,5.2,64.3,9.9,Rain
910142,404586,2024-07-27,24.3,8.1,56.0,6.6,Rain
910143,403008,2025-08-04,26.1,7.3,83.2,7.7,Cloudy
910144,403349,2025-02-23,30.5,5.8,84.8,17.8,Rain
910145,404888,2024-10-22,25.0,0.7,47.4,5.1,Haze
910146,402603,2026-05-21,27.9,4.8,68.3,2.2,Cloudy
910147,402844,2025-08-21,23.3,4.0,47.4,6.6,Rain
910148,403784,2024-12-10,30.8,15.5,38.8,4.4,Rain
910149,403585,2026-06-20,26.8,8.5,93.7,9.7,Storm
910152,400714,2025-01-11,20.9,2.7,88.8,15.9,Heavy Rain
910153,400572,2024-02-18,26.5,1.2,64.3,20.3,Haze
910154,402765,2025-03-14,20.1,12.2,64.3,10.2,Rain
910155,404095,2026-03-20,37.4,6.4,45.4,29.8,Haze
910156,402545,2024-05-25,14.5,5.6,28.2,16.4,Heavy Rain
910157,400029,2025-01-25,21.0,10.9,73.2,1.7,Rain
910158,400394,2026-02-26,31.1,26.9,76.0,5.1,Haze
910159,401341,2025-02-01,16.7,8.5,30.0,7.3,Heavy Rain
910160,400432,2025-01-23,37.7,2.6,69.6,18.9,Cloudy
910161,402580,2025-06-13,24.0,15.1,56.5,16.9,Clear
910162,403300,2026-06-28,31.0,9.6,29.4,4.5,Clear
910163,403235,2025-01-22,35.4,1.6,53.7,2.0,Cloudy
910164,400663,2025-07-25,33.2,0.3,77.1,11.5,Cloudy
910165,401267,2025-09-23,22.1,5.0,29.3,18.1,Cloudy
910166,402529,2024-08-29,35.8,0.6,67.7,17.7,Rain
910167,403510,2025-07-06,38.9,11.1,65.0,2.7,Clear
910168,404539,2026-01-26,38.7,16.8,72.1,1.4,Clear
910169,400279,2025-11-05,40.7,7.9,61.3,1.9,Storm
910170,403703,2024-01-15,27.8,5.5,78.9,13.0,Rain
910171,400720,2025-06-09,30.0,0.0,94.2,4.2,Clear
910172,402480,2024-08-06,15.1,2.5,48.1,0.4,Cloudy
910173,402954,2025-07-27,41.5,15.8,56.1,13.2,Rain
910174,401005,2026-03-12,31.0,0.1,75.1,4.6,Heavy Rain
910175,401423,2024-04-28,28.6,3.0,44.8,4.7,Clear
910176,403674,2026-06-30,25.1,46.8,81.9,9.1,Haze
910177,402242,2024-02-07,29.3,8.5,64.6,6.5,Clear
910178,401976,2026-07-09,27.1,6.9,56.4,3.1,Heavy Rain
910179,400229,2025-04-02,25.4,10.2,70.3,19.9,Cloudy
910180,403497,2024-04-21,36.0,2.5,88.7,8.7,Cloudy
910181,401077,2024-07-23,25.2,9.7,33.6,25.2,Rain
910182,401306,2025-11-03,32.6,3.8,38.9,23.1,Haze
910183,401848,2024-12-16,20.1,1.4,94.4,9.3,Rain
910184,404364,2025-11-18,28.1,6.6,64.3,22.1,Heavy Rain
910185,400058,2025-04-18,32.4,0.9,83.4,11.2,Haze
910187,403758,2025-02-26,29.5,6.5,59.2,7.6,Rain
910188,401001,2025-05-26,33.0,13.2,21.9,6.1,Heavy Rain
910189,401336,2024-03-26,28.6,4.5,41.5,13.2,Clear
910190,403928,2024-06-10,14.3,1.0,64.3,7.3,Clear
910191,403279,2026-01-31,34.4,14.3,84.0,0.9,Clear
910192,401069,2024-04-26,33.2,1.9,57.7,22.1,Rain
910193,401074,2026-03-01,53.6,4.6,61.2,3.5,Heavy Rain
910194,404683,2025-09-08,26.5,0.1,64.3,1.8,Storm
910195,403678,2024-09-27,24.3,9.6,30.4,9.7,Storm
910196,400676,2024-03-02,40.3,2.7,58.3,16.1,Rain
910197,401432,2026-05-30,29.1,3.6,60.6,4.5,Haze
910198,401455,2024-06-18,26.5,5.0,65.5,16.1,Cloudy
910199,403980,2026-07-07,27.7,6.4,79.3,7.3,Storm
910200,404840,2026-06-17,16.7,11.1,84.3,0.5,Cloudy
910201,404447,2026-05-06,23.4,13.9,59.1,10.7,Clear
910202,401984,2024-09-30,16.8,1.1,34.6,9.5,Haze
910203,404780,2024-04-28,29.6,8.2,52.6,3.3,Heavy Rain
910204,401784,2024-10-09,27.8,7.6,64.6,14.3,Heavy Rain
910205,400775,2026-07-15,15.0,4.3,53.6,43.2,Clear
910206,401603,2025-12-03,28.6,0.5,60.2,16.9,Storm
910208,401839,2026-02-09,21.0,4.7,65.9,0.5,Haze
910209,400486,2026-07-17,22.7,10.4,64.3,13.9,Heavy Rain
910210,401981,2026-05-24,23.6,1.1,48.9,10.4,Rain
910211,400372,2024-11-21,30.7,21.2,32.9,1.2,Cloudy
910212,401534,2024-12-29,28.8,25.5,50.3,12.4,Haze
910213,401485,2024-10-19,19.4,5.4,62.5,0.3,Cloudy
910216,403734,2024-03-05,39.3,3.1,75.1,16.8,Rain
910217,401873,2025-05-30,28.4,20.5,64.3,11.5,Storm
910218,400600,2024-07-13,34.7,10.9,56.2,9.3,Rain
910219,400623,2024-04-26,17.7,1.3,69.3,1.5,Cloudy
910220,402862,2024-10-23,22.4,2.8,45.1,21.4,Storm
910221,403714,2024-03-08,45.5,6.6,96.6,36.0,Heavy Rain
910222,400569,2024-11-25,29.5,5.7,41.9,24.6,Heavy Rain
910223,403600,2025-12-31,34.1,3.4,64.3,0.4,Storm
910224,403504,2025-06-16,31.4,20.7,69.9,16.5,Storm
910225,401836,2024-07-15,36.9,4.3,50.1,0.7,Haze
910226,401558,2025-11-09,17.8,5.0,23.3,6.8,Cloudy
910227,404838,2024-05-04,37.6,2.5,66.0,1.0,Storm
910228,404895,2025-02-15,40.9,1.2,68.0,8.1,Cloudy
910229,400055,2025-09-29,27.2,0.3,67.2,2.3,Heavy Rain
910230,404192,2025-04-06,17.4,4.0,44.6,25.4,Haze
910231,402117,2026-06-26,33.8,42.0,47.9,6.0,Cloudy
910232,401675,2024-07-11,11.3,42.7,53.0,23.6,Storm
910233,403057,2025-09-16,15.0,10.9,26.3,54.5,Clear
910234,404417,2025-03-28,37.4,0.2,86.7,10.1,Rain
910235,402697,2024-02-09,40.1,2.8,64.3,26.6,Heavy Rain
910236,403529,2025-07-14,29.2,20.8,68.0,95.9,Heavy Rain
910237,401566,2026-01-08,23.4,3.9,55.4,0.2,Haze
910238,403338,2025-12-06,29.1,17.7,60.0,0.4,Clear
910239,401761,2025-03-16,21.3,5.5,62.2,9.6,Clear
910240,401951,2025-11-13,22.8,3.4,63.7,2.8,Rain
910241,401502,2024-08-03,40.5,0.4,77.6,4.6,Haze
910242,404660,2024-01-24,41.3,8.2,37.6,13.7,Rain
910243,402095,2025-05-07,41.1,2.1,34.2,6.6,Storm
910244,400004,2025-07-28,27.3,1.8,55.7,4.3,Rain
910245,403646,2025-09-21,26.0,6.3,89.6,38.3,Haze
910246,401292,2025-12-19,28.2,0.1,76.2,3.8,Heavy Rain
910247,402724,2026-07-01,30.7,3.0,86.7,1.2,Heavy Rain
910248,404900,2024-11-09,39.0,8.4,95.5,56.0,Rain
910249,403355,2026-03-22,16.2,9.4,74.7,12.3,Storm
910250,402125,2026-03-17,20.4,5.6,60.5,26.6,Haze
910251,400636,2024-05-21,29.4,11.9,94.6,0.9,Storm
910252,402243,2024-08-02,8.3,17.1,82.8,5.7,Storm
910253,401272,2024-03-22,22.6,0.7,75.1,1.0,Heavy Rain
910254,402130,2024-11-30,18.5,11.5,60.4,16.4,Haze
910255,403140,2024-07-20,23.4,7.3,48.2,9.1,Haze
910256,402214,2026-04-30,28.4,15.5,37.0,21.2,Storm
910257,403344,2025-12-24,27.7,8.8,43.2,8.0,Rain
910258,402777,2025-02-12,34.0,8.6,55.0,7.6,Rain
910259,403026,2025-09-13,35.4,1.5,64.3,20.7,Rain
910260,400586,2025-08-02,26.7,53.6,66.5,10.2,Rain
910261,402711,2024-04-26,22.4,11.4,70.8,26.7,Rain
910262,404701,2024-12-19,26.4,4.1,56.6,25.1,Clear
910263,404670,2026-06-08,21.9,9.2,41.5,60.4,Rain
910264,404881,2024-07-28,22.7,0.8,86.9,13.6,Rain
910265,404993,2026-04-12,18.3,0.3,71.7,31.3,Cloudy
910266,404197,2026-01-09,18.1,0.3,47.9,1.5,Cloudy
910267,404399,2024-01-09,27.5,4.6,87.1,7.1,Haze
910268,401590,2024-06-05,28.8,0.6,45.0,8.1,Clear
910269,401426,2024-09-06,24.0,18.4,69.9,4.2,Storm
910270,402299,2026-07-08,21.6,2.4,66.9,26.4,Haze
910271,400219,2026-06-16,26.0,4.4,52.5,22.0,Haze
910272,403796,2024-11-01,37.8,4.8,48.5,18.2,Clear
910273,402487,2024-11-14,34.1,0.6,52.2,22.2,Rain
910274,404445,2026-05-30,9.8,0.2,45.3,0.2,Haze
910275,400562,2025-04-07,32.5,5.9,69.5,7.6,Cloudy
910276,403663,2024-06-08,33.8,5.4,32.4,4.7,Clear
910277,401255,2025-09-03,15.7,2.9,60.4,13.4,Clear
910278,401623,2025-04-26,43.8,1.0,95.6,9.4,Storm
910279,401736,2024-09-30,24.8,6.4,89.6,5.2,Clear
910280,402999,2025-10-23,33.4,4.3,36.6,1.9,Haze
910281,402214,2026-02-06,15.0,0.3,79.3,0.5,Rain
910282,401403,2025-07-12,30.9,1.8,71.0,1.3,Cloudy
910283,400731,2024-04-30,26.9,15.4,61.2,17.3,Clear
910284,402870,2025-08-28,13.4,0.3,42.7,9.0,Storm
910285,403411,2025-03-17,39.8,3.6,62.5,28.0,Cloudy
910286,403354,2026-03-11,17.9,15.1,47.6,3.6,Cloudy
910288,400998,2025-11-30,28.0,2.8,45.0,5.8,Heavy Rain
910289,403098,2024-11-15,28.7,15.6,64.3,0.5,Cloudy
910290,404052,2024-07-03,35.2,3.9,85.1,8.4,Rain
910291,404631,2025-11-15,40.0,0.7,45.8,9.5,Haze
910292,404857,2024-03-21,33.8,7.1,65.7,5.2,Clear
910293,402093,2025-07-02,26.3,6.4,69.3,22.0,Cloudy
910294,403288,2026-01-16,32.2,0.5,62.9,3.7,Heavy Rain
910295,404472,2025-05-13,30.7,2.9,42.4,10.8,Rain
910296,404570,2026-03-20,25.4,1.4,82.7,7.2,Rain
910297,400964,2026-07-14,18.0,7.8,54.3,8.9,Cloudy
910298,402272,2024-02-16,35.4,1.2,62.7,1.5,Clear
910299,400506,2025-08-15,20.4,8.4,75.4,17.4,Heavy Rain
910300,401003,2024-03-09,21.9,1.7,79.8,2.3,Rain
910301,403829,2025-10-18,31.6,15.1,15.5,0.6,Heavy Rain
910302,403240,2024-01-27,17.2,7.0,74.5,11.2,Storm
910303,402520,2024-02-04,26.8,2.7,77.0,7.7,Haze
910304,400233,2025-05-03,37.2,1.2,65.6,34.8,Storm
910305,401737,2025-06-03,17.9,26.7,70.7,16.2,Haze
910306,403477,2024-07-25,28.2,1.2,55.3,1.7,Haze
910307,400369,2024-04-01,31.2,2.4,52.3,3.3,Heavy Rain
910308,402750,2026-07-04,17.6,13.9,33.4,4.6,Cloudy
910309,401582,2024-11-03,39.2,4.5,62.8,41.3,Clear
910310,402825,2024-12-24,39.2,4.4,88.8,14.4,Cloudy
910311,404566,2024-03-03,19.2,7.2,78.1,7.6,Storm
910312,403815,2025-03-09,27.3,6.9,41.5,1.5,Cloudy
910313,404160,2026-02-27,29.2,10.5,65.6,15.6,Cloudy
910314,401465,2024-06-18,35.5,12.2,64.3,2.0,Storm
910315,400771,2025-05-27,32.0,4.3,70.7,2.0,Haze
910316,404452,2025-04-16,13.6,2.9,64.3,12.4,Storm
910317,403089,2025-03-08,18.2,1.7,73.3,16.1,Cloudy
910318,403314,2025-10-14,23.6,3.7,28.1,2.7,Cloudy
910319,401213,2025-01-03,14.4,3.3,46.8,8.0,Haze
910320,400972,2025-03-09,25.7,6.3,64.3,13.9,Clear
910321,400280,2025-12-22,25.4,0.1,77.7,5.4,Rain
910322,400462,2025-04-14,29.4,2.7,76.5,8.1,Clear
910323,404814,2024-06-18,37.3,19.3,65.5,15.5,Rain
910324,402252,2025-02-08,27.0,6.1,64.3,58.3,Storm
910325,401937,2024-10-27,18.0,8.9,84.9,1.6,Clear
910326,401830,2026-07-07,14.7,1.7,99.6,36.6,Clear
910327,403245,2024-03-16,27.8,5.7,64.6,12.4,Rain
910328,401470,2025-12-15,30.0,1.9,46.5,3.2,Rain
910329,400157,2025-03-25,22.5,27.3,87.4,32.1,Cloudy
910330,402316,2024-11-23,13.3,6.0,83.8,20.6,Rain
910331,403410,2026-05-08,33.6,2.6,72.7,11.6,Clear
910332,400699,2026-01-31,18.7,3.1,98.1,44.9,Cloudy
910334,402612,2026-02-18,25.7,10.9,77.7,1.4,Storm
910335,401541,2024-05-11,17.0,7.8,56.6,2.1,Heavy Rain
910336,402643,2026-02-23,24.7,10.4,33.6,22.8,Clear
910337,400770,2024-07-06,25.8,9.1,70.2,9.5,Haze
910338,402191,2025-04-27,30.7,23.1,42.2,76.0,Cloudy
910339,402522,2024-11-30,34.1,1.5,91.1,1.6,Cloudy
910340,400355,2024-04-03,39.1,2.7,92.2,2.9,Haze
910341,404532,2026-02-18,20.0,12.4,67.8,12.1,Heavy Rain
910342,404337,2025-05-22,29.5,27.8,64.4,3.5,Cloudy
910343,400570,2026-01-16,17.0,3.3,76.5,9.9,Heavy Rain
910344,402414,2024-05-01,37.7,5.3,66.9,0.8,Cloudy
910345,400739,2026-05-20,16.7,3.4,84.6,7.8,Clear
910346,400945,2025-07-22,17.1,5.5,85.7,40.8,Clear
910347,404069,2026-03-29,31.8,2.2,58.9,3.6,Haze
910348,402147,2025-12-30,31.4,5.7,73.2,20.7,Clear
910349,400793,2024-07-13,34.7,7.8,61.5,1.8,Storm
910350,404286,2025-07-26,33.8,20.6,73.8,1.1,Clear
910351,401964,2025-12-29,28.3,7.3,33.0,15.0,Clear
910352,401821,2024-01-05,15.5,32.6,57.8,6.1,Clear
910353,401273,2024-03-21,20.4,20.4,86.8,10.2,Heavy Rain
910354,402756,2025-07-24,18.3,33.7,89.1,7.3,Clear
910355,403722,2024-12-15,17.2,5.6,64.3,18.1,Storm
910356,404018,2026-03-27,29.8,0.9,39.7,0.1,Rain
910357,404489,2025-01-15,20.8,0.1,55.1,0.8,Haze
910358,400355,2025-02-27,32.8,2.1,83.7,13.0,Haze
910359,400090,2025-07-22,31.9,2.3,82.6,40.9,Clear
910360,400108,2025-10-03,38.4,2.7,79.9,4.9,Heavy Rain
910361,401042,2026-05-25,28.3,4.9,69.0,4.1,Storm
910362,403605,2024-08-17,8.6,0.3,87.7,11.4,Haze
910363,403366,2024-07-25,26.1,4.8,50.7,29.3,Storm
910364,404493,2024-07-08,23.2,4.1,56.5,14.5,Haze
910365,403350,2025-05-31,29.0,3.8,51.9,3.1,Rain
910366,400114,2024-02-08,17.9,5.1,38.9,8.0,Cloudy
910367,400390,2025-06-28,48.3,7.8,94.6,37.4,Haze
910368,402375,2025-02-10,34.1,1.8,74.6,11.9,Rain
910369,401958,2024-03-09,37.1,7.2,63.7,5.7,Haze
910370,400701,2025-09-18,32.2,1.5,73.1,5.3,Haze
910371,402915,2026-02-15,38.1,13.1,48.9,1.1,Storm
910372,401907,2025-09-22,36.0,14.2,48.5,2.6,Rain
910373,401666,2024-11-30,32.3,1.3,65.1,0.5,Cloudy
910374,404168,2024-07-01,32.8,19.7,63.6,17.5,Storm
910375,400622,2025-10-17,23.6,5.8,66.8,23.4,Clear
910376,403487,2025-08-04,31.8,3.8,59.9,4.2,Rain
910377,400448,2024-02-15,37.9,18.6,52.5,30.0,Heavy Rain
910378,404525,2024-04-28,10.2,2.9,64.3,1.2,Cloudy
910379,404868,2024-11-05,6.4,0.4,64.2,10.0,Clear
910380,400549,2025-04-02,15.9,12.6,64.2,20.2,Haze
910381,403777,2024-11-15,25.6,7.1,86.1,15.5,Rain
910382,403260,2024-12-16,31.6,2.5,74.5,3.6,Storm
910383,403516,2025-01-23,24.2,15.5,54.2,4.2,Haze
910384,404091,2024-10-23,28.7,1.9,64.9,2.1,Storm
910385,400040,2024-08-22,16.9,1.4,34.3,3.8,Heavy Rain
910386,400681,2025-06-17,27.3,2.0,71.8,2.0,Clear
910387,402283,2025-09-02,31.3,1.4,58.1,17.2,Heavy Rain
910389,400075,2025-04-30,33.2,2.2,25.6,12.9,Haze
910390,401370,2025-03-16,29.4,12.8,94.2,9.8,Clear
910391,400750,2025-08-14,21.2,13.4,84.3,19.0,Rain
910392,402634,2026-06-07,23.4,4.3,65.2,20.1,Haze
910394,403091,2024-09-20,33.0,29.1,45.6,5.6,Rain
910395,401689,2025-09-29,36.5,0.1,55.1,15.3,Clear
910396,404160,2024-01-28,30.6,12.2,40.8,8.4,Rain
910397,401412,2024-10-18,23.7,8.2,24.2,14.7,Storm
910399,401779,2024-08-10,36.9,30.0,70.1,9.7,Storm
910400,401015,2025-08-18,14.0,11.4,63.6,4.5,Heavy Rain
910401,401122,2025-08-27,13.1,21.1,54.2,44.4,Cloudy
910402,403589,2024-05-18,17.9,2.0,25.5,24.8,Clear
910403,403842,2025-08-05,43.0,2.4,94.9,1.6,Cloudy
910404,403039,2026-07-05,16.6,0.6,97.7,7.0,Haze
910405,401598,2024-06-25,30.3,1.0,59.5,19.0,Haze
910406,402273,2024-02-14,23.9,2.0,72.8,18.3,Heavy Rain
910407,400823,2024-06-27,26.3,1.7,76.3,3.3,Heavy Rain
910408,403187,2025-03-26,25.1,10.2,51.5,6.9,Haze
910409,403193,2025-03-15,29.2,3.8,69.3,7.6,Haze
910410,401285,2025-09-30,28.4,12.7,71.2,5.2,Rain
910411,401038,2024-11-22,26.8,0.3,73.0,1.6,Storm
910412,403953,2024-01-21,27.0,8.8,65.2,5.7,Haze
910413,400340,2026-02-21,20.8,17.5,83.3,15.5,Rain
910414,404285,2025-09-23,23.5,14.6,33.1,5.0,Heavy Rain
910415,400657,2026-03-20,27.5,5.8,66.5,17.7,Heavy Rain
910416,402416,2024-07-30,28.5,12.2,47.7,4.9,Haze
910417,404490,2025-09-08,17.4,0.4,64.3,2.6,Haze
910418,400573,2024-10-20,17.1,1.1,58.5,5.0,Storm
910419,402201,2024-12-10,22.3,3.2,78.8,15.1,Heavy Rain
910420,402941,2024-03-27,33.8,18.0,90.5,14.8,Cloudy
910421,402422,2024-09-27,26.3,32.7,71.2,8.5,Rain
910422,400087,2025-11-10,38.8,3.8,66.4,11.2,Haze
910423,400035,2026-01-10,29.4,4.2,88.3,27.2,Storm
910424,401261,2025-06-28,21.2,7.5,64.3,58.7,Storm
910425,403761,2025-03-13,13.5,7.4,38.1,0.9,Storm
910426,402446,2026-01-07,27.0,15.8,51.8,45.0,Heavy Rain
910427,403630,2025-01-30,24.1,0.8,60.6,6.6,Clear
910428,403071,2025-07-28,40.0,2.6,42.8,5.9,Storm
910429,402015,2025-03-18,37.3,1.0,66.5,0.3,Clear
910430,402564,2024-07-07,21.3,9.9,54.6,19.6,Heavy Rain
910431,401324,2025-09-15,42.0,0.1,81.9,2.5,Clear
910432,404765,2025-10-30,30.8,5.0,41.0,42.5,Storm
910433,400626,2025-12-16,31.0,2.4,38.8,6.1,Rain
910434,401545,2026-05-15,27.3,12.8,49.9,7.6,Haze
910435,402255,2024-02-13,24.9,7.8,58.4,0.4,Clear
910436,403587,2024-12-18,22.4,18.0,64.1,49.4,Heavy Rain
910437,402596,2024-09-10,24.1,8.2,86.7,6.6,Rain
910438,400071,2026-03-09,23.0,1.9,14.9,3.4,Rain
910440,402137,2024-12-04,18.6,3.0,50.9,22.2,Heavy Rain
910441,402688,2024-01-11,21.3,5.3,32.9,1.8,Rain
910443,404555,2026-01-02,24.3,0.8,47.6,11.3,Cloudy
910444,403542,2024-01-09,27.3,4.3,82.2,13.8,Heavy Rain
910445,402761,2026-01-05,34.9,25.4,38.7,2.6,Clear
910446,401702,2026-07-13,8.4,0.4,93.7,13.5,Cloudy
910447,403101,2024-10-06,29.2,26.5,54.9,4.7,Cloudy
910448,402565,2024-01-07,26.1,5.5,76.4,7.6,Clear
910449,400624,2024-01-06,33.1,1.8,71.4,7.5,Heavy Rain
910450,404545,2026-04-10,25.8,2.7,97.6,15.2,Storm
910451,401733,2024-01-04,29.3,1.1,61.3,7.1,Rain
910452,402377,2024-09-02,31.6,10.2,36.6,13.5,Storm
910453,400951,2024-09-14,24.2,15.2,76.4,24.9,Haze
910454,401888,2024-05-16,22.6,4.8,82.2,62.1,Cloudy
910455,401282,2026-06-17,29.8,3.2,96.7,10.1,Cloudy
910456,402480,2024-12-01,17.2,5.6,60.1,4.8,Heavy Rain
910457,401073,2026-03-28,30.4,14.2,78.9,30.6,Rain
910458,400354,2024-06-30,10.9,6.7,79.1,47.7,Storm
910459,400736,2025-08-03,30.8,11.4,75.5,10.0,Heavy Rain
910460,402032,2024-05-07,24.2,13.9,47.8,2.5,Cloudy
910461,403819,2025-05-18,34.6,0.8,75.0,12.0,Cloudy
910462,401015,2026-01-03,14.4,1.4,63.0,3.1,Clear
910463,404425,2025-07-29,32.8,0.4,60.0,17.8,Rain
910464,402554,2025-10-05,33.7,6.6,73.5,2.7,Haze
910465,402014,2024-02-14,38.1,1.3,59.8,12.6,Cloudy
910466,403912,2024-12-08,27.0,5.5,59.7,0.9,Rain
910467,403038,2025-06-13,32.5,0.1,56.7,7.9,Storm
910468,404177,2024-08-22,25.0,7.3,56.8,30.4,Cloudy
910469,401882,2025-09-23,34.3,12.4,56.0,8.8,Rain
910470,402911,2026-01-18,26.5,0.3,69.6,24.0,Rain
910471,404402,2025-06-30,33.2,5.3,92.2,13.4,Haze
910472,402489,2024-10-28,22.3,9.8,40.5,11.4,Cloudy
910473,401877,2025-07-14,22.0,3.6,73.0,6.6,Clear
910474,403913,2025-04-23,22.9,3.2,82.1,1.6,Storm
910475,401897,2025-12-16,39.6,2.3,56.5,2.1,Heavy Rain
910476,403151,2026-03-04,20.2,4.4,79.8,5.2,Heavy Rain
910477,400354,2024-10-30,24.4,8.3,64.1,7.8,Rain
910478,401900,2024-02-24,39.4,1.1,42.5,2.2,Storm
910479,400808,2025-10-21,34.2,4.3,24.1,6.3,Rain
910480,402965,2025-07-06,23.8,14.1,64.3,1.6,Heavy Rain
910481,404535,2024-01-24,22.5,3.8,64.3,1.2,Cloudy
910482,402556,2025-03-15,27.0,8.1,73.3,5.0,Storm
910483,403003,2024-12-19,34.0,6.3,39.1,4.1,Heavy Rain
910484,401179,2025-02-15,42.0,23.0,74.7,15.6,Storm
910485,400928,2025-09-23,27.6,4.7,27.7,1.8,Clear
910486,400010,2025-10-05,30.3,2.0,47.9,10.3,Cloudy
910487,400174,2024-07-15,45.4,0.8,53.2,23.3,Heavy Rain
910488,401421,2026-03-26,-0.9,1.9,41.7,43.2,Storm
910489,400032,2024-03-11,24.9,11.0,29.6,1.5,Clear
910490,403569,2024-01-04,21.5,15.5,57.1,9.1,Storm
910491,404096,2024-12-25,31.6,0.5,73.0,15.2,Clear
910492,401490,2025-12-01,19.4,0.9,64.3,14.2,Storm
910493,400389,2024-12-12,20.0,20.7,71.5,0.4,Heavy Rain
910494,404961,2025-09-01,24.5,1.5,35.1,26.4,Haze
910495,401815,2025-05-02,19.8,3.3,46.9,9.9,Rain
910497,403164,2024-01-14,26.0,11.6,53.7,14.3,Storm
910498,404404,2024-05-02,17.0,18.7,58.9,6.3,Clear
910500,402595,2025-09-27,22.6,8.9,70.7,18.8,Storm
910501,404534,2024-05-13,33.9,10.7,71.5,19.3,Storm
910502,401047,2024-04-22,24.7,12.9,41.0,1.8,Cloudy
910503,403921,2025-07-19,27.5,8.2,55.9,5.7,Rain
910504,402038,2025-01-23,42.2,6.4,51.0,30.0,Cloudy
910505,403135,2025-09-25,22.5,8.6,63.3,38.5,Storm
910506,401917,2024-07-16,20.0,1.9,53.8,6.6,Clear
910507,404347,2024-08-25,9.7,4.1,69.3,17.8,Clear
910508,400972,2024-11-30,28.0,2.3,83.4,17.3,Clear
910509,401369,2026-05-29,38.5,14.4,90.8,24.9,Cloudy
910510,404612,2024-08-03,19.1,2.2,69.6,1.3,Heavy Rain
910511,402419,2024-11-01,27.1,1.3,88.0,22.2,Cloudy
910512,404111,2024-02-22,27.4,6.7,73.5,3.6,Rain
910513,404393,2026-05-17,28.1,3.6,72.1,0.3,Heavy Rain
910514,404554,2025-06-13,33.2,14.7,71.5,9.8,Clear
910515,402933,2025-10-01,18.3,11.7,28.0,0.4,Rain
910516,400071,2024-06-13,27.0,7.5,86.1,40.0,Clear
910517,403288,2024-06-15,19.9,2.2,94.2,79.6,Rain
910518,401842,2025-01-17,26.4,15.2,75.1,16.4,Cloudy
910519,404123,2025-01-04,23.7,0.4,48.4,28.0,Heavy Rain
910520,402463,2024-10-24,23.6,2.6,55.3,12.2,Heavy Rain
910521,404041,2025-12-14,20.4,7.8,71.6,36.7,Rain
910522,402951,2025-06-28,33.6,18.1,91.8,2.4,Rain
910523,402516,2024-09-11,25.1,4.1,80.7,5.0,Storm
910524,403639,2025-04-20,16.2,16.1,50.3,10.0,Heavy Rain
910525,401111,2024-05-16,18.6,3.7,81.4,3.0,Storm
910526,402506,2024-06-05,40.9,0.6,49.0,7.3,Haze
910527,401607,2025-03-01,19.3,8.1,44.4,12.6,Clear
910528,400035,2025-05-26,40.2,2.7,72.7,3.1,Storm
910529,403156,2025-11-21,33.5,0.2,52.9,0.5,Storm
910530,402360,2024-05-04,37.7,11.2,84.8,18.7,Heavy Rain
910531,402781,2024-12-16,22.3,1.0,58.9,4.4,Rain
910532,403213,2024-10-05,21.2,0.3,59.8,21.9,Rain
910533,404229,2026-05-23,13.0,16.5,49.6,32.3,Rain
910534,403886,2025-02-05,23.9,0.5,99.2,9.4,Cloudy
910535,400584,2026-03-07,38.4,0.4,32.2,4.9,Haze
910536,403380,2024-07-23,32.4,5.4,71.5,33.7,Rain
910537,400550,2024-12-11,21.8,25.8,76.0,0.7,Heavy Rain
910538,402293,2024-01-07,33.6,13.1,67.4,2.3,Cloudy
910539,400504,2024-04-15,33.3,5.1,64.2,1.2,Haze
910540,400625,2025-06-07,19.1,2.9,28.6,17.9,Cloudy
910541,402687,2024-05-03,26.6,6.3,53.4,16.7,Rain
910542,400941,2026-01-17,32.4,14.4,15.4,1.9,Clear
910543,400954,2026-05-10,6.2,0.3,71.1,8.3,Cloudy
910544,401176,2024-09-30,32.6,12.3,62.7,8.2,Heavy Rain
910545,403865,2025-02-19,15.2,0.9,86.9,22.6,Heavy Rain
910546,401069,2024-08-16,16.1,3.7,50.1,17.1,Storm
910547,404074,2025-02-08,28.8,17.5,83.3,26.2,Cloudy
910548,403868,2024-09-07,25.5,5.7,60.7,19.6,Cloudy
910549,401948,2025-11-14,25.1,2.7,79.8,1.4,Heavy Rain
910550,404238,2024-10-28,31.4,7.5,79.3,8.0,Rain
910551,403095,2025-03-21,22.5,3.7,52.2,15.8,Rain
910552,404157,2025-12-15,18.4,9.3,62.4,19.6,Storm
910553,401540,2024-04-18,28.9,4.4,29.7,3.0,Storm
910554,404925,2024-03-03,11.9,5.0,47.1,15.8,Rain
910555,403981,2026-02-04,37.2,12.5,24.6,2.5,Heavy Rain
910556,403311,2025-10-29,18.1,9.8,49.7,2.2,Heavy Rain
910557,401492,2025-03-21,27.6,9.9,80.0,2.0,Storm
910558,401931,2025-10-17,20.6,3.1,60.1,21.7,Heavy Rain
910559,400580,2025-11-29,33.6,6.4,47.0,13.9,Rain
910560,402743,2025-09-27,26.8,2.8,73.5,1.2,Haze
910561,404183,2024-12-15,26.6,4.4,23.7,4.5,Storm
910562,402069,2026-04-01,31.5,14.8,60.6,22.8,Clear
910563,404073,2025-07-10,30.2,46.4,90.5,14.1,Storm
910564,401387,2025-10-27,29.9,5.1,56.3,1.0,Clear
910565,402351,2026-01-23,18.8,13.9,90.7,12.3,Clear
910566,400135,2024-05-04,28.4,7.4,48.9,23.1,Haze
910567,404771,2026-05-19,22.3,3.4,29.6,5.5,Rain
910568,404922,2026-05-26,18.4,1.6,47.9,4.1,Cloudy
910569,403699,2024-01-06,16.5,4.4,82.7,56.4,Clear
910570,401428,2025-08-09,23.5,1.0,48.6,0.8,Haze
910571,402248,2026-01-01,28.7,0.4,98.3,33.1,Heavy Rain
910572,403349,2024-05-28,42.1,11.8,67.4,21.5,Cloudy
910573,400996,2024-05-05,26.2,4.9,66.2,1.0,Clear
910574,404324,2025-06-16,32.2,12.5,31.1,1.5,Heavy Rain
910575,401747,2024-12-29,14.7,6.0,55.9,28.4,Heavy Rain
910576,403150,2026-03-22,32.7,6.9,55.9,16.5,Clear
910577,403672,2025-08-22,31.2,5.6,49.2,27.7,Haze
910578,401124,2024-08-02,24.1,0.6,69.2,12.9,Haze
910579,403318,2024-09-21,30.8,7.8,68.2,18.2,Clear
910580,402132,2026-04-28,32.1,7.8,63.0,12.7,Cloudy
910581,401927,2024-12-26,32.8,6.0,56.3,2.2,Cloudy
910582,404391,2025-07-30,12.3,2.3,57.3,2.4,Heavy Rain
910583,402441,2025-01-10,11.8,3.0,77.5,6.0,Rain
910584,400177,2026-07-12,22.2,13.6,34.9,1.8,Rain
910585,400619,2025-07-31,34.3,10.9,44.3,39.3,Rain
910586,403306,2025-08-07,33.4,16.3,94.2,4.7,Cloudy
910587,400347,2025-11-04,25.5,0.3,57.2,17.4,Haze
910588,400778,2024-03-12,16.1,22.5,64.3,0.8,Rain
910589,402428,2025-10-29,28.3,0.4,81.6,9.9,Clear
910590,400408,2025-08-31,13.2,9.5,48.5,4.8,Rain
910591,404839,2025-07-13,27.0,2.6,78.9,2.6,Clear
910592,404650,2025-12-09,29.0,23.3,83.0,13.8,Cloudy
910593,400316,2026-02-19,27.9,4.4,46.7,3.2,Clear
910594,400062,2026-06-16,33.9,27.5,33.8,22.1,Storm
910595,404020,2026-03-26,31.1,3.6,47.0,14.4,Clear
910596,404625,2024-03-19,12.2,7.7,75.8,6.7,Haze
910597,400713,2026-01-07,29.0,7.2,79.3,5.7,Storm
910598,403151,2024-05-20,27.0,2.7,67.5,2.1,Storm
910599,403146,2025-09-02,35.7,7.0,69.2,13.3,Haze
910600,400878,2025-11-27,33.6,3.2,73.0,0.3,Heavy Rain
910601,403829,2025-10-07,16.7,10.1,53.8,13.8,Cloudy
910602,400538,2024-01-29,26.3,9.7,61.3,0.0,Heavy Rain
910603,401647,2025-09-13,34.6,9.7,70.2,13.2,Storm
910604,402895,2024-02-05,36.3,4.0,58.5,7.7,Heavy Rain
910605,400036,2025-03-09,23.9,2.0,24.5,11.6,Haze
910606,400911,2025-11-02,29.0,5.8,63.1,38.3,Rain
910607,402427,2025-11-13,23.0,2.4,67.7,50.6,Cloudy
910608,400692,2024-09-04,39.6,16.8,65.9,1.6,Storm
910609,403733,2024-09-19,21.7,1.5,64.5,10.1,Heavy Rain
910610,401357,2024-10-02,35.0,4.9,80.7,1.2,Haze
910611,404328,2025-08-22,21.0,6.5,97.1,0.8,Heavy Rain
910612,404287,2025-07-26,21.8,0.9,84.3,15.5,Haze
910614,400715,2025-06-26,22.4,3.5,64.3,37.2,Clear
910615,400253,2024-05-09,20.7,1.1,51.2,19.9,Rain
910616,404207,2024-09-30,17.4,34.2,57.2,35.0,Heavy Rain
910617,401122,2024-09-26,18.8,27.0,46.0,4.0,Cloudy
910618,404242,2025-07-25,27.1,2.7,69.9,5.7,Storm
910619,403732,2026-04-13,19.1,1.0,41.4,24.7,Cloudy
910620,402723,2024-05-17,24.7,5.4,52.0,2.0,Haze
910621,402899,2025-06-24,35.5,6.4,69.2,10.4,Clear
910622,401714,2025-07-14,27.1,8.3,85.1,1.8,Storm
910623,403085,2025-09-20,30.6,5.5,37.9,21.0,Rain
910624,403420,2025-08-23,21.8,27.8,61.8,8.6,Heavy Rain
910625,403225,2025-09-02,18.5,2.3,61.2,21.3,Clear
910626,400323,2024-04-12,33.5,3.0,74.4,19.7,Haze
910627,400034,2025-07-15,22.1,6.2,79.6,39.9,Rain
910628,401363,2026-03-20,36.0,4.0,48.2,3.3,Heavy Rain
910629,402282,2024-05-29,37.4,21.9,64.6,1.9,Haze
910630,401948,2026-01-27,17.9,6.7,66.8,5.7,Haze
910631,404233,2025-03-07,25.5,30.0,72.2,22.6,Cloudy
910632,403716,2024-08-17,32.6,0.6,51.6,21.6,Clear
910633,403248,2024-02-02,22.0,8.3,25.5,26.8,Haze
910634,400784,2024-04-24,32.5,25.8,69.2,31.7,Clear
910636,400992,2026-04-21,13.4,6.7,91.9,0.2,Rain
910637,401730,2025-11-18,35.3,1.5,96.3,9.1,Heavy Rain
910638,402328,2026-01-04,25.8,1.0,92.8,1.8,Clear
910639,404245,2024-10-29,26.3,2.8,59.0,9.0,Heavy Rain
910641,402329,2024-04-15,34.7,0.9,74.2,5.4,Rain
910642,403779,2025-03-27,28.3,19.2,45.3,2.0,Storm
910643,403119,2025-12-26,19.6,0.4,58.8,5.4,Cloudy
910644,402641,2025-02-19,31.5,14.6,73.2,25.5,Clear
910645,401986,2026-02-06,28.8,5.1,52.5,6.4,Cloudy
910646,403579,2026-06-07,20.5,16.4,28.6,0.1,Storm
910647,401114,2025-12-22,14.5,1.0,54.3,30.2,Rain
910648,404117,2025-04-13,40.4,1.8,62.6,15.1,Clear
910649,400590,2026-01-04,34.2,19.7,90.0,3.8,Rain
910650,403543,2025-06-16,23.7,2.2,69.5,11.5,Cloudy
910651,401671,2025-12-24,14.0,8.9,55.6,9.0,Cloudy
910652,403947,2026-07-14,38.8,19.8,70.0,13.7,Clear
910653,401995,2024-04-01,24.3,1.2,64.3,22.7,Cloudy
910654,403562,2024-12-15,18.2,1.2,77.9,5.1,Storm
910655,401376,2025-11-10,25.5,7.0,76.1,14.3,Rain
910656,401919,2024-08-19,25.9,17.1,58.9,16.6,Storm
910657,404528,2024-08-14,12.6,11.9,75.0,2.5,Heavy Rain
910658,400144,2025-12-05,20.7,1.3,59.0,1.3,Clear
910659,400386,2024-12-30,25.9,0.5,49.0,2.9,Clear
910660,404933,2025-09-17,31.3,11.8,64.6,8.0,Storm
910661,400841,2024-02-14,26.3,0.5,64.8,3.1,Clear
910663,400725,2026-03-13,31.9,8.1,84.3,1.1,Haze
910664,402321,2025-10-09,25.1,4.1,81.2,22.8,Storm
910665,404379,2026-01-18,24.6,7.7,86.6,4.1,Rain
910666,404498,2025-11-16,13.1,0.8,46.0,5.7,Clear
910667,401862,2025-05-04,38.6,0.0,62.4,3.0,Cloudy
910668,404485,2026-03-14,30.2,3.2,37.1,12.6,Rain
910669,403414,2024-02-06,6.2,2.3,39.7,8.2,Haze
910670,400230,2025-11-28,31.5,6.9,61.7,0.2,Clear
910672,401482,2026-06-16,30.6,4.6,62.8,6.9,Storm
910673,402691,2026-01-09,20.7,16.0,89.1,19.2,Heavy Rain
910674,404043,2024-12-07,24.4,1.0,80.8,1.5,Clear
910675,400583,2025-02-05,20.7,7.5,95.8,0.5,Rain
910676,403160,2025-05-07,32.6,3.8,39.2,31.1,Rain
910677,400606,2024-06-06,34.4,9.1,85.8,11.0,Storm
910679,402627,2026-07-05,20.8,7.9,76.5,0.9,Rain
910680,400635,2026-04-03,21.2,5.4,55.4,0.1,Rain
910681,404763,2026-05-11,33.9,1.4,59.1,7.1,Heavy Rain
910682,402622,2025-06-12,21.1,6.4,55.9,5.0,Cloudy
910683,403116,2025-02-13,18.4,5.5,72.9,15.8,Storm
910684,404105,2026-04-30,8.7,13.6,81.2,22.2,Clear
910685,401942,2024-02-02,35.4,2.8,63.3,1.3,Heavy Rain
910686,404985,2024-04-17,29.0,2.6,65.7,18.7,Haze
910687,404542,2026-07-08,31.8,14.8,50.7,11.8,Storm
910688,402786,2025-12-23,33.2,1.5,87.2,4.5,Haze
910689,400107,2026-02-13,27.0,8.7,54.2,21.8,Storm
910690,401763,2025-01-25,26.6,6.2,49.4,1.6,Storm
910691,400426,2026-01-04,23.3,27.7,74.4,9.7,Heavy Rain
910692,404374,2025-07-13,13.2,1.0,64.3,16.0,Storm
910693,403598,2025-02-02,26.0,6.4,31.9,6.2,Storm
910694,404995,2026-02-10,35.3,8.8,65.2,20.2,Haze
910695,403908,2026-02-07,26.1,5.2,38.3,18.4,Haze
910696,400007,2024-02-22,29.0,28.0,47.1,15.1,Rain
910697,402350,2026-06-30,32.5,14.2,54.6,13.7,Haze
910698,403069,2025-10-18,34.2,14.1,71.1,5.0,Cloudy
910699,404288,2026-02-17,29.4,0.2,48.0,2.5,Clear
910700,401868,2025-02-14,31.0,1.8,58.7,15.5,Cloudy
910701,401730,2024-02-07,20.1,2.9,76.6,3.6,Haze
910702,403876,2024-07-31,18.5,0.8,54.5,2.4,Storm
910703,401671,2025-08-10,12.5,6.3,61.8,11.4,Haze
910704,402061,2025-01-08,31.3,18.5,56.7,6.5,Rain
910705,404946,2024-05-06,26.9,4.3,38.1,6.2,Storm
910706,403487,2025-02-24,27.9,1.1,64.3,7.6,Rain
910708,403984,2024-07-09,29.5,16.9,72.9,22.4,Storm
910709,403023,2025-12-13,42.1,0.4,73.7,16.8,Rain
910710,401766,2024-02-21,40.6,10.5,37.3,9.2,Haze
910711,401541,2025-05-10,24.7,5.5,90.8,23.6,Heavy Rain
910712,404370,2024-01-19,28.1,7.8,52.3,8.1,Clear
910713,400372,2026-03-27,29.3,8.2,87.8,18.9,Heavy Rain
910714,401079,2024-11-07,29.8,0.4,70.7,14.2,Rain
910715,404782,2024-05-24,36.1,0.2,47.8,3.4,Rain
910716,400055,2024-10-17,27.3,1.6,76.8,23.3,Cloudy
910717,401942,2026-06-22,20.1,6.7,51.5,4.3,Haze
910718,401025,2025-08-17,31.0,17.0,40.2,0.4,Haze
910719,400181,2024-01-21,36.8,0.9,64.3,9.6,Rain
910720,402904,2024-09-15,27.1,2.2,70.9,1.9,Heavy Rain
910721,400108,2024-03-08,30.3,9.2,59.3,36.2,Storm
910722,401580,2024-05-18,28.6,5.9,64.4,14.8,Heavy Rain
910723,404061,2026-03-04,28.3,10.3,70.0,11.3,Clear
910724,404067,2026-04-25,28.3,2.4,38.5,12.0,Haze
910726,401112,2024-10-24,28.2,6.4,55.8,5.1,Cloudy
910727,401849,2025-11-20,25.2,7.3,46.0,6.1,Rain
910728,403341,2025-04-24,37.4,26.1,60.2,1.9,Storm
910729,402054,2025-07-19,32.2,14.9,79.4,1.4,Cloudy
910730,402261,2026-01-07,30.8,11.9,17.3,8.8,Heavy Rain
910731,403557,2024-01-31,33.7,1.4,63.1,5.7,Storm
910732,401569,2025-03-22,27.5,18.9,88.4,17.4,Cloudy
910733,401159,2026-05-22,38.8,3.1,73.0,20.5,Haze
910734,400919,2025-11-27,26.8,0.6,78.9,26.8,Storm
910735,403304,2024-01-14,19.8,9.3,55.4,0.4,Cloudy
910736,403006,2025-05-16,29.5,9.0,51.3,4.7,Rain
910737,401248,2025-02-17,30.9,15.1,93.7,3.4,Storm
910738,404493,2026-01-10,31.9,4.8,52.8,3.0,Cloudy
910739,401348,2025-06-18,29.4,6.3,81.7,32.7,Rain
910740,402556,2026-04-03,29.3,2.4,83.1,5.3,Clear
910741,404352,2025-03-24,20.8,17.1,65.1,12.2,Rain
910742,403999,2025-12-21,18.1,2.7,53.4,2.0,Rain
910743,402933,2026-04-12,23.1,1.1,82.8,0.1,Clear
910744,402759,2024-05-16,17.5,7.1,75.8,9.2,Cloudy
910745,400703,2024-07-21,20.4,4.7,25.2,4.6,Rain
910746,403813,2024-01-05,20.6,16.7,91.2,20.6,Haze
910747,402214,2025-07-16,26.6,4.6,69.2,4.2,Clear
910748,402024,2026-06-17,20.6,1.2,67.9,5.5,Heavy Rain
910749,401963,2025-01-08,39.3,11.3,66.8,6.6,Haze
910751,402562,2024-10-26,23.5,2.5,87.8,16.1,Clear
910752,402712,2026-07-06,12.6,9.7,66.5,42.3,Clear
910753,403415,2024-08-12,16.1,6.5,56.0,0.6,Heavy Rain
910754,401526,2025-08-02,24.2,2.9,63.4,17.6,Haze
910755,404750,2025-08-03,25.2,10.7,71.0,4.3,Clear
910756,403165,2026-01-05,48.0,7.5,71.4,6.0,Heavy Rain
910757,404271,2025-09-01,19.4,1.2,89.6,4.1,Clear
910758,402075,2026-06-14,27.7,1.2,82.0,13.4,Storm
910759,401878,2026-05-12,27.0,0.3,73.2,6.2,Storm
910760,403857,2026-01-19,24.1,5.5,70.4,21.0,Haze
910761,404377,2024-08-22,28.2,3.2,72.7,5.8,Haze
910762,401284,2025-08-31,14.3,11.5,55.9,2.5,Rain
910763,404531,2026-03-19,20.5,5.8,68.1,33.3,Heavy Rain
910764,402924,2026-04-11,20.0,1.2,79.8,7.7,Rain
910765,404137,2024-04-16,29.0,6.2,48.2,9.5,Rain
910766,403120,2025-10-19,33.3,3.6,64.3,3.4,Storm
910767,400835,2026-03-11,41.9,5.4,77.4,14.4,Clear
910768,400654,2024-12-30,26.5,12.6,59.3,0.5,Rain
910769,403048,2024-06-03,32.1,8.1,64.3,6.8,Cloudy
910770,400300,2025-04-17,11.0,14.6,43.3,7.1,Storm
910771,403130,2026-06-15,16.7,3.5,64.3,1.7,Rain
910772,403370,2024-05-30,37.5,5.1,87.4,10.4,Haze
910773,403225,2025-04-10,25.3,1.8,35.5,46.3,Storm
910774,403223,2025-07-29,23.3,13.2,69.1,1.7,Heavy Rain
910775,403433,2025-09-25,22.4,8.6,70.1,0.9,Haze
910776,400179,2026-05-03,17.4,0.9,70.9,1.6,Clear
910777,402653,2024-09-01,20.9,37.1,94.4,5.1,Heavy Rain
910778,400124,2026-03-22,23.7,20.5,45.8,2.2,Clear
910779,403440,2026-03-10,18.6,3.8,57.5,28.7,Storm
910780,402365,2026-04-30,33.5,1.0,81.4,2.7,Storm
910781,402909,2025-05-02,19.4,0.9,59.0,29.6,Storm
910782,400765,2024-07-15,23.6,12.1,79.0,52.2,Storm
910783,402508,2024-03-02,38.8,0.8,64.3,34.5,Storm
910784,400416,2025-05-21,24.7,15.6,62.4,2.0,Haze
910785,400508,2024-03-05,19.6,10.6,46.0,29.5,Cloudy
910786,404217,2024-03-04,30.1,11.4,47.4,22.6,Storm
910787,400479,2025-07-09,38.4,5.6,99.7,58.4,Cloudy
910788,404784,2026-01-05,35.3,3.9,54.6,3.8,Rain
910789,404892,2024-05-27,28.6,12.0,35.0,1.7,Clear
910790,401248,2026-04-14,24.4,2.4,79.3,16.1,Clear
910791,403228,2024-05-16,35.1,2.0,70.5,2.3,Storm
910792,401592,2024-02-20,17.5,11.1,71.6,25.2,Rain
910793,401290,2024-10-20,28.1,2.9,51.2,1.6,Storm
910794,404090,2025-04-17,18.3,1.4,60.2,2.5,Heavy Rain
910795,404065,2025-01-15,27.8,2.7,38.7,8.6,Haze
910796,401563,2024-01-22,18.8,8.6,82.8,3.7,Haze
910797,404264,2024-04-19,28.3,4.7,80.3,0.8,Rain
910798,404190,2026-06-01,26.0,5.0,76.3,4.0,Storm
910799,402218,2024-10-31,21.1,51.2,70.9,6.1,Heavy Rain
910800,404725,2025-03-19,33.9,5.5,64.3,7.7,Heavy Rain
910801,404185,2025-08-16,41.9,7.8,78.8,7.0,Cloudy
910802,403328,2025-10-31,16.2,23.6,48.3,6.5,Rain
910803,400347,2026-03-30,21.3,7.5,55.9,14.2,Storm
910804,403442,2024-07-05,20.7,2.1,94.1,1.8,Heavy Rain
910805,401703,2025-03-30,14.8,18.7,66.3,6.6,Haze
910806,400898,2026-01-20,32.8,4.3,67.9,12.6,Rain
910807,402469,2024-02-12,21.8,0.9,65.3,9.8,Haze
910808,403267,2024-09-23,16.6,0.5,98.5,3.2,Storm
910809,402622,2024-07-14,30.2,4.0,56.6,30.0,Haze
910810,403866,2024-01-14,38.2,6.5,81.5,10.4,Storm
910811,404973,2025-02-27,28.5,10.4,55.1,15.2,Clear
910812,404367,2024-02-09,29.9,0.1,75.9,0.3,Clear
910813,403550,2025-06-21,30.2,5.1,37.5,4.6,Haze
910814,400072,2024-10-31,24.1,0.6,69.8,9.7,Storm
910815,404057,2025-04-25,25.9,0.8,72.0,2.8,Clear
910816,404086,2024-06-14,18.5,1.6,80.6,6.6,Clear
910817,400706,2024-03-20,28.5,4.1,62.6,7.7,Storm
910818,400632,2025-01-20,18.9,1.4,71.3,2.5,Storm
910819,404982,2024-12-03,38.7,9.0,43.7,8.9,Heavy Rain
910820,401892,2024-10-29,31.6,6.8,54.8,1.1,Clear
910821,403124,2024-04-12,28.6,1.2,49.3,8.2,Rain
910822,401702,2026-05-11,25.7,4.1,60.4,50.7,Haze
910823,400997,2025-04-15,21.4,5.2,50.9,30.8,Haze
910824,400810,2025-01-06,24.0,10.1,28.3,3.7,Heavy Rain
910825,404079,2024-06-12,24.3,4.6,43.5,29.7,Rain
910826,401605,2024-07-18,34.8,1.6,71.4,17.9,Cloudy
910827,400677,2024-09-17,24.6,18.3,37.9,13.3,Cloudy
910828,401830,2025-04-06,17.1,10.0,64.0,20.5,Haze
910829,404961,2024-01-19,35.8,1.0,62.0,7.9,Storm
910830,404262,2025-05-23,16.3,3.3,64.3,13.9,Haze
910831,401263,2024-12-13,45.2,12.4,83.0,4.2,Rain
910832,402222,2025-09-19,31.4,0.6,66.3,12.2,Clear
910833,404798,2026-02-19,30.2,1.7,70.4,15.5,Haze
910834,404208,2024-12-08,34.6,16.3,89.3,15.2,Haze
910835,402005,2025-12-14,33.6,13.6,12.1,25.9,Clear
910836,400050,2024-03-26,28.8,0.4,73.0,6.2,Haze
910837,402992,2026-04-29,26.6,2.5,79.7,9.7,Haze
910838,404915,2024-07-28,26.0,10.8,83.3,7.4,Cloudy
910839,401315,2026-04-07,22.6,15.5,92.6,5.7,Heavy Rain
910840,400614,2025-02-06,37.6,0.9,75.9,29.0,Rain
910841,403228,2025-04-03,24.9,26.4,63.0,2.2,Rain
910842,404322,2024-05-19,22.5,7.9,72.6,6.1,Haze
910843,402172,2026-02-16,34.6,4.2,69.2,12.0,Rain
910844,403567,2025-10-30,17.2,8.0,69.6,0.7,Haze
910845,402751,2024-04-09,35.6,11.7,90.2,6.8,Rain
910846,404345,2024-11-26,32.7,0.6,67.6,4.9,Rain
910847,404747,2024-12-25,15.9,12.8,67.0,1.6,Rain
910848,404938,2024-04-20,25.8,4.2,62.0,20.2,Storm
910849,404962,2024-02-28,23.1,29.6,64.3,10.1,Clear
910850,401140,2025-11-10,28.7,9.7,67.2,24.0,Clear
910851,402520,2025-09-03,34.3,2.4,73.9,18.0,Clear
910852,404849,2025-11-06,25.4,19.1,48.9,17.5,Rain
910853,401237,2024-05-18,2.2,0.4,51.7,6.2,Rain
910854,404134,2026-07-11,15.2,17.5,74.8,6.2,Rain
910855,400387,2025-03-03,25.4,6.1,64.3,7.4,Storm
910856,400483,2025-11-06,27.2,0.4,63.2,31.4,Heavy Rain
910858,403338,2024-03-29,41.5,10.6,56.4,56.6,Rain
910859,403918,2026-05-09,24.5,3.4,69.5,26.3,Storm
910860,401475,2026-02-21,10.0,17.2,97.0,11.7,Clear
910861,401800,2024-05-08,27.7,15.9,62.5,1.0,Rain
910862,404704,2026-03-16,42.6,6.1,65.4,0.0,Clear
910863,400090,2024-10-22,7.4,0.6,52.4,5.0,Storm
910864,401553,2024-06-19,30.6,6.2,83.6,0.5,Storm
910865,400961,2025-02-20,31.3,1.9,59.9,0.7,Clear
910866,400306,2026-03-30,30.4,1.5,90.3,2.9,Cloudy
910867,404117,2024-05-25,25.5,1.4,77.0,1.6,Cloudy
910868,404261,2024-03-28,25.3,13.1,41.8,28.1,Clear
910869,404507,2024-01-04,34.6,1.7,71.4,23.8,Haze
910870,402174,2026-07-06,19.2,3.1,32.2,9.0,Clear
910871,400151,2026-05-22,21.0,24.9,85.6,6.6,Storm
910872,401362,2026-05-31,32.8,3.1,40.6,2.7,Cloudy
910873,403611,2025-11-02,23.5,11.5,66.6,3.0,Clear
910874,402824,2024-12-22,31.2,10.0,65.6,10.0,Haze
910875,403698,2026-05-25,26.8,2.7,47.5,4.7,Clear
910876,401823,2026-01-10,32.8,6.2,46.9,16.4,Storm
910877,401132,2025-10-23,32.0,14.3,74.3,0.9,Clear
910878,404855,2024-06-18,33.8,3.5,49.3,9.8,Rain
910879,401864,2025-06-05,18.1,1.7,59.5,9.5,Haze
910880,401794,2025-03-30,33.8,2.0,64.5,5.1,Rain
910881,403723,2026-03-07,25.1,7.6,61.8,18.0,Cloudy
910882,400553,2026-07-17,21.8,4.3,42.4,7.4,Haze
910883,400581,2025-12-12,29.5,12.2,47.3,5.0,Heavy Rain
910884,404535,2026-01-20,21.9,2.5,58.7,18.0,Haze
910885,401106,2024-01-08,34.7,19.1,63.2,15.3,Rain
910887,402947,2025-12-06,26.7,1.5,80.2,15.1,Haze
910888,400509,2024-06-08,37.9,4.5,60.1,0.3,Rain
910889,400719,2024-07-03,12.0,4.4,62.8,1.8,Haze
910890,401023,2025-03-05,23.7,5.7,71.9,29.4,Clear
910891,400099,2026-06-18,20.6,7.4,73.6,13.5,Cloudy
910892,401009,2024-09-29,27.7,3.6,74.1,3.6,Storm
910893,403140,2025-08-07,38.2,11.5,70.9,15.5,Storm
910894,401837,2024-03-17,44.8,7.1,63.8,7.1,Clear
910895,400952,2026-07-03,18.4,5.4,69.1,49.5,Storm
910896,401598,2024-03-24,26.3,4.2,72.0,18.2,Storm
910897,402066,2024-04-20,12.9,10.7,42.4,25.2,Heavy Rain
910898,404726,2025-05-01,36.9,10.0,58.4,16.4,Rain
910899,404865,2025-04-29,26.2,3.0,63.8,10.6,Heavy Rain
910900,404963,2024-09-10,25.7,32.1,55.9,5.4,Storm
910901,402850,2025-12-18,37.5,33.3,61.7,29.5,Clear
910902,401522,2025-02-28,29.1,8.8,73.1,3.4,Haze
910903,403771,2024-08-05,25.0,0.3,77.4,1.2,Heavy Rain
910904,404676,2025-06-17,22.5,2.0,63.1,29.4,Storm
910905,404711,2025-02-23,27.1,3.9,92.4,16.7,Cloudy
910906,402288,2024-12-15,19.7,12.3,57.1,17.2,Heavy Rain
910907,404195,2026-01-15,22.0,10.2,63.4,3.0,Cloudy
910908,403196,2024-02-08,30.9,3.3,57.0,1.6,Storm
910909,404778,2024-01-15,20.8,2.4,72.4,12.9,Cloudy
910910,402223,2026-01-18,5.9,3.4,61.6,25.3,Clear
910911,403118,2025-12-13,32.9,6.2,58.3,17.0,Heavy Rain
910912,400269,2024-01-25,38.7,6.6,75.1,4.2,Rain
910913,402043,2026-07-15,26.7,0.9,54.2,6.0,Clear
910914,400673,2025-02-22,11.1,7.9,39.0,3.9,Haze
910915,401693,2024-04-22,23.9,11.0,23.2,12.6,Cloudy
910916,403036,2024-01-20,39.8,5.5,99.1,9.4,Haze
910917,404331,2024-01-20,18.7,4.2,79.3,16.9,Haze
910918,400313,2024-10-19,36.9,4.0,69.8,1.1,Haze
910919,402052,2024-04-07,14.1,9.9,71.7,4.5,Rain
910920,404144,2024-05-04,38.9,15.7,60.3,4.5,Haze
910921,400301,2024-04-03,29.1,6.8,54.3,3.6,Cloudy
910922,403142,2024-11-15,29.2,7.2,53.7,32.3,Haze
910923,402562,2025-12-30,26.1,7.7,68.4,5.2,Haze
910924,401829,2025-06-11,24.6,11.7,47.1,5.7,Haze
910925,401187,2026-02-17,29.2,0.3,65.2,1.0,Haze
910926,400119,2026-07-04,23.4,18.5,50.8,0.1,Cloudy
910927,403882,2026-05-14,26.0,15.9,62.1,21.3,Cloudy
910928,403959,2025-05-20,30.6,12.3,77.6,6.0,Storm
910929,403786,2026-06-14,27.7,6.2,55.7,19.1,Heavy Rain
910930,400376,2026-02-03,36.6,5.5,46.9,5.8,Clear
910931,403781,2025-03-10,32.9,1.5,53.8,3.0,Clear
910932,400843,2025-08-13,21.9,0.8,73.3,24.4,Clear
910933,403491,2024-04-05,37.3,1.2,76.2,3.7,Clear
910934,402537,2024-03-04,31.3,3.9,76.2,3.7,Cloudy
910935,404889,2024-08-22,42.6,6.8,60.0,13.5,Clear
910936,400648,2024-07-24,30.1,5.0,65.3,18.3,Storm
910937,402436,2024-11-09,17.9,0.9,34.7,14.1,Storm
910938,400588,2024-09-20,31.1,1.1,58.1,10.8,Heavy Rain
910939,403717,2025-03-25,34.3,2.7,56.8,9.1,Cloudy
910940,401116,2024-10-31,32.9,1.5,43.1,14.7,Heavy Rain
910941,404569,2024-05-29,28.3,1.3,50.1,3.3,Storm
910942,402222,2024-02-26,31.1,1.5,65.2,2.8,Storm
910944,402953,2024-04-23,35.1,20.8,76.7,15.5,Clear
910945,402817,2025-06-09,5.8,6.3,71.7,39.5,Storm
910946,403972,2026-01-03,24.7,6.6,82.0,9.7,Rain
910947,401025,2024-11-05,36.4,7.7,87.8,2.8,Haze
910948,400736,2025-12-04,16.1,0.8,71.7,11.0,Storm
910949,401125,2024-07-12,38.7,6.3,49.8,21.2,Clear
910950,404177,2026-04-16,32.3,1.0,49.0,0.8,Rain
910951,401352,2026-05-08,28.4,16.7,67.5,5.0,Rain
910952,404227,2024-10-17,30.8,0.3,45.9,2.0,Heavy Rain
910953,400103,2024-02-29,16.7,19.6,30.9,20.1,Storm
910954,402643,2024-05-24,42.9,4.2,47.6,7.3,Heavy Rain
910955,401290,2025-10-01,34.5,3.0,49.5,21.1,Haze
910956,403631,2025-02-11,26.8,6.1,58.6,7.0,Haze
910957,403774,2025-01-15,35.1,14.4,48.8,12.7,Rain
910958,400797,2025-06-11,17.7,0.8,62.2,5.1,Rain
910959,401196,2025-02-02,27.0,11.2,43.7,21.3,Heavy Rain
910960,404884,2025-12-04,26.2,3.2,78.4,5.0,Storm
910961,400931,2025-09-08,45.2,0.7,58.2,20.7,Rain
910962,402764,2024-08-12,24.6,7.4,71.9,8.8,Cloudy
910963,403207,2026-02-23,22.1,10.9,68.7,15.7,Storm
910964,401920,2026-04-27,22.0,5.2,53.1,19.7,Clear
910965,402272,2024-06-14,20.2,1.4,64.5,7.6,Storm
910966,403133,2024-10-08,14.4,0.4,59.3,12.6,Haze
910967,402421,2025-05-19,39.1,4.4,54.9,14.3,Heavy Rain
910968,401904,2025-05-09,29.6,5.5,50.0,0.5,Rain
910969,402518,2025-08-28,27.8,1.3,51.9,4.2,Haze
910970,401063,2024-05-11,15.4,1.3,45.6,4.4,Heavy Rain
910971,404742,2025-01-05,29.6,9.4,80.2,26.2,Clear
910972,402227,2024-08-10,38.7,1.8,89.7,50.3,Haze
910973,400996,2025-11-01,27.7,15.5,63.3,3.1,Clear
910974,403716,2026-01-28,35.8,6.8,30.4,7.5,Heavy Rain
910976,402159,2026-06-15,32.5,6.4,46.4,30.2,Heavy Rain
910977,403158,2025-07-08,38.7,6.9,37.0,1.7,Clear
910978,404819,2024-08-14,17.1,2.2,88.7,2.2,Cloudy
910979,404236,2025-01-06,36.3,9.1,81.9,2.2,Haze
910980,404666,2025-02-19,27.5,7.9,64.3,5.0,Clear
910982,404444,2026-03-24,25.1,8.7,37.9,3.3,Heavy Rain
910983,402164,2025-01-14,25.4,6.5,41.8,1.0,Cloudy
910984,402327,2024-06-25,32.5,0.8,56.3,18.0,Storm
910985,404409,2025-11-30,31.7,56.9,77.4,3.6,Heavy Rain
910986,403546,2025-01-17,30.4,15.7,62.6,1.2,Haze
910987,401298,2024-01-21,20.9,7.6,67.6,0.9,Rain
910988,402583,2025-09-08,34.8,2.3,77.6,4.1,Cloudy
910989,403182,2025-01-07,29.6,4.2,28.0,0.4,Storm
910990,400438,2024-08-19,23.1,3.6,97.9,0.1,Clear
910991,402328,2024-10-16,31.6,33.1,64.3,2.9,Haze
910992,403363,2025-12-29,23.1,5.9,59.5,8.8,Cloudy
910993,400110,2024-12-10,26.2,15.4,44.5,23.2,Rain
910994,404224,2026-06-02,19.5,10.7,64.3,11.9,Storm
910995,401559,2024-11-19,31.1,8.6,72.9,1.8,Clear
910996,402656,2024-06-08,11.0,0.6,63.5,75.3,Heavy Rain
910997,402095,2024-01-05,24.5,8.3,26.2,15.5,Rain
910998,401091,2025-04-11,23.8,7.6,64.3,2.6,Heavy Rain
910999,401583,2025-03-27,23.3,0.8,69.9,19.3,Clear
911000,403112,2025-05-08,15.4,4.9,65.0,15.5,Rain
911001,403274,2025-12-18,23.0,5.6,56.6,0.2,Haze
911002,404596,2024-07-28,38.2,8.5,66.2,9.2,Heavy Rain
911003,402410,2026-07-04,27.0,1.5,72.6,14.4,Storm
911004,403174,2024-06-15,26.5,0.2,93.9,6.5,Cloudy
911005,402703,2025-01-07,31.6,3.0,63.5,7.9,Rain
911006,400570,2025-06-16,31.8,14.1,90.8,7.8,Clear
911007,403802,2025-02-15,30.7,1.1,69.2,40.3,Clear
911008,403111,2025-09-30,33.4,3.6,88.7,3.5,Cloudy
911009,401188,2025-07-07,33.5,2.0,81.2,18.5,Haze
911010,401709,2024-04-17,26.5,5.2,71.9,32.1,Storm
911011,404636,2024-05-28,25.0,26.4,62.9,5.5,Storm
911012,403056,2024-01-15,16.9,22.8,51.0,7.4,Rain
911013,400967,2024-07-06,16.3,0.3,27.7,1.1,Cloudy
911014,402877,2024-12-06,16.4,1.8,62.2,57.8,Storm
911015,400404,2025-10-06,24.0,15.2,31.7,14.0,Heavy Rain
911016,400314,2024-02-19,26.0,18.7,35.3,14.6,Rain
911017,401684,2024-05-30,34.0,1.1,71.9,12.8,Clear
911018,403226,2024-06-15,33.3,10.2,55.8,8.1,Clear
911019,404587,2024-05-19,15.7,3.4,91.3,27.8,Haze
911020,401498,2024-12-27,24.3,5.4,48.7,10.7,Cloudy
911021,404946,2026-05-19,29.4,7.5,66.3,14.0,Rain
911022,404263,2025-02-23,28.0,6.4,71.2,3.8,Haze
911023,403973,2025-02-25,22.4,10.8,66.2,15.6,Storm
911024,401297,2025-07-08,29.6,18.8,48.2,26.1,Rain
911025,404387,2026-02-18,30.0,14.0,57.8,37.6,Rain
911026,402218,2025-10-30,26.5,1.5,79.5,9.4,Haze
911027,403930,2026-07-08,24.6,2.1,48.3,8.8,Haze
911028,402658,2024-11-28,33.4,22.7,40.9,6.9,Haze
911029,404946,2025-02-20,29.2,2.9,86.2,11.3,Cloudy
911030,404140,2025-12-17,26.8,30.2,69.2,14.1,Haze
911031,402805,2026-03-16,17.8,0.4,68.5,10.5,Storm
911032,402495,2026-01-28,30.2,3.7,47.4,14.9,Cloudy
911033,403293,2024-02-26,23.2,10.5,88.8,26.9,Cloudy
911034,400991,2025-03-22,24.3,3.8,53.8,8.3,Storm
911035,401151,2024-10-15,40.9,6.2,53.4,0.9,Clear
911036,401505,2026-04-16,17.4,14.6,36.9,2.0,Cloudy
911037,403697,2025-05-29,32.4,11.6,67.8,0.6,Heavy Rain
911038,404146,2026-06-29,10.1,1.0,40.6,0.0,Rain
911039,402035,2026-05-27,24.2,8.1,64.3,14.2,Cloudy
911040,401956,2025-04-05,26.6,16.5,42.2,2.8,Cloudy
911041,402520,2024-03-31,27.3,4.3,50.8,14.9,Storm
911043,403634,2025-03-19,20.1,4.1,64.3,5.8,Storm
911044,401249,2024-02-02,21.1,11.2,41.7,7.2,Cloudy
911045,404802,2025-02-13,26.9,2.4,76.3,8.4,Haze
911046,404905,2025-01-16,19.1,8.3,43.3,9.0,Rain
911047,404627,2024-06-05,18.7,13.3,71.7,6.1,Cloudy
911048,404351,2025-09-27,21.9,2.8,65.3,2.4,Clear
911049,403586,2024-07-22,32.7,8.4,59.3,14.1,Rain
911050,404488,2024-07-19,25.7,2.0,46.5,15.5,Rain
911051,400500,2026-06-29,20.9,3.2,72.6,5.3,Cloudy
911052,401870,2024-12-02,33.2,0.5,71.2,10.1,Heavy Rain
911053,403395,2026-01-17,33.1,6.7,78.7,13.7,Clear
911054,402935,2025-07-29,48.5,0.2,76.2,22.7,Storm
911055,400689,2025-10-12,26.4,5.2,54.9,56.6,Heavy Rain
911056,404206,2024-08-22,27.0,13.4,65.7,5.4,Storm
911057,401784,2025-06-04,27.0,0.3,37.7,13.1,Heavy Rain
911059,402003,2024-11-13,18.0,1.1,51.8,5.6,Rain
911060,404782,2025-07-04,29.3,5.5,82.2,12.8,Storm
911061,403368,2025-06-16,27.0,3.6,52.3,6.9,Haze
911062,402017,2026-03-14,25.6,4.6,89.6,10.9,Clear
911063,402326,2025-05-01,23.7,1.3,53.8,1.9,Rain
911064,402671,2024-06-28,41.7,0.1,76.3,0.2,Haze
911065,400320,2024-05-14,25.0,0.5,84.0,13.2,Rain
911066,403163,2026-05-20,28.5,4.7,76.5,1.2,Rain
911067,404972,2025-04-29,21.6,0.6,51.8,36.0,Haze
911069,403299,2026-03-16,19.9,3.2,16.2,3.6,Rain
911070,401412,2026-02-24,30.7,22.6,68.6,5.8,Storm
911071,404714,2025-05-29,24.8,4.1,51.2,0.8,Storm
911072,400259,2025-08-23,33.0,11.6,53.1,12.3,Cloudy
911073,400764,2024-10-03,25.0,5.2,72.7,23.5,Heavy Rain
911074,403762,2026-01-18,34.1,6.9,57.1,0.5,Heavy Rain
911075,403552,2025-07-13,18.8,1.1,85.1,23.0,Rain
911076,403709,2024-05-24,19.7,6.5,63.6,10.2,Haze
911077,404965,2024-08-22,35.3,1.3,73.6,2.5,Rain
911078,403894,2024-02-24,9.4,11.9,80.0,1.5,Cloudy
911079,401345,2026-05-04,27.0,7.3,55.9,4.2,Haze
911080,404023,2024-03-19,20.1,5.5,70.3,3.0,Storm
911081,402663,2025-09-21,17.3,2.6,62.9,41.0,Clear
911082,402755,2024-06-12,17.7,10.9,30.6,22.8,Clear
911083,401044,2026-02-14,25.1,19.9,34.6,3.3,Haze
911084,401145,2026-05-26,20.1,26.6,78.1,6.4,Rain
911085,400938,2025-07-17,23.4,0.5,62.9,17.7,Heavy Rain
911087,403345,2026-04-15,23.9,3.7,63.5,15.5,Rain
911088,401128,2024-09-20,21.0,2.1,71.3,3.2,Heavy Rain
911089,401473,2024-07-20,34.5,10.4,51.4,9.8,Rain
911090,403717,2024-07-05,23.6,2.4,93.7,15.9,Heavy Rain
911091,401376,2025-04-28,34.2,1.4,66.7,18.2,Heavy Rain
911092,401043,2025-03-02,35.2,12.4,94.8,4.5,Storm
911093,401335,2025-07-08,11.8,1.7,57.6,6.0,Storm
911094,403510,2026-04-08,25.7,2.7,56.2,2.8,Clear
911096,403296,2025-07-11,29.4,4.3,66.9,2.5,Cloudy
911097,403193,2024-12-06,38.8,16.8,70.1,21.9,Haze
911098,401525,2026-01-31,25.9,8.6,62.4,8.5,Heavy Rain
911099,400186,2024-08-06,13.7,5.8,61.6,9.9,Storm
911100,401345,2024-01-05,21.9,2.9,24.7,11.6,Haze
911101,401091,2026-06-17,27.0,13.7,72.3,1.1,Storm
911102,400776,2025-05-28,30.4,2.9,92.9,9.3,Cloudy
911104,401994,2024-08-31,28.2,2.3,56.4,8.3,Heavy Rain
911106,401005,2024-08-02,25.6,9.3,45.7,10.5,Haze
911107,400482,2024-01-25,37.2,7.7,64.5,12.2,Heavy Rain
911108,404290,2024-12-20,32.5,4.3,59.1,5.2,Rain
911109,402072,2024-09-13,27.0,4.2,68.8,39.7,Clear
911110,401810,2026-03-10,14.3,5.7,61.3,21.2,Haze
911111,401800,2024-11-11,41.4,3.9,39.2,9.8,Cloudy
911112,400048,2026-01-05,14.5,13.1,64.4,43.8,Clear
911113,402565,2025-04-02,19.6,12.3,57.8,12.3,Rain
911114,402295,2025-03-08,26.2,0.5,54.5,3.6,Clear
911115,400175,2025-08-27,20.3,1.9,66.7,2.6,Heavy Rain
911116,400025,2024-06-14,13.3,2.7,82.4,1.3,Heavy Rain
911118,403623,2026-06-06,21.2,5.5,53.7,16.4,Clear
911119,402578,2025-03-15,11.3,3.7,61.5,0.2,Rain
911120,400907,2026-06-23,37.3,1.1,52.9,13.0,Heavy Rain
911121,404417,2026-03-19,22.9,0.2,53.2,2.0,Cloudy
911122,401345,2024-11-24,15.7,4.4,56.7,4.3,Cloudy
911123,403356,2025-04-27,24.7,14.8,35.7,30.6,Cloudy
911124,403524,2025-01-30,39.4,8.6,85.8,25.3,Clear
911125,403082,2024-01-09,28.0,1.0,49.3,6.1,Heavy Rain
911126,402622,2024-12-02,29.8,15.7,64.1,35.4,Heavy Rain
911127,402215,2026-05-17,20.9,2.0,89.6,8.8,Storm
911128,403323,2025-07-10,23.2,19.7,66.4,10.8,Clear
911129,404484,2025-07-26,25.9,2.1,87.7,3.6,Heavy Rain
911130,401059,2024-04-12,12.7,4.7,78.1,5.7,Storm
911132,403334,2024-07-02,16.8,30.6,60.0,15.7,Rain
911133,400073,2024-11-30,29.4,9.3,59.7,0.8,Storm
911134,401309,2025-07-23,20.9,8.4,32.3,10.0,Storm
911135,402279,2024-03-11,27.3,14.3,58.8,24.9,Clear
911136,401728,2025-12-18,35.4,1.9,56.5,48.1,Rain
911137,402566,2024-03-03,23.1,6.3,63.8,14.4,Storm
911138,402554,2024-08-28,18.8,15.4,34.2,13.3,Heavy Rain
911139,403414,2025-05-01,35.7,10.4,68.1,33.4,Clear
911140,402701,2024-07-13,28.1,0.2,75.8,1.9,Haze
911141,401627,2026-03-10,21.2,0.6,65.3,5.9,Storm
911142,404381,2024-07-31,21.8,0.9,52.9,23.5,Rain
911143,404206,2025-08-25,31.2,1.7,36.9,72.2,Haze
911144,404999,2024-02-18,27.4,15.6,63.0,18.3,Cloudy
911145,401745,2024-01-24,19.1,10.1,62.7,28.5,Cloudy
911147,401385,2025-12-20,25.6,11.4,80.6,13.4,Rain
911148,403304,2025-12-07,16.3,2.2,67.4,52.6,Clear
911149,403272,2025-09-01,30.9,0.4,66.4,2.7,Heavy Rain
911150,401452,2026-07-05,21.8,6.9,76.4,2.2,Storm
911151,401999,2024-09-20,31.4,3.2,51.1,4.1,Storm
911152,404728,2024-10-15,27.0,0.8,75.8,2.9,Clear
911153,403858,2024-05-03,25.5,22.5,91.3,1.1,Cloudy
911154,402540,2024-01-21,37.0,10.2,79.9,6.2,Storm
911155,404995,2026-04-23,21.8,1.5,60.8,9.7,Cloudy
911156,400188,2025-08-19,26.0,16.4,69.7,10.1,Clear
911157,402126,2025-03-10,20.7,2.0,64.3,3.4,Storm
911158,403302,2025-05-18,13.2,11.0,85.7,11.4,Heavy Rain
911159,400424,2024-03-10,22.6,0.3,66.1,58.4,Haze
911160,401876,2024-12-16,39.4,8.7,30.4,0.5,Storm
911161,404107,2024-08-31,19.9,0.9,67.4,22.5,Rain
911162,402798,2026-03-29,34.0,8.8,85.0,10.7,Haze
911163,401436,2024-06-06,9.9,4.2,63.4,6.7,Haze
911164,400492,2025-10-03,20.8,12.0,68.1,26.4,Heavy Rain
911165,403266,2025-07-29,17.3,7.4,50.9,7.1,Storm
911166,403192,2024-11-04,19.4,11.5,41.8,7.9,Storm
911167,403133,2024-07-30,32.2,2.3,64.3,12.9,Cloudy
911168,400937,2025-01-15,38.2,7.0,50.1,15.1,Rain
911169,404346,2024-02-27,40.3,2.3,92.1,16.1,Heavy Rain
911170,402096,2026-03-10,37.4,4.6,35.4,29.3,Heavy Rain
911171,400905,2024-04-13,36.1,17.8,92.4,0.7,Rain
911172,402445,2026-03-06,35.2,3.9,64.5,13.8,Storm
911173,401756,2025-04-14,31.4,14.5,81.9,31.1,Storm
911174,404629,2025-02-15,15.4,11.2,46.9,21.9,Storm
911175,400579,2025-11-03,28.6,14.1,73.2,17.8,Clear
911176,404626,2025-03-22,21.6,9.8,70.4,26.7,Storm
911177,402030,2026-03-19,15.2,14.8,70.9,16.8,Storm
911178,403698,2026-04-16,34.3,15.7,46.4,4.5,Cloudy
911179,400251,2025-02-04,31.3,1.6,78.8,14.4,Clear
911180,403660,2025-08-07,32.8,10.1,82.3,6.8,Clear
911181,402603,2025-02-04,30.2,18.8,54.2,25.8,Rain
911182,404915,2024-10-27,27.5,4.4,67.9,14.1,Cloudy
911183,403614,2026-05-19,38.4,7.5,36.1,0.6,Heavy Rain
911184,400426,2025-05-28,21.0,5.0,59.7,6.1,Haze
911185,403380,2024-10-25,36.2,1.9,61.8,0.3,Storm
911186,404046,2025-12-03,32.4,4.3,82.8,6.7,Haze
911187,400865,2024-06-08,20.1,3.4,58.0,7.0,Cloudy
911188,402018,2025-11-08,31.4,1.7,68.1,48.4,Clear
911189,404934,2025-01-04,32.3,27.4,55.0,10.1,Rain
911190,402550,2025-01-04,56.7,0.3,72.3,1.3,Clear
911191,404063,2024-11-10,24.0,5.9,74.5,1.4,Haze
911192,403062,2025-03-22,42.9,5.4,50.6,50.9,Storm
911193,403714,2025-06-20,24.3,23.8,57.8,7.9,Heavy Rain
911194,402673,2024-05-02,15.2,2.0,68.7,16.2,Haze
911196,401873,2026-05-31,26.1,13.0,68.8,1.6,Storm
911197,404199,2024-02-28,22.8,1.9,81.1,10.6,Clear
911198,400673,2024-11-19,33.0,4.0,73.3,1.7,Cloudy
911199,404497,2025-01-03,27.1,3.2,62.1,3.6,Cloudy
911200,402881,2026-03-10,28.0,0.6,77.1,25.0,Rain
911201,401249,2025-05-06,36.3,2.4,38.9,9.6,Clear
911202,404386,2026-05-03,26.2,7.8,71.7,9.0,Rain
911203,404590,2025-05-03,25.7,1.9,45.5,17.7,Rain
911204,403561,2025-08-21,28.9,1.6,78.6,9.0,Rain
911205,401897,2026-06-23,34.1,1.9,79.6,1.7,Clear
911206,401320,2024-10-17,23.7,0.9,27.0,2.3,Storm
911207,404461,2026-02-08,42.0,11.2,60.9,15.0,Heavy Rain
911208,404360,2025-01-31,27.0,9.6,55.1,24.2,Rain
911209,402589,2026-07-08,37.1,7.7,70.8,34.8,Rain
911210,402999,2024-10-03,19.2,12.0,99.1,26.2,Clear
911211,403935,2024-06-23,25.3,18.6,66.2,5.6,Clear
911212,400227,2026-01-21,32.5,28.8,61.6,0.4,Rain
911213,402387,2026-02-16,23.4,5.1,49.9,0.6,Haze
911214,404007,2025-07-11,36.0,6.0,89.6,23.0,Haze
911215,404525,2025-09-29,40.4,1.1,87.5,11.9,Storm
911216,404640,2025-04-14,25.9,12.3,44.3,10.9,Heavy Rain
911217,400585,2026-05-08,13.2,4.5,44.2,11.6,Heavy Rain
911219,403404,2025-11-07,16.0,0.4,75.4,15.5,Haze
911220,404283,2024-11-09,17.2,12.9,66.3,2.0,Rain
911221,401218,2025-06-26,32.3,0.8,56.3,4.2,Heavy Rain
911222,404750,2025-10-11,15.8,3.5,43.3,9.8,Storm
911223,404777,2025-05-12,30.7,11.4,60.8,1.3,Storm
911224,401275,2024-02-12,17.3,0.3,59.6,18.0,Storm
911225,403003,2024-07-02,30.1,8.1,63.2,4.1,Haze
911226,404140,2024-07-18,27.3,2.0,78.1,10.5,Rain
911228,401754,2026-01-26,27.2,7.9,77.5,4.2,Rain
911229,402377,2024-02-20,16.3,3.5,56.2,3.6,Cloudy
911230,401125,2025-05-27,19.1,0.1,38.4,1.2,Haze
911231,404213,2025-03-17,23.6,5.9,38.6,13.8,Heavy Rain
911232,402987,2026-01-19,33.9,4.6,70.7,16.6,Cloudy
911233,403750,2025-11-20,27.0,12.6,40.2,2.7,Cloudy
911236,400448,2024-07-18,24.9,2.5,42.9,33.0,Storm
911237,404119,2025-08-06,31.5,13.8,75.0,5.5,Rain
911238,402348,2024-04-25,47.4,8.5,75.6,3.4,Cloudy
911239,403314,2024-04-01,17.9,0.3,64.3,29.5,Rain
911240,402459,2025-10-01,23.2,3.2,80.2,1.3,Cloudy
911242,400648,2026-05-18,33.0,15.1,78.2,4.4,Heavy Rain
911243,401325,2025-01-19,16.9,14.9,68.9,17.9,Cloudy
911244,401856,2026-05-15,30.2,0.4,69.5,9.7,Rain
911245,401045,2024-05-01,30.7,7.0,64.3,0.0,Cloudy
911246,400574,2025-02-06,34.8,2.8,82.6,20.2,Rain
911248,404426,2025-09-03,24.4,1.7,89.4,29.8,Storm
911249,401583,2025-06-08,31.2,0.8,78.8,0.4,Storm
911250,402265,2025-12-02,32.5,5.6,36.1,9.3,Haze
911251,401185,2025-01-06,29.1,1.0,46.0,1.8,Clear
911252,403818,2026-02-27,30.3,0.3,83.8,16.2,Haze
911253,402816,2024-02-17,33.3,3.6,76.5,8.0,Rain
911254,400818,2026-04-05,15.4,2.0,56.2,0.9,Rain
911255,400551,2024-12-02,32.8,3.5,70.0,13.7,Storm
911256,403695,2024-09-13,24.4,4.0,60.0,30.6,Rain
911257,401309,2025-09-09,31.6,3.9,70.1,34.1,Storm
911258,402519,2024-07-15,37.5,15.9,66.3,10.2,Cloudy
911259,404436,2025-08-18,28.9,5.5,76.1,1.8,Cloudy
911260,401237,2024-10-21,25.8,6.7,61.2,9.5,Haze
911261,401541,2026-03-06,40.6,11.2,85.6,31.5,Rain
911262,401362,2025-08-30,20.6,1.5,64.3,4.2,Haze
911263,400099,2025-06-15,27.8,4.4,73.4,21.4,Clear
911264,401228,2026-07-03,20.3,1.5,55.8,8.5,Storm
911265,402017,2024-06-30,28.8,14.6,67.4,17.2,Rain
911266,403538,2024-10-02,18.4,5.4,58.7,4.2,Heavy Rain
911267,402287,2024-11-11,27.5,2.9,49.5,23.0,Rain
911268,403431,2025-03-29,34.4,2.6,59.7,18.6,Haze
911269,404228,2024-07-18,24.0,10.2,46.0,12.2,Rain
911270,403855,2025-02-03,29.0,3.1,58.6,23.1,Haze
911271,400429,2025-07-18,32.2,2.6,75.7,11.0,Rain
911273,404615,2025-05-08,27.3,8.1,85.4,0.1,Rain
911274,404335,2026-06-27,14.3,1.1,65.4,18.5,Haze
911275,403967,2025-08-29,21.1,6.6,67.7,7.5,Clear
911276,402797,2025-07-25,31.1,4.5,54.0,5.9,Cloudy
911277,403417,2025-09-19,33.5,2.2,53.7,25.1,Cloudy
911278,404923,2025-04-26,22.3,6.6,71.1,6.1,Heavy Rain
911279,400699,2026-05-28,34.9,1.1,93.5,2.5,Haze
911280,400113,2025-04-19,21.8,10.6,68.5,0.8,Clear
911281,402696,2026-04-04,21.3,12.7,79.6,11.3,Rain
911283,403123,2024-06-06,38.2,2.6,62.9,0.3,Clear
911284,402083,2025-12-22,25.5,12.3,62.1,20.4,Heavy Rain
911285,403172,2025-06-02,30.3,10.2,1.4,18.5,Cloudy
911286,403783,2024-11-17,10.4,1.0,59.4,9.2,Cloudy
911287,403404,2024-06-23,19.9,2.8,70.3,0.5,Storm
911288,404453,2026-04-15,19.0,2.0,55.9,6.7,Storm
911290,401061,2026-06-02,22.5,3.4,58.5,5.5,Rain
911291,400691,2025-08-18,27.2,1.3,78.2,24.0,Rain
911292,404699,2025-03-19,39.3,4.9,60.7,12.2,Heavy Rain
911293,403286,2026-02-03,22.8,2.8,92.9,3.2,Clear
911294,403179,2024-11-27,38.1,0.6,82.5,5.2,Rain
911295,401281,2025-02-01,33.4,6.5,58.2,6.1,Cloudy
911296,402837,2024-05-25,31.4,3.6,49.1,23.0,Storm
911297,400970,2025-12-27,17.7,8.5,64.3,18.5,Rain
911298,402839,2025-07-13,24.5,5.2,79.7,14.0,Haze
911299,402170,2024-06-16,23.8,19.9,82.3,21.4,Rain
911300,401794,2026-01-19,20.9,3.3,74.4,0.8,Haze
911301,401254,2024-02-28,19.9,3.7,52.0,1.5,Rain
911302,403322,2026-03-25,34.9,5.8,82.2,2.0,Storm
911303,401559,2024-12-09,26.5,4.8,69.7,20.2,Rain
911304,404135,2024-12-30,27.9,7.2,37.3,9.5,Cloudy
911305,400578,2026-05-15,20.5,10.6,47.0,21.4,Clear
911306,402217,2026-02-21,31.5,16.8,45.8,0.4,Haze
911307,400546,2026-02-23,26.0,1.7,35.7,22.3,Clear
911308,401245,2024-09-23,27.7,5.6,78.2,5.7,Clear
911309,402713,2025-02-17,20.6,7.8,62.2,23.9,Rain
911310,400161,2024-12-01,25.8,5.0,64.3,29.2,Cloudy
911311,403173,2025-04-16,33.1,0.5,77.3,13.7,Rain
911312,400610,2024-02-16,35.0,18.0,64.3,0.5,Rain
911313,403057,2025-03-05,26.5,7.7,54.4,4.8,Clear
911314,401718,2025-06-06,20.6,1.9,65.0,43.0,Storm
911315,404194,2024-06-04,19.6,1.3,72.5,3.7,Clear
911316,403540,2024-08-12,10.1,8.8,63.1,7.6,Cloudy
911317,401589,2025-03-11,20.4,9.6,57.9,1.9,Rain
911318,400848,2024-10-12,23.7,1.3,84.6,16.0,Heavy Rain
911319,402942,2025-05-11,42.1,6.3,89.7,19.3,Storm
911320,401802,2026-06-13,16.5,12.4,62.4,7.8,Rain
911321,400096,2026-07-09,27.0,24.8,64.7,14.1,Heavy Rain
911323,402673,2024-12-05,29.1,13.4,74.5,12.6,Storm
911324,404953,2025-08-16,26.4,12.9,60.4,5.1,Storm
911325,403769,2024-11-15,20.6,6.3,52.0,3.3,Heavy Rain
911326,403261,2024-09-16,32.9,6.3,67.2,4.4,Cloudy
911327,401228,2024-11-30,27.9,10.1,56.4,2.5,Cloudy
911328,404727,2025-09-05,42.3,1.7,79.8,19.6,Clear
911329,401494,2026-02-18,38.0,16.9,64.2,3.1,Rain
911330,404118,2024-08-26,33.0,9.7,10.6,33.9,Rain
911331,403235,2024-01-11,22.0,3.3,43.9,12.2,Clear
911332,402409,2026-04-10,37.6,7.8,49.8,4.2,Cloudy
911333,404095,2025-02-03,28.4,1.1,69.3,3.3,Rain
911334,403897,2024-12-14,25.7,11.8,55.9,18.5,Storm
911335,400519,2025-07-28,27.1,9.1,54.5,26.4,Heavy Rain
911336,400762,2025-06-10,24.0,3.3,66.6,17.2,Haze
911337,402136,2026-02-04,27.0,12.2,78.1,9.7,Heavy Rain
911338,403188,2025-09-04,18.8,20.6,89.8,4.5,Storm
911339,401830,2025-10-05,35.2,0.7,35.5,21.8,Clear
911340,403085,2024-05-26,20.6,9.8,91.6,1.1,Clear
911341,401900,2024-07-30,27.3,32.4,56.0,15.5,Heavy Rain
911342,402036,2026-07-16,25.0,14.6,61.6,4.3,Rain
911343,400677,2024-08-26,37.7,2.3,75.2,5.2,Clear
911344,404119,2026-06-05,18.0,2.7,76.0,2.4,Clear
911345,403876,2024-08-07,23.2,8.0,65.6,1.6,Clear
911346,404534,2024-05-19,15.5,13.0,41.9,14.7,Heavy Rain
911347,402061,2025-09-20,21.8,23.0,92.2,3.9,Heavy Rain
911348,404561,2024-12-25,16.1,10.8,52.4,4.5,Heavy Rain
911349,404795,2025-08-08,28.3,0.6,48.5,7.6,Cloudy
911350,401490,2026-06-23,22.2,1.6,64.0,25.1,Haze
911352,402968,2024-12-01,28.2,18.4,19.9,34.7,Haze
911353,402866,2025-02-08,26.6,4.4,55.7,8.5,Rain
911354,401438,2025-09-02,29.7,11.1,75.6,5.5,Rain
911355,400407,2026-04-02,24.9,22.4,85.3,5.1,Rain
911356,404529,2025-08-30,50.4,4.2,53.3,23.8,Haze
911357,401939,2025-06-25,30.9,1.9,65.8,9.9,Cloudy
911358,401325,2026-01-24,34.5,11.9,64.3,14.4,Heavy Rain
911359,403364,2026-06-29,17.6,7.2,75.9,12.4,Rain
911360,404112,2024-12-03,27.1,5.5,59.6,24.7,Rain
911361,402965,2024-11-06,21.5,0.2,45.8,4.0,Haze
911362,404623,2025-01-20,19.3,4.4,93.2,7.6,Storm
911363,402340,2025-09-21,26.2,5.4,40.4,20.9,Rain
911364,401710,2025-05-28,26.7,15.9,27.0,2.0,Haze
911365,401563,2025-01-20,36.8,4.8,61.4,7.5,Haze
911366,402737,2024-09-12,18.6,8.3,30.9,46.7,Heavy Rain
911367,404055,2025-01-27,30.5,17.2,80.0,0.1,Clear
911368,403004,2024-04-21,32.6,8.2,58.5,35.6,Heavy Rain
911369,400501,2026-06-24,31.4,19.6,60.5,4.4,Haze
911370,404090,2026-03-25,38.2,2.7,76.2,21.4,Rain
911371,401870,2026-04-11,27.6,1.5,35.3,3.4,Haze
911372,404473,2025-04-23,14.1,1.4,49.4,22.3,Storm
911373,400515,2024-09-26,23.5,6.1,73.0,13.7,Storm
911374,403793,2024-02-19,34.2,21.8,57.4,15.4,Storm
911375,402179,2025-06-19,41.3,8.3,67.3,3.0,Storm
911376,401206,2026-03-20,29.6,3.1,55.1,4.4,Cloudy
911377,403798,2025-05-08,37.8,11.4,64.2,2.4,Clear
911378,400386,2024-10-28,27.5,4.3,78.2,4.0,Heavy Rain
911379,404807,2024-02-27,24.1,6.3,41.9,6.3,Heavy Rain
911380,402349,2024-10-30,30.2,7.2,61.1,4.5,Storm
911381,404021,2024-11-30,39.4,0.9,60.1,16.0,Heavy Rain
911382,400562,2026-04-08,39.2,7.5,64.8,1.7,Rain
911383,403021,2024-01-31,16.4,3.8,56.3,13.4,Rain
911384,402412,2024-03-01,25.6,27.9,73.5,0.7,Clear
911385,403799,2025-04-23,34.1,0.9,70.3,10.4,Rain
911386,402842,2024-05-11,24.4,8.6,36.9,33.2,Haze
911387,402652,2026-04-08,36.8,12.5,64.3,8.6,Haze
911388,404280,2024-04-09,21.8,10.4,64.4,66.3,Rain
911389,404022,2025-09-05,29.4,2.0,55.4,20.4,Rain
911390,403412,2024-11-24,28.8,1.6,74.3,19.4,Rain
911391,404391,2024-11-28,19.5,11.5,65.4,18.6,Clear
911392,402077,2025-10-27,25.7,11.8,59.5,45.2,Clear
911393,400279,2024-03-05,29.8,5.2,40.8,8.6,Cloudy
911394,401457,2025-11-08,30.7,5.2,76.6,33.3,Rain
911395,402763,2025-08-31,18.0,10.6,55.8,5.9,Rain
911396,404089,2025-11-11,26.1,1.1,58.8,23.5,Heavy Rain
911397,404613,2024-11-05,33.2,2.8,44.7,29.5,Clear
911398,400321,2024-03-09,17.7,14.6,63.6,12.6,Storm
911399,400642,2025-04-10,28.7,26.9,49.8,0.8,Haze
911400,404729,2025-09-14,28.8,5.6,34.6,2.7,Haze
911401,403780,2025-04-18,27.2,3.9,73.8,10.0,Heavy Rain
911402,400382,2026-05-15,20.1,3.5,43.8,15.5,Haze
911403,400044,2024-05-02,33.0,13.4,77.4,8.7,Rain
911404,402903,2024-10-04,31.1,5.5,50.1,22.4,Clear
911405,404861,2026-03-27,19.4,4.9,80.0,9.4,Storm
911407,404757,2025-07-21,36.1,6.1,70.3,0.3,Storm
911408,401830,2025-04-26,42.6,7.8,71.2,9.4,Heavy Rain
911409,402995,2024-03-30,38.2,2.1,83.9,10.8,Haze
911410,403472,2025-05-10,36.3,2.9,53.9,10.2,Heavy Rain
911411,404461,2026-05-15,18.6,1.3,71.3,4.2,Haze
911413,400162,2024-01-25,23.8,7.6,47.2,18.9,Storm
911414,404495,2025-09-08,34.3,4.7,69.5,5.5,Heavy Rain
911415,401472,2025-03-26,33.8,2.7,57.8,12.1,Rain
911416,401772,2025-02-12,26.9,8.6,62.6,3.7,Haze
911417,401982,2024-07-29,20.7,0.5,93.4,11.9,Storm
911418,404017,2025-05-01,19.5,12.0,53.3,6.9,Haze
911419,404563,2025-05-13,28.3,6.7,86.6,11.7,Storm
911420,402900,2026-04-26,22.3,12.5,65.3,4.2,Clear
911421,402537,2025-04-28,28.8,12.8,64.3,5.1,Cloudy
911422,403371,2026-01-05,18.0,14.9,64.6,13.8,Heavy Rain
911423,401423,2024-10-25,16.7,6.1,72.4,22.1,Heavy Rain
911424,403669,2025-11-01,28.2,1.8,67.0,12.8,Storm
911425,400272,2024-09-14,26.7,5.9,60.5,8.0,Heavy Rain
911426,403173,2026-05-11,13.6,0.5,63.7,1.7,Haze
911427,400536,2025-09-27,11.5,1.8,91.3,6.7,Heavy Rain
911428,403195,2024-01-24,42.8,6.9,54.3,15.3,Storm
911429,402613,2024-03-08,32.7,33.8,66.1,44.6,Clear
911430,403977,2025-03-12,34.7,10.8,58.5,3.2,Clear
911431,403335,2024-07-05,32.9,4.6,70.0,20.8,Cloudy
911432,403703,2024-11-17,29.6,9.6,52.9,10.8,Rain
911433,402041,2025-10-15,23.3,3.7,57.9,4.4,Haze
911434,403715,2026-02-26,23.0,5.5,65.8,3.1,Rain
911435,402432,2024-02-17,29.3,9.3,67.2,0.1,Clear
911436,403042,2024-03-26,21.9,0.4,68.2,14.1,Haze
911437,400480,2025-06-18,12.6,29.9,64.3,0.5,Haze
911438,402882,2026-06-24,38.5,0.9,67.4,0.4,Heavy Rain
911439,402463,2025-04-02,19.7,6.7,64.3,27.9,Storm
911440,404961,2024-12-09,19.3,1.6,70.7,8.9,Cloudy
911441,401823,2025-12-25,35.3,7.1,52.8,3.7,Heavy Rain
911442,401969,2024-07-17,17.3,16.1,69.7,14.7,Storm
911443,401222,2025-09-12,29.7,20.9,65.7,5.8,Haze
911444,400545,2025-08-13,45.0,14.0,51.9,4.9,Heavy Rain
911447,404348,2024-04-04,36.5,6.3,81.0,0.1,Haze
911448,402934,2025-09-11,28.8,2.2,83.2,1.2,Clear
911449,400009,2024-03-27,26.8,6.2,28.0,14.6,Haze
911450,404143,2025-03-10,34.9,4.9,64.3,2.4,Storm
911451,400115,2025-12-07,36.1,2.3,60.9,6.2,Clear
911452,403249,2026-01-18,19.5,9.4,32.6,10.6,Haze
911453,403998,2024-02-29,27.0,7.7,64.3,22.3,Haze
911454,401625,2024-10-06,34.7,3.0,48.9,11.8,Haze
911455,403507,2026-06-01,19.7,0.6,46.0,4.7,Heavy Rain
911456,401807,2024-09-23,29.4,3.2,54.4,13.7,Rain
911457,404843,2024-01-31,34.6,18.5,64.3,21.4,Storm
911458,401467,2024-10-08,28.1,9.5,66.4,2.9,Rain
911459,400681,2025-10-14,32.7,8.6,47.3,5.5,Haze
911460,400215,2024-07-04,21.2,0.7,49.2,4.1,Rain
911461,400214,2024-07-01,10.6,1.9,17.2,6.2,Heavy Rain
911462,401897,2025-04-25,23.2,4.4,18.6,5.7,Haze
911463,400173,2024-07-11,24.5,0.5,80.2,17.6,Cloudy
911464,404466,2026-05-24,26.9,2.5,49.3,1.1,Haze
911465,402264,2025-01-15,27.6,4.3,92.8,20.2,Heavy Rain
911466,404553,2024-06-01,28.6,2.1,65.3,1.1,Heavy Rain
911467,404334,2025-01-07,23.1,8.3,40.0,10.7,Clear
911468,403788,2025-09-12,34.6,1.6,73.5,0.4,Rain
911469,401448,2024-03-05,23.7,1.4,52.5,20.4,Haze
911470,402068,2025-10-13,22.2,24.3,55.6,0.8,Haze
911471,402825,2024-08-19,38.3,12.1,72.3,11.1,Haze
911472,400399,2026-01-31,25.3,21.4,70.4,6.6,Storm
911473,403245,2025-01-23,27.6,2.1,67.7,17.7,Rain
911474,400427,2026-03-14,28.3,4.7,60.1,1.1,Haze
911475,404898,2025-04-14,30.5,2.8,81.7,13.8,Storm
911476,402229,2025-08-14,34.1,9.8,64.4,36.8,Haze
911477,401719,2024-05-26,17.4,22.1,81.6,57.4,Storm
911479,401360,2026-05-30,29.2,1.9,86.3,7.1,Clear
911480,402893,2025-11-01,20.2,13.1,78.1,3.7,Clear
911481,403588,2024-10-09,22.2,4.9,36.2,23.8,Clear
911482,402978,2024-05-30,28.9,5.9,36.8,24.3,Storm
911483,402325,2024-05-28,27.0,0.2,52.2,3.0,Heavy Rain
911484,402431,2025-04-01,39.3,11.2,88.2,27.9,Rain
911485,403867,2025-11-14,16.4,0.4,50.0,0.9,Storm
911486,401514,2024-06-18,24.0,16.9,36.4,5.5,Cloudy
911487,403063,2024-12-30,25.5,10.5,47.8,23.9,Clear
911488,404708,2024-04-22,22.8,1.0,72.9,10.8,Heavy Rain
911489,402507,2024-04-16,22.5,1.2,68.5,35.1,Heavy Rain
911490,402917,2024-12-05,26.5,0.1,80.0,0.2,Heavy Rain
911491,402073,2025-01-10,21.0,11.7,89.2,15.5,Clear
911492,401946,2024-08-06,27.0,11.4,64.3,15.3,Rain
911493,401257,2025-09-25,30.7,8.8,70.3,12.0,Heavy Rain
911494,404343,2024-10-03,22.0,11.6,33.7,16.7,Haze
911495,404241,2026-02-25,20.6,5.2,61.2,0.1,Heavy Rain
911496,400623,2026-06-01,44.7,5.4,61.8,17.0,Cloudy
911497,400918,2024-02-05,16.7,4.9,67.9,6.1,Haze
911498,400437,2025-01-27,21.3,3.3,79.6,0.9,Haze
911499,400320,2025-05-22,26.1,0.1,48.0,3.4,Heavy Rain
911500,402837,2024-07-24,27.4,1.5,34.9,12.9,Haze
911501,402942,2025-08-13,37.1,7.1,55.9,10.9,Cloudy
911502,403004,2025-05-31,32.1,8.3,61.3,15.5,Haze
911503,400912,2025-03-26,31.0,14.7,72.7,36.7,Rain
911505,402934,2025-11-07,25.6,9.8,88.7,31.6,Rain
911506,401509,2025-12-15,19.1,3.8,90.7,9.7,Clear
911507,400862,2025-07-22,28.1,3.2,62.1,12.9,Haze
911508,404498,2025-05-20,24.1,5.4,79.9,12.5,Clear
911509,402926,2024-12-09,26.7,1.3,77.9,2.7,Clear
911510,401966,2024-10-07,30.1,2.2,64.3,4.2,Storm
911511,402928,2024-03-10,25.6,5.7,71.0,11.2,Storm
911512,400228,2025-12-28,26.8,0.9,55.5,17.0,Cloudy
911513,402497,2024-10-10,23.0,0.8,75.1,21.5,Haze
911514,403310,2024-01-22,24.5,1.3,67.4,3.6,Haze
911515,400611,2025-04-06,30.5,3.7,68.3,4.2,Storm
911516,401179,2024-08-16,23.6,5.3,73.0,8.2,Cloudy
911517,402796,2024-06-14,15.3,3.0,59.9,2.9,Rain
911518,400352,2025-09-20,14.9,2.1,93.8,9.5,Haze
911519,401568,2026-06-10,27.9,15.7,54.6,3.3,Haze
911520,400451,2024-02-07,32.6,4.6,58.4,3.7,Cloudy
911521,402072,2026-03-12,24.0,3.9,87.1,6.3,Storm
911522,402312,2024-09-02,27.8,8.1,74.8,1.3,Haze
911523,403499,2024-04-03,23.5,0.9,20.3,9.2,Rain
911524,404913,2025-07-08,25.3,0.3,78.8,11.1,Storm
911525,402022,2024-08-07,22.3,7.0,58.7,1.9,Cloudy
911527,401151,2025-06-01,25.1,12.0,73.8,10.0,Clear
911528,400881,2026-03-12,28.2,9.1,43.4,1.5,Storm
911529,402304,2025-10-10,29.0,16.8,50.9,16.1,Cloudy
911530,401635,2024-02-03,27.4,1.6,37.4,7.3,Rain
911531,402083,2025-10-26,36.8,23.6,47.8,6.5,Storm
911532,400643,2024-03-18,28.6,0.5,64.3,10.6,Haze
911533,403032,2024-02-03,13.7,3.1,38.9,4.3,Haze
911534,401406,2026-01-03,32.8,0.4,70.5,11.0,Clear
911535,400880,2024-10-24,19.7,13.0,64.3,15.2,Cloudy
911536,400262,2024-03-24,26.5,1.8,75.5,10.7,Rain
911537,400230,2024-01-07,17.8,8.9,62.1,2.3,Cloudy
911538,404866,2025-08-02,27.3,4.1,53.1,0.5,Cloudy
911539,403832,2024-11-02,37.9,3.3,58.1,3.4,Clear
911540,402839,2024-11-29,40.4,39.4,51.4,0.5,Haze
911541,403613,2024-10-17,28.4,4.7,70.7,11.0,Heavy Rain
911543,400060,2026-06-25,25.3,1.1,62.2,5.3,Clear
911544,404364,2025-06-23,24.7,0.8,61.6,19.0,Storm
911545,400538,2026-04-22,31.9,1.0,40.7,20.7,Storm
911546,402140,2024-08-08,38.9,3.1,58.2,0.1,Haze
911547,400009,2025-02-16,32.3,0.5,81.1,4.2,Rain
911548,401169,2024-11-20,19.3,6.0,96.3,10.0,Rain
911549,401506,2026-06-01,20.9,18.8,74.2,15.3,Storm
911550,403781,2026-07-17,40.4,8.4,57.6,16.0,Heavy Rain
911551,400225,2025-12-25,28.2,0.5,57.4,5.9,Clear
911552,401128,2025-01-18,25.8,12.5,82.2,3.9,Storm
911553,404763,2024-12-24,13.4,2.8,41.0,14.2,Heavy Rain
911554,404954,2025-03-20,41.8,28.8,80.2,9.2,Heavy Rain
911555,400055,2025-09-18,32.3,2.0,85.7,5.6,Heavy Rain
911556,404780,2024-07-11,29.0,9.0,51.6,27.3,Haze
911557,403921,2024-11-19,20.2,2.3,54.5,5.1,Storm
911558,403894,2025-11-14,15.5,10.8,57.5,22.1,Clear
911559,402989,2024-12-26,11.8,5.5,91.4,21.5,Clear
911560,401528,2024-05-11,25.2,1.6,71.3,0.8,Storm
911561,400201,2025-04-21,22.8,1.8,33.3,7.9,Cloudy
911562,400453,2025-01-30,29.2,8.9,69.4,1.5,Clear
911563,402963,2024-06-07,32.5,3.2,60.3,5.9,Clear
911564,404562,2024-04-12,19.2,5.8,61.9,1.4,Storm
911565,401156,2026-04-11,31.9,21.0,42.3,3.6,Heavy Rain
911566,404295,2024-07-17,25.2,9.6,52.1,0.0,Heavy Rain
911567,401864,2025-07-23,21.8,1.7,85.7,15.4,Haze
911568,404381,2024-05-16,24.7,4.3,65.8,7.7,Cloudy
911569,403424,2026-05-16,20.6,14.6,73.3,6.5,Haze
911570,404262,2026-01-20,30.0,10.6,44.5,45.9,Haze
911571,401534,2024-09-19,38.0,10.1,68.8,14.6,Clear
911572,402558,2026-01-10,32.8,2.3,42.5,0.8,Clear
911573,404971,2024-08-05,27.9,6.8,74.5,11.5,Cloudy
911574,404466,2024-11-11,33.8,17.0,83.2,13.5,Rain
911575,400714,2026-04-28,34.2,3.8,50.9,5.0,Clear
911576,401439,2025-05-24,49.8,8.4,60.2,0.5,Cloudy
911577,400191,2025-11-22,42.7,14.6,80.0,10.1,Haze
911578,401998,2026-02-13,31.1,28.4,26.1,9.5,Storm
911579,403300,2024-11-04,27.2,4.4,95.9,13.1,Storm
911580,400411,2026-06-09,16.7,9.9,43.5,21.8,Storm
911581,402301,2025-04-11,25.9,10.0,96.3,6.6,Rain
911582,403633,2024-12-04,23.8,6.0,59.8,8.6,Storm
911583,403043,2025-01-15,23.7,0.0,78.2,21.8,Cloudy
911584,402787,2026-05-27,26.3,8.5,64.3,4.3,Cloudy
911585,402877,2024-11-03,24.2,5.3,89.8,0.6,Clear
911586,404696,2025-08-19,20.0,3.8,62.9,2.0,Storm
911587,404938,2024-08-08,15.5,10.8,63.0,62.8,Heavy Rain
911589,401050,2025-05-19,25.6,38.4,59.8,2.1,Storm
911590,404711,2024-12-25,28.6,0.4,68.0,3.0,Storm
911591,400623,2025-12-23,35.7,7.0,84.2,21.5,Haze
911592,400392,2026-06-13,44.7,4.6,58.5,23.9,Haze
911593,402931,2024-01-18,24.5,9.5,65.6,7.8,Rain
911594,404869,2024-10-19,24.5,8.1,76.9,21.5,Storm
911595,401447,2025-03-08,28.5,0.8,68.5,6.8,Cloudy
911596,404736,2024-06-04,38.9,26.0,52.4,3.8,Heavy Rain
911597,401122,2025-07-13,41.8,3.3,67.1,1.0,Rain
911598,400679,2026-04-09,23.3,4.9,55.8,38.5,Rain
911599,401695,2024-07-27,38.4,9.3,72.9,8.0,Haze
911600,403624,2025-07-05,34.1,20.0,72.1,17.1,Storm
911601,401551,2025-08-16,25.3,2.8,85.7,4.6,Clear
911602,404702,2025-12-31,39.6,1.8,61.6,2.0,Cloudy
911604,401636,2024-01-04,31.4,0.5,78.1,3.7,Heavy Rain
911605,400946,2025-01-25,26.9,9.3,73.5,0.2,Heavy Rain
911606,403512,2025-07-13,39.0,0.9,62.8,2.7,Haze
911608,403782,2025-05-29,36.6,9.4,30.8,33.5,Haze
911609,402103,2025-12-21,30.6,5.4,59.4,13.1,Cloudy
911610,402861,2025-08-19,20.7,10.7,72.9,20.4,Rain
911611,401226,2025-09-28,20.0,8.9,65.2,11.1,Rain
911612,400763,2024-08-18,18.9,0.6,50.8,44.7,Haze
911613,403672,2024-12-25,20.1,1.5,74.3,11.4,Heavy Rain
911614,401151,2025-10-18,29.0,4.3,72.5,12.5,Cloudy
911615,403324,2026-03-27,37.9,5.5,94.3,0.5,Haze
911616,404096,2026-01-17,20.2,5.6,73.0,9.6,Storm
911617,404649,2025-02-06,20.1,18.4,73.9,3.6,Storm
911618,401082,2024-01-09,14.1,0.3,40.6,1.7,Heavy Rain
911619,401955,2025-06-20,17.9,8.6,88.7,21.3,Heavy Rain
911620,403534,2024-10-02,29.5,0.9,65.1,28.4,Heavy Rain
911621,400363,2025-02-14,20.9,13.6,80.5,4.0,Rain
911622,400150,2026-05-18,29.9,5.8,41.8,3.6,Storm
911623,400593,2024-09-08,20.7,18.3,63.9,1.4,Cloudy
911624,404086,2024-07-15,22.9,9.7,54.7,15.5,Heavy Rain
911625,402055,2026-04-17,30.5,3.9,78.6,2.6,Storm
911626,403177,2024-08-23,26.5,2.3,60.1,1.2,Rain
911627,402964,2024-06-14,19.6,5.1,64.3,1.9,Storm
911628,400934,2024-11-01,37.1,8.4,64.3,1.4,Heavy Rain
911629,404652,2024-09-04,36.9,2.2,92.8,0.3,Rain
911630,404676,2025-08-18,36.8,9.6,79.3,2.3,Clear
911631,401085,2026-02-12,30.3,3.0,22.8,3.8,Rain
911632,404700,2024-09-23,15.6,1.3,62.3,4.4,Rain
911633,404904,2025-07-15,32.1,43.1,71.1,5.9,Storm
911634,404758,2024-06-29,27.3,14.5,65.5,10.7,Clear
911635,401751,2025-09-07,31.3,4.2,76.1,32.7,Clear
911636,400788,2026-05-19,22.3,3.2,75.6,34.2,Rain
911637,400636,2025-12-04,37.1,4.9,51.9,10.0,Rain
911638,402387,2025-02-19,23.8,5.5,71.6,10.1,Haze
911639,400418,2024-11-08,25.1,4.2,88.4,16.6,Cloudy
911640,402175,2024-03-11,25.5,12.7,95.6,0.2,Heavy Rain
911641,403851,2024-01-09,47.5,1.8,71.9,8.8,Clear
911642,402206,2025-01-19,29.5,2.3,81.4,12.5,Cloudy
911643,402109,2024-11-01,22.2,3.3,74.2,2.6,Clear
911644,404396,2024-04-20,21.0,0.7,65.9,8.7,Rain
911645,404221,2024-07-12,21.3,10.0,82.6,0.0,Cloudy
911646,401719,2024-11-15,20.2,13.4,67.6,0.7,Haze
911647,400922,2026-06-01,18.7,16.4,64.3,0.9,Cloudy
911648,403923,2024-04-06,36.2,18.4,50.9,11.9,Clear
911649,401451,2026-01-14,35.4,29.4,64.4,21.7,Clear
911650,403430,2024-07-21,29.5,0.3,64.9,1.9,Clear
911651,404772,2026-03-04,26.1,4.3,74.2,2.8,Storm
911652,400268,2026-03-18,26.7,12.3,82.1,5.0,Rain
911653,401269,2026-03-20,19.4,28.2,55.7,6.2,Storm
911654,404667,2024-07-07,23.0,10.0,97.7,10.3,Rain
911655,400615,2026-05-05,16.4,4.9,83.6,8.5,Storm
911656,401535,2026-02-15,19.6,17.0,85.4,43.2,Storm
911657,400400,2026-01-11,23.9,10.1,77.3,0.6,Rain
911658,401350,2025-10-20,26.4,4.2,65.4,1.5,Storm
911659,403776,2024-07-23,46.3,2.8,71.0,25.4,Rain
911660,402273,2024-11-09,30.9,18.1,81.9,9.3,Haze
911661,404070,2025-07-12,30.3,14.6,70.1,36.9,Clear
911662,401800,2024-05-13,15.2,7.6,48.0,8.2,Rain
911663,401918,2024-11-22,23.8,1.0,45.3,19.4,Clear
911664,403971,2025-06-25,22.6,10.8,95.8,4.6,Heavy Rain
911665,400158,2024-12-19,44.0,4.1,72.9,4.2,Rain
911666,404327,2025-08-04,37.7,6.7,36.8,17.0,Rain
911667,402337,2026-05-16,40.5,5.4,86.5,2.5,Storm
911668,404717,2024-02-29,16.5,15.5,77.9,3.9,Rain
911669,404460,2025-01-10,25.6,14.2,64.2,22.0,Cloudy
911670,400570,2026-02-28,10.2,7.4,69.8,0.2,Cloudy
911671,404370,2025-10-08,12.7,10.7,77.6,5.2,Cloudy
911672,400627,2024-12-24,33.8,5.5,34.5,8.9,Haze
911673,400909,2026-01-07,21.9,5.5,36.8,8.1,Rain
911674,404460,2024-07-20,21.1,5.0,78.4,1.1,Clear
911675,402681,2026-03-01,28.7,10.4,84.0,10.9,Clear
911676,403033,2025-04-29,16.6,3.1,69.3,11.9,Clear
911677,400259,2026-02-12,22.9,2.2,46.9,31.3,Heavy Rain
911678,404713,2025-03-18,35.3,2.7,76.8,6.7,Clear
911679,401655,2024-09-18,16.8,2.3,75.9,11.7,Heavy Rain
911680,403702,2024-11-21,32.4,2.1,96.3,0.1,Cloudy
911681,404217,2025-04-15,16.9,10.0,39.0,4.1,Haze
911682,400534,2024-02-02,36.9,0.8,60.6,3.2,Clear
911684,400812,2024-09-12,22.3,8.9,76.8,0.6,Cloudy
911685,401803,2026-03-22,34.4,6.6,39.8,12.3,Cloudy
911687,400406,2026-03-21,20.0,10.4,53.3,13.7,Storm
911688,403766,2024-05-02,29.9,0.1,74.4,0.8,Haze
911690,404489,2025-07-03,25.8,25.5,65.8,5.6,Cloudy
911691,403720,2025-11-20,32.0,6.9,95.7,5.7,Haze
911692,401468,2025-12-31,32.5,1.8,94.6,3.9,Clear
911693,403911,2026-02-01,34.2,11.3,53.0,8.5,Heavy Rain
911694,403828,2024-12-03,27.5,2.3,80.7,32.6,Cloudy
911695,400796,2025-03-07,24.8,22.4,76.1,15.5,Rain
911696,402226,2026-06-17,30.8,12.8,58.2,17.9,Rain
911697,403716,2024-09-07,34.8,8.0,67.0,3.4,Haze
911698,401564,2025-03-23,27.7,0.6,30.4,12.6,Haze
911699,401508,2024-08-21,43.4,0.0,69.1,20.3,Haze
911700,404712,2025-11-23,29.9,6.2,64.3,48.9,Cloudy
911701,402213,2026-03-13,15.8,0.1,72.1,13.4,Rain
911702,401090,2024-11-11,25.7,5.5,60.7,14.2,Cloudy
911703,400112,2026-04-26,19.7,3.4,53.9,5.2,Rain
911704,404965,2024-03-20,17.1,2.4,59.8,10.9,Clear
911705,403322,2026-07-03,37.4,5.7,72.2,9.3,Cloudy
911706,400338,2024-07-30,25.5,2.2,73.0,35.3,Haze
911707,403484,2024-01-22,18.8,20.4,78.0,23.6,Storm
911708,403080,2025-12-12,15.3,6.4,33.2,4.3,Rain
911709,402824,2026-06-22,20.8,4.2,83.0,12.9,Cloudy
911710,404648,2024-02-05,37.1,0.8,78.5,7.6,Heavy Rain
911711,404773,2025-06-14,38.9,7.7,54.9,1.4,Storm
911712,401029,2026-02-10,26.4,6.9,89.4,12.1,Storm
911713,400599,2026-03-05,36.4,1.0,93.1,6.7,Storm
911714,403169,2024-05-29,32.6,4.0,59.0,21.3,Haze
911715,400177,2024-11-16,24.8,18.0,33.5,25.0,Haze
911716,402921,2024-07-31,27.4,4.7,65.7,51.4,Heavy Rain
911717,403624,2025-11-04,28.8,6.7,53.8,6.7,Haze
911718,402941,2025-07-29,37.7,4.8,64.3,5.3,Heavy Rain
911719,400029,2024-05-01,28.4,25.8,67.1,16.7,Rain
911720,404345,2024-11-11,34.3,5.1,71.3,6.7,Haze
911721,404114,2024-05-25,20.7,18.9,54.6,7.6,Clear
911722,404317,2026-02-21,23.5,6.3,60.6,0.6,Rain
911723,402086,2024-11-30,23.6,0.5,81.2,1.7,Heavy Rain
911724,402693,2024-09-22,11.7,26.2,55.0,7.8,Haze
911725,401105,2025-06-27,21.7,9.0,65.3,15.4,Rain
911726,400343,2024-07-18,23.2,4.8,70.6,15.6,Heavy Rain
911727,404063,2025-03-09,21.2,7.5,66.0,0.8,Heavy Rain
911728,403925,2026-05-16,12.2,8.4,87.3,7.5,Haze
911729,401273,2024-01-09,38.9,3.7,57.3,2.4,Rain
911730,404194,2025-11-12,36.3,1.5,68.0,22.4,Storm
911731,400899,2026-06-10,24.1,2.4,34.8,6.3,Heavy Rain
911732,400388,2026-06-28,31.8,21.4,20.6,2.0,Storm
911733,401712,2026-04-12,19.3,2.9,97.0,15.5,Storm
911734,400613,2024-05-21,25.1,1.4,56.7,0.9,Cloudy
911735,403301,2026-05-31,39.4,6.2,90.0,7.2,Storm
911736,403675,2024-07-10,22.4,1.6,72.4,12.7,Cloudy
911737,404711,2025-06-30,35.6,2.2,62.7,12.0,Rain
911738,403998,2024-07-09,31.5,1.3,62.8,3.9,Cloudy
911739,404477,2024-05-17,30.4,2.4,57.7,5.1,Rain
911740,404963,2024-03-28,7.0,7.3,80.6,11.0,Rain
911741,402309,2025-04-16,38.3,3.5,67.6,13.3,Heavy Rain
911742,400822,2024-05-17,23.5,4.0,61.1,1.9,Haze
911743,403915,2026-05-29,40.1,25.5,34.2,0.9,Cloudy
911744,403543,2026-05-07,32.0,15.4,85.0,1.3,Heavy Rain
911745,403902,2026-04-10,11.0,1.8,91.1,29.8,Clear
911746,403314,2025-08-03,11.9,0.2,67.1,1.8,Haze
911747,402723,2025-06-14,30.9,19.1,39.0,11.7,Clear
911748,403568,2025-12-14,26.5,5.6,59.3,5.8,Rain
911749,404859,2025-07-28,31.7,22.8,74.1,3.8,Storm
911750,400437,2026-04-08,17.7,0.4,88.4,39.7,Haze
911751,400426,2025-09-15,38.4,10.1,56.5,26.5,Heavy Rain
911752,400587,2026-01-04,31.8,23.4,44.8,25.8,Haze
911753,403702,2025-02-23,30.3,4.9,86.7,20.7,Storm
911754,400839,2026-02-23,33.9,12.4,71.0,7.2,Haze
911755,400060,2025-09-14,35.6,18.3,92.8,3.7,Heavy Rain
911756,400415,2025-05-14,39.7,1.4,63.0,1.3,Haze
911757,403148,2026-02-10,35.7,6.5,61.3,23.5,Rain
911758,402701,2024-11-10,25.0,9.9,72.7,5.6,Heavy Rain
911759,401670,2025-04-14,19.7,8.2,94.7,16.5,Storm
911760,404102,2024-10-03,27.8,2.3,60.9,6.2,Cloudy
911761,404746,2025-09-18,13.5,1.0,66.2,9.2,Haze
911762,400437,2025-10-19,25.2,1.5,53.7,19.0,Rain
911763,404271,2025-09-01,27.3,13.8,61.0,3.0,Storm
911764,400965,2024-12-20,20.7,28.8,64.9,7.7,Haze
911765,400954,2024-06-11,18.4,0.2,61.7,6.2,Clear
911766,403403,2025-08-28,24.8,0.0,64.3,2.5,Storm
911767,404411,2024-10-24,25.5,17.9,72.3,16.4,Haze
911768,402167,2024-04-29,25.8,15.1,63.4,5.5,Heavy Rain
911769,400443,2026-05-30,14.4,7.3,80.4,27.9,Rain
911770,403922,2025-04-19,14.3,8.7,26.0,4.5,Heavy Rain
911771,403971,2025-12-25,21.0,9.7,64.3,1.6,Rain
911772,403719,2025-03-06,27.0,4.7,42.6,23.2,Haze
911773,404505,2025-07-23,21.1,9.8,71.4,0.2,Rain
911774,400326,2024-01-25,25.2,3.7,95.2,15.5,Clear
911775,400259,2026-03-31,25.0,0.1,93.0,3.1,Cloudy
911776,400954,2024-10-24,21.3,5.9,56.5,5.7,Rain
911777,400132,2025-03-30,21.5,0.1,73.5,7.5,Storm
911778,402606,2024-11-11,30.6,15.2,64.3,1.9,Haze
911779,401550,2024-10-18,20.3,0.5,53.8,5.4,Rain
911780,403673,2024-08-05,20.4,9.6,64.3,8.1,Haze
911781,401174,2024-07-31,27.3,8.5,52.1,18.0,Haze
911782,404374,2025-05-25,22.0,1.1,69.2,17.7,Heavy Rain
911783,403742,2026-04-10,30.0,2.0,87.9,20.5,Haze
911784,404529,2025-11-05,19.7,2.9,62.8,14.2,Storm
911785,403967,2024-02-28,21.3,10.6,64.3,4.6,Storm
911786,403013,2026-01-07,22.1,0.7,63.9,14.4,Rain
911787,400282,2025-02-13,25.3,5.1,70.6,24.0,Rain
911788,402593,2026-01-10,31.2,7.3,61.8,3.6,Storm
911789,400746,2024-12-22,22.1,6.5,81.2,14.3,Haze
911790,401429,2025-01-17,15.9,11.3,90.7,11.4,Cloudy
911791,402971,2024-08-03,17.9,36.7,79.6,13.0,Clear
911792,402933,2025-11-07,32.9,0.5,62.0,2.0,Cloudy
911793,402794,2024-07-29,45.7,20.1,76.6,21.9,Haze
911794,401721,2024-10-06,24.5,5.5,51.0,6.4,Storm
911795,400396,2025-06-01,23.0,7.5,63.7,12.1,Clear
911796,400738,2024-11-14,23.3,3.7,56.7,21.6,Cloudy
911798,401220,2024-12-31,37.4,6.0,64.8,15.1,Rain
911799,401019,2024-03-15,12.8,12.3,78.6,12.7,Cloudy
911800,402543,2024-01-11,26.7,3.7,54.8,5.5,Heavy Rain
911801,400479,2026-06-30,30.2,5.3,61.3,53.4,Rain
911802,403574,2024-11-16,32.3,4.5,71.6,30.6,Heavy Rain
911803,401526,2024-07-14,35.3,1.2,45.0,8.5,Rain
911804,404764,2025-01-03,17.2,2.8,28.6,11.5,Heavy Rain
911805,403724,2024-07-13,29.7,2.9,48.8,25.2,Cloudy
911806,404686,2024-09-25,22.5,1.9,60.2,0.9,Cloudy
911807,400920,2024-09-17,36.5,8.2,31.1,11.5,Clear
911808,402198,2024-08-07,17.9,0.6,86.7,4.6,Clear
911809,401905,2024-05-03,26.6,1.6,75.1,22.9,Rain
911810,404674,2025-03-08,30.6,6.3,64.3,2.8,Storm
911811,404928,2025-11-16,28.2,4.1,98.9,16.6,Cloudy
911812,401407,2025-06-30,30.2,10.4,43.3,18.3,Haze
911813,404651,2024-03-27,23.9,5.5,88.8,13.1,Clear
911814,402695,2024-03-22,19.9,1.5,66.1,1.2,Haze
911815,400596,2024-09-06,35.8,8.4,75.4,19.7,Haze
911816,400593,2026-01-06,28.6,2.0,67.8,2.2,Clear
911817,401216,2024-05-02,25.9,16.0,41.9,4.6,Clear
911818,401710,2025-12-14,19.4,2.3,79.6,15.0,Heavy Rain
911819,404436,2024-05-20,39.4,8.0,89.9,10.1,Cloudy
911820,400864,2026-02-11,20.5,11.5,57.3,3.6,Haze
911821,402171,2025-11-07,30.9,22.0,68.7,28.4,Haze
911822,403460,2024-11-02,42.2,19.6,94.1,26.2,Heavy Rain
911823,404166,2024-01-24,24.9,5.0,64.3,18.3,Clear
911824,402661,2025-09-30,18.4,28.1,89.3,6.0,Clear
911825,401731,2024-05-18,36.6,1.3,82.2,30.3,Clear
911826,403366,2024-11-14,18.8,3.8,83.2,1.2,Clear
911827,403735,2024-07-23,35.7,3.1,37.6,6.9,Haze
911828,401391,2024-03-03,32.5,0.2,61.9,9.1,Cloudy
911829,403375,2026-04-07,23.7,7.2,67.5,7.4,Storm
911830,401086,2024-09-18,31.9,1.7,98.5,32.7,Storm
911831,401254,2026-04-24,21.0,1.8,48.5,21.2,Clear
911832,403155,2025-08-22,22.8,15.3,88.5,4.2,Cloudy
911833,400130,2024-11-25,34.6,5.6,73.4,13.0,Haze
911834,403614,2025-07-10,29.8,8.5,81.3,12.2,Cloudy
911835,402856,2026-05-29,35.3,6.8,65.9,17.3,Heavy Rain
911836,403151,2025-12-12,32.4,9.3,48.6,9.2,Clear
911837,403486,2026-07-17,38.8,11.7,47.4,4.6,Rain
911838,404304,2025-05-22,26.4,0.7,50.7,13.1,Haze
911839,402455,2024-05-25,39.1,30.9,54.9,21.8,Cloudy
911840,402934,2024-07-08,21.1,3.9,69.7,14.4,Haze
911842,402300,2024-06-03,28.5,14.9,43.9,16.3,Storm
911843,403778,2024-02-02,37.9,15.8,73.2,1.5,Cloudy
911844,402046,2026-02-23,41.4,4.1,56.8,18.2,Clear
911845,404047,2024-03-09,19.4,5.7,43.6,6.1,Rain
911846,401608,2024-09-23,20.8,24.4,69.2,7.9,Heavy Rain
911847,400420,2024-04-01,21.5,5.1,25.3,44.3,Clear
911848,401289,2024-01-04,27.0,18.1,64.6,21.1,Haze
911849,401769,2025-11-25,37.2,21.0,89.8,27.5,Heavy Rain
911850,401868,2025-08-23,25.3,13.0,59.1,0.2,Cloudy
911851,404753,2026-01-05,29.8,2.8,82.8,13.0,Heavy Rain
911852,404792,2024-01-25,26.5,10.3,48.1,9.2,Rain
911853,404763,2026-06-11,26.1,5.6,44.3,2.5,Clear
911854,400229,2024-05-17,21.5,1.2,58.9,9.2,Clear
911855,401315,2024-07-25,24.6,13.0,46.1,1.0,Rain
911856,401367,2025-09-05,19.9,3.1,23.2,5.4,Cloudy
911857,401002,2025-03-29,23.1,1.6,78.5,11.2,Heavy Rain
911858,400608,2025-10-28,33.0,1.1,63.4,13.9,Cloudy
911859,400296,2024-09-28,23.2,3.4,62.6,4.7,Rain
911860,402402,2025-09-13,25.3,2.7,57.4,0.9,Clear
911861,403281,2025-12-16,19.8,1.1,86.2,12.9,Cloudy
911862,400781,2024-06-23,11.2,0.2,81.5,5.8,Rain
911863,401254,2025-02-16,16.5,9.7,87.9,8.5,Cloudy
911864,401406,2024-11-27,34.6,3.0,67.8,1.7,Storm
911866,400054,2024-01-19,20.3,12.3,67.5,1.4,Cloudy
911867,403586,2024-06-29,23.5,9.6,47.7,3.4,Clear
911868,404508,2024-07-08,21.8,15.3,80.8,52.5,Cloudy
911869,403044,2024-04-29,27.9,13.3,71.7,19.5,Heavy Rain
911871,402267,2024-01-29,25.6,8.4,24.7,3.3,Storm
911872,401380,2024-02-06,24.2,11.8,58.1,0.8,Storm
911873,404436,2025-08-13,36.1,6.9,78.8,12.1,Cloudy
911874,400909,2025-08-18,19.3,4.6,53.8,0.1,Rain
911875,403751,2024-08-09,30.8,13.0,26.3,49.7,Cloudy
911876,400410,2024-10-08,50.0,1.3,57.5,41.6,Clear
911877,404274,2025-03-07,15.6,18.9,64.3,0.4,Heavy Rain
911878,400475,2025-07-21,39.5,2.2,85.3,1.7,Storm
911879,400885,2025-03-10,26.2,6.1,77.7,19.4,Cloudy
911880,400733,2025-07-04,33.2,2.1,79.5,30.6,Haze
911881,402489,2024-06-07,11.6,6.9,59.9,18.1,Rain
911882,402230,2024-11-07,22.4,3.1,82.8,0.8,Heavy Rain
911883,400456,2026-03-10,39.9,18.5,55.8,2.5,Clear
911884,402231,2025-07-09,40.3,1.2,64.3,14.6,Heavy Rain
911885,402707,2025-12-24,36.9,1.7,18.9,31.8,Rain
911886,403545,2024-03-26,44.6,3.1,80.7,8.4,Clear
911887,400649,2024-07-11,26.8,8.6,92.4,1.9,Heavy Rain
911888,402552,2026-05-20,35.5,32.6,75.5,1.8,Heavy Rain
911889,401374,2025-05-13,33.0,3.6,72.1,17.0,Heavy Rain
911890,403367,2024-03-15,26.2,0.9,51.6,1.8,Cloudy
911891,404215,2024-02-07,13.8,5.6,46.3,27.4,Heavy Rain
911892,400066,2025-01-05,14.2,8.8,75.2,26.7,Heavy Rain
911893,402532,2024-08-30,32.9,1.1,72.0,6.5,Haze
911894,401045,2026-03-17,27.6,8.7,53.5,41.3,Cloudy
911895,400973,2025-09-13,26.4,20.0,65.7,34.7,Clear
911896,401431,2024-08-09,34.9,3.6,84.5,9.4,Clear
911897,401315,2026-05-28,21.1,17.9,89.3,12.2,Rain
911898,404458,2026-04-26,36.0,4.2,75.3,10.4,Cloudy
911899,401289,2026-05-22,18.6,1.0,79.0,8.7,Heavy Rain
911900,403546,2024-08-09,24.2,7.4,57.3,4.6,Clear
911901,403564,2024-12-24,17.4,7.3,75.5,3.7,Cloudy
911902,402855,2026-04-18,15.4,4.7,57.0,2.3,Storm
911903,400205,2024-09-08,37.0,17.9,35.5,37.0,Storm
911904,403787,2025-01-12,32.6,3.9,49.5,7.3,Rain
911905,400985,2024-07-19,28.9,0.7,38.9,2.1,Haze
911906,401784,2025-01-21,22.5,11.6,64.7,28.3,Storm
911907,403126,2025-01-27,27.0,3.4,61.8,1.0,Cloudy
911909,402837,2024-07-28,31.4,6.8,18.6,18.2,Heavy Rain
911910,403333,2026-05-09,18.7,10.7,67.9,12.6,Cloudy
911911,404389,2026-05-10,23.4,11.3,79.4,5.8,Cloudy
911912,402124,2025-05-27,26.1,9.1,39.1,8.0,Heavy Rain
911913,401909,2024-07-13,14.8,6.9,28.6,3.3,Heavy Rain
911914,403118,2025-10-10,20.8,2.8,46.0,18.3,Rain
911915,401575,2025-07-23,26.8,12.2,39.5,14.6,Heavy Rain
911916,402790,2024-11-12,34.8,7.9,25.1,19.8,Clear
911917,402184,2024-05-05,34.3,4.7,76.2,15.0,Haze
911918,404700,2026-05-26,17.2,2.8,47.8,70.1,Storm
911919,403882,2026-06-04,33.2,5.8,68.9,15.6,Clear
911920,401171,2024-02-26,37.1,12.1,59.4,13.1,Haze
911921,401440,2025-06-18,42.2,0.6,55.9,4.5,Storm
911923,401103,2024-11-07,29.3,0.3,73.6,18.2,Haze
911924,400056,2026-05-29,24.7,9.7,85.6,24.1,Rain
911925,402007,2024-04-22,20.7,36.3,42.4,2.5,Heavy Rain
911926,403301,2025-02-05,32.7,4.5,64.0,19.3,Rain
911927,400647,2026-01-29,27.5,14.4,44.6,4.8,Heavy Rain
911928,404212,2024-12-20,15.6,7.0,76.4,4.0,Heavy Rain
911929,401202,2026-02-08,37.5,20.4,57.9,21.9,Storm
911930,404071,2024-03-26,35.5,24.6,37.2,21.4,Rain
911931,401034,2025-05-01,40.2,17.3,62.9,5.7,Cloudy
911932,404049,2024-02-23,23.3,1.2,22.4,3.0,Heavy Rain
911933,400993,2025-12-16,28.0,2.1,41.6,1.3,Clear
911934,400762,2024-10-22,19.2,2.9,56.1,0.2,Heavy Rain
911935,400408,2024-07-19,32.4,2.9,65.3,0.6,Haze
911936,401609,2026-07-03,30.1,3.0,52.8,6.4,Heavy Rain
911937,404031,2025-11-21,19.0,2.1,59.5,25.9,Rain
911938,403680,2026-03-02,14.7,0.2,67.0,2.8,Heavy Rain
911939,400593,2025-12-12,28.8,14.3,93.6,24.7,Cloudy
911940,401112,2025-11-21,26.1,33.1,76.8,6.9,Cloudy
911941,404815,2025-08-17,48.0,11.0,66.2,32.3,Cloudy
911942,400688,2025-04-24,22.8,1.8,37.1,0.8,Haze
911943,400944,2025-03-28,36.4,4.6,89.7,0.5,Clear
911944,403876,2025-11-07,35.5,2.5,65.9,66.0,Haze
911945,403634,2026-02-25,18.3,4.4,83.3,26.2,Clear
911946,401896,2024-03-21,30.5,0.1,80.8,17.0,Rain
911947,401150,2024-02-27,28.3,1.6,48.7,26.8,Heavy Rain
911948,401251,2024-07-14,20.6,3.8,96.2,13.8,Clear
911949,400919,2025-03-25,33.1,8.2,92.3,20.8,Rain
911950,404598,2024-12-21,38.7,1.2,40.4,24.2,Heavy Rain
911951,400299,2025-08-24,28.4,4.2,77.4,7.8,Clear
911952,400381,2025-12-09,45.1,4.2,71.5,25.5,Clear
911953,400589,2026-03-27,30.0,4.1,71.1,17.2,Haze
911954,404029,2026-03-18,27.0,1.3,56.3,6.6,Heavy Rain
911955,403779,2025-06-09,23.0,7.2,69.5,28.1,Rain
911956,401476,2025-01-09,26.8,2.1,66.8,24.7,Haze
911957,402370,2026-05-07,28.4,1.5,68.7,5.8,Cloudy
911958,403899,2026-06-12,27.1,1.3,70.2,20.4,Clear
911960,402489,2024-05-05,30.8,1.4,88.6,24.7,Haze
911961,403894,2025-07-10,20.2,5.8,75.5,3.7,Rain
911962,404346,2024-06-25,31.6,4.3,36.8,19.1,Heavy Rain
911963,404416,2026-05-20,23.7,18.8,57.0,13.2,Clear
911964,400680,2026-01-12,12.6,1.4,42.9,6.0,Rain
911965,403890,2026-06-28,24.7,40.0,65.7,0.5,Clear
911966,403036,2025-07-10,31.6,8.0,51.2,14.6,Cloudy
911967,400132,2024-02-12,28.3,5.8,62.3,15.2,Clear
911968,400478,2024-09-02,29.1,6.2,92.2,35.7,Clear
911969,403386,2025-11-13,15.5,13.1,57.8,4.9,Storm
911970,400750,2024-11-29,31.9,5.8,79.8,5.2,Rain
911971,400868,2024-03-20,38.5,3.2,61.0,17.7,Clear
911972,401668,2025-02-04,31.1,3.3,77.3,5.1,Rain
911974,400634,2024-11-26,41.5,0.4,57.2,10.4,Heavy Rain
911975,404760,2026-04-28,32.5,4.9,53.3,11.4,Haze
911976,401250,2024-08-30,22.3,12.6,66.8,1.7,Storm
911977,404262,2024-08-05,25.3,6.3,57.3,8.9,Cloudy
911978,403190,2024-12-12,34.8,8.5,64.3,16.3,Cloudy
911979,404509,2024-10-31,28.6,10.6,87.0,18.3,Haze
911980,401501,2024-02-05,8.9,12.4,99.4,9.2,Storm
911981,403215,2025-06-18,8.0,4.1,18.0,2.5,Storm
911982,401927,2024-07-04,28.8,2.9,68.5,11.4,Storm
911983,401096,2025-04-06,17.3,11.5,68.3,30.6,Storm
911984,400654,2026-07-13,33.2,11.2,72.8,15.0,Cloudy
911985,403269,2026-03-15,19.1,0.9,81.1,2.0,Cloudy
911986,403262,2025-01-03,17.4,9.9,74.6,19.7,Haze
911987,401767,2026-05-05,17.9,18.2,44.0,10.4,Haze
911988,402433,2025-08-01,23.9,3.4,88.8,10.4,Storm
911989,404296,2024-01-21,18.5,5.5,86.1,2.5,Heavy Rain
911990,404586,2026-05-04,29.1,0.8,60.2,8.4,Rain
911991,403411,2024-01-12,25.4,5.9,33.1,3.3,Storm
911992,404933,2024-11-09,26.1,2.3,83.4,35.1,Haze
911993,404851,2024-02-15,10.1,5.5,80.6,6.2,Clear
911994,402188,2025-11-06,30.5,9.4,63.3,37.5,Clear
911995,403246,2025-01-22,20.6,3.3,77.7,12.5,Haze
911996,400487,2025-03-08,15.3,2.1,62.3,7.7,Heavy Rain
911997,403049,2026-05-13,12.6,20.2,64.3,11.6,Rain
911998,404153,2025-01-10,27.0,5.5,54.7,7.9,Haze
911999,404050,2025-06-26,18.5,0.3,70.6,0.3,Cloudy
912000,400092,2024-03-08,27.2,13.0,50.5,22.6,Cloudy
912001,402954,2024-03-07,35.7,33.1,52.4,1.9,Storm
912002,401441,2025-03-23,16.7,5.1,32.5,12.3,Storm
912003,402252,2026-03-18,21.7,1.4,93.2,10.0,Storm
912004,400524,2026-03-25,22.0,0.4,72.8,22.6,Clear
912005,400348,2025-07-28,40.6,4.1,17.8,3.0,Haze
912006,402145,2024-03-08,26.6,20.7,62.8,8.4,Haze
912007,403453,2026-03-10,31.2,1.6,84.9,14.3,Cloudy
912008,403328,2025-11-25,20.0,0.6,56.2,7.3,Storm
912009,401978,2024-06-30,12.9,5.6,68.9,31.5,Clear
912010,401259,2025-12-21,19.4,11.5,36.3,7.4,Storm
912011,404571,2024-08-01,26.5,21.4,55.2,7.7,Clear
912012,404967,2025-08-11,25.2,5.9,83.6,6.0,Rain
912013,400059,2024-05-17,26.1,3.3,42.7,2.9,Heavy Rain
912014,401384,2026-03-06,11.1,34.4,53.2,0.0,Cloudy
912015,400610,2024-10-15,35.3,2.5,71.1,0.4,Heavy Rain
912016,402917,2025-01-08,16.8,0.6,92.1,15.2,Heavy Rain
912017,404398,2024-03-06,32.4,3.9,64.3,4.0,Haze
912018,404161,2024-11-14,33.0,15.4,86.3,2.8,Storm
912020,402978,2026-07-05,7.2,12.9,39.2,21.8,Heavy Rain
912021,403292,2025-02-26,20.1,10.3,52.0,25.9,Rain
912022,402848,2025-07-31,28.2,1.1,69.2,33.4,Clear
912023,403518,2024-03-26,14.6,1.0,70.9,14.4,Rain
912024,402142,2025-03-22,24.0,9.1,56.6,6.2,Storm
912025,401151,2025-05-19,32.9,2.1,61.9,25.7,Cloudy
912026,400524,2024-03-29,24.1,5.3,57.9,5.6,Rain
912027,400681,2025-12-09,26.7,3.9,98.1,24.6,Rain
912028,401783,2025-12-28,34.2,1.0,47.6,1.2,Storm
912029,401904,2026-02-22,35.4,0.9,64.3,36.3,Clear
912030,400723,2024-06-12,34.8,8.2,67.3,56.6,Storm
912031,404170,2026-04-13,31.6,6.1,63.0,5.9,Cloudy
912032,400651,2024-10-03,14.6,18.2,75.7,12.9,Heavy Rain
912033,402310,2024-10-18,27.4,8.6,83.4,43.7,Cloudy
912034,404026,2025-10-28,11.9,2.6,58.7,6.2,Clear
912035,404723,2026-03-25,11.7,1.9,72.6,6.9,Cloudy
912036,402332,2026-01-18,28.0,9.6,44.8,28.9,Rain
912037,404243,2024-04-04,9.9,1.3,64.3,14.6,Rain
912038,400730,2026-06-07,23.3,0.9,70.6,23.1,Storm
912039,404871,2025-01-18,29.8,16.5,82.5,7.9,Rain
912040,400971,2026-05-27,30.3,4.6,49.2,32.1,Cloudy
912041,402562,2024-12-27,36.9,16.8,64.3,22.6,Haze
912043,400333,2026-04-10,25.2,3.9,50.4,21.8,Rain
912044,402240,2024-08-12,13.7,10.1,57.4,17.5,Heavy Rain
912045,403595,2025-01-26,4.1,5.1,80.8,1.7,Rain
912046,402484,2025-01-26,27.0,2.5,44.4,5.2,Haze
912047,403647,2025-10-22,32.0,0.8,33.6,4.4,Haze
912048,403956,2024-02-22,33.7,12.4,60.6,25.3,Rain
912049,403481,2025-10-05,31.3,3.0,54.5,18.6,Haze
912050,401980,2024-06-07,21.9,4.4,64.3,2.0,Haze
912051,401337,2026-05-15,34.6,0.2,68.5,3.7,Storm
912052,401638,2024-05-27,16.7,4.0,66.4,0.9,Storm
912053,403807,2026-03-12,28.9,4.5,60.7,4.4,Heavy Rain
912054,402824,2024-05-23,27.3,20.2,64.3,1.6,Heavy Rain
912055,401503,2026-03-31,25.9,6.9,64.2,8.9,Rain
912056,402133,2025-07-11,25.6,2.0,58.7,11.3,Haze
912057,400205,2025-05-19,27.0,10.8,86.8,19.0,Heavy Rain
912058,401202,2024-01-03,45.0,4.0,19.3,1.6,Clear
912059,402684,2024-11-15,39.1,0.3,68.3,2.9,Rain
912060,400851,2025-06-14,31.0,26.1,68.3,2.0,Storm
912061,401168,2025-09-04,31.9,0.0,78.2,38.1,Haze
912063,401966,2024-11-27,22.1,29.8,50.9,0.1,Haze
912064,401083,2026-06-10,27.0,5.3,56.9,22.6,Cloudy
912065,402223,2025-02-09,18.4,2.5,66.8,15.8,Cloudy
912066,400214,2024-10-30,27.6,5.3,98.0,7.6,Haze
912067,403704,2026-04-27,21.2,11.7,61.2,23.0,Storm
912068,400916,2024-06-10,29.7,3.5,56.1,12.8,Heavy Rain
912069,401501,2025-09-06,25.7,18.1,38.3,26.7,Heavy Rain
912070,401459,2025-09-12,29.5,37.2,40.6,35.5,Cloudy
912071,402363,2024-07-07,24.3,3.0,48.6,44.2,Haze
912072,401207,2025-03-13,35.1,0.6,81.3,3.1,Cloudy
912073,404071,2025-04-06,42.4,2.4,53.7,17.2,Rain
912074,403411,2024-02-27,31.5,34.1,28.1,2.1,Heavy Rain
912075,403010,2024-11-05,19.2,1.9,62.2,7.5,Heavy Rain
912076,401241,2024-12-22,30.7,7.8,63.5,1.1,Cloudy
912077,404045,2024-03-14,21.7,9.9,51.2,3.8,Cloudy
912078,403017,2024-08-14,30.8,14.1,68.5,15.6,Cloudy
912079,403063,2025-11-06,26.6,8.4,53.9,9.2,Haze
912080,402671,2025-04-29,28.9,3.6,46.7,1.6,Clear
912081,401971,2025-05-08,21.0,2.5,70.7,4.3,Rain
912082,400496,2026-03-22,40.7,1.8,53.6,13.0,Haze
912083,403256,2024-04-03,22.1,2.4,61.9,6.4,Clear
912084,403432,2026-02-01,17.3,41.3,57.9,3.2,Rain
912085,403765,2025-03-21,17.6,11.2,64.3,10.0,Cloudy
912086,404128,2025-01-26,18.3,0.6,47.4,8.6,Haze
912087,404872,2024-10-28,29.7,7.0,52.4,2.6,Storm
912088,404280,2025-01-23,38.3,1.9,62.0,4.2,Haze
912089,401535,2025-06-24,33.6,29.5,42.3,18.4,Heavy Rain
912090,400763,2025-10-12,43.6,3.3,73.0,14.2,Rain
912091,403035,2024-11-25,35.3,19.5,45.2,5.5,Haze
912092,402522,2025-04-26,25.0,0.6,49.3,4.1,Rain
912093,403783,2025-07-08,15.0,0.5,56.0,32.6,Rain
912094,400866,2024-09-24,31.9,11.8,37.4,14.1,Cloudy
912095,404232,2025-03-27,35.5,1.6,27.9,7.0,Rain
912096,401415,2025-07-26,32.9,11.2,63.1,1.5,Storm
912097,403991,2024-04-15,50.8,1.0,64.3,8.4,Haze
912098,400957,2025-11-17,27.4,36.6,89.6,17.5,Haze
912099,402580,2024-09-20,44.4,5.1,82.5,12.0,Cloudy
912100,402937,2024-04-09,40.0,5.5,60.6,14.9,Heavy Rain
912101,404945,2025-02-06,28.9,7.7,59.3,22.8,Haze
912102,403600,2026-06-09,33.1,5.8,51.7,27.6,Rain
912103,404236,2024-10-24,32.7,1.1,65.8,23.8,Cloudy
912104,404746,2025-02-21,35.7,3.8,71.5,11.6,Heavy Rain
912105,401343,2024-11-29,29.8,2.7,46.4,15.3,Storm
912106,400987,2024-09-12,29.0,1.2,67.4,12.6,Storm
912107,402506,2024-01-16,25.3,5.7,64.8,37.7,Heavy Rain
912108,403943,2026-06-04,42.8,4.1,41.0,7.1,Haze
912109,403127,2024-11-16,24.2,11.4,65.0,8.7,Cloudy
912110,400827,2025-07-26,22.5,1.3,65.6,4.9,Heavy Rain
912111,400873,2026-07-15,26.6,24.1,68.4,14.2,Clear
912112,401767,2025-04-30,14.1,11.1,61.3,0.5,Haze
912113,402050,2024-12-18,24.9,23.4,48.0,25.8,Rain
912114,401524,2025-03-27,39.0,6.7,57.9,31.4,Rain
912115,403972,2025-08-02,34.3,1.4,63.7,13.5,Haze
912116,404625,2025-03-31,41.7,1.4,66.7,6.4,Heavy Rain
912117,402585,2024-08-22,38.8,4.2,33.7,6.5,Storm
912118,403584,2024-11-15,39.3,3.2,83.0,8.5,Heavy Rain
912119,403552,2025-12-04,25.5,1.3,88.3,19.6,Haze
912120,403004,2025-02-11,25.3,2.0,80.0,17.0,Cloudy
912121,402144,2025-07-11,21.7,1.3,44.5,6.4,Cloudy
912122,402463,2024-11-26,21.7,6.1,35.4,28.8,Clear
912123,403717,2026-03-14,37.5,1.3,58.7,10.2,Heavy Rain
912124,403707,2025-06-10,16.5,38.2,66.0,8.7,Rain
912125,400740,2025-08-01,12.7,2.4,58.2,2.4,Heavy Rain
912127,402336,2025-11-09,31.0,2.7,76.0,4.4,Heavy Rain
912128,401431,2025-11-21,28.2,0.2,62.7,19.2,Cloudy
912129,403143,2025-02-14,20.7,14.6,64.3,1.5,Rain
912130,404188,2024-04-07,33.9,0.7,44.0,4.4,Haze
912131,404930,2024-12-19,36.8,5.7,64.3,3.8,Haze
912132,401449,2025-10-15,31.0,2.7,96.0,11.8,Heavy Rain
912133,401428,2024-09-03,20.6,0.2,74.7,34.3,Haze
912134,404287,2025-09-20,23.0,9.4,66.7,9.1,Rain
912135,402996,2025-03-20,34.9,51.8,54.1,2.5,Storm
912136,401734,2026-04-07,37.0,13.8,38.3,31.9,Rain
912137,402772,2025-04-13,27.0,9.3,80.5,39.3,Rain
912138,402557,2024-06-29,33.3,0.1,58.5,6.8,Heavy Rain
912139,400224,2025-07-13,21.7,23.9,58.7,5.1,Clear
912140,401020,2025-09-05,22.0,6.5,57.8,12.4,Clear
912141,403560,2024-09-24,29.9,4.0,65.0,15.9,Storm
912142,404605,2024-06-06,31.8,5.6,74.8,13.4,Storm
912143,403194,2025-03-31,19.6,2.6,55.9,9.6,Haze
912144,401983,2026-03-13,17.6,21.5,65.0,32.5,Heavy Rain
912145,402776,2024-01-22,19.2,1.3,80.7,10.1,Storm
912146,404524,2024-04-19,28.3,7.8,78.3,4.8,Storm
912147,400446,2024-09-11,17.8,3.7,95.2,1.9,Haze
912148,401664,2024-10-31,22.9,6.7,82.9,2.5,Heavy Rain
912149,403999,2024-11-09,37.0,3.4,66.2,0.9,Rain
912150,400712,2024-03-27,29.8,12.7,58.5,13.9,Cloudy
912151,404562,2025-02-06,29.1,31.3,60.7,2.5,Haze
912152,400231,2025-02-27,32.1,1.7,67.5,4.9,Heavy Rain
912153,404954,2025-02-24,28.5,13.9,68.3,14.3,Heavy Rain
912154,400313,2025-11-29,25.5,1.7,64.2,9.3,Storm
912155,401409,2024-01-26,18.5,7.1,90.1,18.5,Haze
912156,400544,2024-01-12,37.3,12.5,67.5,11.3,Cloudy
912157,403239,2025-08-21,25.1,0.9,40.0,6.1,Heavy Rain
912158,401727,2024-07-05,19.3,0.1,39.7,16.7,Rain
912159,402881,2026-01-19,33.2,3.4,66.7,13.3,Clear
912160,402423,2025-03-22,19.8,21.7,61.5,3.6,Haze
912161,404864,2026-03-18,38.2,6.3,44.4,8.3,Heavy Rain
912162,400689,2026-02-06,37.0,1.7,88.2,7.1,Storm
912163,400769,2024-10-12,12.1,0.2,22.6,14.5,Rain
912164,403938,2024-10-15,26.7,2.7,47.3,14.4,Rain
912165,402286,2025-02-16,20.6,3.3,77.3,13.0,Heavy Rain
912166,401380,2024-11-21,36.6,18.3,67.5,0.4,Haze
912167,403071,2025-06-12,18.0,15.2,34.4,8.6,Heavy Rain
912168,401419,2024-07-21,32.4,17.8,70.3,19.6,Rain
912169,404854,2024-11-01,13.9,4.7,71.0,14.6,Heavy Rain
912170,403201,2024-02-11,36.3,2.3,27.3,26.7,Rain
912171,404415,2024-04-26,27.0,1.4,83.1,2.9,Storm
912172,403353,2026-04-21,30.8,3.6,84.7,14.4,Heavy Rain
912174,404432,2024-05-01,36.1,3.6,61.2,0.5,Storm
912175,400343,2024-04-10,39.1,10.5,85.2,14.9,Haze
912176,404279,2024-03-12,28.8,7.9,52.5,14.0,Cloudy
912178,400566,2025-05-09,18.6,6.1,58.2,59.7,Clear
912179,402976,2024-01-18,23.3,2.8,86.9,6.0,Haze
912180,402259,2025-08-04,26.5,2.7,82.2,14.3,Storm
912181,402111,2024-07-12,30.5,1.5,69.5,8.7,Haze
912182,404142,2024-12-19,32.4,0.7,74.5,13.2,Rain
912183,402171,2025-03-07,26.7,11.1,83.7,13.9,Heavy Rain
912184,400720,2026-02-05,17.3,15.4,51.6,11.4,Heavy Rain
912185,402601,2024-05-17,11.5,9.5,44.8,8.0,Storm
912186,403438,2024-02-17,26.9,13.5,64.3,5.2,Haze
912187,400127,2026-03-19,30.1,3.6,79.7,51.3,Storm
912188,402942,2024-09-30,20.6,8.4,80.5,0.8,Cloudy
912189,403709,2026-07-15,31.4,2.7,45.3,11.7,Haze
912190,400791,2024-02-02,15.8,0.8,23.1,28.4,Haze
912191,401205,2024-12-09,38.2,0.2,47.2,12.9,Rain
912192,401635,2026-05-06,33.2,14.0,64.3,9.9,Heavy Rain
912193,404942,2025-02-15,27.9,3.2,66.1,3.0,Haze
912194,403763,2025-09-17,26.6,0.5,46.7,4.6,Rain
912195,400652,2025-08-06,39.0,8.0,72.3,0.1,Rain
912196,400637,2025-01-02,39.7,23.8,62.6,4.9,Haze
912197,400799,2026-06-17,9.5,2.9,58.4,36.3,Clear
912198,401930,2025-05-25,36.2,29.6,63.0,9.1,Rain
912199,403767,2025-01-04,31.6,15.9,37.0,4.4,Clear
912200,401572,2025-09-29,32.4,1.7,81.7,9.3,Haze
912201,402808,2024-08-26,35.0,0.2,72.6,5.0,Storm
912202,401974,2025-07-31,43.9,7.3,42.1,24.1,Haze
912203,404494,2025-03-12,18.6,1.3,66.3,1.9,Heavy Rain
912204,402333,2026-06-30,5.0,13.5,59.9,15.8,Rain
912205,402873,2025-06-30,26.0,13.1,59.9,3.8,Rain
912206,400121,2026-06-29,26.3,9.7,91.7,19.5,Haze
912207,403678,2024-08-12,30.7,12.5,52.8,10.6,Heavy Rain
912208,400800,2025-11-08,29.3,4.3,46.7,9.9,Rain
912209,402805,2025-07-06,26.9,4.6,76.5,4.0,Rain
912210,401204,2025-05-17,34.9,6.7,45.1,9.0,Cloudy
912211,404668,2025-02-07,34.3,4.2,64.3,6.7,Cloudy
912212,404571,2026-06-18,27.2,13.0,38.8,1.9,Heavy Rain
912213,404120,2024-09-18,35.2,2.0,73.3,3.7,Cloudy
912214,400575,2024-05-04,15.8,12.2,50.0,4.4,Clear
912215,404765,2024-02-15,9.2,3.7,71.4,11.1,Clear
912216,403458,2024-11-15,29.4,0.0,48.9,10.3,Heavy Rain
912217,403703,2026-01-10,31.6,8.8,57.7,2.3,Heavy Rain
912218,402016,2026-05-05,13.5,9.2,63.1,4.3,Heavy Rain
912219,400325,2025-12-19,20.3,8.4,56.4,5.1,Cloudy
912220,401697,2024-03-17,27.8,10.2,64.3,13.3,Storm
912221,401352,2024-08-06,18.2,0.8,53.1,1.4,Haze
912222,404802,2024-07-11,35.3,3.6,49.7,10.5,Storm
912223,403409,2024-07-10,20.0,22.0,57.0,4.6,Heavy Rain
912224,400158,2024-02-15,34.2,5.2,53.9,26.1,Haze
912225,402766,2024-11-23,23.0,4.7,60.1,19.2,Storm
912226,404417,2025-06-11,27.0,2.8,73.8,17.4,Storm
912227,400706,2026-05-18,14.7,2.1,54.8,0.8,Haze
912228,401650,2025-07-15,17.9,6.1,41.2,9.4,Clear
912229,404069,2024-08-19,16.4,20.0,48.0,17.4,Clear
912230,400482,2024-09-02,19.9,6.4,89.4,3.9,Rain
912231,400305,2024-05-10,31.5,16.0,55.5,5.7,Clear
912232,402066,2025-11-11,23.4,8.0,65.0,2.0,Haze
912233,402395,2026-06-20,33.1,5.5,50.5,12.5,Rain
912234,403205,2026-03-31,23.0,14.9,88.5,8.7,Clear
912235,400871,2024-04-25,33.7,13.5,81.1,15.3,Clear
912236,400315,2026-01-30,20.7,1.8,41.8,11.4,Heavy Rain
912237,401160,2024-10-24,14.5,9.6,88.6,14.7,Clear
912238,401421,2025-03-05,32.5,1.1,64.0,15.8,Cloudy
912239,402435,2025-02-23,16.0,5.4,96.5,12.6,Haze
912240,404584,2024-01-02,38.1,3.4,32.1,44.9,Storm
912241,403521,2024-02-26,26.1,12.5,84.1,16.7,Rain
912242,403868,2025-02-12,28.4,9.2,46.2,20.0,Heavy Rain
912243,400963,2026-02-23,21.3,0.8,44.7,22.7,Rain
912244,404865,2025-06-13,28.8,4.5,67.5,7.5,Cloudy
912245,403014,2026-03-15,30.2,4.5,81.0,1.3,Haze
912246,403183,2025-11-23,14.8,26.4,42.6,7.3,Storm
912247,402337,2026-05-20,30.9,0.5,62.6,25.9,Haze
912248,404435,2024-09-26,25.2,7.8,73.3,7.0,Storm
912250,401714,2026-06-14,32.1,9.9,55.3,14.9,Clear
912251,403702,2026-03-22,34.3,20.2,50.2,5.1,Storm
912252,401584,2024-11-27,19.3,6.8,76.5,12.1,Heavy Rain
912253,401974,2025-11-14,27.1,16.6,41.1,9.1,Storm
912254,402570,2024-12-05,23.6,14.0,90.0,8.4,Haze
912255,404009,2025-08-08,20.6,0.1,79.4,5.2,Clear
912256,401780,2024-03-25,23.0,8.8,74.4,29.8,Cloudy
912257,401995,2024-08-23,33.0,2.7,82.9,5.6,Storm
912258,404196,2026-06-29,31.6,5.5,89.8,5.8,Storm
912259,401420,2024-04-27,21.5,26.6,38.0,2.6,Storm
912260,402493,2025-04-25,30.0,1.0,68.0,5.6,Cloudy
912261,402736,2026-05-05,26.3,6.8,83.1,0.9,Cloudy
912262,403099,2025-10-21,38.7,8.9,76.9,4.9,Rain
912263,403001,2026-02-28,31.7,2.8,56.0,22.9,Rain
912264,402600,2024-11-26,43.8,13.9,60.8,17.4,Storm
912265,403915,2025-10-16,27.6,0.5,74.4,15.8,Heavy Rain
912267,404393,2025-03-25,17.6,8.3,53.5,4.8,Cloudy
912268,402281,2025-06-29,20.4,10.4,83.4,8.6,Clear
912269,402044,2025-02-11,28.7,0.5,94.4,6.5,Rain
912270,404200,2025-06-17,30.3,2.9,68.6,12.8,Haze
912271,404097,2026-01-03,31.4,14.3,45.6,2.7,Rain
912272,403413,2024-11-07,25.7,1.4,84.5,14.0,Heavy Rain
912273,401702,2025-03-21,22.1,9.3,86.6,2.4,Storm
912274,403854,2024-05-15,32.8,11.7,63.0,22.4,Heavy Rain
912275,403620,2025-06-24,21.7,3.0,44.7,19.6,Haze
912276,404350,2024-06-13,33.2,13.2,59.4,5.2,Rain
912277,404363,2024-01-06,46.3,6.9,63.8,0.4,Clear
912278,402699,2025-12-13,25.7,7.0,80.1,4.9,Rain
912279,400599,2025-12-23,40.1,57.1,43.9,36.1,Storm
912280,401369,2024-08-17,26.6,9.9,91.3,4.8,Rain
912281,404154,2025-05-01,22.6,1.1,50.1,16.3,Rain
912282,402822,2026-05-14,19.3,11.8,39.0,4.2,Rain
912283,401699,2025-01-30,32.3,4.6,95.0,24.0,Haze
912284,400726,2024-05-20,30.0,2.1,49.7,4.2,Heavy Rain
912285,404431,2024-07-24,11.4,3.0,84.8,1.4,Heavy Rain
912286,404469,2025-07-17,29.1,0.5,62.9,7.3,Storm
912287,404391,2024-02-06,30.3,0.8,40.7,1.2,Storm
912288,400123,2024-12-01,23.2,3.1,39.5,14.4,Clear
912289,403505,2026-02-22,21.0,3.8,63.8,1.8,Clear
912290,403234,2024-02-20,37.1,5.1,64.5,4.1,Clear
912291,403887,2024-06-06,34.1,2.0,50.1,18.4,Rain
912292,403781,2026-07-15,27.2,12.0,73.7,2.0,Heavy Rain
912293,400967,2024-06-08,14.2,3.0,80.7,17.4,Cloudy
912294,400974,2024-12-08,15.6,9.6,43.7,34.7,Cloudy
912295,404726,2024-06-30,23.4,3.8,70.7,0.4,Heavy Rain
912296,404799,2025-03-08,14.9,0.7,66.3,58.6,Cloudy
912297,401317,2025-07-26,30.7,7.6,79.8,18.2,Heavy Rain
912298,403556,2024-01-18,28.7,2.6,40.7,35.0,Cloudy
912299,400401,2024-04-07,34.4,2.9,54.3,7.0,Heavy Rain
912300,403868,2026-06-04,36.9,72.8,59.0,22.1,Clear
912301,400311,2024-09-29,30.7,3.6,73.4,1.9,Clear
912302,400270,2024-06-17,35.9,8.4,56.0,37.4,Cloudy
912303,401549,2025-06-28,28.3,1.3,64.4,0.1,Heavy Rain
912304,401101,2024-10-15,16.4,16.6,65.0,10.5,Haze
912305,400656,2024-03-25,27.1,13.6,68.8,17.8,Cloudy
912306,404524,2025-08-13,27.2,4.5,53.2,35.1,Clear
912307,404219,2026-02-17,23.2,5.5,66.3,10.1,Rain
912308,400175,2025-04-30,14.5,2.7,77.3,9.7,Haze
912309,403065,2026-03-16,28.5,3.6,89.1,6.6,Clear
912310,404345,2026-03-29,26.9,3.4,78.5,20.0,Clear
912311,403785,2024-04-16,16.9,0.6,86.7,32.5,Clear
912312,402557,2025-04-11,27.0,1.6,84.5,12.5,Heavy Rain
912313,402671,2024-01-22,29.5,1.0,27.8,42.1,Rain
912314,403539,2024-12-07,22.1,19.8,89.6,5.1,Rain
912315,404400,2025-04-05,39.1,12.4,40.2,24.6,Clear
912316,401031,2025-11-03,19.5,22.7,44.0,11.0,Rain
912317,404825,2026-03-11,35.0,3.5,59.7,2.7,Storm
912318,402134,2024-10-14,27.9,0.6,58.1,12.2,Heavy Rain
912319,400589,2025-02-26,21.3,3.7,60.1,13.6,Cloudy
912320,400100,2026-03-27,24.7,6.8,78.2,32.0,Clear
912321,400869,2024-10-03,18.4,0.9,64.6,40.9,Haze
912322,402535,2024-04-06,25.2,0.9,82.3,11.1,Storm
912323,401497,2024-03-08,36.3,28.5,54.1,2.1,Clear
912324,404896,2026-04-07,30.1,3.6,78.5,3.1,Rain
912325,402925,2025-03-02,23.8,0.8,72.1,9.7,Heavy Rain
912326,403735,2024-07-10,42.6,5.8,89.1,2.0,Haze
912327,402668,2025-07-23,25.3,21.4,87.9,67.5,Clear
912328,400328,2025-12-09,25.3,9.7,57.9,0.1,Storm
912329,404612,2024-10-06,21.6,2.6,78.4,5.6,Storm
912330,401385,2025-11-29,19.8,2.4,68.3,1.5,Storm
912331,404322,2024-02-12,17.6,34.8,89.6,39.3,Cloudy
912332,403950,2025-11-19,23.0,9.0,18.8,16.1,Heavy Rain
912333,400029,2025-06-07,27.8,17.7,57.5,13.5,Rain
912334,403060,2025-01-31,22.9,15.8,52.8,7.7,Heavy Rain
912335,404382,2025-01-23,36.3,2.8,72.7,9.1,Haze
912336,400513,2026-05-27,37.9,0.3,79.7,0.1,Cloudy
912337,402602,2024-03-07,16.9,7.2,63.4,34.9,Cloudy
912338,404992,2024-09-17,9.4,11.6,76.5,5.5,Haze
912339,402275,2024-03-15,24.1,3.2,64.0,8.9,Storm
912340,403214,2025-11-28,15.4,17.0,72.5,5.5,Clear
912341,404206,2025-03-06,28.8,20.3,38.5,1.8,Clear
912342,400097,2026-05-18,42.3,12.6,52.7,26.8,Heavy Rain
912343,401105,2026-06-09,32.2,0.4,74.3,22.9,Haze
912344,400263,2025-05-16,29.1,3.8,75.3,33.1,Rain
912345,400696,2024-01-03,21.6,2.0,61.2,0.3,Heavy Rain
912346,400342,2024-08-16,33.1,11.7,64.3,5.7,Clear
912347,404373,2025-05-03,14.1,6.9,23.2,3.5,Cloudy
912348,400185,2025-12-27,25.2,3.5,71.6,8.1,Storm
912349,401096,2025-11-27,42.9,0.6,65.2,44.0,Haze
912350,403090,2024-03-18,22.3,30.5,40.3,0.2,Storm
912351,403487,2024-06-18,23.0,1.8,43.9,1.5,Rain
912352,404219,2025-10-28,31.5,7.0,65.1,5.6,Rain
912353,402754,2024-06-03,18.4,0.7,85.8,23.7,Storm
912354,403011,2024-06-15,18.5,2.4,84.9,1.3,Heavy Rain
912355,402198,2024-08-08,42.9,16.0,42.9,13.6,Rain
912356,404408,2025-01-20,28.2,5.7,99.2,0.2,Haze
912357,403232,2024-01-22,37.0,3.5,98.5,0.5,Heavy Rain
912358,402045,2024-08-05,25.6,0.0,68.2,28.1,Clear
912359,404949,2025-06-06,24.5,7.2,52.8,34.6,Rain
912360,401590,2024-05-27,31.6,4.9,83.8,9.8,Cloudy
912361,404288,2024-06-12,25.3,1.3,60.7,7.0,Heavy Rain
912362,400259,2025-05-06,34.0,21.2,51.7,12.7,Rain
912363,401762,2026-05-23,25.8,0.1,89.8,14.8,Cloudy
912364,401857,2024-09-24,32.8,8.6,58.5,17.6,Cloudy
912365,402961,2024-09-11,26.8,7.0,43.0,27.9,Clear
912366,402603,2025-04-05,34.2,5.1,56.8,1.5,Rain
912367,404245,2024-03-20,35.2,2.1,78.1,2.4,Haze
912368,404343,2026-03-22,35.5,5.5,66.0,18.3,Heavy Rain
912369,404312,2025-09-06,22.8,8.5,65.7,2.5,Heavy Rain
912370,402637,2024-01-06,21.9,2.1,87.2,13.2,Rain
912371,403079,2025-07-13,27.8,5.7,91.6,1.9,Cloudy
912372,400413,2026-02-12,25.9,5.1,76.3,1.9,Storm
912373,404220,2025-04-06,6.1,0.0,81.0,4.2,Rain
912374,403155,2026-01-18,24.7,4.8,69.4,11.6,Storm
912375,401378,2024-01-13,23.6,18.5,61.3,16.1,Rain
912376,404768,2026-06-20,17.7,5.5,82.2,14.6,Haze
912377,403011,2024-01-19,15.8,0.4,72.4,26.8,Rain
912378,404751,2026-04-04,36.4,14.7,52.0,2.8,Rain
912379,404683,2024-09-30,19.3,1.2,72.4,38.7,Rain
912380,400997,2026-02-15,33.2,7.2,28.5,1.3,Clear
912381,403228,2024-04-03,36.9,10.4,65.1,14.8,Rain
912382,402852,2024-02-16,22.1,24.1,75.6,11.8,Clear
912383,404575,2025-07-01,30.3,31.8,65.7,13.4,Rain
912384,402579,2026-03-21,27.7,2.3,36.2,4.8,Rain
912385,404638,2025-12-07,24.0,8.6,62.8,3.3,Storm
912386,400480,2025-05-27,31.3,0.2,32.1,26.7,Cloudy
912387,400506,2025-02-16,15.9,1.2,81.0,7.2,Clear
912388,403570,2026-06-07,29.2,10.7,76.9,27.2,Storm
912389,403158,2025-09-19,26.7,12.1,55.5,2.5,Storm
912390,402550,2026-06-21,28.6,5.3,56.7,25.9,Rain
912391,400793,2025-12-21,23.9,7.7,64.3,14.0,Storm
912392,401094,2026-01-31,22.0,11.2,77.9,10.4,Heavy Rain
912394,400877,2025-08-22,39.2,6.5,57.3,5.6,Rain
912395,401748,2025-05-09,22.1,0.2,61.2,8.7,Haze
912396,401592,2026-01-07,21.4,8.0,97.2,0.3,Clear
912397,404412,2024-05-08,13.1,21.8,70.9,30.6,Rain
912398,401126,2026-04-11,23.7,10.2,73.3,1.4,Rain
912399,403613,2024-06-15,26.7,44.9,64.3,2.1,Rain
912400,403706,2024-05-07,29.3,2.4,64.5,13.4,Rain
912401,402271,2024-05-21,22.0,10.3,95.0,6.1,Clear
912402,403034,2025-03-24,36.7,5.7,20.0,3.2,Storm
912403,401928,2025-04-24,26.0,4.2,64.3,3.7,Storm
912404,402889,2025-11-09,31.0,4.6,44.3,23.0,Heavy Rain
912405,404696,2026-06-14,24.2,7.5,81.4,0.8,Rain
912406,400895,2026-06-13,29.1,11.9,62.8,45.6,Cloudy
912407,404437,2025-05-30,32.9,1.5,80.4,4.5,Storm
912408,403498,2026-05-25,16.0,2.3,64.6,23.1,Cloudy
912409,400854,2025-01-09,31.2,4.8,44.1,26.5,Cloudy
912410,404885,2025-05-01,17.2,5.8,92.0,5.5,Heavy Rain
912411,402635,2024-05-08,39.0,3.0,95.3,1.2,Rain
912412,401227,2025-03-17,22.6,8.7,43.7,17.0,Clear
912413,402052,2025-02-16,31.1,2.9,62.2,0.8,Heavy Rain
912414,403981,2026-06-25,24.9,6.0,65.2,10.7,Cloudy
912415,402005,2024-05-11,31.4,12.5,65.5,3.0,Heavy Rain
912416,401021,2025-06-08,24.7,9.0,84.1,0.1,Cloudy
912417,403499,2026-04-17,13.0,4.6,60.5,0.8,Haze
912418,400056,2025-08-18,28.1,7.6,52.4,0.4,Rain
912419,400893,2026-02-21,23.0,0.3,73.1,13.8,Clear
912420,402207,2024-12-01,13.4,5.3,59.2,15.0,Rain
912421,401932,2025-06-28,33.6,18.7,63.5,17.7,Clear
912422,404975,2025-12-24,19.1,2.0,70.5,24.1,Rain
912423,402373,2026-04-27,35.3,3.3,49.8,2.0,Haze
912425,403613,2026-07-03,23.8,13.6,31.0,6.3,Clear
912426,402820,2024-04-06,33.5,1.1,90.2,2.5,Haze
912427,404854,2025-06-03,30.0,0.4,29.2,10.2,Clear
912428,403479,2025-06-25,21.8,13.6,80.4,0.8,Clear
912429,400849,2025-11-07,39.8,6.3,64.3,58.4,Haze
912430,400698,2025-06-26,37.7,1.1,70.5,1.3,Cloudy
912431,402172,2024-02-05,29.8,4.1,76.2,17.8,Rain
912432,403098,2024-02-12,26.8,8.4,43.3,6.8,Rain
912433,402503,2025-01-26,17.6,0.6,42.7,16.2,Rain
912434,404239,2025-04-16,7.0,0.2,30.9,6.4,Rain
912435,404215,2024-06-05,17.4,2.9,58.3,20.4,Heavy Rain
912436,404287,2026-02-07,28.6,0.8,66.2,0.1,Storm
912437,400896,2025-01-14,38.2,1.7,78.2,24.8,Heavy Rain
912438,403906,2026-06-02,31.3,9.2,93.5,3.2,Storm
912439,403651,2024-08-06,29.3,9.0,75.2,5.5,Clear
912440,400039,2026-04-08,31.3,4.9,67.3,3.1,Heavy Rain
912441,400252,2026-07-05,13.8,0.1,81.3,8.2,Cloudy
912442,401271,2026-02-13,26.9,7.2,30.1,9.6,Cloudy
912443,400489,2025-08-21,19.6,11.5,53.5,10.4,Clear
912444,404046,2025-03-13,30.6,19.9,41.3,4.2,Haze
912445,403136,2026-04-02,26.8,21.9,56.2,3.0,Clear
912446,400435,2024-09-09,12.8,0.8,68.7,3.9,Heavy Rain
912447,402026,2026-04-10,30.3,2.6,66.6,3.2,Clear
912448,400101,2026-07-18,47.6,14.8,55.3,0.2,Clear
912449,404357,2024-05-11,24.2,0.8,57.4,1.7,Cloudy
912450,402150,2026-06-28,36.9,10.2,46.8,12.2,Haze
912451,404090,2026-02-08,29.0,3.4,64.3,9.5,Storm
912452,403357,2026-05-20,22.2,6.2,52.6,7.8,Storm
912453,400021,2025-07-04,31.9,6.4,51.0,14.6,Cloudy
912454,403737,2024-08-03,41.9,5.5,65.0,8.7,Cloudy
912455,403093,2025-11-21,19.1,2.0,41.6,12.5,Rain
912456,403374,2025-07-16,28.8,9.3,88.6,20.6,Storm
912457,404377,2025-10-29,27.0,3.3,66.5,6.6,Heavy Rain
912458,401021,2025-12-01,31.3,3.2,74.5,35.5,Cloudy
912459,400391,2024-05-31,17.7,8.5,44.5,18.0,Cloudy
912460,400776,2024-07-30,6.9,4.6,76.7,7.8,Cloudy
912461,403377,2025-04-15,14.2,5.0,65.8,3.3,Heavy Rain
912462,403383,2024-05-16,32.7,7.0,52.3,13.6,Clear
912463,403455,2024-04-23,31.8,1.7,76.4,5.0,Clear
912464,400916,2024-09-13,27.4,3.3,52.4,8.6,Cloudy
912465,404382,2026-01-23,32.2,0.6,54.6,12.5,Cloudy
912466,401640,2024-02-12,29.7,0.2,63.0,2.4,Haze
912467,404554,2025-12-06,24.7,1.6,27.7,7.1,Storm
912468,404586,2026-06-10,35.4,8.7,59.6,17.4,Clear
912469,403574,2025-08-11,16.6,9.4,53.9,3.8,Rain
912470,401430,2026-04-07,26.1,8.3,72.8,13.8,Storm
912472,403149,2026-03-23,26.9,20.7,62.7,13.2,Haze
912473,404554,2025-02-14,18.2,16.0,93.7,5.3,Clear
912474,402915,2025-12-20,20.7,1.7,55.1,35.9,Rain
912476,400511,2025-07-31,28.7,3.3,46.8,7.6,Heavy Rain
912477,400500,2026-02-06,18.5,5.7,79.1,16.1,Storm
912478,402516,2025-01-12,22.1,2.6,85.8,5.7,Haze
912479,403060,2025-09-20,22.3,5.6,79.2,34.2,Haze
912480,404212,2024-01-18,41.5,1.1,63.6,12.9,Haze
912481,404284,2024-12-31,36.0,38.6,99.0,1.0,Cloudy
912482,404608,2025-09-15,39.3,0.3,41.5,19.8,Heavy Rain
912483,404097,2026-04-14,12.6,3.0,49.5,5.1,Heavy Rain
912484,401588,2024-09-17,16.6,4.2,65.3,1.0,Storm
912485,404606,2024-03-22,32.6,5.8,57.1,33.4,Haze
912486,401352,2024-09-01,26.9,5.9,65.6,18.6,Rain
912487,404206,2024-08-01,13.6,6.8,90.8,2.9,Storm
912488,403942,2025-01-03,25.9,9.0,40.6,20.8,Clear
912489,400644,2025-04-09,38.8,16.4,57.0,9.3,Storm
912490,403101,2026-04-04,33.4,32.6,86.9,21.7,Haze
912491,401338,2026-05-20,44.1,4.7,51.1,0.1,Rain
912492,403738,2024-09-29,15.0,1.8,75.2,18.9,Heavy Rain
912493,404431,2025-03-18,22.8,8.0,76.8,6.5,Haze
912494,402739,2024-08-07,27.9,0.3,46.2,19.4,Rain
912495,400502,2025-12-01,34.0,7.9,48.5,9.5,Haze
912496,402674,2025-06-19,21.9,1.3,84.9,2.8,Heavy Rain
912497,400072,2025-11-01,43.3,3.4,64.6,12.1,Clear
912498,402219,2025-09-28,34.0,5.5,41.8,4.0,Haze
912499,402320,2025-04-12,15.1,4.8,76.0,1.6,Cloudy
912500,403118,2025-03-31,29.2,9.8,76.9,2.9,Rain
912501,404112,2026-05-19,29.1,0.6,59.2,1.3,Storm
912502,404333,2024-03-03,28.0,15.6,51.7,12.0,Haze
912503,402918,2025-05-04,17.8,0.9,43.5,5.6,Haze
912504,400789,2025-07-22,34.8,1.6,55.5,36.9,Heavy Rain
912505,400699,2024-07-26,30.4,11.1,45.2,6.7,Cloudy
912506,404656,2025-01-22,25.7,13.1,70.9,0.9,Clear
912507,404762,2024-05-02,19.9,7.3,77.1,3.3,Haze
912508,404592,2024-08-27,30.2,15.7,48.4,3.4,Rain
912509,403624,2024-12-11,23.4,6.5,56.6,14.5,Rain
912510,401753,2025-10-24,22.8,5.7,64.3,5.2,Clear
912511,400574,2024-09-27,38.7,6.2,70.2,0.8,Clear
912512,404062,2026-01-01,26.0,3.4,28.5,0.9,Haze
912513,400559,2026-05-12,32.1,1.5,74.3,8.6,Storm
912514,401509,2024-11-18,26.8,11.1,81.4,9.3,Heavy Rain
912515,400784,2025-02-20,25.9,3.7,65.2,12.3,Heavy Rain
912516,401494,2026-03-03,34.4,6.7,79.0,9.9,Rain
912517,400848,2025-11-16,24.9,4.8,76.1,39.1,Clear
912518,401880,2025-08-12,22.7,7.1,82.8,43.1,Rain
912519,402631,2024-02-23,32.9,7.8,51.4,4.0,Cloudy
912520,400664,2025-08-30,36.3,8.5,50.2,7.6,Rain
912521,401054,2026-02-04,33.1,37.3,96.7,4.9,Rain
912522,403171,2026-02-03,38.5,19.8,54.6,19.5,Storm
912523,402715,2025-03-04,4.0,1.0,64.2,15.3,Clear
912524,403557,2026-04-17,35.6,30.3,69.5,0.7,Haze
912525,404034,2026-03-07,28.7,16.1,15.6,9.4,Cloudy
912526,404271,2025-01-27,30.9,7.4,85.2,2.4,Rain
912527,403364,2025-12-15,12.5,10.2,22.5,29.2,Haze
912528,400135,2024-02-08,36.9,3.5,49.2,45.1,Clear
912529,404924,2026-01-14,27.5,3.7,65.5,9.2,Heavy Rain
912530,402197,2024-03-10,40.5,39.3,88.1,4.9,Haze
912531,400903,2025-05-16,24.2,5.7,64.3,11.5,Storm
912532,402005,2026-06-24,27.0,17.0,62.6,12.5,Cloudy
912533,402014,2025-11-17,34.2,7.5,63.5,12.1,Cloudy
912534,403383,2026-03-28,18.7,9.5,92.8,3.7,Storm
912535,403571,2025-11-19,19.2,5.4,70.0,0.5,Haze
912536,400954,2024-11-24,20.0,4.5,65.9,1.5,Storm
912537,404791,2024-08-06,14.7,6.5,51.9,7.5,Clear
912539,400985,2025-11-24,24.0,7.5,42.8,1.7,Rain
912540,403790,2025-03-07,25.6,3.6,69.8,21.5,Storm
912541,404946,2024-11-05,43.8,32.8,61.8,12.9,Heavy Rain
912542,400010,2025-02-20,21.7,0.3,62.3,7.9,Rain
912543,404590,2026-05-15,24.6,2.3,38.5,10.5,Clear
912544,403130,2025-07-10,30.8,9.1,57.9,3.9,Storm
912545,400577,2024-05-06,39.5,10.7,75.8,19.4,Storm
912546,400044,2026-01-25,26.5,22.8,61.4,10.5,Haze
912547,402930,2024-10-24,40.5,4.1,25.1,19.0,Storm
912548,400497,2025-04-26,36.1,9.2,45.3,5.6,Clear
912549,401433,2026-03-06,27.9,8.5,89.4,5.1,Storm
912550,400713,2024-09-25,24.1,4.9,50.6,2.6,Rain
912551,400704,2026-03-30,36.3,0.1,42.7,35.2,Heavy Rain
912552,404858,2024-01-18,21.2,4.3,27.7,1.0,Rain
912553,401006,2024-05-17,33.5,9.8,43.3,7.3,Haze
912554,404350,2024-05-29,26.8,2.2,51.1,5.6,Storm
912555,401178,2025-01-08,38.1,1.2,64.3,33.6,Rain
912556,403821,2025-07-04,32.1,6.6,54.6,4.3,Clear
912557,403220,2024-12-03,36.4,5.0,55.5,5.5,Clear
912558,402998,2026-03-15,21.6,4.9,68.1,2.6,Cloudy
912559,403224,2024-10-23,18.0,6.2,52.4,15.3,Cloudy
912560,403792,2024-05-09,30.3,6.6,58.1,0.5,Haze
912561,401416,2025-03-05,23.7,9.4,61.3,15.5,Rain
912562,402917,2025-06-28,33.8,9.0,80.5,13.5,Rain
912563,402218,2026-03-30,6.8,12.6,69.8,10.2,Clear
912564,402617,2025-07-12,24.5,0.6,70.4,12.1,Storm
912565,402490,2024-09-30,25.8,5.3,48.4,3.5,Storm
912566,401282,2024-03-19,20.5,4.8,34.9,7.9,Rain
912567,401339,2024-01-09,4.9,5.7,53.5,3.3,Rain
912568,403238,2024-07-26,15.5,6.0,83.7,12.0,Rain
912569,400108,2024-10-24,15.6,5.5,85.9,33.2,Haze
912570,400489,2026-07-11,15.0,3.4,68.9,16.9,Rain
912571,402775,2025-08-11,26.9,3.1,74.6,6.2,Heavy Rain
912572,401305,2025-09-12,35.3,11.8,83.7,10.6,Heavy Rain
912573,404132,2026-03-05,31.1,3.4,65.9,17.8,Storm
912574,401095,2026-04-08,33.4,2.1,33.5,39.7,Cloudy
912575,400788,2024-06-05,19.9,4.7,78.8,31.2,Cloudy
912576,400261,2024-04-24,36.1,4.5,99.6,8.3,Cloudy
912577,402237,2025-01-30,30.5,0.8,46.6,5.1,Heavy Rain
912578,400721,2025-06-30,32.1,5.8,72.9,9.4,Haze
912579,404614,2025-07-24,26.9,22.6,27.6,14.2,Clear
912580,404601,2026-01-19,40.2,3.0,75.6,1.3,Heavy Rain
912582,404592,2024-01-08,41.3,0.7,60.7,18.4,Cloudy
912583,401110,2025-01-01,22.2,2.1,70.2,9.1,Clear
912584,400544,2025-08-08,28.3,5.5,64.8,24.8,Clear
912585,404232,2026-04-21,23.0,6.7,57.9,15.1,Cloudy
912586,403067,2025-06-24,32.1,9.4,80.7,37.1,Rain
912587,400929,2025-12-21,33.2,5.6,56.8,15.0,Cloudy
912588,401154,2024-02-15,18.3,1.1,80.4,3.3,Haze
912589,404861,2025-02-05,22.7,2.1,47.0,0.7,Heavy Rain
912590,401980,2026-05-29,22.8,5.3,89.5,10.6,Rain
912591,404654,2024-03-08,38.0,7.5,76.9,1.6,Clear
912592,404765,2024-10-30,23.2,10.1,49.1,6.6,Cloudy
912593,403850,2024-03-20,31.1,0.9,64.3,3.0,Heavy Rain
912594,402476,2024-03-03,37.5,6.1,98.6,5.1,Storm
912595,402927,2025-07-14,35.8,3.0,98.1,17.3,Heavy Rain
912596,402543,2025-03-01,29.7,27.9,50.4,38.7,Clear
912597,401918,2026-03-25,26.5,0.7,50.6,1.5,Haze
912598,402931,2025-07-14,29.1,16.2,98.1,27.7,Haze
912599,400559,2025-07-14,31.6,17.5,12.5,15.1,Rain
912600,404995,2025-02-24,13.7,1.8,66.1,16.7,Heavy Rain
912601,402194,2025-11-23,27.6,12.3,85.6,6.3,Clear
912602,404670,2024-02-22,31.8,25.0,64.6,1.1,Haze
912603,404082,2026-07-11,36.5,3.2,78.4,35.3,Haze
912604,402639,2024-02-06,33.8,14.6,64.2,6.0,Cloudy
912605,404790,2025-12-08,34.5,3.8,67.2,20.3,Haze
912606,404786,2024-12-06,21.3,0.9,61.3,2.0,Haze
912607,400543,2025-12-16,40.8,17.1,44.7,13.8,Cloudy
912608,402695,2024-09-15,31.6,10.7,62.9,0.0,Rain
912609,404324,2026-05-23,29.1,6.5,94.2,1.5,Clear
912610,404864,2025-02-16,33.8,6.5,74.1,7.7,Heavy Rain
912611,402683,2025-05-31,45.2,8.1,52.4,11.9,Haze
912613,400142,2025-06-20,33.2,1.8,84.1,21.8,Clear
912615,400248,2026-06-03,25.6,23.3,54.7,9.6,Haze
912616,402810,2025-01-11,15.5,1.5,64.9,11.7,Haze
912617,404178,2026-06-28,20.5,12.6,62.5,1.4,Clear
912618,403451,2026-06-22,38.1,2.0,41.7,22.9,Clear
912619,404144,2024-05-15,15.9,8.6,72.1,16.0,Haze
912620,401050,2025-09-09,40.4,0.1,51.9,12.5,Heavy Rain
912621,403269,2024-11-27,38.3,1.6,50.5,14.8,Heavy Rain
912622,401453,2025-12-18,29.0,4.4,81.5,34.4,Cloudy
912623,403234,2026-06-13,27.1,3.5,58.2,2.2,Clear
912624,401504,2024-03-05,40.1,12.9,65.4,9.9,Cloudy
912625,402561,2025-02-27,20.2,2.7,84.4,20.4,Heavy Rain
912626,404011,2026-02-11,26.9,7.9,68.0,9.9,Heavy Rain
912627,403042,2025-08-10,37.4,15.3,55.1,5.4,Cloudy
912628,403156,2026-07-09,10.9,3.3,74.3,4.7,Rain
912629,400615,2024-09-23,25.3,7.4,98.1,4.3,Haze
912630,401716,2024-05-24,25.0,3.2,54.1,2.5,Storm
912631,404805,2024-09-05,34.4,1.3,58.2,14.9,Heavy Rain
912632,400799,2026-03-24,33.7,0.4,77.1,18.6,Clear
912633,400727,2026-02-24,25.4,9.8,61.8,2.1,Storm
912634,401171,2025-05-19,14.5,4.3,59.9,4.6,Clear
912635,402110,2024-07-19,32.3,15.3,49.8,12.2,Rain
912636,400831,2026-01-31,40.4,3.0,50.3,22.7,Clear
912637,404192,2025-03-21,19.5,16.8,60.4,0.3,Cloudy
912638,401915,2025-08-22,33.6,4.0,59.8,28.6,Storm
912639,402363,2025-08-02,33.9,7.8,46.6,1.9,Heavy Rain
912640,402788,2026-02-24,25.9,6.8,64.3,17.4,Cloudy
912641,401344,2024-11-11,25.3,15.4,60.6,14.4,Rain
912642,401565,2025-07-02,-3.2,4.9,98.8,7.3,Cloudy
912643,401094,2025-04-03,11.0,8.0,30.3,19.4,Cloudy
912644,403923,2025-07-03,29.3,3.2,74.2,8.2,Heavy Rain
912645,402554,2025-03-06,25.6,0.8,77.0,3.7,Cloudy
912646,404273,2025-07-22,28.0,11.6,64.3,2.2,Heavy Rain
912647,403365,2024-12-23,18.5,19.0,72.3,4.2,Rain
912648,403174,2024-05-31,12.6,6.8,64.3,7.1,Cloudy
912649,400419,2024-05-21,33.4,0.4,68.1,0.2,Haze
912650,404413,2024-02-28,22.2,3.9,60.0,44.1,Heavy Rain
912651,401397,2026-05-06,37.3,0.8,72.0,12.8,Haze
912652,404405,2026-04-12,38.9,11.8,75.6,38.1,Storm
912653,404294,2026-02-11,27.5,30.5,54.7,8.3,Cloudy
912654,403762,2024-04-18,4.5,9.4,79.2,16.8,Rain
912655,401156,2025-03-30,25.2,1.2,4.6,0.4,Storm
912656,404604,2024-01-21,41.9,19.0,64.3,1.9,Rain
912657,400300,2024-02-13,34.2,8.4,61.6,13.2,Rain
912658,400036,2026-05-29,27.6,1.5,72.2,14.4,Heavy Rain
912659,402442,2026-06-01,27.8,1.6,72.5,32.8,Storm
912660,400993,2024-03-16,25.1,4.0,67.5,9.5,Rain
912661,403065,2024-02-26,36.2,6.8,54.1,2.3,Storm
912662,402986,2024-09-13,39.9,12.1,57.2,2.3,Storm
912663,400555,2024-05-14,22.7,7.7,88.3,5.0,Cloudy
912664,402380,2024-01-24,36.1,5.0,92.6,3.2,Heavy Rain
912665,403342,2024-12-08,24.3,4.4,51.7,14.0,Cloudy
912666,401358,2024-07-04,21.1,3.0,70.0,5.7,Cloudy
912667,402887,2024-02-15,26.2,4.7,76.1,12.2,Cloudy
912668,401452,2026-04-04,22.4,5.3,74.8,6.6,Haze
912669,402195,2026-06-15,18.7,0.0,54.8,3.7,Heavy Rain
912670,404113,2024-06-21,18.5,5.9,54.7,51.8,Rain
912671,402265,2025-09-24,31.1,2.1,83.9,34.8,Storm
912672,404751,2026-04-08,29.6,3.4,24.5,6.3,Rain
912673,404162,2025-05-11,23.4,4.4,54.9,20.9,Storm
912674,404774,2024-04-03,31.3,8.4,50.2,2.5,Haze
912675,404822,2025-11-23,21.3,22.9,73.7,0.5,Storm
912676,403642,2025-07-01,32.4,2.5,62.4,14.3,Rain
912677,404687,2024-09-27,15.9,3.7,76.7,5.7,Cloudy
912678,403333,2025-04-02,37.1,2.7,83.4,11.3,Storm
912680,403793,2024-11-01,31.8,32.5,47.7,8.0,Heavy Rain
912681,404792,2026-04-25,21.6,6.7,54.8,7.9,Rain
912682,401896,2026-06-19,33.5,1.9,54.0,17.8,Rain
912683,401885,2026-04-06,38.9,5.3,35.8,4.7,Clear
912684,400824,2026-03-06,26.3,5.5,55.2,3.2,Clear
912685,404345,2025-02-19,14.7,1.2,85.0,18.7,Cloudy
912686,402742,2026-06-25,20.8,17.6,69.3,18.7,Rain
912687,402247,2026-02-10,32.4,0.0,78.3,2.4,Heavy Rain
912688,402457,2025-02-04,25.0,2.1,32.8,8.7,Heavy Rain
912689,403894,2024-07-25,28.3,17.5,90.2,1.3,Storm
912690,401877,2024-12-22,30.2,10.5,84.8,18.3,Heavy Rain
912691,400645,2024-01-09,43.6,2.6,49.7,4.8,Haze
912692,402193,2025-03-19,19.8,1.9,82.4,6.8,Cloudy
912693,400399,2025-12-09,17.7,19.9,72.8,19.0,Rain
912694,402111,2024-12-28,14.9,6.3,60.7,3.6,Rain
912695,401437,2026-07-04,33.2,3.9,72.0,9.6,Rain
912696,404123,2024-07-02,13.3,3.9,15.4,10.1,Cloudy
912697,403590,2025-01-28,18.7,0.3,85.0,24.3,Cloudy
912698,401304,2025-02-12,24.1,3.3,78.6,20.4,Heavy Rain
912699,404685,2024-09-17,19.4,12.5,62.3,18.9,Haze
912700,402522,2025-05-02,29.2,11.4,46.9,10.7,Cloudy
912701,402443,2026-06-30,15.5,7.8,64.3,18.3,Storm
912702,400103,2026-04-21,21.8,10.9,74.6,1.0,Haze
912703,400243,2024-03-19,20.0,9.4,69.0,0.6,Heavy Rain
912704,401018,2025-07-03,20.7,8.1,55.3,13.3,Clear
912705,400201,2024-07-23,21.8,1.7,51.6,26.9,Clear
912706,404163,2025-02-18,30.4,8.9,77.8,4.7,Clear
912707,402940,2025-04-17,36.3,5.2,29.9,9.2,Heavy Rain
912708,404971,2025-09-04,37.2,19.3,81.8,41.8,Heavy Rain
912709,404321,2024-01-10,47.2,12.7,43.7,16.8,Clear
912710,403098,2024-04-07,23.1,9.4,47.5,6.8,Cloudy
912711,401860,2026-03-24,22.9,3.4,54.2,12.4,Cloudy
912712,404669,2026-01-25,28.3,3.4,97.7,5.1,Haze
912713,402503,2025-01-15,17.2,8.6,89.0,1.1,Rain
912714,400721,2024-02-25,12.3,12.4,55.0,0.6,Clear
912715,404963,2026-06-06,31.0,0.7,90.7,35.3,Storm
912716,401536,2024-10-23,31.6,2.6,95.1,9.6,Storm
912717,404684,2025-02-16,25.8,0.8,61.9,2.2,Haze
912718,400169,2024-01-31,28.2,10.1,75.3,0.7,Heavy Rain
912719,401168,2025-05-07,23.6,3.4,89.3,0.6,Rain
912720,403985,2026-03-23,26.0,9.7,40.4,9.7,Heavy Rain
912721,403959,2025-09-17,27.6,18.1,57.2,32.9,Heavy Rain
912722,404714,2024-07-29,16.6,4.7,69.7,1.8,Haze
912723,401070,2026-07-02,28.2,0.4,80.3,9.5,Clear
912724,400363,2024-08-18,34.8,8.7,38.9,0.2,Cloudy
912725,403216,2024-04-07,27.0,10.2,50.2,48.6,Rain
912727,404139,2024-01-19,29.2,4.3,66.6,10.5,Storm
912728,400365,2024-02-18,39.1,1.7,83.6,10.7,Cloudy
912729,402313,2024-11-21,28.4,3.2,43.9,10.1,Rain
912730,400789,2024-01-16,26.8,15.6,83.3,1.6,Haze
912731,402515,2026-06-07,27.4,11.8,73.2,5.7,Storm
912732,401721,2025-01-07,35.3,2.2,62.3,0.9,Heavy Rain
912733,403931,2024-10-13,41.0,4.6,35.2,6.7,Haze
912734,404871,2025-02-02,24.0,44.4,76.9,6.5,Cloudy
912735,401829,2025-04-03,28.7,19.2,51.7,6.5,Rain
912736,400977,2026-02-28,27.6,14.0,73.2,3.7,Haze
912737,400657,2024-03-16,22.7,31.7,81.3,4.3,Heavy Rain
912738,400849,2026-02-01,31.4,4.0,46.3,2.2,Rain
912739,400878,2024-04-25,28.6,7.5,74.5,0.4,Heavy Rain
912740,402998,2024-06-06,23.1,5.3,51.9,1.5,Haze
912741,403409,2025-07-13,28.3,13.3,70.0,8.2,Storm
912742,404429,2024-09-06,12.4,1.6,61.2,1.7,Clear
912743,403709,2024-08-09,35.8,15.6,64.6,12.0,Storm
912744,404109,2026-05-07,34.9,2.0,64.3,3.8,Storm
912745,404245,2025-02-21,27.1,2.2,81.8,31.3,Heavy Rain
912746,403125,2026-04-17,26.9,6.9,54.2,23.7,Rain
912747,401175,2024-02-15,23.9,19.0,41.2,1.5,Clear
912748,400798,2024-08-01,27.9,0.7,48.8,0.1,Rain
912749,402231,2025-10-04,14.8,14.8,61.6,1.9,Clear
912750,400893,2024-05-23,17.9,4.7,55.9,9.0,Storm
912751,400287,2024-04-14,28.4,1.7,62.8,4.6,Heavy Rain
912752,402162,2025-10-18,21.2,8.5,50.9,1.5,Cloudy
912753,404282,2026-05-27,25.3,0.3,64.1,5.5,Storm
912754,403289,2025-12-08,31.6,0.9,53.8,11.0,Clear
912755,401268,2025-10-19,17.4,11.7,97.3,11.0,Heavy Rain
912756,404579,2026-05-12,25.4,39.3,88.0,8.5,Heavy Rain
912757,404885,2026-02-14,26.4,0.1,64.3,21.0,Clear
912758,403299,2025-04-23,26.3,5.7,75.8,3.2,Cloudy
912759,404107,2024-08-11,44.5,5.2,78.9,3.0,Haze
912760,402490,2024-09-30,22.2,10.4,68.7,3.2,Storm
912761,402037,2026-05-30,25.3,8.0,64.3,23.6,Clear
912762,404243,2024-05-07,34.2,7.5,61.5,2.3,Cloudy
912763,403087,2024-01-22,30.1,5.2,64.3,8.2,Haze
912764,404374,2025-03-16,21.6,2.9,63.9,6.1,Heavy Rain
912765,404291,2025-08-13,11.9,5.4,48.8,14.3,Storm
912766,404161,2024-09-23,21.7,1.7,89.3,1.2,Heavy Rain
912767,404681,2026-01-27,31.4,11.1,62.2,31.6,Storm
912768,402715,2024-10-12,18.8,0.9,92.2,14.1,Haze
912769,404502,2025-04-07,29.0,6.7,68.7,2.4,Cloudy
912770,401482,2025-04-23,40.1,18.0,65.9,2.2,Storm
912771,402473,2024-02-19,33.1,5.5,62.5,0.9,Heavy Rain
912772,404634,2026-03-01,30.9,5.3,88.3,1.9,Rain
912773,400660,2025-04-29,26.5,0.1,64.9,11.2,Haze
912774,401094,2025-09-18,35.9,9.1,64.3,4.3,Clear
912775,403688,2025-03-26,27.2,8.7,21.9,2.2,Haze
912776,403540,2025-03-14,22.8,0.7,60.5,10.1,Rain
912777,401078,2025-09-11,25.6,11.7,77.4,20.0,Clear
912778,401692,2026-03-13,14.4,1.4,47.3,4.6,Heavy Rain
912779,402197,2026-03-04,28.9,16.0,21.6,16.4,Heavy Rain
912780,404695,2025-06-02,33.7,8.4,71.1,4.6,Haze
912781,403610,2024-04-29,18.4,14.8,52.5,4.1,Haze
912782,404426,2024-05-09,21.3,16.3,61.0,21.5,Rain
912783,404670,2025-08-04,37.4,26.6,78.9,1.7,Heavy Rain
912784,400514,2025-07-01,24.4,6.9,81.8,2.8,Storm
912785,402262,2025-11-20,17.0,4.6,33.5,12.4,Cloudy
912786,401002,2025-05-09,26.6,1.4,54.7,11.1,Heavy Rain
912787,400394,2025-04-17,33.0,6.0,74.5,4.8,Storm
912788,404621,2026-04-10,29.0,4.5,58.4,14.9,Cloudy
912789,403749,2024-10-24,36.6,1.4,82.6,0.3,Rain
912790,402158,2024-05-21,31.8,13.4,65.8,13.1,Cloudy
912791,401176,2024-02-28,20.0,13.8,75.0,16.2,Clear
912792,404483,2025-08-07,29.5,16.1,51.3,2.0,Cloudy
912793,403233,2024-12-22,36.7,14.1,75.7,0.6,Rain
912794,402545,2024-08-26,40.6,15.9,61.0,4.9,Storm
912795,404572,2026-01-07,30.5,7.1,30.8,48.1,Storm
912796,402386,2024-07-24,27.0,2.0,50.5,3.6,Storm
912797,401455,2024-01-31,20.1,0.9,74.6,15.6,Heavy Rain
912798,404753,2024-06-20,24.9,0.1,60.0,1.2,Rain
912800,401557,2026-06-14,30.5,16.0,43.4,3.8,Clear
912801,401274,2025-12-01,37.3,0.8,64.3,11.7,Heavy Rain
912802,403761,2024-09-15,43.4,2.3,70.0,26.0,Clear
912803,403872,2024-11-03,28.0,4.1,45.4,0.1,Haze
912804,404650,2025-08-18,39.8,0.6,64.3,33.7,Haze
912805,401575,2026-06-05,26.8,22.8,60.5,15.9,Rain
912806,400830,2025-06-27,21.0,7.4,58.7,8.3,Rain
912807,404273,2026-04-02,21.1,1.6,43.8,43.1,Cloudy
912808,403255,2024-11-15,23.8,11.2,32.2,11.9,Clear
912809,401992,2024-08-20,36.5,0.1,87.4,21.0,Heavy Rain
912810,402231,2025-11-04,21.6,9.7,50.8,3.3,Storm
912811,404102,2024-11-27,36.6,29.4,45.1,8.5,Storm
912812,404349,2024-11-04,18.5,10.1,58.2,38.7,Rain
912813,400332,2025-10-17,24.9,4.6,86.7,2.2,Rain
912814,403090,2025-05-31,15.2,1.9,53.8,5.4,Heavy Rain
912815,404724,2026-04-05,28.1,19.1,75.9,6.2,Heavy Rain
912816,401834,2025-07-06,24.3,0.8,65.7,22.9,Haze
912817,403601,2025-10-03,18.5,24.9,83.3,11.1,Heavy Rain
912818,402004,2025-11-11,34.3,4.1,61.3,0.6,Heavy Rain
912819,404208,2024-03-31,22.1,7.3,90.5,5.7,Cloudy
912820,404014,2024-01-16,29.0,4.8,60.0,2.9,Storm
912821,402647,2025-07-31,44.4,5.5,48.3,1.7,Clear
912822,401677,2024-05-07,23.8,17.7,43.2,2.1,Storm
912823,402151,2024-09-24,37.7,5.0,65.3,20.8,Haze
912824,401852,2026-01-14,34.8,7.6,48.3,3.2,Cloudy
912825,403711,2024-10-03,33.6,9.2,22.8,8.4,Rain
912826,403789,2024-07-12,29.6,7.8,68.0,6.3,Storm
912827,400269,2024-03-28,26.0,4.1,82.0,1.9,Clear
912828,400323,2025-10-31,37.6,7.9,88.2,17.8,Rain
912829,402489,2025-08-11,25.7,3.1,66.1,11.4,Cloudy
912830,403148,2025-06-23,43.7,10.4,51.2,16.8,Heavy Rain
912831,401783,2024-11-30,24.4,10.3,52.8,13.0,Heavy Rain
912832,401686,2024-01-23,15.9,5.2,41.7,4.6,Haze
912833,404486,2026-03-03,30.2,1.9,95.8,15.4,Rain
912834,401773,2026-02-23,32.0,12.6,88.0,7.4,Clear
912835,402748,2026-05-22,23.0,1.3,46.5,4.5,Rain
912836,404353,2026-07-13,32.9,5.5,69.5,26.5,Haze
912837,404087,2025-01-25,20.8,9.0,92.0,17.0,Storm
912838,402524,2026-05-20,35.8,0.4,66.3,5.2,Storm
912839,403309,2025-11-03,35.6,27.7,29.5,13.2,Clear
912840,400534,2025-09-28,19.1,1.9,74.0,1.8,Cloudy
912841,400531,2024-04-06,17.6,5.5,44.1,13.0,Storm
912842,402585,2024-08-23,12.9,5.1,42.6,6.9,Haze
912843,401175,2025-02-20,24.4,12.0,63.8,4.7,Clear
912844,404941,2024-08-28,39.0,9.2,69.0,25.7,Haze
912845,400932,2024-07-24,19.2,15.0,77.6,1.0,Storm
912846,402669,2024-01-11,38.8,16.8,65.0,11.3,Clear
912847,400946,2026-06-06,17.7,0.7,77.7,13.0,Heavy Rain
912848,402677,2026-04-26,20.1,0.7,64.3,27.9,Haze
912849,402664,2024-03-13,30.8,5.7,75.6,25.2,Storm
912850,403703,2026-02-04,36.9,0.6,92.9,1.1,Rain
912851,404676,2024-02-12,24.3,13.7,60.8,10.1,Heavy Rain
912852,401772,2024-07-25,34.2,9.6,95.0,0.8,Haze
912853,402586,2024-08-01,27.0,7.7,63.0,5.6,Heavy Rain
912854,400028,2025-10-18,44.5,4.1,80.4,7.6,Heavy Rain
912855,402011,2025-11-18,35.0,0.4,46.8,11.2,Clear
912856,400872,2025-02-06,32.1,1.8,96.0,3.6,Clear
912857,401616,2025-04-18,16.8,0.0,70.3,22.5,Rain
912858,401947,2024-12-09,36.1,1.9,96.4,3.8,Rain
912859,401178,2025-10-31,27.0,4.4,66.9,17.6,Rain
912860,403705,2024-04-25,50.7,2.5,45.3,29.8,Heavy Rain
912861,401905,2026-05-27,20.0,2.5,64.8,3.5,Clear
912862,402608,2024-03-11,31.7,3.8,64.3,19.8,Storm
912863,400376,2026-05-31,28.5,11.1,59.6,5.8,Rain
912864,402520,2026-07-15,27.2,12.4,50.0,2.3,Cloudy
912865,404216,2024-01-07,21.9,16.7,73.4,2.1,Heavy Rain
912866,403970,2024-07-17,30.0,13.4,41.6,3.8,Rain
912867,403453,2025-07-25,24.4,18.6,66.7,1.4,Clear
912868,404808,2024-05-28,31.5,5.5,25.5,1.1,Clear
912869,403330,2024-04-12,24.4,4.2,44.2,0.5,Heavy Rain
912870,401324,2026-03-11,21.6,7.4,62.5,20.2,Heavy Rain
912871,402011,2025-06-25,28.5,7.8,62.8,47.8,Rain
912872,403379,2025-03-31,37.9,20.5,56.7,9.7,Rain
912873,402211,2024-07-25,20.3,1.6,64.3,11.5,Rain
912874,400898,2024-04-30,25.0,0.5,70.6,50.4,Rain
912875,404950,2026-07-01,30.7,1.3,89.4,0.5,Heavy Rain
912876,402897,2024-12-17,31.3,2.0,8.8,3.2,Rain
912877,404042,2026-04-17,16.2,12.5,54.7,2.3,Storm
912878,401029,2024-11-04,25.9,0.3,76.6,3.5,Clear
912879,400326,2025-04-26,22.7,33.2,57.0,4.0,Cloudy
912880,403286,2025-05-15,31.5,5.4,82.6,24.4,Storm
912881,403697,2024-04-16,25.1,9.3,76.3,1.7,Heavy Rain
912882,400764,2024-12-17,20.1,1.3,74.1,2.4,Rain
912883,402292,2024-07-12,18.8,16.5,32.6,10.6,Heavy Rain
912884,402546,2025-09-08,20.7,2.7,74.1,3.4,Cloudy
912885,404382,2026-02-05,7.0,3.3,88.5,1.2,Storm
912886,401026,2025-03-11,19.2,2.2,67.8,15.7,Haze
912887,400784,2025-02-12,17.7,1.2,47.9,20.3,Rain
912888,403603,2025-09-07,28.9,4.4,78.8,9.7,Cloudy
912889,401080,2026-03-20,29.5,18.0,77.9,1.2,Storm
912890,402547,2026-05-01,31.3,0.4,74.4,59.3,Cloudy
912891,402520,2025-08-13,23.3,10.3,86.3,7.8,Heavy Rain
912892,403513,2024-05-16,22.3,0.3,50.3,14.5,Rain
912893,400190,2026-06-20,35.4,24.2,59.3,8.9,Haze
912894,401994,2024-03-04,23.4,2.4,81.1,2.6,Cloudy
912895,401519,2024-10-21,23.7,3.3,86.4,14.4,Haze
912896,401082,2025-09-11,22.7,8.2,55.6,2.8,Storm
912897,401813,2026-02-13,30.7,2.2,76.4,27.2,Heavy Rain
912898,401440,2025-08-30,15.6,2.9,69.9,25.2,Storm
912899,404892,2024-12-23,27.5,8.6,70.8,0.1,Cloudy
912900,400127,2025-06-11,31.5,2.4,76.2,2.6,Cloudy
912901,403104,2025-02-19,14.7,0.3,34.7,2.5,Cloudy
912902,404532,2024-02-16,16.1,4.8,57.6,1.7,Rain
912903,400432,2024-10-31,32.8,7.3,52.5,9.4,Rain
912904,404646,2024-12-11,31.4,0.7,69.5,37.3,Storm
912905,403598,2025-04-15,17.6,20.7,59.9,6.6,Clear
912906,401395,2024-01-21,36.4,2.8,76.9,8.3,Cloudy
912907,403152,2026-05-27,19.5,1.8,92.0,1.7,Rain
912908,403464,2024-01-26,22.6,17.6,67.6,21.8,Clear
912909,401461,2025-03-15,17.1,10.3,56.4,6.3,Storm
912910,402081,2025-04-11,24.3,2.1,75.7,17.5,Clear
912911,403124,2025-10-06,24.4,11.4,54.2,3.7,Heavy Rain
912912,400157,2025-04-07,55.8,2.0,85.7,35.6,Haze
912913,404398,2024-07-30,36.4,11.9,47.2,28.8,Cloudy
912914,403620,2026-06-28,27.0,10.3,59.5,10.4,Heavy Rain
912915,404450,2025-11-15,14.6,16.1,60.1,4.8,Haze
912916,404814,2025-01-14,19.9,3.2,93.1,3.3,Haze
912917,404205,2025-05-19,26.3,10.4,69.5,5.2,Rain
912918,401950,2025-01-13,22.7,7.3,67.1,7.5,Cloudy
912919,402179,2025-06-19,17.4,0.3,92.8,2.5,Haze
912920,400401,2025-03-27,34.9,8.3,86.0,1.8,Cloudy
912921,404630,2025-11-22,29.7,1.5,70.4,9.6,Clear
912923,402150,2025-01-29,22.0,13.1,86.4,17.0,Clear
912924,402340,2025-11-08,38.8,9.4,61.1,20.8,Heavy Rain
912925,402517,2024-05-15,31.5,0.4,46.7,28.1,Cloudy
912926,404945,2025-07-15,14.2,4.9,57.3,5.1,Haze
912927,404472,2025-01-16,22.9,10.8,51.6,2.3,Rain
912928,402711,2025-03-05,33.5,12.1,92.2,13.7,Storm
912929,400275,2026-02-04,16.6,3.7,76.9,31.2,Rain
912930,402008,2024-04-17,28.5,8.6,76.7,5.7,Clear
912931,400542,2024-06-03,29.1,17.2,72.3,3.0,Clear
912932,403099,2025-07-17,27.3,5.7,33.0,2.1,Storm
912933,400570,2024-10-11,26.3,3.0,56.6,2.4,Storm
912934,403008,2024-05-14,27.6,12.9,69.5,11.2,Storm
912935,403297,2025-01-23,30.9,11.2,54.8,8.3,Storm
912936,401476,2024-01-26,22.8,41.5,82.9,2.4,Clear
912937,401247,2025-08-25,27.0,8.3,64.3,7.7,Heavy Rain
912938,401748,2024-10-22,22.8,1.0,80.2,10.5,Haze
912939,402558,2025-03-23,17.3,2.2,95.5,4.9,Cloudy
912940,402304,2025-10-08,26.7,4.5,52.6,11.0,Haze
912941,404139,2025-04-01,26.2,10.2,49.0,10.1,Heavy Rain
912942,401334,2024-06-25,21.4,14.0,78.5,5.3,Cloudy
912943,400443,2024-02-01,24.0,0.0,81.1,6.6,Clear
912944,403071,2025-12-04,9.0,1.5,64.3,27.2,Heavy Rain
912945,403790,2024-08-24,26.0,1.8,70.3,7.7,Cloudy
912946,400209,2025-07-29,26.5,4.9,80.5,36.7,Heavy Rain
912947,403444,2026-01-15,30.8,19.0,55.0,20.0,Heavy Rain
912948,402892,2024-07-14,16.0,18.2,47.5,13.2,Clear
912949,400103,2026-07-03,29.5,5.5,54.0,4.5,Storm
912950,402120,2025-02-25,40.1,5.3,67.0,31.0,Storm
912951,400108,2026-07-14,29.9,8.1,63.4,3.6,Rain
912952,401094,2025-07-27,24.0,7.3,68.7,5.1,Heavy Rain
912953,403568,2024-12-07,50.0,3.7,62.7,16.7,Storm
912954,404853,2024-02-11,20.7,1.1,42.0,19.9,Cloudy
912955,401611,2025-06-19,30.3,7.7,75.5,10.5,Rain
912956,404290,2024-10-20,40.8,20.1,77.1,14.0,Cloudy
912957,401931,2024-11-24,24.2,3.2,65.9,7.7,Rain
912958,403631,2025-07-14,29.2,3.3,47.1,14.4,Rain
912959,403123,2024-10-22,29.7,2.4,64.3,3.0,Rain
912961,404900,2025-01-09,26.4,10.1,31.1,10.9,Rain
912962,400205,2024-12-11,26.5,15.2,50.7,3.4,Cloudy
912963,400284,2024-10-30,23.4,6.3,40.8,5.5,Clear
912964,402591,2024-06-25,9.4,7.2,44.8,14.7,Haze
912965,402301,2024-05-04,16.6,6.7,64.3,5.9,Storm
912966,401648,2025-03-20,30.3,1.7,77.2,2.9,Cloudy
912967,400133,2024-01-25,35.1,14.7,40.8,14.7,Heavy Rain
912968,402155,2026-04-19,42.4,2.8,58.4,8.2,Heavy Rain
912969,401018,2025-10-25,22.1,18.4,48.8,3.1,Rain
912970,402026,2025-02-26,23.4,0.8,83.6,10.2,Haze
912971,404675,2025-09-09,29.8,2.5,50.3,3.6,Cloudy
912972,401866,2026-03-13,25.5,10.4,92.6,0.9,Heavy Rain
912973,404841,2024-01-26,36.8,2.7,57.1,22.7,Rain
912974,403783,2024-10-08,37.3,3.0,62.9,3.0,Storm
912975,400356,2024-12-05,32.6,0.6,54.7,24.2,Rain
912976,405000,2024-09-29,30.1,4.3,58.0,6.6,Haze
912977,403847,2026-04-29,37.8,8.4,61.0,9.9,Haze
912978,402903,2025-03-14,42.7,6.5,41.1,11.5,Clear
912979,403795,2025-10-29,26.2,8.0,52.2,5.5,Haze
912980,404867,2024-05-28,34.3,1.2,89.8,25.9,Rain
912982,401285,2025-06-16,36.7,23.7,75.2,15.2,Clear
912983,404361,2025-10-05,34.7,12.1,67.1,10.7,Cloudy
912984,402201,2025-03-21,28.3,17.1,78.6,31.5,Storm
912985,402585,2025-08-06,31.8,4.0,64.3,7.4,Storm
912986,402974,2025-12-14,23.3,2.4,56.7,16.6,Rain
912988,401046,2026-06-08,23.6,0.2,47.4,32.8,Cloudy
912989,401946,2026-03-10,30.5,1.1,22.0,1.0,Cloudy
912990,400613,2025-06-12,26.8,2.9,35.4,35.1,Cloudy
912992,401992,2025-05-22,35.5,1.6,67.2,20.6,Storm
912993,403238,2025-09-08,31.7,1.1,42.1,1.1,Storm
912994,403019,2026-01-06,29.3,6.2,92.8,11.5,Heavy Rain
912995,404041,2024-08-16,33.7,5.7,62.2,10.4,Cloudy
912996,402829,2026-02-07,39.9,2.7,62.8,6.3,Storm
912997,402285,2024-06-14,9.3,14.4,62.2,4.4,Heavy Rain
912998,402152,2025-09-05,30.6,0.5,52.6,24.6,Heavy Rain
912999,402963,2026-02-23,25.3,14.5,61.9,10.8,Heavy Rain
913001,403506,2025-10-04,26.1,29.3,76.2,5.0,Rain
913002,400645,2026-03-17,27.8,13.4,61.6,6.2,Storm
913003,403863,2025-11-14,35.4,12.4,62.3,19.0,Cloudy
913004,402096,2025-09-02,21.7,10.0,30.9,16.2,Clear
913005,403849,2026-06-19,24.6,0.4,85.9,2.2,Rain
913006,402884,2024-08-02,18.5,13.3,66.8,6.1,Cloudy
913007,401318,2026-06-02,42.8,9.2,43.8,7.0,Cloudy
913008,404108,2025-05-04,22.5,4.9,64.3,5.7,Cloudy
913009,401257,2025-02-22,41.0,3.3,75.1,1.0,Storm
913010,402767,2025-09-12,27.6,5.8,61.3,1.2,Storm
913011,404028,2025-09-02,28.0,5.1,68.9,3.2,Storm
913012,400412,2024-09-06,20.6,14.8,48.8,1.6,Rain
913013,404567,2025-11-18,15.8,6.9,76.5,3.9,Cloudy
913014,400823,2026-05-16,20.1,8.3,49.6,6.7,Cloudy
913015,401162,2024-05-10,33.7,0.1,34.6,0.4,Clear
913016,404058,2025-03-28,15.4,3.3,64.4,8.8,Clear
913017,401308,2024-05-06,38.3,3.1,81.6,10.1,Cloudy
913018,403427,2025-10-23,24.5,5.8,64.3,4.9,Haze
913020,403932,2025-10-21,43.0,1.4,67.2,14.7,Haze
913021,400722,2024-07-30,17.5,11.7,61.5,3.4,Heavy Rain
913022,401073,2024-11-10,20.2,11.7,43.9,3.1,Haze
913023,400601,2025-10-01,35.0,15.4,8.6,6.0,Storm
913024,403391,2026-02-19,30.8,32.0,63.8,12.8,Heavy Rain
913025,402571,2026-07-09,49.8,6.1,80.8,15.0,Storm
913026,402838,2025-06-13,27.9,13.5,63.7,14.3,Haze
913027,401232,2025-07-26,33.1,1.5,68.0,8.8,Rain
913028,404917,2026-05-04,27.7,6.0,92.4,16.4,Cloudy
913029,403695,2024-01-18,41.5,1.1,58.2,23.6,Clear
913030,404662,2026-06-20,17.1,0.7,61.4,2.9,Heavy Rain
913031,401228,2025-07-07,31.0,10.0,77.0,28.0,Cloudy
913032,403935,2026-01-22,34.0,2.1,57.7,13.3,Heavy Rain
913033,401372,2025-01-28,22.2,7.1,64.3,2.5,Haze
913034,400304,2026-03-24,43.1,4.8,64.3,0.6,Rain
913035,404938,2024-04-17,26.0,5.2,41.8,10.7,Clear
913036,403067,2024-03-29,23.5,23.0,55.4,9.0,Heavy Rain
913037,404917,2024-08-04,27.8,3.2,56.3,30.9,Storm
913038,402561,2024-02-17,31.6,6.5,87.1,22.1,Clear
913039,402310,2026-05-19,18.3,8.1,84.2,9.6,Rain
913040,401947,2024-10-31,19.6,3.4,63.2,53.4,Haze
913042,402954,2026-06-27,29.0,13.6,72.5,1.8,Storm
913043,401386,2026-01-31,17.5,3.8,59.4,0.9,Rain
913044,401463,2024-10-25,17.9,4.4,61.8,1.2,Clear
913045,402184,2024-03-27,30.2,7.9,65.5,1.0,Cloudy
913046,404900,2025-02-26,15.6,6.7,60.7,28.1,Rain
913047,402217,2026-05-17,24.0,2.5,48.0,1.0,Rain
913048,404641,2024-08-13,25.0,0.1,70.4,2.5,Clear
913049,400889,2025-01-07,9.2,2.6,48.0,1.1,Cloudy
913050,403485,2024-04-21,20.3,7.3,66.6,8.8,Storm
913051,404045,2024-04-02,23.6,5.5,63.3,14.3,Haze
913052,404227,2024-07-22,38.5,11.0,74.2,25.0,Rain
913053,402584,2026-07-01,16.3,4.4,78.4,6.1,Rain
913054,401134,2025-11-15,36.8,10.7,70.8,11.8,Haze
913056,400463,2025-10-21,29.6,3.5,59.7,12.7,Storm
913057,403471,2025-01-05,29.7,2.8,97.9,1.5,Rain
913058,401460,2025-06-06,40.7,19.1,56.2,17.6,Rain
913059,404085,2025-10-10,34.5,3.7,45.3,10.4,Rain
913060,402695,2025-12-17,10.7,5.5,70.5,4.0,Storm
913061,401940,2026-05-07,24.6,3.6,44.9,21.3,Haze
913062,400972,2024-12-14,26.0,9.0,84.2,2.6,Clear
913063,404699,2024-09-10,20.0,25.0,73.6,14.3,Rain
913064,402018,2024-07-14,26.1,10.9,63.4,3.0,Rain
913065,401481,2025-08-11,26.3,12.5,68.5,15.8,Haze
913066,402384,2024-05-12,15.9,0.6,64.4,16.2,Storm
913067,404154,2024-04-13,39.5,13.1,67.0,14.4,Heavy Rain
913068,401035,2024-07-04,17.6,12.4,51.2,1.5,Storm
913069,403336,2025-06-19,29.2,14.2,60.4,55.2,Haze
913070,403311,2024-03-30,32.0,1.2,64.3,3.4,Rain
913071,402488,2024-10-29,17.0,19.8,35.7,23.0,Heavy Rain
913072,401829,2025-10-14,16.8,42.0,67.4,3.4,Haze
913073,400752,2025-03-16,27.1,14.5,33.1,13.7,Cloudy
913074,403847,2025-04-13,20.9,10.8,61.9,2.0,Rain
913075,400436,2024-09-24,20.5,2.2,82.1,22.3,Haze
913076,402209,2024-04-21,28.3,0.1,49.7,9.0,Rain
913077,402513,2025-04-08,30.6,1.4,56.6,0.0,Heavy Rain
913078,404128,2024-01-27,27.0,1.1,77.8,1.1,Rain
913079,402218,2025-05-12,34.5,10.2,92.0,2.1,Rain
913080,400122,2026-07-09,29.3,0.2,31.2,4.3,Cloudy
913081,401497,2025-03-02,20.4,3.9,71.2,7.0,Rain
913082,402622,2025-03-27,32.8,5.4,88.0,4.8,Haze
913083,401646,2024-06-03,36.3,9.1,75.0,7.3,Cloudy
913084,404301,2025-06-12,22.8,4.7,85.5,1.2,Heavy Rain
913086,403377,2024-09-16,30.9,0.2,69.1,17.7,Heavy Rain
913087,403194,2025-05-30,26.0,10.8,54.0,28.3,Heavy Rain
913088,402861,2025-12-23,31.2,7.7,61.1,17.8,Heavy Rain
913089,402278,2025-10-28,35.2,1.4,50.4,0.1,Heavy Rain
913091,402676,2025-12-16,31.0,3.1,49.0,6.4,Rain
913092,402275,2024-05-04,23.1,3.3,57.0,12.5,Cloudy
913093,403367,2025-06-23,29.3,4.5,60.0,3.6,Haze
913094,401843,2025-10-03,26.0,15.5,79.2,4.3,Clear
913095,402951,2025-08-27,34.0,4.3,67.4,3.8,Clear
913096,400464,2025-01-23,32.2,19.7,99.1,19.6,Clear
913097,401393,2025-11-27,29.6,5.4,36.0,9.1,Rain
913098,403167,2026-03-15,32.4,6.8,8.0,8.4,Cloudy
913099,404147,2026-07-15,28.4,3.9,42.0,2.9,Rain
913100,400471,2024-05-01,33.8,4.6,58.2,4.1,Heavy Rain
913101,401857,2026-07-05,18.9,4.9,67.4,8.5,Clear
913102,402207,2025-09-01,12.4,3.5,54.6,0.6,Rain
913103,402790,2024-04-11,25.3,0.5,74.1,1.7,Haze
913104,400269,2024-10-12,34.6,11.4,90.9,48.4,Cloudy
913105,400872,2024-10-23,24.5,1.9,84.7,8.6,Heavy Rain
913106,401439,2026-01-18,27.8,3.9,51.8,2.3,Haze
913107,404168,2026-05-30,28.0,4.2,67.6,28.5,Clear
913108,401123,2025-03-16,19.5,3.8,54.3,9.7,Rain
913110,403565,2025-01-22,23.0,5.5,78.2,5.6,Haze
913111,404025,2026-02-19,15.9,0.9,60.3,3.0,Cloudy
913112,404065,2026-07-02,35.9,5.8,66.7,17.2,Rain
913113,402449,2024-12-01,24.8,10.1,61.2,24.0,Haze
913114,402486,2024-08-19,41.7,4.0,75.1,8.7,Clear
913115,400319,2025-04-15,25.2,9.7,23.8,18.1,Storm
913116,404455,2025-03-19,40.5,16.9,49.5,18.8,Rain
913117,403136,2025-04-19,23.5,14.3,71.6,0.8,Rain
913118,402431,2025-08-08,19.3,1.6,75.1,3.7,Storm
913119,400352,2024-08-22,22.8,12.1,63.5,6.3,Rain
913120,401774,2024-01-01,35.5,13.0,55.4,6.9,Haze
913121,400017,2026-05-22,27.0,2.4,41.8,7.6,Rain
913122,404463,2024-02-26,31.8,6.5,72.4,1.8,Cloudy
913123,401212,2025-10-23,23.8,2.1,63.0,1.9,Haze
913124,402676,2025-06-22,43.2,0.6,64.3,9.2,Haze
913125,402914,2025-02-19,32.4,14.5,68.0,4.1,Rain
913126,404818,2024-10-07,17.0,9.2,66.1,2.8,Storm
913127,404040,2025-09-30,23.8,1.7,62.4,13.9,Clear
913128,403521,2024-04-16,34.0,4.7,47.8,3.0,Haze
913129,404788,2024-07-16,22.0,18.9,75.3,8.8,Cloudy
913130,404012,2025-12-07,22.9,2.3,93.5,20.1,Storm
913131,401942,2024-04-11,18.2,15.6,74.0,1.0,Rain
913132,400856,2026-02-01,27.7,5.4,64.2,15.0,Rain
913134,402091,2025-04-02,19.2,24.5,80.1,6.5,Heavy Rain
913135,404602,2025-03-05,34.0,2.5,68.8,7.6,Rain
913136,402957,2026-06-17,26.8,32.0,49.3,17.2,Rain
913137,401650,2026-04-27,31.1,6.3,53.0,8.1,Heavy Rain
913138,402581,2026-05-22,23.5,3.5,84.7,3.3,Haze
913139,400261,2025-06-27,31.4,6.6,56.5,17.1,Cloudy
913140,400005,2026-05-09,28.3,7.1,60.0,5.3,Haze
913141,403041,2024-06-12,36.1,11.9,57.1,8.6,Storm
913142,402639,2026-02-01,37.4,2.6,66.6,0.8,Rain
913143,400366,2024-07-12,36.5,4.9,64.3,2.7,Clear
913144,400743,2025-09-08,34.9,4.8,23.7,6.0,Cloudy
913145,401210,2025-05-12,27.9,8.7,51.8,17.6,Rain
913146,400436,2026-05-02,24.6,2.8,41.2,5.7,Cloudy
913147,404132,2024-09-21,17.8,0.9,79.4,4.5,Heavy Rain
913148,401830,2025-07-18,32.9,13.9,60.8,36.0,Heavy Rain
913149,404823,2025-11-08,24.7,1.9,43.3,16.3,Heavy Rain
913150,404756,2024-01-02,16.9,0.6,52.4,2.2,Haze
913151,402530,2024-02-17,28.9,1.2,60.9,6.6,Clear
913152,402841,2025-05-18,22.4,0.3,51.2,13.0,Heavy Rain
913153,402776,2024-04-04,28.5,5.7,76.1,47.2,Rain
913155,402556,2026-01-23,37.2,1.0,65.8,2.0,Clear
913156,400724,2025-08-30,26.5,11.6,49.4,5.0,Rain
913157,404858,2025-07-26,32.1,2.0,79.1,5.9,Haze
913159,401652,2024-04-14,28.1,17.9,97.4,17.6,Storm
913160,400764,2025-08-28,25.7,3.5,68.4,15.1,Rain
913161,402889,2024-02-02,42.5,12.1,48.4,1.1,Clear
913162,401867,2024-11-26,27.6,3.1,25.7,3.1,Storm
913163,402317,2026-07-17,40.5,0.1,80.4,3.2,Heavy Rain
913164,404540,2025-03-22,39.8,9.6,37.2,6.0,Heavy Rain
913165,404432,2024-09-30,24.5,4.5,67.4,3.5,Heavy Rain
913166,400942,2024-04-11,30.6,3.7,45.0,2.8,Clear
913167,400930,2026-02-24,41.0,17.2,49.8,1.5,Storm
913168,401645,2025-08-29,26.8,6.4,54.5,11.5,Clear
913169,402330,2025-02-01,28.1,32.4,79.4,25.4,Storm
913170,403778,2024-09-10,25.9,2.9,86.1,15.1,Clear
913171,404889,2026-04-13,19.7,13.5,85.3,2.5,Rain
913172,402213,2024-10-07,18.6,6.7,41.0,0.8,Haze
913173,403322,2025-10-14,29.8,11.4,84.6,5.8,Storm
913174,402369,2025-11-26,25.9,2.8,66.5,5.0,Rain
913175,403329,2025-02-14,28.5,2.5,49.1,2.6,Haze
913176,403567,2024-09-22,27.5,10.5,61.5,34.6,Storm
913177,403893,2024-12-02,5.7,15.4,64.3,20.4,Rain
913179,402416,2024-11-11,26.2,0.0,64.3,15.8,Haze
913180,404168,2024-09-18,4.5,5.3,51.4,13.4,Clear
913181,401790,2025-05-17,15.8,4.8,76.5,3.5,Heavy Rain
913182,403509,2026-06-02,38.7,8.1,73.8,9.4,Cloudy
913183,403388,2024-04-19,2.6,5.3,37.3,13.2,Haze
913184,402769,2025-08-02,34.1,13.5,54.2,39.0,Heavy Rain
913185,403088,2025-01-04,29.0,15.3,64.3,6.1,Heavy Rain
913186,401501,2025-09-24,41.6,16.3,45.7,14.4,Storm
913187,402076,2024-03-04,36.8,16.9,74.1,2.0,Rain
913188,403204,2025-10-23,28.5,5.7,69.1,1.5,Rain
913189,402995,2025-06-17,15.7,20.6,41.4,35.4,Clear
913190,404687,2024-11-13,25.8,12.1,55.7,4.8,Cloudy
913191,400382,2024-07-12,41.1,2.5,55.4,4.6,Rain
913192,401736,2025-02-25,31.3,3.1,65.4,11.7,Clear
913193,400144,2024-09-23,33.4,13.0,52.2,24.5,Clear
913194,402658,2024-05-29,37.2,7.5,57.8,9.5,Clear
913195,402430,2025-01-27,17.8,2.1,43.4,2.3,Haze
913196,400733,2024-02-09,31.9,7.6,64.3,23.8,Storm
913197,402893,2024-06-17,22.2,7.5,62.1,0.7,Clear
913198,402703,2026-07-11,27.6,0.6,83.9,6.9,Heavy Rain
913199,401684,2025-11-05,33.5,7.7,96.5,37.1,Storm
913200,402639,2024-10-22,20.7,16.5,84.8,3.0,Haze
913201,403800,2024-09-06,22.7,7.5,31.3,16.1,Cloudy
913202,402053,2025-02-11,31.8,27.1,77.4,5.3,Rain
913203,404061,2026-02-26,27.0,6.3,49.3,37.7,Haze
913204,402652,2025-10-17,20.7,14.3,95.3,7.3,Rain
913205,404868,2025-09-05,15.6,7.0,61.2,2.2,Clear
913206,404566,2025-07-13,23.1,11.4,61.3,22.3,Heavy Rain
913207,403318,2025-07-04,17.0,10.6,88.7,31.6,Storm
913208,404768,2024-01-07,25.5,9.9,59.0,1.0,Heavy Rain
913210,404482,2026-06-15,31.8,1.2,78.6,9.9,Storm
913211,402558,2024-02-28,39.9,19.5,53.7,51.4,Cloudy
913212,403298,2025-06-18,18.4,20.0,67.4,9.7,Rain
913213,400973,2024-05-11,20.2,3.3,64.3,5.2,Cloudy
913214,401166,2024-01-06,13.0,25.3,54.5,1.6,Heavy Rain
913215,402822,2025-09-04,30.5,6.1,79.2,5.6,Heavy Rain
913216,404883,2026-03-09,17.5,5.1,67.7,3.9,Storm
913217,402140,2024-03-04,31.1,1.3,63.9,17.5,Heavy Rain
913218,403385,2025-04-26,36.4,2.5,84.1,10.6,Rain
913219,400597,2025-10-03,21.2,9.0,64.3,15.6,Heavy Rain
913221,403482,2025-04-11,17.0,2.7,45.5,38.6,Clear
913222,403045,2026-04-14,29.3,7.1,80.2,10.1,Clear
913223,403652,2024-01-25,31.9,14.2,69.1,5.4,Rain
913224,401912,2024-06-16,41.1,4.7,65.0,14.1,Clear
913225,404285,2024-11-01,39.8,17.7,52.7,12.6,Cloudy
913226,404816,2025-01-08,31.4,10.0,69.2,1.3,Clear
913227,402944,2024-09-06,28.6,21.8,40.5,10.0,Haze
913228,403956,2024-08-01,19.5,0.1,65.6,5.8,Haze
913229,401151,2025-08-21,27.7,8.5,71.4,5.0,Clear
913230,404942,2025-10-17,34.7,5.6,56.8,1.1,Cloudy
913231,400692,2025-06-19,37.5,17.5,44.4,1.6,Rain
913233,404747,2024-12-21,32.9,0.1,74.4,25.3,Clear
913234,400762,2025-10-20,34.9,0.6,59.3,42.5,Clear
913235,400707,2025-01-27,31.9,27.0,64.3,0.1,Clear
913236,402288,2024-04-30,26.6,5.5,56.3,11.3,Clear
913237,403773,2025-06-03,24.7,2.1,65.2,5.8,Haze
913238,400558,2025-12-22,20.0,4.3,93.1,20.6,Rain
913239,400917,2025-08-02,39.6,6.2,71.7,34.0,Storm
913241,402396,2025-06-26,18.3,5.0,79.8,61.2,Storm
913242,400435,2024-08-01,38.9,7.5,63.3,8.7,Haze
913243,401816,2024-04-09,19.3,1.0,61.3,0.1,Haze
913244,401781,2025-06-05,20.2,2.1,75.2,7.8,Clear
913245,402313,2025-03-23,27.0,5.5,72.6,28.7,Clear
913247,401490,2025-09-01,36.0,1.1,71.2,11.1,Clear
913248,401891,2026-04-25,34.0,3.7,53.2,15.5,Rain
913249,402415,2026-02-08,21.6,1.4,54.7,26.0,Heavy Rain
913250,404380,2024-08-21,27.5,11.8,55.1,6.2,Rain
913251,402439,2025-03-13,26.8,12.6,84.0,33.1,Rain
913252,404716,2024-11-24,32.6,2.3,64.3,2.4,Haze
913253,401948,2025-06-20,38.9,13.9,76.3,44.7,Clear
913254,400245,2025-02-18,40.7,3.1,90.0,10.3,Rain
913255,401383,2026-04-22,19.9,2.7,61.1,0.6,Clear
913256,401041,2026-01-22,19.8,6.1,70.5,8.5,Clear
913257,404989,2024-11-07,23.1,0.7,21.9,4.5,Rain
913258,402411,2026-06-27,12.2,0.6,87.5,7.4,Haze
913259,400870,2024-09-13,38.8,7.9,43.9,0.8,Heavy Rain
913260,404304,2024-01-07,31.6,3.4,41.2,16.9,Cloudy
913261,404655,2024-07-18,24.0,6.3,34.0,23.1,Heavy Rain
913262,404924,2024-03-04,21.8,11.0,53.7,18.0,Cloudy
913263,402839,2024-08-22,20.9,7.4,54.3,27.8,Rain
913265,404418,2024-09-26,31.9,3.2,47.6,5.2,Rain
913266,402734,2024-10-02,38.3,23.9,55.1,14.5,Rain
913267,404764,2024-12-31,32.8,10.5,55.0,29.7,Haze
913268,400723,2025-09-29,27.2,1.5,55.8,3.8,Heavy Rain
913269,401248,2024-08-23,34.4,9.4,80.1,23.1,Rain
913270,402754,2025-04-01,21.8,3.3,61.3,10.2,Rain
913271,402393,2026-04-27,26.2,8.7,87.5,9.7,Haze
913272,404188,2026-01-16,32.3,6.4,35.9,5.8,Rain
913273,400728,2025-02-22,20.6,17.7,92.4,14.6,Storm
913274,404826,2025-02-01,34.8,18.6,34.4,1.4,Clear
913275,402526,2024-04-22,33.7,1.2,45.4,16.4,Clear
913276,402841,2024-12-24,35.2,1.0,57.7,26.4,Storm
913277,402221,2024-06-15,13.3,2.6,45.7,0.4,Rain
913278,400216,2025-09-26,27.1,21.6,58.6,15.3,Heavy Rain
913280,400771,2025-09-09,18.8,28.4,64.3,9.2,Clear
913281,402863,2024-10-26,28.5,5.6,78.4,10.7,Heavy Rain
913282,403056,2024-06-21,25.8,5.2,72.9,2.6,Clear
913283,401593,2025-02-21,32.4,2.3,43.4,13.7,Haze
913284,401076,2026-01-08,19.0,5.3,83.7,40.1,Heavy Rain
913285,400869,2025-08-26,16.3,9.4,58.4,35.8,Clear
913286,404972,2024-02-19,23.5,0.2,64.3,50.1,Storm
913287,404057,2024-04-28,30.7,10.4,71.7,0.9,Rain
913288,402519,2025-10-23,18.1,0.0,59.9,2.5,Heavy Rain
913289,403473,2026-01-10,42.0,1.3,69.7,3.6,Cloudy
913290,403456,2025-09-13,38.6,5.8,57.6,15.0,Cloudy
913291,402443,2024-04-09,18.9,8.6,65.4,6.3,Storm
913292,400173,2025-07-12,22.8,6.8,77.8,4.6,Storm
913293,400620,2025-03-28,30.0,10.5,65.1,14.3,Storm
913294,404337,2024-08-23,22.6,2.9,64.8,18.9,Cloudy
913295,404120,2025-10-21,26.7,3.1,45.6,8.6,Clear
913296,403973,2026-07-12,28.5,2.6,70.3,3.8,Storm
913297,403880,2024-07-16,44.3,7.8,76.4,2.6,Storm
913298,404838,2025-07-22,19.1,15.3,48.9,1.1,Rain
913299,402683,2025-09-16,35.6,7.9,51.2,3.2,Rain
913300,401717,2024-10-26,25.6,8.2,90.3,64.4,Heavy Rain
913301,400777,2025-05-31,43.6,19.4,89.5,23.1,Storm
913302,400782,2025-04-19,31.7,9.6,64.3,1.5,Cloudy
913303,403309,2024-11-26,20.4,1.4,75.0,5.3,Clear
913304,402707,2025-06-02,16.7,5.5,49.6,4.9,Heavy Rain
913305,400732,2024-04-12,19.7,5.1,91.7,0.4,Cloudy
913306,403968,2024-08-12,16.0,1.3,78.6,0.3,Clear
913307,401309,2025-05-09,32.1,0.7,59.3,3.2,Rain
913308,400061,2024-09-07,50.6,1.8,64.2,10.5,Heavy Rain
913309,404844,2026-03-28,29.6,1.3,87.4,15.1,Heavy Rain
913310,403401,2025-11-23,31.3,2.7,61.1,2.1,Cloudy
913312,403286,2025-01-19,24.2,10.7,60.7,20.8,Storm
913313,402892,2024-09-05,4.6,10.6,14.3,1.7,Heavy Rain
913314,401542,2024-02-06,26.0,22.8,43.7,3.0,Rain
913315,401657,2026-06-13,18.1,7.4,78.9,12.4,Heavy Rain
913317,402024,2025-10-06,31.9,13.1,71.1,29.7,Haze
913318,403908,2024-11-02,32.1,11.1,57.0,1.3,Cloudy
913319,402704,2024-02-19,10.2,0.1,69.3,45.4,Cloudy
913320,400208,2024-09-26,25.2,9.1,86.0,3.7,Rain
913321,401757,2026-01-15,29.4,7.7,41.3,27.5,Heavy Rain
913322,404534,2025-01-03,26.0,1.8,60.9,41.8,Haze
913323,400621,2024-02-23,47.8,29.0,89.7,11.2,Cloudy
913324,403023,2026-07-08,25.5,18.7,73.6,5.6,Haze
913325,401699,2026-07-16,27.8,8.6,71.3,13.1,Heavy Rain
913326,404924,2024-10-04,20.1,0.1,69.2,0.7,Rain
913327,400598,2025-03-19,22.5,5.3,42.7,5.5,Rain
913328,402499,2024-07-03,26.8,29.5,64.1,10.6,Cloudy
913329,404393,2024-08-15,30.5,2.0,57.5,2.9,Heavy Rain
913330,400143,2025-10-25,30.3,15.3,64.9,7.0,Storm
913331,402006,2024-05-18,28.6,5.5,64.4,5.7,Cloudy
913332,401560,2026-02-21,21.1,9.6,81.3,2.5,Rain
913333,404684,2026-05-30,25.3,16.9,78.6,5.4,Storm
913334,401625,2025-02-05,11.5,5.7,51.8,7.2,Rain
913335,401679,2024-02-05,19.0,4.0,61.9,14.0,Heavy Rain
913336,400609,2025-02-08,33.6,22.3,50.6,2.7,Clear
913337,404445,2024-09-18,31.6,14.4,23.9,5.1,Rain
913338,402571,2024-05-30,24.6,11.9,85.5,4.2,Heavy Rain
913339,402330,2025-07-21,14.4,13.3,55.6,11.6,Haze
913340,403770,2024-09-08,19.6,0.1,49.7,16.9,Haze
913341,400638,2024-06-03,18.6,1.4,83.8,14.7,Heavy Rain
913342,403972,2025-10-04,37.2,3.8,76.6,29.8,Rain
913343,400438,2026-06-19,24.8,1.8,54.0,13.0,Cloudy
913344,400097,2024-01-22,39.6,6.2,81.2,3.4,Cloudy
913345,400911,2024-03-20,23.6,4.3,54.7,8.4,Storm
913346,402422,2026-06-06,30.2,29.1,68.7,1.1,Rain
913347,401086,2024-01-15,21.5,0.2,47.8,4.0,Clear
913348,403177,2025-07-13,31.3,6.1,88.0,2.5,Cloudy
913349,402387,2025-06-30,37.2,9.2,44.0,1.9,Storm
913350,400301,2025-09-16,24.5,0.6,58.4,29.6,Haze
913351,401571,2024-06-16,30.3,0.8,67.6,1.0,Storm
913352,404473,2025-10-03,28.0,1.0,55.1,24.9,Clear
913355,404962,2026-02-11,21.3,26.1,96.4,2.9,Clear
913356,404201,2024-07-23,24.4,5.1,79.1,7.7,Rain
913357,403731,2025-04-24,24.2,20.2,55.6,22.9,Cloudy
913358,401635,2024-12-17,44.2,10.6,77.9,5.2,Heavy Rain
913359,403337,2026-02-05,30.5,0.6,42.5,11.5,Cloudy
913360,404843,2026-01-26,19.5,14.9,57.8,32.4,Clear
913361,401076,2026-04-06,27.0,3.6,53.5,0.8,Rain
913362,402400,2025-07-16,28.6,4.7,96.9,19.9,Haze
913363,404476,2026-02-09,41.9,9.8,64.2,10.9,Clear
913364,400929,2025-06-04,14.4,3.4,94.4,13.2,Heavy Rain
913365,404554,2025-08-08,13.8,4.3,47.7,0.9,Haze
913366,402618,2024-12-18,35.0,14.7,42.2,22.5,Haze
913367,403442,2025-10-17,33.1,6.2,78.9,5.0,Clear
913368,403974,2024-09-14,10.6,0.7,62.6,6.5,Rain
913369,400506,2024-12-22,30.9,33.3,65.4,49.9,Storm
913370,402730,2026-05-18,47.4,5.2,62.7,27.5,Cloudy
913371,404623,2024-03-13,12.4,2.3,58.0,13.2,Rain
913372,401746,2024-12-17,17.5,1.8,66.5,4.3,Storm
913374,404894,2024-12-11,35.6,27.9,69.3,6.7,Heavy Rain
913375,400883,2024-09-22,37.6,11.6,61.0,50.0,Haze
913376,401559,2025-11-18,17.9,4.6,61.8,11.8,Haze
913377,401590,2024-07-09,47.1,16.1,44.4,26.7,Rain
913378,403220,2025-12-04,16.1,8.7,68.9,23.1,Rain
913379,403592,2025-11-16,26.0,5.5,70.2,5.8,Rain
913380,404691,2024-11-19,22.5,0.5,48.4,1.7,Heavy Rain
913381,402420,2024-05-06,30.3,2.3,27.8,7.1,Heavy Rain
913382,404222,2025-02-21,24.9,4.6,56.3,12.3,Cloudy
913383,403073,2026-01-01,28.6,2.4,59.1,2.7,Storm
913384,402683,2024-02-27,32.1,4.8,34.7,4.2,Clear
913385,400808,2024-10-26,28.3,3.6,47.0,3.0,Storm
913386,404660,2024-05-15,32.4,0.1,56.4,19.1,Haze
913387,404926,2025-11-21,29.3,3.8,57.3,13.2,Cloudy
913389,404298,2024-09-26,33.6,0.9,68.5,1.9,Rain
913391,401675,2026-03-29,34.0,3.7,42.8,6.6,Rain
913392,403844,2024-02-23,27.0,0.5,41.7,3.2,Cloudy
913393,403265,2026-04-11,25.1,1.4,49.4,37.1,Heavy Rain
913394,400943,2025-06-20,18.4,7.0,38.4,12.5,Clear
913396,401574,2026-06-18,45.5,2.6,63.7,4.1,Cloudy
913397,401320,2025-03-08,38.8,7.4,63.0,8.7,Heavy Rain
913398,402577,2025-02-08,17.9,4.9,75.2,6.2,Cloudy
913399,404992,2025-06-22,27.0,0.5,61.9,20.8,Storm
913400,401372,2026-06-22,21.5,3.7,79.6,5.2,Heavy Rain
913401,404881,2024-09-20,35.6,1.7,29.7,10.0,Cloudy
913402,401080,2025-07-15,23.0,4.6,70.5,27.9,Cloudy
913403,402805,2024-08-19,25.1,1.6,63.1,8.0,Cloudy
913404,400319,2024-10-03,35.8,3.4,76.8,14.1,Cloudy
913405,404516,2025-10-27,26.8,0.7,54.6,13.4,Rain
913406,404036,2026-03-04,42.1,3.7,51.9,0.6,Heavy Rain
913407,404604,2025-10-14,38.8,0.6,83.8,11.3,Clear
913408,402460,2024-06-20,26.9,7.1,75.5,7.2,Clear
913409,404439,2024-03-06,25.4,13.5,41.8,13.3,Rain
913410,402899,2024-04-10,26.6,7.5,94.0,4.4,Clear
913411,401746,2025-03-19,25.2,30.3,54.8,10.1,Rain
913412,402633,2025-10-18,23.5,20.1,66.2,8.9,Haze
913414,402293,2025-09-08,23.3,6.4,73.5,5.8,Haze
913415,400591,2025-02-18,30.0,3.1,69.2,12.8,Clear
913416,403230,2025-04-24,23.4,2.3,85.9,1.2,Cloudy
913417,402756,2026-05-31,25.8,6.5,72.6,21.8,Cloudy
913418,404524,2024-09-03,34.7,1.3,46.3,8.3,Storm
913419,404097,2024-07-05,12.5,25.0,51.6,8.1,Rain
913420,400524,2024-03-07,34.6,7.4,49.2,10.9,Cloudy
913421,404120,2026-03-18,45.3,3.8,37.9,12.6,Haze
913422,401088,2025-08-31,21.3,11.2,71.2,2.1,Heavy Rain
913424,403349,2024-11-26,28.1,2.6,67.1,6.2,Storm
913425,404145,2025-12-16,24.0,2.6,62.6,10.0,Haze
913426,404650,2024-07-26,26.2,1.5,72.4,28.6,Rain
913427,400573,2025-08-18,16.0,8.5,56.0,5.5,Storm
913428,404517,2025-01-27,36.6,5.5,59.8,22.3,Clear
913429,401726,2024-04-28,40.8,5.1,51.9,12.4,Haze
913430,404534,2025-08-10,29.1,5.1,67.5,40.8,Storm
913431,404309,2024-11-30,35.1,9.0,48.6,14.7,Storm
913432,403810,2024-07-14,32.8,14.6,88.5,1.5,Heavy Rain
913433,400631,2025-12-25,37.4,0.9,79.9,8.9,Clear
913434,400799,2024-08-04,29.9,0.8,75.6,24.0,Storm
913435,402421,2024-03-13,19.7,1.4,60.5,5.7,Clear
913436,402369,2025-04-09,31.1,11.2,57.0,0.8,Rain
913437,402145,2025-05-19,33.2,1.8,56.1,3.7,Rain
913438,401812,2025-09-13,25.5,10.5,40.3,5.6,Clear
913439,401125,2024-07-10,36.9,8.3,59.5,16.4,Storm
913440,400091,2024-05-08,24.1,9.4,66.1,14.2,Storm
913441,402791,2024-01-29,31.2,25.1,56.2,0.6,Heavy Rain
913442,400002,2026-05-05,28.7,12.0,72.1,16.3,Clear
913443,404769,2025-06-17,21.3,6.9,62.7,24.5,Clear
913445,402418,2024-04-13,38.5,8.8,59.6,35.0,Clear
913446,402203,2025-09-01,31.6,0.4,64.3,6.1,Clear
913447,403630,2025-01-08,27.4,7.7,78.9,11.7,Haze
913448,404454,2024-10-14,32.9,10.9,73.2,3.4,Cloudy
913449,403261,2024-12-21,23.1,7.2,64.3,19.9,Storm
913450,402348,2025-10-02,25.2,14.0,63.8,7.6,Heavy Rain
913451,402492,2024-12-27,23.7,14.0,69.6,1.8,Storm
913452,401812,2025-07-17,15.3,3.6,47.4,2.6,Rain
913453,401191,2026-07-11,8.1,20.2,46.7,26.2,Haze
913454,403095,2026-07-10,27.8,0.7,39.0,5.6,Rain
913455,401070,2025-02-18,22.7,8.8,66.1,10.7,Cloudy
913456,403724,2024-08-12,20.8,8.0,56.9,5.8,Heavy Rain
913457,403105,2026-05-18,31.6,2.5,44.3,13.4,Storm
913458,400312,2024-01-12,19.4,0.7,51.6,40.7,Cloudy
913459,401278,2025-05-28,29.8,2.0,45.8,6.7,Haze
913460,403546,2025-06-22,26.2,0.4,52.5,12.4,Cloudy
913461,404627,2025-12-14,22.3,5.5,85.7,13.9,Clear
913462,403406,2025-10-29,19.2,11.6,80.0,3.9,Haze
913463,403654,2025-11-03,27.6,2.0,70.1,16.5,Cloudy
913464,404529,2024-01-09,25.3,6.6,60.0,6.0,Cloudy
913465,404439,2024-08-14,17.8,4.3,79.5,5.7,Heavy Rain
913466,403794,2025-10-28,29.1,1.5,31.4,3.3,Storm
913467,403105,2026-04-29,19.4,4.2,52.1,2.8,Rain
913468,403298,2025-07-05,17.9,1.4,64.3,1.8,Rain
913469,400268,2024-12-17,24.3,7.6,59.2,31.1,Haze
913470,400301,2024-05-03,24.4,7.8,76.6,12.8,Haze
913471,400323,2025-02-18,19.3,0.6,82.2,5.7,Clear
913472,401779,2025-04-23,18.5,4.1,58.5,6.1,Rain
913473,403133,2025-06-04,23.3,2.9,51.7,1.3,Haze
913474,400560,2025-06-20,13.7,16.5,73.2,2.7,Cloudy
913476,404501,2026-03-09,21.0,23.4,80.8,32.2,Cloudy
913478,401528,2025-12-29,31.5,6.4,75.5,15.6,Heavy Rain
913479,400937,2024-09-12,39.0,2.8,85.1,50.6,Rain
913480,400276,2026-04-06,19.6,2.3,62.7,20.3,Storm
913481,402077,2026-03-26,40.2,8.8,86.7,20.5,Haze
913482,403281,2025-08-29,38.8,9.4,63.5,13.0,Heavy Rain
913483,401742,2026-05-23,35.2,10.9,68.9,13.7,Haze
913484,401755,2024-06-15,27.0,10.0,64.0,55.1,Heavy Rain
913485,402788,2026-07-06,20.2,0.3,64.3,3.4,Heavy Rain
913486,402625,2026-02-07,29.9,0.2,66.8,22.1,Heavy Rain
913487,400701,2025-12-16,20.1,4.4,82.8,23.0,Storm
913488,402375,2025-08-29,32.0,6.1,62.0,2.4,Rain
913489,401008,2024-12-18,26.7,8.9,64.3,4.2,Heavy Rain
913490,403919,2025-03-27,28.7,1.6,98.9,16.6,Clear
913491,402376,2026-01-30,25.9,3.5,52.0,1.6,Rain
913492,402653,2026-02-08,13.8,15.7,82.1,21.3,Haze
913493,401136,2025-04-15,27.3,2.9,47.9,12.1,Storm
913494,400617,2024-08-28,33.5,1.7,56.1,3.5,Storm
913495,404210,2026-02-02,37.1,0.8,53.2,9.5,Haze
913496,400770,2026-05-16,18.7,7.4,52.7,1.7,Haze
913497,403794,2025-10-12,31.4,10.1,26.7,19.6,Clear
913498,404490,2026-02-19,43.8,4.1,42.6,3.1,Haze
913499,402329,2024-01-24,17.3,4.3,76.5,6.6,Storm
913500,403137,2024-05-05,33.0,24.6,86.1,8.7,Heavy Rain
913501,401825,2024-09-24,29.3,1.4,71.0,4.2,Cloudy
913502,403871,2025-01-28,37.3,2.9,54.0,6.1,Heavy Rain
913503,404887,2024-08-21,25.0,19.9,84.6,29.6,Clear
913504,401743,2024-03-12,27.6,8.3,54.8,1.7,Storm
913505,401600,2025-06-12,23.5,1.7,82.0,17.0,Heavy Rain
913506,404051,2025-08-06,21.7,5.4,51.9,3.2,Haze
913507,402603,2024-08-21,22.5,1.8,61.7,16.4,Rain
913508,402292,2025-02-23,30.9,11.9,39.7,14.4,Rain
913509,400787,2024-11-07,22.8,28.5,63.7,12.1,Haze
913510,401325,2024-11-08,12.2,3.1,83.5,1.5,Clear
913511,404745,2026-05-21,26.2,26.4,50.8,5.1,Storm
913512,402021,2025-11-19,26.4,4.4,80.7,7.7,Heavy Rain
913514,404369,2025-02-08,26.7,5.0,64.3,4.2,Heavy Rain
913515,402337,2026-07-16,23.7,1.0,66.7,25.0,Heavy Rain
913516,402624,2025-07-01,23.9,9.3,66.3,12.8,Cloudy
913517,401736,2026-07-12,26.5,0.2,98.2,8.6,Heavy Rain
913518,402503,2026-06-10,13.9,0.7,94.5,0.8,Rain
913519,401580,2026-03-24,29.0,18.8,65.5,16.0,Cloudy
913520,402922,2026-04-01,18.8,4.6,43.8,9.2,Clear
913521,403676,2025-02-10,27.0,1.7,20.8,1.2,Storm
913522,403173,2026-07-12,16.2,11.3,68.0,1.9,Rain
913523,403478,2025-03-23,25.9,1.7,64.3,21.1,Storm
913524,401967,2025-05-06,30.2,0.5,64.3,7.3,Storm
913525,404442,2024-06-27,20.5,14.3,63.7,23.3,Cloudy
913526,400848,2024-07-08,20.0,4.4,58.0,5.6,Cloudy
913527,401026,2024-03-19,44.4,10.2,40.9,13.6,Cloudy
913528,400643,2024-07-02,20.8,0.2,36.2,16.6,Heavy Rain
913529,403593,2025-03-17,40.6,2.6,71.2,2.4,Cloudy
913530,403970,2025-01-12,27.3,3.1,52.0,42.8,Clear
913531,401515,2025-11-07,18.7,10.6,64.3,7.7,Storm
913532,402153,2026-04-02,31.2,1.4,66.5,29.0,Cloudy
913533,400350,2024-03-19,24.3,29.3,58.4,12.8,Clear
913534,403036,2026-03-05,27.1,4.5,79.5,26.0,Storm
913535,403995,2025-11-23,31.4,17.2,75.2,10.9,Storm
913536,404791,2025-07-11,30.5,10.7,63.8,1.6,Rain
913537,403061,2025-12-03,27.0,16.4,50.8,4.4,Storm
913538,400286,2024-06-26,26.0,3.5,57.2,1.1,Cloudy
913539,400471,2025-01-05,23.6,5.4,64.3,4.6,Clear
913540,401122,2025-01-02,28.6,2.0,66.8,10.8,Storm
913541,400453,2025-12-13,25.7,8.3,60.1,3.1,Haze
913542,401559,2024-01-08,28.0,20.6,85.7,17.7,Clear
913543,401229,2026-03-01,21.7,9.9,76.0,6.2,Rain
913544,400279,2026-05-07,41.1,5.2,59.6,17.7,Cloudy
913545,401646,2024-06-20,33.6,21.3,69.4,7.4,Heavy Rain
913546,400245,2026-07-07,28.0,21.5,45.2,4.1,Cloudy
913547,400370,2024-06-15,35.1,8.0,54.6,0.0,Cloudy
913548,404090,2024-02-21,31.7,1.8,84.4,6.8,Rain
913549,401706,2025-07-07,38.2,0.5,42.7,9.8,Haze
913550,400343,2024-11-27,34.5,20.6,89.7,4.6,Cloudy
913552,400487,2024-09-11,38.7,6.6,44.4,14.0,Cloudy
913553,401227,2024-07-03,6.6,1.5,64.7,8.4,Cloudy
913554,402936,2026-07-02,34.8,5.7,64.5,0.4,Rain
913555,401085,2025-09-13,25.0,1.1,64.7,14.6,Storm
913556,402652,2024-10-30,17.0,6.7,62.0,4.9,Storm
913557,403038,2025-05-26,25.8,2.1,70.7,3.0,Storm
913558,404239,2024-05-04,29.3,5.5,50.6,13.5,Heavy Rain
913559,400866,2025-03-09,28.7,2.7,37.9,8.8,Rain
913560,403445,2024-02-25,22.2,9.8,63.5,1.1,Haze
913561,400327,2025-07-28,27.0,3.7,64.4,1.2,Cloudy
913562,404452,2025-01-24,30.9,1.3,74.5,5.3,Haze
913563,404569,2025-05-25,34.0,5.4,82.2,3.5,Rain
913564,401172,2025-06-17,22.0,2.7,31.4,12.4,Clear
913565,403148,2026-05-13,17.0,4.3,83.9,10.7,Storm
913566,400135,2024-05-20,22.8,6.4,52.7,0.4,Cloudy
913567,402205,2025-12-22,20.2,2.3,25.4,15.5,Storm
913568,404862,2024-12-25,20.7,3.4,64.5,4.1,Rain
913569,401540,2026-05-09,25.7,0.4,45.5,2.1,Rain
913570,402342,2024-07-11,29.9,1.1,87.2,8.9,Storm
913571,400469,2024-02-28,24.9,0.3,71.3,6.3,Clear
913572,400837,2025-04-04,14.3,4.4,74.6,10.0,Rain
913573,400728,2024-08-30,35.1,11.5,65.8,5.9,Storm
913574,403321,2026-05-01,16.4,13.4,76.2,3.1,Clear
913575,404275,2025-04-26,24.2,6.8,74.8,13.2,Clear
913576,402875,2024-05-14,39.2,17.6,64.5,3.5,Heavy Rain
913577,402337,2026-01-19,20.1,9.5,73.2,9.2,Haze
913578,401333,2026-05-15,26.1,4.0,62.7,11.9,Heavy Rain
913579,404702,2024-10-19,25.5,16.6,49.1,2.2,Heavy Rain
913580,401510,2024-11-01,38.0,31.3,39.6,33.7,Cloudy
913581,404613,2026-03-18,20.7,10.8,35.2,31.9,Haze
913582,400225,2025-11-28,35.2,3.5,74.3,10.5,Rain
913583,401018,2025-04-04,28.9,2.6,82.5,26.6,Storm
913584,403078,2024-10-10,24.0,3.3,69.1,15.3,Storm
913585,403083,2025-09-17,17.6,2.3,56.3,31.4,Haze
913586,400050,2024-03-12,24.6,18.1,50.3,7.1,Storm
913587,400589,2025-01-26,44.0,2.5,73.1,13.6,Heavy Rain
913588,404879,2025-03-02,21.1,1.5,35.9,2.0,Haze
913589,401774,2025-04-04,33.4,6.9,85.9,3.3,Storm
913590,403552,2024-07-03,18.2,9.8,33.3,13.3,Cloudy
913591,402425,2024-08-26,14.2,9.2,57.8,0.1,Storm
913592,404239,2025-04-01,25.2,14.0,64.6,5.3,Heavy Rain
913593,400799,2024-08-20,27.0,0.1,74.9,4.3,Storm
913594,401221,2024-10-27,37.4,15.0,83.3,4.5,Heavy Rain
913595,401888,2025-11-01,28.8,1.0,91.5,33.2,Clear
913596,404403,2026-03-18,46.9,0.0,68.1,2.1,Haze
913597,404264,2025-01-29,30.8,7.9,40.6,6.9,Rain
913598,403763,2024-07-05,23.6,6.7,85.8,17.2,Rain
913599,400156,2024-10-03,36.7,38.1,59.8,15.3,Rain
913600,400999,2025-05-29,24.3,3.4,61.4,1.5,Clear
913601,403331,2025-05-31,9.8,3.8,74.3,4.4,Rain
913602,404370,2025-04-13,38.5,5.5,75.8,6.6,Rain
913603,404541,2026-04-29,16.6,1.5,55.0,9.8,Storm
913604,404939,2026-02-11,27.4,6.2,68.9,9.0,Heavy Rain
913605,403247,2024-06-01,27.0,9.5,61.3,10.3,Cloudy
913606,404931,2025-06-29,12.6,0.4,62.7,4.4,Heavy Rain
913607,400840,2025-05-24,45.8,24.0,60.2,17.3,Haze
913608,404401,2025-03-04,12.2,0.8,54.7,0.2,Clear
913609,402414,2026-03-28,13.8,19.0,91.7,0.4,Cloudy
913610,403198,2025-08-05,34.6,5.3,59.5,10.0,Storm
913611,400171,2025-12-13,33.8,3.5,46.2,13.3,Rain
913612,403380,2025-05-05,21.8,19.2,82.0,3.9,Heavy Rain
913613,403457,2025-03-20,19.0,10.5,63.7,9.2,Rain
913614,404409,2026-06-17,23.9,9.5,34.5,13.3,Haze
913615,402372,2026-05-30,22.2,6.8,64.3,24.2,Haze
913616,402174,2024-04-15,10.3,0.3,68.2,8.1,Heavy Rain
913617,400785,2026-05-06,30.0,14.1,94.8,23.9,Haze
913618,402368,2024-04-30,33.6,5.3,40.1,3.9,Haze
913619,401814,2025-10-03,31.4,1.9,94.9,2.3,Storm
913620,401823,2024-01-16,29.6,1.8,71.2,13.0,Cloudy
913621,404436,2026-01-08,33.1,4.3,73.9,35.3,Cloudy
913622,401329,2024-09-25,28.0,14.0,74.2,10.2,Storm
913623,404778,2026-01-08,11.6,32.5,68.8,4.8,Cloudy
913624,402916,2024-06-25,21.3,6.2,55.0,13.4,Haze
913625,404428,2026-06-25,27.7,15.6,62.6,1.6,Clear
913626,400702,2024-02-03,40.5,3.5,62.4,10.9,Haze
913627,401812,2024-07-13,27.0,17.6,62.7,9.7,Haze
913628,403419,2024-11-03,39.6,0.2,55.9,10.0,Storm
913629,404208,2025-07-14,34.0,8.8,55.7,1.4,Cloudy
913630,401485,2026-04-28,23.0,1.4,76.7,20.3,Cloudy
913631,401954,2025-05-25,19.6,10.5,74.7,1.6,Rain
913632,400837,2024-06-14,20.0,30.9,72.5,3.7,Haze
913633,401288,2025-11-01,37.4,7.0,33.9,11.4,Clear
913634,400073,2025-11-22,13.0,4.1,63.1,18.9,Cloudy
913635,401445,2025-01-05,40.4,6.4,65.6,1.2,Cloudy
913636,403118,2024-05-17,24.4,0.0,76.5,9.8,Heavy Rain
913637,400009,2025-07-28,33.6,17.9,83.6,2.1,Rain
913638,403120,2024-09-28,30.1,13.6,50.9,16.9,Cloudy
913639,403241,2025-12-08,26.2,1.6,63.1,24.6,Heavy Rain
913640,400701,2024-07-18,25.3,2.2,62.2,11.0,Cloudy
913641,403143,2024-03-08,3.7,6.7,69.3,6.5,Storm
913642,400461,2025-11-05,27.2,28.9,68.3,4.7,Cloudy
913643,401095,2024-05-13,16.7,0.6,57.3,15.6,Heavy Rain
913644,402755,2024-05-15,22.6,5.1,60.1,20.8,Haze
913645,401028,2026-05-28,20.9,7.3,56.4,12.5,Heavy Rain
913646,400968,2025-11-06,23.4,4.8,67.0,0.1,Cloudy
913647,404758,2026-02-24,19.1,9.7,71.9,14.6,Clear
913648,402390,2026-04-03,32.6,15.2,73.2,0.1,Haze
913649,403810,2026-05-13,28.4,15.8,44.1,5.6,Storm
913650,404114,2026-04-08,21.6,0.2,63.9,5.6,Cloudy
913651,400845,2024-11-29,26.9,4.8,93.8,6.9,Storm
913652,404086,2025-03-09,25.2,17.3,67.6,7.3,Clear
913653,402909,2024-02-23,14.7,22.2,81.5,17.7,Storm
913654,402608,2025-04-26,16.4,3.2,85.0,2.2,Haze
913655,403257,2025-06-10,15.5,2.4,89.1,11.6,Rain
913656,400839,2024-01-05,12.2,15.9,62.0,47.5,Cloudy
913657,402969,2025-07-17,24.2,1.7,34.7,10.0,Heavy Rain
913659,403296,2025-08-24,21.8,3.6,49.6,16.3,Rain
913660,402728,2026-04-05,27.4,4.4,87.4,0.5,Heavy Rain
913661,404295,2024-09-08,33.0,4.8,74.5,17.3,Clear
913662,403176,2025-01-26,39.5,3.0,60.1,13.9,Cloudy
913663,403574,2024-02-28,29.6,2.6,64.4,0.9,Heavy Rain
913664,404201,2025-04-29,33.3,9.5,37.5,8.7,Haze
913666,401593,2024-08-30,33.8,5.6,65.7,5.9,Clear
913667,402957,2025-10-10,29.7,3.2,64.4,18.7,Heavy Rain
913668,402264,2026-02-10,38.7,11.7,55.2,33.1,Haze
913669,401237,2025-09-10,27.8,21.0,52.3,11.8,Haze
913670,404936,2024-11-24,27.6,5.5,87.3,0.9,Cloudy
913671,401403,2026-01-23,17.9,7.8,58.7,18.7,Rain
913672,402484,2024-09-05,19.7,0.9,39.5,6.4,Clear
913673,402672,2024-06-12,31.5,24.7,68.1,27.0,Cloudy
913674,404591,2024-06-06,27.5,5.8,73.7,6.4,Storm
913675,400948,2024-04-29,28.5,29.1,58.8,11.5,Cloudy
913676,404157,2024-06-24,17.1,1.2,93.6,8.9,Clear
913677,401225,2026-05-13,54.6,13.3,68.4,5.8,Rain
913678,402424,2025-11-23,34.3,3.9,78.4,15.6,Clear
913679,402997,2026-07-18,23.9,3.1,73.4,10.7,Rain
913681,404740,2025-01-15,27.3,9.5,59.6,29.2,Clear
913682,401491,2024-08-02,30.5,1.9,60.3,13.4,Heavy Rain
913683,401665,2024-08-25,25.3,3.2,76.8,20.3,Cloudy
913684,402408,2026-04-17,31.0,0.8,63.0,35.1,Rain
913685,401759,2024-07-12,36.3,1.0,43.0,4.5,Clear
913687,402613,2024-01-14,16.4,3.0,62.8,15.6,Haze
913688,403724,2025-08-17,21.3,7.1,64.3,30.6,Rain
913689,403547,2025-05-14,23.1,4.4,54.3,17.2,Storm
913690,403283,2026-02-22,29.5,0.6,63.1,6.4,Haze
913692,401252,2026-03-25,42.0,22.2,58.1,7.5,Storm
913693,404506,2026-04-11,29.9,12.0,79.6,4.3,Heavy Rain
913694,400455,2025-05-08,24.3,3.9,53.2,2.8,Storm
913695,404946,2025-04-12,33.9,0.8,26.0,15.5,Cloudy
913696,401210,2026-03-17,30.9,17.4,59.9,1.8,Clear
913697,401357,2025-11-03,18.3,12.0,84.7,14.6,Storm
913698,401646,2025-06-15,34.6,12.4,70.6,0.5,Haze
913699,401341,2024-07-10,22.5,7.4,79.4,6.8,Rain
913700,402139,2024-08-21,31.4,9.7,70.7,15.6,Haze
913701,404528,2026-04-11,23.4,0.6,59.8,21.5,Rain
913702,403848,2025-07-21,12.6,2.3,46.3,10.3,Storm
913703,400398,2025-12-04,29.6,14.4,54.2,5.3,Cloudy
913704,403905,2026-03-05,32.2,4.1,62.8,1.4,Cloudy
913705,400740,2025-03-15,28.9,4.8,33.8,8.4,Haze
913706,402742,2024-01-27,26.7,14.9,44.4,31.6,Cloudy
913707,403044,2026-02-24,29.2,0.0,84.8,56.7,Storm
913708,403767,2025-01-29,28.9,10.1,60.6,51.7,Haze
913709,404961,2025-05-02,23.2,1.0,45.7,6.7,Rain
913710,404879,2025-10-17,29.2,0.2,80.3,27.8,Storm
913711,400677,2025-01-22,29.3,20.8,68.7,11.8,Rain
913712,403661,2024-05-10,13.3,4.4,35.8,26.3,Haze
913713,402394,2025-02-11,28.1,3.5,39.7,12.9,Cloudy
913714,400013,2025-03-13,4.7,6.4,60.2,2.9,Haze
913715,404390,2025-04-01,25.2,13.7,64.3,1.4,Storm
913716,403385,2025-04-29,23.0,4.3,75.5,2.2,Heavy Rain
913717,400970,2024-08-17,24.0,4.6,63.0,3.7,Heavy Rain
913718,401337,2025-07-08,33.3,5.5,64.3,47.0,Storm
913719,403892,2025-02-17,27.0,3.2,91.7,11.4,Haze
913720,404447,2024-06-17,30.3,6.5,85.0,19.1,Rain
913721,402059,2024-12-17,29.9,8.6,68.1,24.1,Storm
913722,401121,2024-05-14,37.2,18.1,88.4,3.0,Cloudy
913723,400580,2025-12-23,27.3,4.2,60.7,6.5,Cloudy
913724,403941,2025-06-04,22.3,16.6,59.4,0.4,Rain
913725,400501,2024-06-17,13.5,0.6,73.1,14.2,Storm
913726,402785,2024-06-19,23.3,1.3,62.3,3.4,Heavy Rain
913727,400175,2025-05-27,24.1,13.5,75.3,8.3,Haze
913728,400845,2024-04-01,18.1,6.1,55.0,8.4,Rain
913729,402066,2025-06-25,35.7,15.2,57.7,2.6,Rain
913730,402289,2025-01-21,28.8,3.6,21.7,11.5,Haze
913731,400473,2025-03-19,17.4,4.8,29.7,15.4,Storm
913732,400113,2024-06-24,15.4,12.2,73.7,3.1,Cloudy
913733,401392,2025-10-15,45.0,3.4,46.9,3.3,Haze
913734,404534,2024-09-02,37.7,21.1,35.4,6.3,Haze
913735,400292,2024-01-13,29.5,2.5,75.1,5.0,Cloudy
913736,400611,2025-01-27,21.6,12.6,67.4,11.4,Cloudy
913737,402708,2024-06-08,21.7,7.3,67.6,40.0,Cloudy
913739,401690,2025-12-28,38.1,0.6,78.2,2.6,Haze
913740,400696,2025-03-15,22.7,15.1,52.5,0.2,Haze
913741,403761,2025-09-10,31.1,0.7,75.9,7.8,Heavy Rain
913742,400466,2024-10-16,24.8,4.9,76.5,15.7,Haze
913743,402209,2025-04-25,11.0,8.1,64.3,12.6,Cloudy
913744,402431,2025-08-11,33.7,17.0,60.4,4.0,Heavy Rain
913745,402895,2025-12-10,30.2,5.3,86.2,20.5,Clear
913746,401867,2026-05-12,28.3,1.1,70.6,13.3,Heavy Rain
913747,402065,2024-11-22,23.0,4.2,74.6,2.1,Storm
913748,400465,2025-08-28,11.2,11.3,74.1,64.8,Haze
913749,403041,2024-02-20,29.8,8.4,68.9,5.2,Heavy Rain
913750,403991,2024-03-30,9.4,0.8,78.5,12.9,Storm
913751,401858,2025-04-29,31.2,7.0,50.8,0.2,Cloudy
913752,403595,2025-07-17,20.0,0.5,64.3,2.0,Rain
913753,402551,2024-04-08,28.3,4.9,49.0,18.7,Haze
913754,400133,2025-12-12,44.9,4.4,57.7,2.9,Heavy Rain
913755,402935,2024-11-07,32.2,11.6,63.5,38.0,Haze
913756,400878,2026-05-12,17.5,7.3,81.9,16.4,Clear
913757,404742,2024-08-01,26.4,2.0,63.3,38.5,Storm
913758,404635,2025-01-30,25.7,15.4,44.4,17.3,Rain
913759,403093,2024-09-25,41.2,16.0,46.4,4.7,Haze
913760,401074,2026-02-18,36.6,27.8,73.5,2.2,Rain
913761,404130,2024-08-20,28.2,5.8,64.1,2.6,Haze
913762,401940,2024-10-12,37.9,1.8,76.7,21.2,Haze
913763,403388,2025-08-20,15.4,2.7,65.9,5.2,Heavy Rain
913764,402672,2025-03-05,20.3,5.6,75.5,2.8,Storm
913765,402062,2025-08-24,19.2,3.2,63.8,1.2,Cloudy
913766,400723,2026-05-15,33.3,1.0,99.2,73.8,Cloudy
913767,400803,2024-05-04,46.3,10.0,59.5,37.0,Rain
913768,403832,2025-08-13,33.2,5.5,63.0,0.4,Storm
913769,400474,2025-08-23,28.2,4.4,64.3,6.5,Heavy Rain
913770,403547,2024-11-19,51.3,29.7,67.3,5.3,Rain
913771,400359,2026-02-09,20.5,39.9,85.3,6.5,Rain
913772,402635,2026-07-09,14.5,6.1,76.4,15.6,Rain
913773,404142,2026-05-25,32.6,13.0,70.8,0.8,Heavy Rain
913774,400463,2026-04-06,23.8,20.8,14.9,4.5,Storm
913775,401783,2024-04-16,29.6,8.1,47.0,34.1,Cloudy
913776,403439,2025-08-10,20.8,10.5,72.2,12.8,Storm
913778,403638,2025-01-25,28.2,7.7,58.0,7.6,Clear
913780,404035,2025-11-13,29.5,8.5,64.3,1.7,Rain
913781,402658,2026-06-20,33.1,1.8,50.9,11.3,Heavy Rain
913782,401443,2026-04-04,36.1,0.7,8.5,63.4,Heavy Rain
913783,404157,2026-04-16,36.4,0.6,56.0,1.0,Haze
913787,400311,2024-03-13,29.3,2.5,50.0,9.0,Clear
913788,403342,2026-04-25,18.4,42.5,51.8,1.8,Haze
913789,400308,2026-03-13,25.1,16.5,53.2,3.0,Cloudy
913790,404701,2025-08-02,19.1,1.8,39.6,2.3,Storm
913791,404173,2025-02-09,29.5,0.6,66.5,21.9,Rain
913792,401918,2026-06-21,30.8,5.4,60.3,8.2,Cloudy
913793,403529,2025-04-06,25.9,5.6,75.7,1.1,Rain
913794,400502,2024-10-18,25.9,6.3,64.3,5.8,Storm
913796,403132,2026-02-04,32.1,4.6,77.4,16.9,Storm
913797,401333,2025-06-12,44.8,14.8,55.8,21.5,Heavy Rain
913798,401801,2024-09-24,24.4,0.5,47.4,54.9,Rain
913799,403185,2026-04-05,27.0,2.8,84.4,13.1,Heavy Rain
913800,401330,2026-05-26,29.3,3.6,71.9,9.1,Rain
913801,401339,2026-07-15,25.3,7.3,64.3,17.4,Haze
913802,404771,2025-06-27,18.4,10.5,36.0,0.9,Clear
913803,403290,2024-12-31,38.9,1.8,60.8,2.9,Rain
913804,403910,2024-08-28,14.5,8.8,74.0,22.4,Clear
913805,400761,2024-11-24,32.1,29.4,37.1,11.1,Haze
913806,402885,2026-02-07,22.5,11.3,89.7,12.4,Clear
913807,403113,2025-05-06,30.8,6.0,77.3,34.7,Haze
913808,404676,2026-04-06,21.1,4.2,34.5,4.1,Storm
913809,400116,2026-05-14,22.2,7.1,51.7,5.6,Haze
913810,401685,2025-07-15,40.3,1.6,64.3,0.2,Cloudy
913811,404703,2025-02-22,29.1,0.1,57.7,0.4,Rain
913812,401493,2026-02-06,-0.7,0.7,41.8,6.5,Clear
913813,401201,2025-06-03,32.5,10.8,51.2,16.3,Heavy Rain
913814,401192,2024-02-18,37.7,15.0,41.8,0.4,Heavy Rain
913815,401155,2025-02-20,19.4,23.6,60.8,43.6,Cloudy
913816,401098,2024-12-26,14.5,8.4,87.7,7.7,Haze
913817,404239,2026-03-02,21.0,7.8,81.2,7.7,Rain
913818,404397,2024-03-15,46.1,2.4,53.5,6.5,Rain
913819,403550,2025-02-02,34.7,7.7,67.9,17.9,Cloudy
913820,403276,2025-04-12,13.5,2.8,62.1,18.3,Clear
913821,402225,2026-03-10,25.5,3.8,83.5,0.9,Haze
913822,404509,2024-10-09,22.7,36.7,49.6,11.3,Heavy Rain
913823,402522,2025-12-28,17.4,4.9,94.8,10.7,Heavy Rain
913824,400614,2024-01-19,32.9,0.7,33.5,16.7,Cloudy
913825,404037,2024-02-28,22.6,4.4,49.1,0.2,Heavy Rain
913826,403943,2024-11-20,31.2,18.4,54.2,23.8,Heavy Rain
913827,404643,2026-03-09,37.7,10.9,47.5,11.8,Haze
913828,404811,2026-04-14,15.1,1.4,57.7,2.3,Cloudy
913829,400332,2026-04-21,22.1,3.8,21.9,0.0,Storm
913830,402411,2025-07-06,29.9,5.8,67.3,4.5,Haze
913831,404594,2025-06-13,33.5,8.4,91.8,2.8,Heavy Rain
913832,402107,2026-03-20,27.1,3.0,77.7,16.1,Storm
913833,402203,2024-02-03,41.9,6.0,63.1,27.8,Heavy Rain
913834,402987,2024-11-03,27.1,0.0,57.8,20.0,Rain
913835,402233,2024-06-11,34.6,0.6,47.5,1.7,Rain
913836,404982,2025-02-27,20.3,3.4,59.1,4.9,Heavy Rain
913837,401481,2025-06-09,24.5,15.1,77.0,8.7,Cloudy
913838,401505,2025-10-27,25.3,0.9,37.6,37.2,Clear
913839,400393,2024-06-29,11.8,1.4,64.3,20.9,Rain
913840,401306,2024-11-02,22.3,5.7,86.2,10.4,Haze
913841,401158,2025-01-21,35.6,8.8,64.9,0.9,Storm
913842,404059,2024-07-01,28.0,1.6,71.4,33.7,Rain
913843,403344,2024-05-03,18.4,0.2,59.1,5.5,Heavy Rain
913844,404345,2025-02-16,29.1,0.9,61.4,1.2,Cloudy
913845,403147,2025-02-10,6.6,31.9,64.7,7.0,Heavy Rain
913847,402429,2024-03-04,23.1,7.3,59.0,44.8,Rain
913848,400499,2024-02-09,31.5,12.5,82.1,26.7,Heavy Rain
913849,402066,2024-02-27,39.7,20.7,67.0,2.1,Clear
913850,400555,2025-07-08,27.0,3.5,75.3,35.8,Cloudy
913851,403704,2025-10-05,23.3,5.5,83.3,17.2,Haze
913852,402656,2026-07-15,31.6,22.4,55.2,17.9,Cloudy
913854,401381,2025-11-13,36.6,3.8,76.9,7.5,Cloudy
913855,400282,2025-02-06,19.6,1.2,51.8,8.3,Clear
913856,404760,2026-07-08,20.4,31.4,71.9,0.6,Cloudy
913857,403922,2024-05-02,30.9,17.6,69.8,16.9,Heavy Rain
913858,404058,2024-12-28,31.8,4.0,75.0,2.9,Haze
913859,400832,2024-07-08,21.0,7.7,64.3,7.5,Cloudy
913860,401012,2024-04-16,27.0,0.6,61.9,15.3,Cloudy
913861,404698,2024-10-06,13.6,5.0,78.1,21.4,Haze
913862,404145,2025-09-05,24.3,7.2,38.3,2.6,Haze
913863,403852,2026-02-28,21.1,0.1,91.5,22.6,Rain
913864,402727,2025-07-05,22.9,24.9,54.5,2.5,Cloudy
913865,404631,2025-04-08,34.7,1.1,64.9,18.3,Rain
913866,403916,2025-08-10,35.7,29.2,68.4,9.3,Storm
913867,400148,2025-06-09,30.0,6.6,27.9,6.3,Heavy Rain
913868,402516,2024-05-29,22.2,11.4,42.5,12.8,Clear
913869,403796,2025-07-28,15.2,20.7,86.8,11.6,Haze
913870,400814,2025-10-08,25.7,5.2,59.7,10.9,Haze
913871,404921,2025-06-26,25.0,1.0,76.2,4.9,Clear
913872,401497,2024-02-08,14.4,7.1,76.7,6.7,Heavy Rain
913873,401296,2025-11-09,20.1,7.2,86.1,13.7,Storm
913874,401111,2025-09-05,24.1,8.8,46.7,3.2,Clear
913875,404113,2024-05-17,25.8,19.5,90.5,8.2,Cloudy
913876,400431,2025-09-15,20.9,12.1,77.7,4.3,Cloudy
913877,400657,2025-06-16,7.4,44.1,76.0,13.0,Cloudy
913878,404898,2026-06-20,25.0,6.2,69.5,37.3,Storm
913879,400719,2024-09-17,15.4,3.6,53.5,0.5,Haze
913880,400186,2026-01-20,22.8,4.8,47.5,8.3,Heavy Rain
913881,401187,2025-09-19,43.9,4.1,74.1,1.5,Rain
913882,400678,2024-06-24,26.3,17.2,80.1,17.2,Haze
913883,404963,2025-04-08,19.8,13.2,64.3,40.9,Clear
913884,401029,2025-01-11,26.5,0.7,50.4,34.4,Heavy Rain
913885,402087,2026-02-06,33.4,12.1,65.3,13.5,Cloudy
913886,401529,2024-05-23,18.6,13.2,49.5,3.8,Haze
913887,403158,2024-12-05,38.9,2.3,78.7,22.9,Clear
913888,400114,2024-11-01,32.3,1.3,70.4,18.3,Storm
913889,400410,2024-03-25,23.9,0.2,68.3,11.2,Storm
913890,402140,2024-10-17,27.0,11.2,64.3,3.8,Cloudy
913891,400621,2024-10-15,34.2,9.2,54.6,13.7,Storm
913892,400305,2025-10-13,39.5,4.9,81.2,3.6,Rain
913893,402715,2025-02-27,9.7,12.3,75.7,15.0,Rain
913894,401054,2025-04-15,19.5,26.2,41.0,9.1,Haze
913895,402102,2025-07-02,24.3,0.4,86.6,2.0,Rain
913896,403621,2024-06-04,30.5,1.2,59.8,15.0,Storm
913897,401903,2025-12-08,30.8,39.2,44.6,5.4,Haze
913899,402438,2025-09-12,16.4,18.5,49.1,2.5,Haze
913900,401084,2024-05-14,28.3,11.4,57.7,20.0,Clear
913901,403546,2025-03-26,26.1,3.8,50.4,11.7,Heavy Rain
913902,400628,2024-10-13,32.8,1.8,45.6,1.9,Cloudy
913903,403189,2025-02-07,23.6,8.4,78.3,12.1,Heavy Rain
913904,403265,2026-01-29,17.2,4.8,75.1,11.5,Cloudy
913905,401446,2026-05-27,48.4,34.5,67.9,11.9,Rain
913906,400337,2025-05-14,31.7,1.9,85.1,13.4,Cloudy
913907,404608,2026-07-01,25.0,18.0,48.2,17.5,Clear
913908,401031,2024-02-02,37.0,8.0,37.9,6.9,Haze
913909,403419,2025-04-18,25.2,0.4,72.4,0.9,Storm
913910,400907,2025-08-31,28.3,15.2,41.2,1.2,Storm
913911,402992,2024-05-19,24.9,16.2,97.5,2.4,Cloudy
913914,401901,2025-07-16,35.6,8.2,77.5,1.1,Clear
913915,403944,2024-07-18,20.6,4.7,70.9,6.4,Cloudy
913916,404953,2026-07-13,26.2,1.2,59.2,21.8,Haze
913917,400888,2024-06-18,29.2,3.2,85.4,3.9,Haze
913918,402663,2026-05-12,26.1,14.3,64.3,10.3,Storm
913919,400541,2026-05-26,23.2,2.6,80.8,9.4,Storm
913920,404502,2024-02-10,39.4,5.7,39.0,22.2,Clear
913921,403206,2026-06-08,25.1,1.8,64.7,3.6,Haze
913922,400414,2024-11-07,39.0,4.3,61.9,11.4,Clear
913923,403677,2025-01-15,23.1,3.7,16.9,16.8,Heavy Rain
913924,403760,2024-01-27,45.7,7.8,62.2,0.6,Heavy Rain
913926,400271,2025-11-02,25.2,28.1,61.6,4.3,Haze
913927,404459,2024-06-16,21.2,23.9,49.9,13.3,Heavy Rain
913928,404687,2024-06-04,24.7,2.5,39.0,10.4,Rain
913929,404235,2026-06-26,31.9,4.7,64.3,42.6,Rain
913930,402842,2025-02-17,17.4,0.7,93.4,7.2,Heavy Rain
913931,402251,2025-05-05,21.8,20.0,64.3,6.4,Storm
913932,400768,2025-12-03,8.7,1.5,77.2,24.4,Heavy Rain
913934,401281,2025-09-09,25.1,11.7,74.4,15.5,Clear
913935,401965,2025-11-04,18.5,22.5,95.3,1.2,Haze
913936,403419,2025-04-19,24.2,5.4,56.7,6.1,Storm
913937,400187,2025-05-09,16.2,4.9,64.3,3.2,Rain
913938,401529,2024-09-17,31.6,14.1,76.3,7.8,Cloudy
913939,403497,2024-06-08,32.5,4.7,42.1,13.1,Heavy Rain
913940,403744,2025-10-20,11.1,4.6,66.9,3.6,Heavy Rain
913941,403356,2026-07-05,16.5,11.7,69.7,4.3,Rain
913942,401915,2026-03-22,20.0,8.0,50.5,6.4,Storm
913943,402086,2026-06-12,26.5,2.8,68.7,18.2,Cloudy
913944,403283,2025-11-19,15.8,12.1,62.8,7.2,Rain
913945,403207,2026-01-27,28.9,5.2,55.4,8.1,Heavy Rain
913946,404130,2024-05-16,32.9,9.8,64.3,0.6,Cloudy
913947,403757,2024-12-01,38.2,0.2,49.8,0.0,Heavy Rain
913948,402463,2026-01-06,23.3,8.3,68.2,1.6,Haze
913949,402922,2025-07-05,29.7,13.1,48.7,70.6,Storm
913950,404383,2024-09-07,22.4,0.9,44.3,3.9,Rain
913951,403574,2025-04-18,32.5,7.8,57.7,8.6,Rain
913952,400846,2026-04-09,29.4,17.3,56.1,22.3,Storm
913953,402662,2024-10-16,27.0,3.3,65.3,15.9,Haze
913954,403671,2025-09-24,32.9,5.6,72.9,5.5,Clear
913955,403095,2025-08-16,30.6,11.7,84.6,7.3,Heavy Rain
913956,400839,2025-06-19,18.2,5.9,71.3,43.1,Haze
913957,401043,2026-02-19,22.6,1.3,53.8,30.3,Cloudy
913958,403524,2026-02-07,27.4,0.9,64.3,19.4,Rain
913959,401204,2025-02-11,34.2,9.4,39.1,0.2,Haze
913960,404394,2025-10-05,21.4,3.6,57.6,3.0,Haze
913961,404644,2025-05-30,25.6,11.5,29.7,10.5,Clear
913962,404834,2025-03-15,23.8,14.0,67.4,9.9,Heavy Rain
913963,402671,2024-08-06,25.6,6.2,23.4,20.2,Rain
913964,403179,2024-01-10,39.2,2.2,94.5,9.0,Heavy Rain
913965,402442,2026-05-18,13.9,9.1,61.1,0.2,Rain
913966,404939,2025-06-21,20.1,9.2,66.8,19.1,Clear
913967,401339,2025-08-27,31.6,40.9,42.6,6.5,Rain
913968,401634,2025-07-21,29.3,18.0,73.1,8.4,Storm
913969,401261,2024-11-14,27.4,3.1,76.1,2.5,Haze
913970,402120,2025-07-10,22.9,2.5,34.3,7.7,Storm
913971,400596,2025-07-10,15.3,12.8,89.1,15.8,Clear
913972,403659,2024-12-19,13.3,5.6,59.1,5.1,Cloudy
913973,402614,2024-06-22,44.0,12.7,62.7,29.4,Rain
913974,402232,2026-06-11,30.5,21.4,57.2,20.1,Cloudy
913975,403733,2026-03-25,31.3,2.8,73.4,7.2,Storm
913976,400302,2025-09-20,35.0,3.3,48.9,1.4,Heavy Rain
913977,403616,2025-12-08,20.8,1.4,89.2,0.4,Heavy Rain
913978,400097,2024-12-06,20.0,6.0,32.9,0.9,Haze
913979,402479,2024-05-27,18.4,5.5,66.4,8.4,Cloudy
913980,400013,2026-05-06,20.8,2.5,43.7,8.6,Heavy Rain
913981,400379,2025-09-26,17.6,12.3,52.2,7.7,Clear
913982,404319,2025-07-15,22.3,20.1,80.3,8.6,Haze
913983,400631,2024-03-25,43.7,0.8,41.8,1.2,Rain
913984,404932,2025-10-22,28.0,5.7,61.7,2.9,Cloudy
913985,401290,2025-12-28,15.9,14.6,51.5,4.3,Clear
913986,402068,2024-04-25,34.5,34.5,83.5,8.7,Storm
913988,402962,2025-09-25,24.0,3.0,55.4,33.2,Clear
913989,400043,2025-04-11,26.4,21.5,64.3,4.8,Rain
913990,404548,2024-07-09,27.0,1.1,79.8,10.9,Clear
913991,400093,2025-12-25,27.2,5.5,66.0,8.4,Cloudy
913992,402853,2024-08-08,21.1,5.5,71.3,24.3,Storm
913993,400292,2026-03-24,33.9,3.5,62.1,6.8,Heavy Rain
913994,400879,2024-10-04,42.6,10.7,66.8,3.5,Haze
913995,402795,2025-11-02,22.3,2.6,75.6,7.5,Haze
913996,401169,2025-11-01,27.4,5.3,47.7,1.2,Haze
913997,402494,2024-01-28,19.0,2.7,55.2,3.7,Clear
913998,401112,2026-01-23,38.9,36.7,63.6,23.1,Heavy Rain
913999,403819,2026-03-09,12.7,29.5,44.7,0.2,Rain
914000,400499,2024-02-16,24.3,1.3,86.5,1.8,Cloudy
914001,402791,2024-01-01,31.0,19.5,52.1,6.3,Storm
914002,402894,2024-02-10,28.6,1.3,62.0,8.2,Storm
914003,402584,2025-11-25,34.8,10.4,63.9,12.0,Heavy Rain
914004,400187,2024-03-02,24.4,14.1,71.5,12.6,Storm
914005,401831,2024-12-03,19.4,3.9,64.3,7.4,Cloudy
914006,404205,2025-12-24,28.7,9.3,56.4,10.7,Rain
914007,403314,2024-10-19,29.5,5.7,52.7,48.1,Haze
914008,403198,2025-08-02,17.9,1.5,85.7,12.9,Cloudy
914009,402529,2024-02-22,27.4,1.2,51.2,0.5,Storm
914010,402013,2025-06-24,44.0,5.5,70.1,16.4,Clear
914011,404364,2026-06-30,24.8,0.7,32.7,5.1,Cloudy
914012,401582,2024-08-22,22.2,2.7,51.3,11.7,Cloudy
914013,400609,2025-06-14,30.9,5.2,55.0,3.3,Storm
914014,400399,2025-08-19,29.5,16.6,95.5,6.3,Clear
914015,402965,2026-01-26,24.7,2.0,66.7,34.3,Heavy Rain
914016,401576,2024-02-28,28.1,1.8,30.0,13.5,Haze
914017,400596,2025-03-14,44.7,0.5,94.3,2.4,Cloudy
914018,403101,2025-04-18,25.8,5.5,70.0,35.0,Rain
914019,402339,2026-04-17,28.3,16.2,86.4,12.2,Heavy Rain
914020,404714,2024-09-20,18.0,11.3,73.6,33.8,Rain
914021,403147,2024-12-16,29.3,15.6,48.1,4.9,Haze
914022,402279,2024-10-21,38.7,1.0,93.9,0.5,Storm
914023,403653,2024-02-03,45.4,0.6,73.7,5.1,Clear
914024,400656,2026-06-25,26.3,16.5,80.1,2.6,Clear
914025,400039,2024-07-28,22.3,3.2,74.2,8.5,Haze
914026,404145,2025-07-23,24.6,1.4,94.6,2.9,Cloudy
914027,401702,2026-02-16,28.5,4.9,95.8,24.3,Haze
914028,401406,2024-10-15,24.7,20.0,50.9,14.0,Haze
914029,400322,2025-06-16,24.7,1.5,64.3,17.4,Cloudy
914030,401711,2024-11-13,38.0,8.4,67.5,2.7,Heavy Rain
914031,402885,2025-05-19,31.0,30.7,78.5,8.0,Haze
914032,403538,2026-05-31,10.4,2.2,73.7,10.5,Haze
914033,404480,2026-07-13,16.8,3.5,78.5,5.3,Rain
914034,404020,2024-04-15,41.5,0.8,79.6,3.9,Cloudy
914035,402466,2025-02-02,35.1,15.5,39.6,1.9,Cloudy
914036,403980,2026-07-02,14.4,11.4,78.7,9.2,Haze
914037,400396,2026-04-10,38.2,2.5,59.7,3.6,Heavy Rain
914038,400864,2024-03-15,41.3,8.5,76.7,28.5,Heavy Rain
914039,401063,2024-09-22,24.6,8.4,74.7,3.9,Rain
914040,401549,2024-05-23,20.7,7.0,40.1,54.3,Cloudy
914041,402674,2024-05-05,28.6,3.3,71.5,0.1,Rain
914042,403103,2025-11-26,25.4,9.9,71.1,2.6,Cloudy
914043,402569,2025-08-17,35.6,1.6,68.2,13.6,Haze
914044,401796,2025-06-20,29.8,3.2,66.5,2.4,Rain
914045,400125,2024-12-11,29.8,32.9,76.1,0.1,Heavy Rain
914046,402964,2025-08-03,28.1,18.9,67.1,8.6,Cloudy
914047,402241,2025-09-26,34.1,28.5,54.4,12.5,Storm
914048,401622,2025-12-05,16.0,13.0,75.3,3.0,Cloudy
914049,404020,2024-07-14,24.2,1.3,64.3,11.7,Rain
914050,402338,2024-03-20,15.7,8.9,67.1,2.1,Heavy Rain
914051,402104,2025-10-11,22.5,7.1,46.6,1.6,Haze
914052,400445,2025-12-22,20.3,0.8,70.3,5.6,Haze
914053,400129,2024-04-04,26.1,9.4,69.9,17.3,Rain
914054,400415,2026-04-15,36.1,5.9,37.8,12.1,Rain
914055,401037,2024-02-21,34.7,25.7,72.9,17.9,Rain
914056,404863,2024-06-11,22.5,5.8,96.9,54.4,Cloudy
914057,404549,2026-03-15,21.6,5.2,61.1,3.4,Haze
914058,401542,2024-11-04,29.5,5.6,80.9,5.7,Haze
914059,400758,2024-07-28,18.0,13.1,84.7,14.4,Heavy Rain
914060,404452,2026-05-01,6.6,3.9,69.6,21.0,Clear
914061,400142,2024-11-21,28.0,0.7,58.1,10.1,Clear
914062,401352,2024-10-01,28.6,5.6,63.6,18.4,Heavy Rain
914063,400150,2024-08-18,30.0,3.3,51.3,8.8,Cloudy
914064,401180,2026-07-10,24.0,3.0,78.8,9.0,Rain
914065,404550,2024-02-22,31.9,24.6,55.3,1.0,Cloudy
914066,400511,2024-10-04,30.0,8.9,72.7,16.6,Haze
914067,400113,2025-10-20,36.7,4.6,84.0,4.7,Clear
914068,403411,2024-01-28,27.2,1.8,31.4,6.7,Clear
914069,403467,2024-07-26,24.2,3.0,70.1,27.3,Haze
914070,400108,2024-07-22,31.8,2.0,47.9,19.9,Heavy Rain
914071,400728,2026-06-26,26.7,20.1,60.2,35.7,Heavy Rain
914072,404128,2025-04-27,25.2,16.0,42.6,21.5,Cloudy
914073,403298,2025-06-10,32.9,9.7,83.9,3.9,Heavy Rain
914074,402209,2024-12-03,34.9,5.3,69.2,0.4,Haze
914075,404842,2026-03-27,30.0,5.3,80.7,8.9,Heavy Rain
914076,401615,2025-03-04,39.2,4.8,74.8,5.9,Storm
914077,404561,2024-01-07,34.7,17.5,73.0,3.8,Clear
914078,404052,2024-06-06,44.5,0.5,51.0,5.8,Storm
914079,403803,2026-04-28,19.6,5.6,75.1,7.5,Heavy Rain
914080,404206,2025-08-17,14.4,12.0,44.3,1.7,Haze
914081,403625,2025-06-19,21.4,0.2,93.0,0.3,Haze
914082,401001,2026-06-19,32.3,8.6,50.6,6.9,Rain
914083,403792,2026-01-15,16.4,7.8,55.6,56.0,Cloudy
914084,401092,2024-07-07,34.8,3.4,73.5,1.3,Storm
914085,404916,2025-07-09,35.7,22.3,63.4,5.0,Cloudy
914086,404509,2025-09-23,31.8,11.5,58.3,5.5,Cloudy
914087,402307,2026-04-02,9.2,4.1,84.6,4.0,Heavy Rain
914088,403312,2026-04-06,37.0,3.4,69.4,43.2,Storm
914089,404326,2026-03-16,24.2,12.1,51.9,1.4,Heavy Rain
914090,400268,2024-07-08,21.6,6.1,91.4,1.5,Clear
914091,402885,2025-03-21,33.6,5.9,77.9,32.4,Cloudy
914092,401259,2026-03-28,25.9,2.8,69.5,9.6,Rain
914093,404691,2025-01-17,43.6,3.5,53.9,2.7,Cloudy
914094,401787,2024-07-14,25.3,7.7,32.8,2.1,Rain
914095,401981,2024-04-09,38.3,4.2,87.5,24.2,Storm
914096,403591,2025-06-23,36.3,1.8,64.5,22.8,Clear
914098,402259,2024-01-10,28.2,2.9,58.7,25.2,Storm
914099,401118,2025-12-29,15.6,6.6,57.3,5.0,Rain
914100,403011,2024-02-10,24.6,6.1,99.0,10.9,Storm
914101,403980,2025-09-28,25.7,0.6,66.1,9.4,Rain
914102,403546,2024-06-08,1.1,6.3,38.9,0.7,Rain
914103,400379,2026-01-08,29.4,8.0,80.2,2.1,Rain
914104,400342,2024-09-01,23.6,3.2,65.2,3.1,Cloudy
914105,400837,2024-02-20,29.3,0.9,62.7,3.1,Clear
914106,403689,2026-02-03,20.1,6.7,64.3,23.4,Rain
914107,404579,2024-04-17,18.1,1.9,53.1,12.5,Clear
914108,402610,2025-12-10,31.1,5.8,53.6,21.9,Heavy Rain
914109,401899,2024-06-11,23.6,0.0,61.8,11.5,Clear
914110,401608,2024-04-16,34.6,0.1,61.6,21.1,Haze
914111,404125,2026-06-11,25.8,0.8,64.3,25.6,Storm
914112,400774,2024-04-18,28.1,2.5,71.6,40.1,Storm
914113,403265,2024-08-21,20.4,9.5,39.0,24.5,Rain
914114,403589,2025-11-21,19.6,1.2,90.7,15.8,Clear
914115,401065,2024-07-26,14.8,24.0,48.1,10.1,Clear
914116,402120,2024-07-09,43.6,0.9,47.9,7.9,Storm
914117,402486,2025-01-28,29.4,2.1,43.7,3.9,Rain
914118,403544,2025-09-14,13.6,1.2,92.8,8.7,Haze
914119,404674,2024-09-22,32.2,8.9,82.5,0.9,Rain
914120,402007,2025-04-03,43.0,0.4,72.4,34.9,Rain
914121,400227,2025-07-21,42.9,14.1,83.6,22.2,Heavy Rain
914122,403148,2025-01-10,17.4,4.0,53.9,7.8,Storm
914123,403545,2024-04-21,30.4,7.7,44.2,16.7,Rain
914124,400091,2026-02-07,30.0,3.3,58.7,0.7,Heavy Rain
914125,404572,2025-10-27,29.4,5.2,70.3,0.2,Rain
914126,403145,2025-05-03,26.4,2.0,32.4,1.4,Clear
914127,400037,2025-07-26,17.6,12.2,52.1,6.1,Storm
914128,402905,2025-12-09,21.6,3.3,44.8,4.1,Haze
914129,404404,2025-09-25,28.0,1.2,57.3,7.9,Storm
914130,403830,2025-09-29,28.4,9.9,55.4,16.4,Rain
914131,402032,2024-11-04,14.5,0.7,64.5,8.2,Storm
914132,401388,2024-07-07,31.2,2.3,31.4,4.4,Rain
914133,404730,2025-07-14,23.4,14.0,89.5,8.6,Rain
914134,403595,2024-08-09,21.4,1.3,67.6,1.9,Storm
914135,402782,2024-09-02,25.5,0.5,65.7,4.5,Clear
914136,401018,2024-08-22,24.6,2.2,83.1,13.0,Rain
914137,404994,2024-11-23,15.2,5.9,70.1,0.9,Heavy Rain
914138,404460,2026-03-23,28.7,10.7,31.4,1.9,Haze
914139,403950,2026-01-06,22.3,1.9,33.9,26.2,Storm
914140,404842,2024-03-06,28.4,0.8,80.5,7.2,Rain
914141,403113,2024-09-07,29.5,0.9,51.8,17.7,Cloudy
914142,404035,2025-08-29,30.8,6.2,56.7,15.5,Cloudy
914143,401067,2025-02-11,26.5,12.8,63.5,26.2,Heavy Rain
914144,403255,2025-12-06,27.0,18.4,62.9,17.6,Clear
914145,403474,2025-03-10,19.4,8.2,52.1,6.3,Rain
914146,401248,2026-04-02,9.2,4.3,75.7,1.7,Heavy Rain
914147,401033,2025-04-15,26.5,18.4,70.9,0.4,Rain
914148,401226,2024-02-02,38.5,11.6,64.3,5.0,Heavy Rain
914149,400872,2024-03-02,34.8,3.0,87.4,4.4,Heavy Rain
914150,401064,2025-02-14,29.2,6.0,65.8,11.3,Heavy Rain
914151,403594,2025-04-06,12.0,7.1,64.9,20.5,Cloudy
914152,401635,2026-02-08,31.8,5.5,53.8,20.6,Storm
914153,403374,2026-02-28,22.8,8.0,52.4,24.6,Rain
914154,401957,2025-03-25,23.9,12.3,47.4,15.2,Storm
914155,402126,2025-06-26,28.8,12.3,36.4,5.4,Cloudy
914156,403917,2025-01-22,26.9,19.9,49.3,0.7,Heavy Rain
914157,402555,2026-01-15,28.6,4.2,64.0,4.8,Cloudy
914158,404305,2024-04-20,16.7,9.4,73.0,0.5,Haze
914159,403303,2024-02-21,25.7,0.0,68.1,21.0,Storm
914160,402801,2026-03-30,47.3,14.5,83.3,46.1,Heavy Rain
914161,401914,2026-02-04,20.3,2.7,81.2,0.4,Storm
914162,404662,2025-05-24,25.8,8.3,64.7,0.9,Heavy Rain
914163,401570,2026-02-16,32.6,14.1,62.2,2.5,Haze
914164,401666,2026-07-16,28.6,3.8,61.8,8.9,Haze
914165,400032,2024-04-04,20.9,3.3,63.5,2.1,Rain
914166,400838,2024-01-16,11.1,8.9,48.6,10.0,Rain
914167,400316,2024-02-03,27.4,1.6,67.8,2.0,Heavy Rain
914168,404295,2025-12-14,15.7,10.8,54.9,2.2,Heavy Rain
914169,403761,2024-02-05,10.8,22.9,71.8,9.4,Rain
914170,400366,2025-10-20,17.5,19.3,55.8,0.2,Haze
914171,402385,2025-04-14,30.3,4.8,48.4,1.5,Clear
914172,403149,2026-07-15,32.5,6.1,65.9,6.6,Storm
914173,404884,2024-06-01,14.2,4.2,78.1,5.1,Clear
914174,404537,2026-03-30,55.8,5.7,24.1,27.2,Heavy Rain
914176,404053,2024-12-09,18.7,6.1,87.7,6.2,Cloudy
914177,400039,2024-03-13,42.8,8.1,85.4,60.1,Heavy Rain
914178,402704,2026-07-02,18.0,14.6,86.9,16.5,Storm
914179,404970,2024-05-22,27.9,13.3,43.8,0.3,Heavy Rain
914180,403685,2025-03-17,40.6,15.0,48.9,12.8,Cloudy
914181,401465,2024-11-18,33.5,8.1,58.4,2.5,Rain
914182,401518,2024-11-19,35.7,5.3,39.1,11.7,Rain
914183,404383,2024-12-05,23.6,14.6,84.2,13.8,Cloudy
914184,404174,2025-05-28,35.1,4.4,56.2,14.7,Haze
914185,400222,2024-07-10,25.1,2.1,76.0,1.6,Rain
914186,403802,2026-01-11,30.4,4.8,58.3,2.6,Storm
914187,403288,2025-12-18,37.3,4.3,59.8,21.3,Haze
914188,401465,2024-10-17,37.2,2.2,41.6,2.0,Haze
914189,401676,2024-08-16,42.7,6.7,90.9,13.5,Cloudy
914190,404100,2024-09-16,27.3,6.7,63.0,52.8,Clear
914191,404298,2025-05-26,28.6,8.5,64.3,0.8,Storm
914193,404988,2025-06-05,26.0,3.2,57.5,5.9,Rain
914194,401505,2026-07-12,27.9,1.2,58.2,4.4,Clear
914195,404940,2025-04-18,20.9,28.2,40.0,2.5,Haze
914197,404836,2025-12-10,8.6,22.7,64.3,15.9,Storm
914198,402236,2025-09-15,27.4,9.0,90.6,21.7,Clear
914199,400912,2024-10-09,28.1,8.9,80.7,5.0,Rain
914200,402182,2025-01-18,19.8,5.9,72.7,10.6,Rain
914201,403468,2025-12-17,23.0,14.8,43.6,2.5,Heavy Rain
914202,402871,2025-03-03,22.0,6.8,79.4,24.1,Cloudy
914203,400955,2026-06-06,26.3,1.1,84.1,0.4,Rain
914204,400676,2024-11-18,27.4,7.2,58.9,45.0,Storm
914205,401446,2024-02-18,39.1,0.1,80.5,27.9,Rain
914206,403505,2025-01-17,30.7,1.2,59.3,31.9,Rain
914207,401464,2025-04-07,23.0,6.6,70.6,2.8,Heavy Rain
914208,403221,2025-08-09,29.3,22.0,44.0,5.6,Rain
914209,402960,2024-12-25,17.6,1.4,51.3,19.6,Rain
914210,402597,2024-06-13,44.4,3.6,86.5,12.3,Storm
914211,400224,2025-06-04,35.8,0.4,20.8,15.0,Heavy Rain
914212,400226,2026-01-30,22.0,1.1,94.5,29.3,Rain
914214,400206,2025-11-20,22.8,5.9,44.4,9.1,Rain
914215,403271,2025-04-11,34.4,3.5,58.8,2.7,Storm
914216,402492,2025-05-08,19.7,0.9,54.2,8.2,Storm
914217,400579,2024-08-10,33.7,9.5,46.3,9.1,Rain
914218,402652,2024-05-30,42.5,6.3,73.3,1.2,Clear
914219,404977,2024-01-19,-0.4,3.8,61.2,9.7,Clear
914220,404892,2025-09-26,24.4,5.5,88.8,4.2,Storm
914221,401680,2026-05-20,30.7,1.4,66.9,3.4,Cloudy
914222,404468,2024-11-15,31.2,8.5,72.0,5.1,Heavy Rain
914223,403504,2024-08-23,36.0,4.8,60.1,8.4,Heavy Rain
914224,401961,2025-10-20,27.0,8.7,61.7,24.6,Heavy Rain
914225,402367,2024-09-22,21.5,9.3,63.8,25.5,Cloudy
914226,401282,2025-10-04,32.6,19.2,24.1,6.0,Cloudy
914227,404515,2026-06-10,41.6,8.9,71.8,5.7,Rain
914228,401760,2024-03-25,22.8,27.5,68.9,0.1,Heavy Rain
914229,401625,2025-02-13,27.7,13.6,66.1,0.4,Cloudy
914230,403299,2024-10-11,23.0,4.5,66.6,3.4,Storm
914231,401098,2025-07-17,26.6,0.7,71.9,31.3,Storm
914232,403337,2024-02-17,17.3,2.5,73.7,8.1,Storm
914233,400038,2024-05-01,18.8,2.2,85.7,7.6,Heavy Rain
914234,402527,2025-03-23,30.0,0.1,79.8,20.6,Cloudy
914235,401561,2024-07-27,12.3,9.2,74.9,2.2,Clear
914237,401940,2024-06-18,23.0,0.1,60.9,23.9,Storm
914238,402292,2026-05-01,22.1,4.8,72.9,3.7,Rain
914239,401622,2026-06-16,24.6,1.0,31.7,0.9,Rain
914240,404469,2025-10-05,27.0,8.3,50.5,4.5,Rain
914241,402347,2024-09-18,11.9,6.6,47.5,17.0,Storm
914242,402231,2025-09-14,22.9,0.6,64.0,6.5,Heavy Rain
914243,402490,2025-10-05,25.7,2.1,47.9,4.3,Cloudy
914244,400652,2025-12-25,28.9,23.7,61.6,9.4,Haze
914245,401233,2026-05-18,12.3,1.9,64.3,0.3,Heavy Rain
914246,400481,2024-12-13,33.9,28.4,58.6,10.2,Clear
914247,401538,2024-10-25,26.1,6.6,60.1,14.9,Heavy Rain
914248,402787,2024-01-18,17.5,25.3,51.3,1.8,Rain
914249,400730,2025-10-25,29.7,1.6,74.2,39.5,Haze
914250,404852,2025-11-28,20.0,24.9,42.2,2.9,Heavy Rain
914251,404471,2024-01-23,27.2,11.6,43.4,5.6,Storm
914252,404461,2024-12-10,36.0,11.8,61.7,8.2,Cloudy
914253,404123,2025-06-14,28.2,6.2,62.6,7.9,Storm
914254,400343,2025-03-23,24.9,23.3,62.7,12.8,Haze
914255,404971,2026-04-16,24.4,4.5,67.2,23.5,Rain
914256,400370,2024-05-13,28.7,12.7,49.7,8.2,Haze
914257,402027,2024-11-28,21.7,16.9,78.8,1.6,Rain
914258,402899,2025-01-17,27.1,3.3,40.6,3.2,Clear
914259,404397,2025-07-24,21.7,1.4,64.3,0.6,Heavy Rain
914260,404225,2024-02-03,15.7,4.7,40.0,13.9,Clear
914261,404098,2026-06-01,39.2,2.8,69.4,10.6,Cloudy
914262,401919,2026-02-25,25.5,0.4,91.1,1.3,Heavy Rain
914263,400849,2026-07-08,16.3,12.4,55.9,12.1,Cloudy
914264,401197,2025-12-02,23.6,6.0,65.1,64.3,Heavy Rain
914265,400924,2024-08-25,25.0,6.9,61.7,5.6,Storm
914266,400600,2024-04-15,21.6,6.9,65.5,17.9,Clear
914267,403667,2025-12-06,32.6,5.3,63.9,8.8,Clear
914268,402792,2024-11-03,29.3,16.3,71.4,16.5,Clear
914270,404943,2024-07-12,17.6,0.8,45.6,0.7,Storm
914272,402267,2024-07-09,22.9,15.0,64.3,3.2,Heavy Rain
914273,402426,2024-06-14,35.5,3.8,77.5,5.3,Clear
914274,404417,2026-03-21,23.5,0.9,45.5,1.7,Cloudy
914275,404355,2026-02-13,31.4,3.3,75.7,23.5,Storm
914276,404522,2024-02-09,31.3,6.2,68.8,19.7,Storm
914277,403009,2025-10-01,15.3,4.1,68.7,20.7,Cloudy
914278,401204,2024-11-12,27.7,23.4,80.3,6.9,Haze
914279,400269,2024-12-26,25.9,2.2,53.3,9.7,Storm
914280,402457,2024-04-12,12.5,12.5,69.2,6.8,Storm
914281,404702,2025-03-05,32.1,3.1,61.1,23.6,Clear
914282,401949,2024-03-10,40.9,12.0,34.3,2.2,Heavy Rain
914283,403623,2025-06-27,24.1,7.5,64.3,27.1,Heavy Rain
914284,401731,2026-06-30,36.5,9.2,56.6,8.5,Heavy Rain
914285,404666,2025-10-11,31.1,6.9,58.3,3.9,Storm
914287,400262,2025-01-26,35.8,0.4,65.7,2.9,Rain
914288,401448,2025-10-28,27.0,2.8,89.3,0.5,Storm
914289,401320,2026-04-02,34.8,35.7,35.0,16.6,Storm
914290,400166,2024-07-03,27.0,18.1,99.1,8.9,Rain
914291,404103,2025-09-30,24.9,0.3,60.0,9.1,Heavy Rain
914292,403285,2025-02-26,28.7,29.8,63.6,0.2,Storm
914293,400496,2025-08-03,34.9,5.1,64.8,12.1,Storm
914294,402052,2024-12-06,13.1,0.9,68.6,9.2,Haze
914295,403513,2025-05-27,25.3,1.2,60.9,0.1,Clear
914297,402897,2026-02-18,22.3,3.0,81.1,27.0,Storm
914298,400214,2024-08-25,31.2,21.0,43.6,15.1,Heavy Rain
914299,400249,2026-03-21,34.5,0.2,46.8,5.0,Heavy Rain
914300,402732,2025-03-27,23.9,2.5,45.8,20.9,Storm
914301,402408,2024-11-29,27.4,3.5,64.6,1.5,Haze
914302,402281,2025-06-25,32.4,6.7,87.8,24.0,Rain
914304,400767,2026-03-27,17.7,6.1,81.2,52.3,Haze
914305,402277,2025-10-11,42.3,14.0,72.8,14.9,Heavy Rain
914306,403539,2024-01-26,43.9,1.5,64.0,14.5,Storm
914307,401389,2024-12-20,26.1,1.8,21.9,21.7,Storm
914308,404247,2024-08-18,24.5,16.3,82.0,3.5,Storm
914309,404476,2024-11-14,37.1,18.0,67.5,35.8,Rain
914310,402106,2025-11-23,19.1,17.6,57.0,5.6,Clear
914311,403534,2026-05-31,33.6,5.2,40.1,24.6,Rain
914312,404435,2026-03-12,27.4,15.3,66.5,21.2,Clear
914313,402217,2024-05-18,26.1,7.9,52.5,22.3,Cloudy
914314,404829,2024-01-16,22.9,5.2,53.7,5.1,Cloudy
914315,402482,2024-03-04,17.8,1.1,80.7,2.9,Haze
914317,402683,2024-08-06,31.5,5.9,82.2,18.6,Storm
914318,404643,2025-02-01,9.5,0.2,46.9,4.5,Cloudy
914319,404889,2025-03-17,11.5,15.6,71.1,2.2,Rain
914320,403297,2025-11-09,17.3,4.7,76.2,16.5,Haze
914321,403680,2025-06-28,27.1,6.1,36.0,26.5,Storm
914322,400010,2024-06-12,30.7,0.9,62.8,6.4,Heavy Rain
914323,403497,2024-10-13,38.7,2.7,64.3,8.7,Clear
914324,401194,2024-10-31,37.2,3.7,75.4,1.3,Cloudy
914325,401680,2025-05-22,29.0,20.6,66.9,55.0,Haze
914326,403611,2024-08-13,24.9,22.3,80.1,16.3,Storm
914327,401614,2024-04-24,32.1,10.5,64.3,22.5,Storm
914328,403178,2024-02-15,22.8,11.2,52.8,4.3,Cloudy
914329,403045,2025-01-11,27.2,8.0,58.8,11.7,Rain
914330,400125,2025-08-09,29.5,8.2,64.3,28.2,Cloudy
914331,401296,2025-07-24,20.2,0.5,61.1,2.2,Storm
914332,403324,2024-07-01,29.9,0.2,47.0,1.0,Rain
914333,401224,2024-03-23,18.7,1.8,60.7,21.3,Rain
914334,400450,2025-08-15,8.6,1.3,64.3,21.9,Rain
914335,403370,2024-12-22,34.6,3.9,84.8,2.7,Haze
914336,404121,2024-12-10,25.3,9.1,59.7,4.5,Haze
914337,403200,2025-08-29,31.7,0.5,69.1,7.5,Haze
914338,401968,2026-01-18,28.5,26.3,74.7,14.3,Rain
914339,402442,2025-06-27,27.0,12.0,80.5,0.9,Heavy Rain
914340,400852,2024-11-29,33.1,1.6,71.4,26.5,Storm
914341,404869,2024-10-22,33.6,19.6,54.0,5.0,Rain
914342,404167,2026-04-28,16.1,0.5,40.1,15.9,Storm
914343,402129,2024-07-19,15.9,4.1,69.1,24.2,Storm
914344,401592,2025-07-06,38.5,1.5,78.1,11.7,Rain
914345,403263,2024-01-08,32.9,12.3,36.7,15.3,Clear
914346,402435,2025-11-05,30.7,1.0,51.0,5.4,Clear
914347,401987,2026-05-12,32.8,9.0,44.5,31.8,Clear
914348,402175,2026-01-20,15.9,1.5,66.8,8.0,Rain
914349,404161,2025-09-12,15.5,10.3,65.5,11.6,Rain
914350,400187,2025-01-02,33.8,24.7,56.6,2.3,Rain
914351,403947,2026-05-09,24.2,1.1,34.5,3.5,Clear
914352,403840,2024-10-27,25.5,3.0,82.9,24.4,Haze
914353,401021,2025-04-27,27.0,6.0,86.6,4.4,Cloudy
914354,404525,2025-07-30,33.9,1.1,79.0,4.3,Haze
914355,402288,2025-12-11,19.4,0.2,82.3,19.5,Clear
914356,402474,2026-03-31,28.3,8.5,64.5,13.5,Storm
914357,402420,2024-06-02,29.2,2.0,73.6,2.2,Rain
914358,400395,2024-01-30,40.9,16.3,82.1,18.4,Haze
914359,401510,2025-12-21,30.5,8.6,79.0,12.1,Clear
914360,400417,2024-07-06,32.6,11.0,64.3,2.9,Rain
914361,403823,2026-07-09,28.3,1.1,76.2,11.8,Cloudy
914362,402255,2026-01-28,32.5,6.5,76.9,10.7,Rain
914363,403508,2026-02-10,24.9,19.5,56.2,6.6,Haze
914364,403630,2025-06-01,23.0,10.5,51.1,9.3,Clear
914365,404998,2025-12-19,22.7,19.8,33.0,5.0,Rain
914366,402654,2025-08-30,26.5,2.4,44.3,3.5,Clear
914367,403281,2026-07-14,35.7,2.1,62.0,6.6,Rain
914368,402713,2025-08-27,31.4,10.5,41.3,9.2,Heavy Rain
914369,400312,2025-08-10,24.8,4.9,72.3,49.8,Cloudy
914370,404108,2025-05-09,26.0,14.7,61.4,4.8,Haze
914371,400661,2026-05-26,7.0,0.9,64.3,7.6,Cloudy
914372,404122,2024-06-09,17.3,0.8,69.4,1.7,Cloudy
914373,401054,2025-09-12,31.1,0.1,61.5,4.8,Cloudy
914374,404245,2024-05-14,25.8,8.1,77.1,14.4,Clear
914375,403117,2026-05-18,44.2,3.0,27.9,1.1,Rain
914376,403564,2026-02-10,26.3,4.6,35.1,0.3,Rain
914377,402300,2025-06-12,32.4,3.7,74.2,5.7,Heavy Rain
914378,400983,2024-05-03,23.4,0.0,54.0,14.2,Clear
914379,403219,2024-11-02,22.4,11.9,59.1,15.5,Cloudy
914380,400355,2024-12-31,15.2,2.8,64.4,8.8,Storm
914381,400671,2025-11-03,17.7,5.7,57.6,18.3,Rain
914382,400846,2025-01-30,19.0,6.4,79.0,8.9,Haze
914383,401731,2025-03-26,14.8,5.4,78.2,40.3,Cloudy
914384,401663,2026-01-27,22.8,0.2,57.2,43.3,Rain
914385,403241,2024-12-02,20.3,2.4,51.9,29.6,Clear
914386,401463,2025-10-28,12.0,0.7,39.1,3.3,Storm
914387,401885,2025-05-24,10.6,1.0,60.2,6.9,Haze
914388,404410,2024-07-20,28.8,0.6,88.3,9.1,Haze
914389,401619,2025-11-01,25.0,16.3,73.9,16.5,Rain
914390,400756,2024-12-29,32.2,14.5,77.8,39.3,Heavy Rain
914391,404284,2025-09-26,28.1,0.4,69.1,0.6,Haze
914392,401946,2026-06-17,27.4,3.1,34.4,58.4,Clear
914393,402671,2025-06-09,22.7,2.2,63.6,7.7,Cloudy
914394,402261,2024-12-09,24.6,5.9,80.8,16.1,Haze
914395,403069,2024-12-29,27.6,0.2,56.1,26.3,Haze
914396,400691,2026-05-11,35.3,0.7,88.2,11.0,Cloudy
914397,401742,2026-05-31,29.2,8.5,85.6,4.6,Haze
914398,401955,2025-08-25,33.6,1.8,61.7,26.4,Storm
914399,403418,2026-02-13,31.0,10.0,77.8,5.0,Storm
914400,401412,2025-08-28,26.8,30.9,82.9,19.0,Cloudy
914401,403416,2026-05-31,44.0,8.9,57.1,2.8,Haze
914402,404169,2024-12-25,25.4,3.3,95.0,22.0,Storm
914403,404358,2025-09-17,35.4,17.5,51.7,10.4,Haze
914405,402491,2026-03-23,25.1,0.2,64.3,9.1,Haze
914406,404853,2026-04-23,27.5,3.7,68.1,10.0,Heavy Rain
914407,403964,2026-02-28,39.5,32.2,57.9,26.3,Clear
914408,404708,2024-08-04,23.1,6.7,68.7,7.7,Storm
914409,401958,2025-08-22,40.1,6.3,74.7,2.2,Rain
914410,401144,2025-10-24,25.3,1.2,63.0,15.5,Rain
914412,400407,2024-03-24,31.6,4.0,10.7,5.6,Haze
914413,403058,2024-02-03,16.8,2.0,28.7,2.5,Heavy Rain
914414,404000,2025-05-07,19.0,5.6,46.8,4.3,Haze
914415,400117,2024-05-03,23.9,0.5,62.8,1.8,Storm
914417,403659,2024-01-19,11.7,13.5,42.3,3.6,Storm
914418,404419,2025-07-17,33.4,11.1,86.7,6.9,Heavy Rain
914419,403546,2024-09-04,27.2,3.8,53.2,31.6,Haze
914420,403413,2026-07-12,24.8,6.3,59.2,4.5,Cloudy
914421,402682,2024-01-31,26.3,6.6,69.9,3.2,Cloudy
914422,402323,2025-05-14,20.7,11.2,37.1,0.8,Rain
914423,404976,2024-03-08,22.4,9.3,47.9,25.5,Heavy Rain
914424,400862,2026-02-12,33.5,7.2,40.8,7.2,Haze
914425,401792,2025-09-14,20.9,4.7,94.0,0.9,Rain
914426,403797,2025-07-07,21.6,18.1,47.0,57.7,Cloudy
914427,403619,2024-12-18,26.8,11.5,68.8,1.6,Cloudy
914428,402259,2025-01-16,29.8,0.7,69.4,8.9,Cloudy
914429,400835,2024-03-29,32.3,3.8,46.6,7.0,Haze
914430,402420,2025-12-24,26.4,17.7,43.9,6.8,Haze
914431,403644,2024-02-06,25.1,16.2,52.5,1.6,Clear
914432,400666,2026-02-03,33.0,19.0,40.4,5.5,Heavy Rain
914433,404155,2024-02-27,19.4,2.3,66.4,17.7,Clear
914434,401886,2025-07-13,25.1,3.9,37.9,14.0,Cloudy
914435,404571,2025-03-13,27.1,7.4,61.9,8.1,Cloudy
914436,403132,2024-01-17,24.6,2.0,74.3,18.5,Cloudy
914437,404108,2025-01-05,22.5,8.0,69.8,19.4,Rain
914438,402457,2024-12-11,34.8,2.5,69.0,21.2,Haze
914439,400969,2024-12-18,29.1,0.8,68.6,43.1,Haze
914440,400043,2024-08-22,27.4,0.1,84.4,0.1,Clear
914441,403211,2024-08-21,33.5,10.1,56.2,0.4,Rain
914442,403495,2024-10-04,17.0,8.8,73.9,9.1,Haze
914443,404171,2024-07-20,24.0,10.8,46.9,6.3,Heavy Rain
914444,400893,2025-06-23,33.4,6.7,58.0,5.6,Storm
914445,404268,2025-04-10,22.0,8.3,35.6,13.9,Cloudy
914446,401468,2024-11-14,38.3,0.2,57.9,6.1,Clear
914447,404108,2026-06-02,25.6,6.3,76.0,2.0,Clear
914448,400798,2024-05-03,24.8,3.2,60.9,50.5,Haze
914450,402980,2025-04-28,32.2,3.1,65.1,39.0,Storm
914451,402664,2025-10-04,19.9,11.9,56.3,25.2,Clear
914453,402653,2026-04-15,38.8,5.2,55.0,12.8,Clear
914454,401487,2025-04-06,26.2,14.4,70.5,9.5,Heavy Rain
914455,401555,2025-08-08,22.8,3.2,67.4,43.4,Storm
914456,400086,2026-02-10,23.1,7.6,46.3,47.5,Heavy Rain
914457,403270,2025-09-22,24.7,1.0,58.4,40.9,Clear
914458,404636,2025-10-27,22.9,10.5,41.6,4.0,Rain
914459,401157,2024-03-20,21.9,11.2,95.6,0.1,Rain
914460,403226,2025-12-27,23.2,1.5,91.8,3.5,Heavy Rain
914461,402246,2024-05-31,16.7,6.6,68.1,10.0,Cloudy
914462,400413,2026-06-18,25.6,15.4,75.5,31.7,Cloudy
914463,401204,2024-07-23,34.2,5.9,75.1,5.5,Rain
914464,404330,2024-10-20,18.6,4.7,64.3,8.8,Cloudy
914465,402020,2026-04-07,40.3,4.0,80.6,37.6,Clear
914466,404001,2024-12-22,27.6,0.0,71.7,2.8,Rain
914467,404870,2026-04-30,19.0,3.3,57.1,14.5,Cloudy
914468,403753,2024-12-10,22.5,9.1,63.7,9.4,Rain
914469,400284,2025-01-15,19.4,9.6,43.7,4.2,Rain
914470,402228,2025-11-26,12.8,24.8,71.1,0.5,Clear
914471,404750,2024-10-29,18.6,8.9,62.3,8.6,Haze
914472,404535,2025-08-28,25.8,0.8,37.6,9.5,Haze
914473,402138,2024-03-25,20.8,8.2,61.9,9.1,Clear
914474,402517,2024-08-19,22.2,18.2,60.4,7.7,Haze
914475,404247,2026-07-06,27.0,20.9,65.7,1.0,Cloudy
914476,402362,2024-08-02,26.3,0.2,70.0,10.9,Storm
914477,403381,2026-01-13,22.0,14.9,60.6,10.9,Rain
914478,404010,2024-12-07,24.4,34.7,69.5,6.7,Storm
914479,401291,2026-07-11,26.5,1.9,25.1,38.8,Cloudy
914480,400659,2025-05-31,16.4,7.5,32.3,8.6,Haze
914481,404901,2025-05-04,31.5,0.4,50.2,14.3,Clear
914482,403427,2024-10-10,39.9,5.1,94.0,7.1,Storm
914483,404047,2025-01-06,21.0,3.9,59.9,7.4,Storm
914484,404456,2024-04-06,29.1,3.0,56.1,9.2,Heavy Rain
914485,401050,2025-01-24,31.2,1.4,85.2,13.2,Heavy Rain
914486,403591,2025-12-10,32.6,4.9,70.2,8.5,Haze
914487,401948,2024-11-10,24.6,5.3,80.0,1.1,Rain
914488,401458,2024-07-06,21.3,2.3,63.5,20.7,Heavy Rain
914489,401794,2026-04-05,12.0,14.6,65.5,16.5,Cloudy
914490,402238,2024-09-03,38.7,16.9,64.3,7.9,Storm
914491,400176,2024-09-02,40.7,7.8,95.7,8.2,Haze
914492,401661,2026-03-14,20.0,7.7,39.6,3.3,Clear
914493,403082,2026-02-05,18.8,6.0,66.6,0.7,Haze
914494,402892,2025-08-19,28.7,15.6,80.0,3.4,Rain
914495,402975,2026-03-02,29.9,29.8,20.1,23.3,Rain
914496,401244,2026-06-29,20.8,31.6,84.2,31.2,Haze
914497,400133,2024-02-06,17.6,8.5,55.3,6.2,Heavy Rain
914498,401906,2024-07-30,28.0,2.9,44.1,3.9,Rain
914499,401198,2025-12-12,39.6,4.6,78.1,18.6,Heavy Rain
914500,404512,2024-06-07,30.2,14.8,75.5,7.6,Clear
914501,404379,2026-03-23,22.2,13.9,68.0,20.5,Haze
914502,404540,2025-06-15,25.3,5.9,62.6,19.5,Haze
914503,404055,2025-11-01,21.9,7.7,26.8,3.2,Clear
914504,402855,2025-09-09,27.0,11.9,63.7,5.3,Rain
914505,400426,2025-10-25,45.6,9.3,99.4,12.3,Rain
914506,403252,2025-04-09,30.2,10.0,86.3,7.0,Heavy Rain
914507,401327,2025-01-06,26.6,24.7,39.5,17.6,Clear
914508,401728,2026-01-20,33.3,6.8,48.4,19.0,Haze
914509,404445,2025-01-03,30.0,26.7,39.8,20.7,Rain
914510,400464,2025-08-09,38.6,14.6,31.4,9.0,Rain
914511,400055,2024-07-20,27.1,0.8,74.4,2.5,Storm
914512,400638,2025-03-17,15.8,2.8,74.6,5.6,Heavy Rain
914513,401685,2024-07-05,25.0,2.1,55.7,25.5,Heavy Rain
914514,403584,2024-12-03,33.6,6.3,62.0,4.6,Haze
914515,401479,2024-09-03,11.4,4.6,54.4,0.8,Cloudy
914516,401272,2026-03-19,29.0,3.3,49.7,20.3,Rain
914517,400733,2025-05-22,19.7,4.0,92.2,45.9,Clear
914518,403698,2024-02-29,28.7,15.1,68.1,16.6,Storm
914519,402230,2026-04-30,23.8,6.1,64.1,7.0,Cloudy
914520,404889,2026-07-06,26.4,5.5,85.8,31.3,Haze
914521,403294,2026-02-22,13.6,11.5,74.9,36.2,Rain
914522,401638,2026-05-05,25.6,10.3,58.1,27.7,Storm
914523,400068,2024-01-20,22.4,5.1,58.1,32.0,Rain
914524,401332,2025-08-11,27.1,18.9,64.3,18.5,Cloudy
914525,403400,2026-01-08,30.8,11.0,61.3,2.9,Heavy Rain
914526,400601,2024-04-14,35.5,5.5,63.1,2.9,Haze
914527,401715,2024-06-27,32.1,31.7,86.3,13.4,Rain
914528,400276,2025-04-06,28.1,0.8,82.4,21.3,Haze
914529,400245,2025-10-30,19.2,6.0,83.2,35.4,Storm
914530,401496,2026-02-02,39.9,16.4,45.9,6.5,Haze
914531,402847,2025-01-03,27.9,2.8,64.3,3.6,Storm
914532,404216,2025-10-06,27.0,14.7,99.9,0.8,Storm
914533,404901,2026-04-10,33.2,5.5,71.0,36.0,Heavy Rain
914534,404571,2026-02-16,36.6,7.1,41.5,14.9,Rain
914535,400361,2026-03-21,20.1,9.1,82.2,32.3,Heavy Rain
914536,403260,2024-09-16,36.3,2.0,41.4,7.2,Heavy Rain
914537,401286,2025-07-17,36.1,5.5,38.9,3.7,Rain
914538,402278,2024-06-29,29.0,0.6,41.0,12.9,Heavy Rain
914539,401759,2024-11-30,35.4,3.0,88.7,21.6,Cloudy
914540,402621,2026-03-09,36.7,6.8,72.2,5.1,Storm
914541,400482,2024-04-08,34.7,3.4,78.6,5.1,Storm
914542,404248,2024-04-13,27.3,2.4,48.8,6.5,Rain
914543,401227,2025-12-09,20.4,0.1,47.1,2.7,Haze
914544,403748,2024-06-12,24.3,15.6,50.2,0.0,Heavy Rain
914545,401769,2024-11-30,31.6,10.5,39.9,5.0,Storm
914546,400269,2025-07-04,32.0,1.3,47.5,10.8,Haze
914547,404506,2026-05-16,32.6,9.7,88.4,9.3,Clear
914548,401583,2024-09-25,28.0,19.1,53.5,0.5,Rain
914549,401816,2024-12-22,20.6,5.5,71.9,16.6,Heavy Rain
914550,400940,2025-11-29,14.2,3.8,68.0,7.2,Rain
914551,400841,2025-05-17,31.1,9.1,65.0,6.2,Heavy Rain
914552,404726,2026-06-24,26.3,1.6,79.7,41.5,Clear
914554,402856,2025-04-18,32.8,1.5,69.5,18.4,Storm
914555,401263,2025-02-13,33.4,2.4,52.6,0.4,Haze
914556,401169,2026-04-10,15.4,13.7,67.9,1.5,Rain
914557,403097,2024-04-09,25.7,2.0,77.8,15.2,Rain
914558,402988,2024-02-06,15.6,1.6,46.3,4.4,Rain
914559,404817,2024-11-25,28.4,7.9,51.8,3.0,Heavy Rain
914560,403350,2024-11-06,43.7,4.2,70.4,6.0,Storm
914561,404535,2026-06-17,38.9,5.9,84.2,5.4,Storm
914562,403505,2026-02-03,39.4,0.0,51.8,9.9,Rain
914563,402428,2026-04-24,18.5,16.8,55.7,4.1,Heavy Rain
914564,401722,2025-12-12,33.1,34.0,46.4,19.6,Cloudy
914565,403074,2025-09-23,18.9,9.2,66.2,6.1,Heavy Rain
914566,401309,2024-04-04,36.0,20.5,59.1,25.2,Cloudy
914567,403485,2024-12-06,38.2,5.5,44.0,17.7,Haze
914568,404840,2024-12-10,26.8,2.8,49.0,13.9,Clear
914570,402591,2024-01-17,36.7,0.0,69.5,3.1,Clear
914571,400346,2024-04-02,37.5,14.0,83.5,0.3,Cloudy
914572,400369,2024-08-28,22.2,26.2,42.4,4.5,Haze
914573,401187,2025-07-10,22.1,29.2,75.8,1.9,Heavy Rain
914574,402099,2025-10-11,24.1,34.8,30.6,64.6,Clear
914575,400167,2025-02-11,23.2,35.2,73.0,17.3,Rain
914576,404079,2025-12-04,23.0,1.4,71.1,0.7,Clear
914577,400746,2024-08-01,12.9,26.4,54.2,6.8,Rain
914578,403975,2024-12-01,24.3,6.3,93.5,5.4,Haze
914579,400494,2026-02-03,20.6,1.2,64.9,10.4,Haze
914580,400169,2025-11-04,41.8,30.0,40.9,32.4,Rain
914581,404810,2024-05-23,40.7,10.3,95.6,7.0,Cloudy
914582,400722,2024-08-27,48.9,7.7,74.1,18.9,Haze
914583,404192,2025-01-20,26.4,7.7,62.7,1.6,Haze
914584,404468,2025-11-13,23.8,6.8,72.9,5.7,Cloudy
914585,401167,2025-11-25,25.5,1.8,33.4,0.4,Storm
914586,401584,2025-06-14,30.8,4.6,61.4,13.3,Haze
914587,401078,2024-12-26,17.8,14.8,52.9,2.6,Haze
914588,401046,2025-03-23,35.7,6.5,65.5,9.0,Storm
914589,402595,2024-09-05,33.8,8.5,35.5,1.7,Rain
914590,401334,2025-12-29,28.8,1.1,52.0,8.1,Storm
914591,401088,2025-10-25,32.4,0.2,82.4,17.0,Storm
914592,400857,2025-06-20,24.2,10.4,75.6,14.8,Storm
914593,403395,2024-10-27,30.5,12.7,65.8,21.4,Cloudy
914594,403786,2026-03-07,16.3,3.2,55.9,16.9,Haze
914595,403641,2024-08-12,17.8,2.5,61.8,2.5,Heavy Rain
914597,402521,2024-02-02,12.6,8.9,87.7,14.3,Rain
914598,402512,2025-10-30,33.5,25.4,82.8,18.8,Rain
914599,401485,2024-03-16,27.0,4.5,41.0,4.0,Heavy Rain
914600,402624,2024-06-03,34.6,1.1,64.3,2.1,Clear
914601,401578,2025-01-24,40.8,18.3,78.2,9.5,Haze
914602,400424,2024-05-07,-4.0,1.9,80.2,2.3,Heavy Rain
914603,404288,2026-01-31,27.2,4.4,41.5,7.4,Cloudy
914604,400228,2025-07-19,35.4,1.2,65.1,16.4,Storm
914605,404328,2025-04-26,40.6,14.0,56.8,10.4,Heavy Rain
914606,401630,2025-02-16,41.5,0.0,76.1,17.4,Cloudy
914607,401612,2025-01-12,20.9,8.2,34.5,9.7,Haze
914608,400844,2026-04-28,26.8,15.6,56.9,4.5,Rain
914609,404819,2025-09-21,16.5,5.2,53.6,3.6,Storm
914610,404377,2025-03-15,13.8,0.9,64.5,37.8,Haze
914611,403365,2024-03-09,26.7,4.5,98.4,8.8,Rain
914612,402848,2024-07-04,37.8,11.7,70.5,13.3,Rain
914613,404676,2024-08-18,24.5,21.6,61.2,4.4,Haze
914614,403251,2025-06-09,34.1,21.6,26.7,8.5,Heavy Rain
914615,404545,2024-09-22,20.9,4.9,83.4,3.8,Rain
914616,401315,2024-02-03,19.6,1.2,85.8,23.6,Heavy Rain
914617,404764,2025-05-01,19.9,5.3,66.6,5.7,Cloudy
914618,401115,2024-05-18,24.7,20.1,49.3,4.2,Storm
914619,402778,2024-09-13,25.9,2.3,69.1,10.7,Haze
914620,400124,2025-07-14,29.4,9.7,28.2,1.0,Haze
914621,400280,2025-06-29,28.1,8.7,47.4,17.9,Cloudy
914622,403437,2025-10-16,30.5,1.9,62.8,1.7,Heavy Rain
914623,400664,2024-11-21,32.6,14.9,61.6,1.6,Storm
914624,404840,2025-02-05,31.5,7.0,74.5,14.3,Storm
914625,400349,2025-08-30,18.2,7.2,50.5,0.0,Clear
914626,403867,2024-08-21,38.7,7.6,43.9,1.7,Storm
914627,402561,2025-02-04,26.1,3.7,67.5,23.5,Heavy Rain
914628,400347,2024-04-01,23.5,1.6,66.7,11.2,Haze
914629,401314,2025-06-03,12.6,2.0,90.2,8.7,Heavy Rain
914631,402476,2026-02-25,28.0,3.3,71.8,3.6,Haze
914632,403316,2025-09-03,20.7,2.4,75.7,4.0,Haze
914633,403449,2025-09-21,31.3,19.8,64.2,1.5,Haze
914634,404976,2024-12-14,25.8,17.9,67.8,5.3,Cloudy
914635,403857,2025-07-07,28.2,22.9,16.0,3.1,Haze
914636,400689,2024-08-17,36.4,5.5,57.4,2.5,Rain
914637,404355,2025-09-20,33.6,3.2,82.8,2.8,Clear
914638,403184,2026-07-15,21.5,25.2,64.3,3.8,Clear
914639,400619,2024-02-21,21.7,4.0,42.3,2.7,Cloudy
914640,404700,2024-02-18,29.0,8.1,88.0,19.5,Clear
914641,400703,2024-10-07,27.4,13.5,70.6,26.5,Cloudy
914642,400603,2026-01-02,17.4,0.2,50.8,22.9,Clear
914643,403476,2025-03-21,28.2,4.8,75.3,0.4,Rain
914644,401300,2024-06-01,34.3,0.6,74.4,25.7,Rain
914645,400763,2025-11-23,28.9,4.3,67.7,89.6,Haze
914646,401434,2025-03-17,19.0,3.9,87.7,2.8,Rain
914647,403365,2025-08-29,16.7,9.7,52.6,17.4,Heavy Rain
914648,402122,2025-06-01,25.6,6.2,55.6,6.1,Rain
914649,400872,2025-06-18,26.3,1.8,69.1,0.4,Rain
914650,402035,2025-04-11,26.6,2.7,57.0,9.3,Storm
914651,401280,2024-07-26,18.4,0.1,50.3,22.9,Clear
914652,400267,2026-04-16,45.8,0.8,59.7,35.0,Heavy Rain
914653,403295,2024-10-11,22.2,0.5,84.9,23.4,Storm
914654,400406,2025-11-07,35.5,5.5,63.7,8.7,Haze
914655,404169,2025-09-28,31.4,3.7,35.7,12.9,Cloudy
914656,403614,2024-09-20,36.0,2.5,24.8,6.2,Haze
914657,400574,2024-03-25,13.7,0.2,88.0,2.9,Clear
914658,401829,2024-04-30,21.7,12.0,46.9,5.4,Haze
914659,402765,2025-07-17,14.2,0.2,20.9,9.5,Cloudy
914660,403709,2025-08-13,28.0,1.9,70.1,8.2,Cloudy
914661,401794,2024-05-12,17.7,7.8,77.8,7.7,Clear
914662,400970,2025-11-28,30.1,3.6,93.6,6.2,Rain
914663,400451,2026-02-28,29.7,0.3,53.8,16.4,Clear
914664,404484,2024-02-14,39.2,8.6,79.7,13.3,Clear
914665,400325,2025-11-12,22.2,2.5,61.6,5.9,Haze
914666,400730,2025-06-04,22.3,3.3,32.8,1.8,Haze
914667,404249,2026-04-10,17.7,7.8,8.9,4.1,Storm
914668,400087,2025-11-15,15.5,3.4,87.3,1.6,Rain
914669,400356,2024-03-22,17.2,7.7,64.5,17.7,Rain
914670,403070,2024-10-23,18.6,12.0,79.4,0.2,Rain
914671,400897,2026-06-28,27.0,0.3,79.7,10.2,Haze
914672,401840,2025-03-18,32.6,5.2,69.1,17.5,Clear
914673,400646,2025-03-08,26.2,0.3,53.1,47.5,Rain
914674,402709,2026-06-05,27.0,0.7,68.3,1.2,Storm
914675,400923,2024-09-26,23.3,2.7,43.9,3.7,Cloudy
914676,401094,2024-09-15,26.4,53.5,85.9,1.1,Heavy Rain
914677,403656,2025-01-25,24.5,4.2,52.0,6.3,Cloudy
914678,402017,2024-02-05,31.6,5.5,77.8,9.7,Rain
914679,404200,2025-09-03,25.8,38.3,57.5,10.1,Heavy Rain
914680,404025,2025-06-18,30.1,0.3,57.5,26.0,Heavy Rain
914682,403966,2025-01-14,28.0,8.5,75.5,2.4,Cloudy
914683,401298,2026-05-20,26.2,36.3,49.5,19.2,Storm
914684,404125,2025-05-30,15.6,13.7,49.9,21.1,Clear
914685,402759,2026-07-06,37.9,1.6,50.5,3.9,Storm
914686,403137,2024-06-04,22.0,3.9,49.5,3.4,Clear
914687,402761,2025-07-07,19.0,4.6,95.1,2.4,Haze
914688,403131,2026-05-02,36.4,20.3,53.5,3.5,Clear
914689,404726,2026-03-15,28.1,3.5,46.2,6.2,Haze
914690,402699,2025-06-22,23.6,2.5,64.3,28.7,Cloudy
914691,404452,2025-11-27,25.1,2.4,62.4,6.7,Cloudy
914692,401774,2024-01-12,37.0,5.5,74.2,76.2,Storm
914693,404657,2025-05-17,33.7,14.0,83.5,5.8,Heavy Rain
914694,401682,2025-08-20,22.6,4.6,77.5,12.7,Rain
914695,401025,2025-06-05,28.7,1.3,89.2,27.1,Cloudy
914696,401066,2025-01-10,23.0,27.4,57.3,44.9,Haze
914697,402339,2025-04-26,19.8,3.7,75.1,28.0,Clear
914698,400587,2024-07-18,34.0,6.3,79.4,3.3,Cloudy
914699,403466,2024-08-18,39.1,17.0,62.5,11.2,Rain
914700,401355,2024-12-22,18.7,11.3,69.9,11.0,Storm
914701,403404,2026-03-02,27.8,12.7,62.1,12.9,Haze
914702,400163,2024-12-29,29.1,4.4,46.1,6.3,Storm
914703,403804,2024-06-17,50.6,13.7,49.9,19.7,Haze
914704,400174,2024-11-12,20.8,9.8,52.7,30.2,Haze
914705,401609,2025-01-14,22.5,3.9,81.7,1.2,Clear
914706,400231,2024-09-19,22.4,0.5,74.5,1.2,Rain
914707,403127,2024-03-01,32.9,1.5,40.4,5.6,Clear
914708,401674,2026-01-15,23.0,27.0,49.4,29.2,Haze
914709,400112,2025-12-10,24.2,0.6,61.8,8.9,Heavy Rain
914710,400838,2026-03-25,35.9,1.8,33.8,10.4,Rain
914711,404706,2024-01-18,22.7,7.8,54.9,1.2,Cloudy
914712,404158,2025-04-26,18.8,14.1,37.7,2.8,Storm
914713,400145,2024-07-20,35.5,3.7,66.3,26.4,Cloudy
914714,402685,2025-11-14,33.6,2.7,89.3,1.3,Heavy Rain
914715,404473,2024-10-16,29.0,1.7,77.3,3.6,Storm
914716,402071,2025-10-13,28.6,1.1,55.6,0.6,Haze
914717,404976,2024-11-24,31.9,3.9,89.3,0.1,Clear
914718,400221,2024-08-26,34.1,0.3,64.6,4.9,Clear
914719,400421,2026-07-08,22.4,5.4,83.1,17.7,Storm
914720,403266,2024-12-03,15.5,3.0,47.5,5.9,Heavy Rain
914721,401846,2025-08-19,32.5,2.7,77.8,7.5,Clear
914722,400105,2025-01-04,8.0,1.7,89.6,11.4,Haze
914723,401517,2025-02-27,22.2,18.7,82.8,0.4,Rain
914724,402706,2025-08-14,23.8,9.7,65.6,7.6,Heavy Rain
914725,401891,2024-11-12,33.6,9.1,52.8,15.1,Heavy Rain
914726,400709,2024-10-14,29.7,8.8,61.6,0.3,Rain
914727,401625,2024-08-07,21.0,2.4,52.6,4.8,Rain
914728,403538,2025-06-02,24.6,3.7,67.7,4.6,Clear
914729,403667,2025-07-31,36.2,0.7,66.9,17.3,Cloudy
914730,403423,2024-03-12,26.5,1.5,54.1,4.1,Storm
914731,401346,2024-02-25,14.9,6.1,82.3,34.0,Storm
914732,404686,2024-11-24,27.0,1.9,85.3,6.7,Clear
914733,403618,2024-02-10,32.7,7.2,49.6,9.0,Rain
914734,401468,2026-01-07,18.5,7.3,31.4,8.1,Rain
914735,402846,2026-03-27,32.3,4.9,74.9,29.0,Clear
914736,400540,2026-07-09,12.8,6.1,75.5,0.3,Cloudy
914737,400324,2025-12-21,26.9,0.9,76.7,0.8,Haze
914738,403937,2025-03-29,24.5,7.1,45.4,6.4,Haze
914739,402204,2024-11-24,37.4,4.6,66.1,13.0,Heavy Rain
914740,401380,2025-02-22,41.5,1.7,45.5,0.5,Rain
914741,403419,2024-09-12,15.9,4.5,95.7,25.7,Clear
914742,400936,2024-08-13,40.2,0.9,58.7,4.7,Heavy Rain
914743,403614,2024-02-08,15.8,21.5,57.0,5.4,Haze
914744,401056,2024-07-02,2.0,1.2,54.5,13.8,Rain
914745,401339,2024-08-03,20.0,17.8,62.3,15.6,Storm
914746,404671,2024-12-16,33.7,1.6,90.5,22.7,Heavy Rain
914747,404655,2025-02-12,31.7,0.4,72.0,35.2,Storm
914748,401510,2025-12-10,35.7,8.1,82.4,9.3,Cloudy
914749,403193,2024-01-25,36.9,7.1,85.6,2.7,Cloudy
914750,403088,2025-11-25,33.3,2.2,55.3,11.2,Rain
914751,400485,2025-07-14,33.0,1.6,77.2,13.1,Heavy Rain
914752,404630,2024-10-27,29.1,5.7,44.1,21.5,Storm
914754,401679,2025-12-29,15.5,0.3,93.5,1.0,Storm
914755,401607,2024-12-18,22.5,1.4,64.3,9.1,Cloudy
914756,401952,2025-09-21,4.3,15.9,47.7,5.9,Cloudy
914757,403602,2025-07-13,23.6,13.8,53.0,4.6,Storm
914758,400001,2026-07-02,27.3,13.1,72.4,3.6,Storm
914759,403752,2024-09-06,28.8,22.4,57.0,5.2,Cloudy
914760,401319,2025-05-19,30.6,11.3,64.0,42.5,Clear
914761,400657,2026-07-12,17.7,0.9,77.2,7.1,Cloudy
914762,403523,2024-01-27,26.6,8.0,93.0,27.2,Storm
914763,404532,2025-11-27,17.3,1.5,58.0,0.8,Cloudy
914764,402040,2026-03-08,16.4,2.8,75.1,2.3,Rain
914765,403106,2026-02-08,22.6,2.3,55.6,7.2,Storm
914766,404527,2026-07-01,34.5,6.5,64.4,0.5,Clear
914767,402941,2024-09-15,31.6,32.6,89.6,18.8,Cloudy
914768,401171,2026-02-23,39.6,11.0,49.2,18.6,Clear
914769,402459,2025-06-02,9.0,2.2,72.0,56.9,Rain
914770,401341,2025-03-11,30.2,4.0,77.9,34.4,Heavy Rain
914771,402569,2025-04-28,26.0,4.4,74.1,7.6,Haze
914772,402365,2024-07-24,34.4,3.2,93.6,3.9,Storm
914773,403702,2026-02-12,25.4,11.8,78.7,25.9,Rain
914774,403860,2024-06-20,25.9,9.7,45.2,24.8,Rain
914775,400627,2024-01-30,27.8,5.6,54.0,2.9,Haze
914776,402525,2026-05-16,34.1,1.5,45.5,0.5,Clear
914777,404511,2025-06-14,30.0,2.6,64.3,50.3,Heavy Rain
914778,403520,2024-07-28,32.6,1.4,68.6,1.9,Heavy Rain
914779,403674,2025-04-16,35.0,5.9,78.9,24.0,Haze
914780,404668,2026-06-18,36.6,1.5,43.7,6.1,Clear
914781,400700,2025-01-23,24.1,8.7,48.1,19.8,Haze
914782,401255,2025-10-08,19.3,0.7,62.9,7.5,Rain
914783,400989,2024-09-07,34.9,2.1,30.5,2.2,Rain
914784,402604,2024-07-31,22.4,7.3,47.3,5.2,Cloudy
914785,402623,2025-03-11,20.7,21.7,52.6,2.4,Heavy Rain
914786,403471,2024-12-06,22.0,9.3,48.2,21.8,Rain
914787,402002,2024-03-27,29.0,6.3,36.8,41.5,Storm
914788,403147,2024-02-12,23.0,19.3,50.4,9.0,Heavy Rain
914789,400835,2025-11-10,29.9,2.0,69.7,1.4,Heavy Rain
914790,401228,2025-11-14,27.0,11.4,93.4,1.4,Clear
914792,400915,2024-02-17,35.6,27.0,37.4,42.2,Clear
914793,400788,2026-06-24,39.4,12.0,45.2,0.1,Clear
914794,404567,2024-09-19,33.6,3.2,88.6,5.0,Haze
914795,402780,2025-07-10,41.7,0.2,66.8,6.4,Clear
914796,400407,2024-06-25,33.1,7.3,79.3,18.4,Clear
914797,404768,2025-02-23,23.3,15.1,59.1,4.4,Rain
914798,401706,2025-12-17,32.3,5.7,35.2,14.6,Haze
914799,403719,2025-07-17,31.7,6.2,44.2,1.4,Rain
914800,404273,2025-03-15,20.5,9.6,45.3,4.1,Heavy Rain
914801,404607,2024-12-05,37.3,5.3,68.6,0.9,Rain
914803,400556,2025-06-03,25.2,2.3,85.3,1.4,Clear
914804,401510,2024-08-22,37.1,1.8,34.9,1.0,Storm
914805,400876,2024-03-15,36.5,1.3,58.8,5.3,Heavy Rain
914806,401377,2024-08-16,29.9,6.9,54.4,0.6,Heavy Rain
914807,403625,2024-03-26,24.7,18.3,64.3,14.8,Rain
914808,403480,2024-08-08,30.5,3.0,68.6,2.1,Heavy Rain
914809,404654,2026-06-27,39.7,7.5,67.2,59.5,Storm
914810,400838,2024-12-28,29.9,0.6,47.8,3.0,Storm
914811,400629,2025-04-10,27.2,32.5,60.6,4.7,Rain
914812,403118,2025-12-05,26.6,5.2,28.8,4.9,Cloudy
914813,400485,2025-03-11,30.5,15.9,95.8,9.6,Cloudy
914814,400157,2025-08-30,16.4,4.6,27.3,9.0,Haze
914816,401165,2025-05-14,34.9,1.0,68.4,14.4,Rain
914817,400897,2025-12-21,26.4,8.9,76.1,5.9,Haze
914818,404506,2024-07-16,25.8,3.2,59.9,23.4,Heavy Rain
914819,401360,2024-10-20,23.8,13.7,69.5,9.9,Heavy Rain
914820,403622,2025-05-23,43.3,15.2,61.3,10.6,Cloudy
914821,401267,2025-10-27,24.5,7.7,49.6,46.3,Storm
914822,403577,2025-03-27,22.9,2.1,92.3,10.2,Clear
914823,402472,2024-06-28,32.2,3.8,91.8,23.6,Clear
914824,404955,2026-03-21,23.9,8.4,47.1,4.4,Heavy Rain
914825,401594,2026-02-10,49.6,14.4,59.0,5.4,Clear
914826,400901,2024-12-20,37.4,3.4,42.3,38.1,Cloudy
914827,401235,2026-03-28,35.0,0.5,64.3,35.3,Heavy Rain
914828,403750,2025-10-27,16.1,8.7,77.3,12.1,Haze
914829,401521,2025-02-27,24.5,18.0,54.1,4.9,Haze
914830,403299,2025-05-06,33.4,7.3,53.7,13.2,Haze
914831,403842,2025-09-14,26.5,3.5,63.3,0.4,Haze
914832,403911,2026-02-14,31.4,20.0,62.7,0.1,Cloudy
914833,402940,2026-04-18,6.9,23.8,65.5,2.9,Clear
914834,400435,2024-12-02,29.0,1.1,94.2,1.0,Haze
914835,401193,2025-02-20,27.3,0.9,77.3,7.6,Haze
914836,403005,2024-12-04,30.6,6.0,84.9,32.9,Haze
914837,401077,2024-05-05,24.2,13.9,52.3,7.9,Heavy Rain
914838,400449,2026-07-06,40.8,0.4,59.2,16.8,Storm
914839,400424,2025-05-01,30.4,3.9,55.9,1.6,Storm
914840,404822,2026-07-17,20.9,2.4,65.7,29.1,Rain
914841,404252,2026-03-05,34.9,4.0,92.7,6.4,Clear
914842,404655,2026-04-07,16.8,9.4,50.8,7.5,Clear
914843,404361,2024-09-15,20.1,1.2,64.3,15.1,Heavy Rain
914844,404252,2026-01-14,23.9,2.0,46.4,11.7,Storm
914845,401051,2024-05-09,26.6,10.4,47.7,21.7,Rain
914846,403113,2024-08-21,24.5,16.7,62.2,26.9,Heavy Rain
914847,404347,2025-09-23,22.1,3.2,93.4,8.9,Storm
914848,400323,2025-11-09,24.0,5.6,69.6,9.0,Heavy Rain
914849,402644,2024-01-05,26.2,16.4,89.4,1.9,Rain
914850,404218,2024-07-16,23.2,14.0,95.2,9.1,Clear
914851,402493,2026-02-28,22.1,5.8,96.5,3.2,Storm
914852,402584,2025-05-11,24.0,7.1,34.7,3.8,Storm
914853,400524,2025-08-18,8.5,8.5,57.3,5.7,Haze
914854,404321,2025-08-09,17.9,4.1,100.0,10.5,Rain
914855,402259,2025-07-10,28.5,16.7,83.8,1.7,Haze
914856,403537,2025-10-09,31.2,5.5,50.9,1.6,Rain
914857,401919,2026-02-26,34.9,4.6,78.5,18.2,Rain
914858,402391,2024-07-30,24.9,11.3,75.7,12.0,Cloudy
914859,403244,2026-02-27,28.8,11.9,78.7,9.1,Storm
914860,400117,2024-12-16,37.8,0.9,67.2,27.0,Cloudy
914861,403547,2024-04-20,22.2,1.0,74.3,8.7,Heavy Rain
914862,400345,2025-04-08,17.7,1.9,54.7,49.5,Storm
914863,401504,2024-07-25,14.2,54.7,81.6,13.4,Storm
914864,401521,2025-06-13,33.8,1.6,35.7,0.7,Heavy Rain
914866,400338,2025-12-15,34.5,5.9,53.3,47.1,Clear
914867,400604,2024-01-30,15.8,37.5,84.6,12.0,Haze
914868,403904,2025-05-31,38.5,6.1,53.9,2.6,Cloudy
914869,400623,2024-10-16,16.2,1.2,94.2,3.6,Cloudy
914870,401034,2024-09-05,25.2,6.0,81.2,6.6,Cloudy
914871,404910,2026-01-14,33.9,1.5,63.8,0.1,Heavy Rain
914872,402817,2024-11-29,19.2,3.7,72.3,16.9,Rain
914873,404942,2024-02-21,23.5,14.0,47.4,52.7,Cloudy
914875,403694,2024-06-09,21.5,35.8,83.2,2.2,Heavy Rain
914876,401153,2024-11-07,21.2,11.3,88.1,3.7,Rain
914877,401075,2025-03-14,37.1,8.3,65.6,3.3,Haze
914878,402338,2025-11-12,29.9,6.8,24.4,8.6,Storm
914879,401651,2025-05-30,41.7,0.7,59.6,7.4,Rain
914880,404918,2026-04-05,7.7,1.3,58.4,6.2,Storm
914881,401616,2026-06-10,38.8,5.0,71.9,7.6,Clear
914882,402355,2024-06-08,19.9,21.2,59.5,1.1,Cloudy
914883,403632,2025-12-18,14.5,0.5,67.1,8.1,Haze
914884,401496,2026-05-05,32.4,6.4,76.6,8.5,Rain
914885,403785,2026-02-10,42.5,14.9,60.5,12.0,Heavy Rain
914887,404026,2025-09-02,25.8,12.2,55.4,20.2,Storm
914888,400482,2024-01-15,30.6,8.9,37.5,28.1,Storm
914889,404384,2025-03-05,26.9,1.8,72.8,15.3,Clear
914890,404539,2025-04-26,27.1,1.4,63.8,9.2,Cloudy
914891,403002,2024-05-24,26.4,34.2,83.6,14.3,Heavy Rain
914892,403379,2026-04-06,28.9,6.4,56.0,5.4,Heavy Rain
914893,404245,2025-03-07,16.2,4.2,56.9,9.1,Storm
914894,400186,2024-09-09,37.8,0.7,61.2,15.9,Rain
914895,401937,2024-01-17,26.9,11.2,50.5,19.1,Haze
914896,403871,2024-08-21,27.5,8.0,74.7,12.9,Rain
914897,404749,2026-04-23,33.4,1.1,56.1,9.4,Storm
914898,400116,2026-01-10,23.9,7.4,73.8,21.3,Cloudy
914899,400251,2024-01-24,33.2,1.6,96.6,1.0,Haze
914900,400465,2024-06-20,33.0,3.2,55.4,0.1,Clear
914901,403745,2024-11-09,28.4,0.4,51.5,20.8,Haze
914902,400456,2026-06-23,24.2,15.1,58.9,29.0,Clear
914903,401018,2024-04-29,30.6,6.1,73.8,26.8,Rain
914904,403302,2024-07-01,24.8,3.1,28.0,18.1,Rain
914905,400745,2024-07-06,18.4,12.4,73.1,6.1,Storm
914906,402932,2025-06-11,24.1,5.5,38.8,33.2,Clear
914907,403293,2024-01-09,12.8,15.3,42.7,3.6,Rain
914908,402910,2025-07-17,34.0,2.8,75.3,44.6,Cloudy
914909,402184,2025-06-07,36.9,1.6,89.0,16.2,Storm
914910,400239,2024-10-13,17.2,0.4,74.5,4.6,Heavy Rain
914911,400138,2025-12-10,25.2,0.0,42.7,2.5,Heavy Rain
914912,403383,2025-10-07,17.5,8.4,68.3,24.9,Haze
914913,401736,2025-10-14,24.2,6.2,14.5,9.7,Rain
914914,401015,2024-04-30,21.6,6.9,51.5,4.2,Clear
914915,404154,2025-02-28,29.5,12.0,65.6,20.4,Heavy Rain
914916,403684,2024-08-08,34.0,7.7,60.7,24.6,Haze
914917,402622,2025-07-25,17.6,18.7,68.3,27.1,Cloudy
914918,404414,2024-08-28,18.2,0.5,59.8,8.2,Heavy Rain
914919,403703,2024-12-16,25.3,5.0,73.0,4.6,Cloudy
914920,400197,2025-08-18,11.1,7.9,67.2,15.6,Heavy Rain
914921,401796,2026-02-09,30.4,17.4,69.8,6.0,Rain
914922,401716,2025-06-22,23.9,1.9,47.9,22.2,Storm
914923,403625,2025-02-06,39.5,0.2,56.1,31.9,Clear
914924,400153,2024-07-02,25.2,0.4,66.4,11.8,Cloudy
914925,402665,2024-07-31,35.5,7.1,54.8,35.8,Storm
914926,402649,2026-02-13,30.7,18.9,78.0,15.4,Clear
914927,402453,2026-01-09,22.8,17.3,27.8,9.4,Haze
914928,402895,2026-06-29,30.3,1.2,88.7,9.7,Cloudy
914929,400596,2025-02-12,33.7,3.1,54.8,41.3,Heavy Rain
914930,402850,2024-09-23,32.9,1.0,70.6,4.3,Rain
914931,401873,2025-09-22,30.4,0.3,70.7,0.5,Cloudy
914932,401554,2024-08-02,17.7,9.4,64.2,11.2,Clear
914933,402241,2025-03-13,40.8,3.4,55.5,7.2,Heavy Rain
914934,400415,2025-07-27,30.6,10.7,46.9,53.7,Clear
914935,404092,2024-06-01,34.9,7.0,52.4,8.4,Heavy Rain
914936,404836,2025-05-01,18.7,4.0,61.6,45.2,Heavy Rain
914937,400889,2026-03-28,32.1,18.2,65.2,0.1,Storm
914939,402859,2026-04-03,41.6,19.8,70.7,12.5,Heavy Rain
914940,403859,2025-02-14,23.1,4.9,94.5,19.7,Cloudy
914941,401411,2024-07-14,21.9,1.5,63.4,2.4,Heavy Rain
914942,401880,2024-02-16,27.1,5.5,65.1,50.5,Haze
914943,402024,2024-03-13,27.0,1.3,72.8,6.1,Haze
914944,400137,2024-12-12,17.4,5.2,51.8,2.0,Haze
914945,400174,2026-04-21,32.5,13.3,58.1,13.6,Heavy Rain
914946,400370,2024-05-27,26.1,3.3,61.1,2.5,Cloudy
914947,400224,2026-03-11,14.9,1.4,77.4,19.4,Storm
914948,404980,2026-07-02,33.9,8.6,60.2,5.8,Cloudy
914950,404427,2024-04-08,26.8,1.0,87.3,16.2,Cloudy
914952,404309,2026-01-11,22.8,3.7,77.5,4.3,Storm
914953,403620,2025-12-16,22.8,6.6,92.8,8.8,Rain
914954,403263,2025-07-29,25.8,3.7,43.2,48.1,Storm
914955,404876,2024-06-28,41.2,10.0,80.1,16.0,Storm
914956,403099,2025-12-19,24.9,5.7,51.6,20.6,Rain
914957,400558,2024-08-01,32.0,1.6,87.5,20.7,Cloudy
914958,401716,2026-01-03,27.2,29.2,40.4,5.7,Heavy Rain
914959,402890,2024-11-13,33.0,7.3,50.5,6.2,Storm
914960,403089,2025-03-26,28.2,0.7,72.7,7.9,Haze
914961,401137,2026-06-11,18.3,1.4,68.0,1.6,Haze
914962,403091,2024-04-02,37.0,3.4,98.2,49.1,Heavy Rain
914964,402793,2024-05-22,27.1,15.0,61.2,23.1,Clear
914965,401535,2024-06-27,42.1,5.0,82.7,11.7,Clear
914966,404229,2026-01-20,22.3,0.5,54.2,11.1,Storm
914967,402017,2025-10-05,32.8,0.4,87.5,5.1,Storm
914968,404454,2025-01-09,35.9,15.7,68.7,3.0,Rain
914969,404651,2026-02-26,28.8,24.7,72.4,4.9,Storm
914970,403014,2025-02-13,36.4,0.2,71.0,4.0,Heavy Rain
914971,403198,2024-01-09,34.4,14.3,63.0,0.7,Rain
914972,404037,2024-11-04,27.8,5.3,70.1,8.8,Clear
914973,402534,2026-04-09,37.8,36.6,44.5,0.0,Storm
914974,404798,2025-03-31,15.8,39.7,45.3,20.0,Rain
914975,401718,2026-06-30,19.4,1.3,66.4,3.7,Heavy Rain
914976,404092,2024-05-12,4.3,19.5,84.2,13.3,Heavy Rain
914977,401200,2025-02-09,29.7,4.2,68.4,12.9,Cloudy
914978,404771,2025-11-29,25.6,0.4,64.3,3.3,Rain
914979,402436,2025-07-05,34.7,4.1,64.3,24.0,Haze
914980,402316,2025-06-05,20.8,0.3,52.9,0.5,Cloudy
914981,401231,2026-02-13,37.1,10.4,58.5,0.4,Cloudy
914982,404675,2024-04-30,19.1,11.0,59.0,3.5,Haze
914983,402175,2024-11-28,38.6,4.4,82.1,8.3,Cloudy
914984,404901,2026-04-23,32.8,26.6,51.4,33.0,Heavy Rain
914985,404632,2025-09-24,15.3,6.8,50.3,14.2,Haze
914986,403167,2024-09-13,25.7,8.1,62.7,3.4,Clear
914987,404410,2026-01-26,23.3,25.8,61.6,2.9,Rain
914988,403443,2025-02-07,23.4,0.5,65.6,16.4,Heavy Rain
914989,401029,2024-09-14,31.5,12.4,44.2,36.7,Rain
914990,403714,2024-06-21,25.6,32.1,40.2,3.1,Storm
914991,400816,2025-02-16,23.5,3.5,44.6,8.7,Clear
914992,402260,2024-10-03,35.8,7.7,54.3,4.4,Heavy Rain
914993,400564,2024-12-13,20.4,47.4,41.9,12.4,Haze
914994,404274,2025-03-10,25.7,3.3,35.9,37.8,Cloudy
914995,404604,2024-09-10,13.8,8.0,71.4,1.9,Clear
914996,404962,2026-06-18,22.3,2.6,68.5,29.0,Storm
914997,400245,2024-08-08,28.4,23.6,58.6,10.7,Clear
914998,403825,2024-08-24,33.6,18.5,69.2,7.6,Clear
914999,402792,2025-01-31,42.4,9.1,54.4,14.8,Cloudy
915000,402141,2025-08-29,28.9,3.5,71.3,14.7,Heavy Rain
915001,402988,2024-05-23,14.9,15.4,34.2,2.2,Clear
915002,404526,2024-05-17,17.7,9.7,92.8,5.4,Heavy Rain
915004,401904,2025-09-20,47.1,7.2,62.4,11.0,Clear
915005,402576,2025-04-28,35.4,0.5,64.1,8.7,Haze
915006,402837,2026-04-20,30.4,1.2,58.7,14.1,Rain
915007,402452,2024-11-18,21.2,5.0,89.8,8.2,Cloudy
915008,402696,2025-03-14,17.6,6.5,22.3,4.4,Heavy Rain
915009,404437,2025-06-30,15.6,7.5,53.4,4.4,Heavy Rain
915010,404961,2025-12-17,13.9,1.6,41.7,2.8,Clear
915011,401959,2024-03-04,25.7,58.6,55.8,2.5,Storm
915012,402227,2025-06-20,16.9,22.8,86.5,9.3,Rain
915013,403058,2026-04-11,32.0,7.4,63.8,1.6,Rain
915014,403449,2024-02-22,32.0,6.3,55.9,20.1,Storm
915015,401790,2024-02-03,35.9,5.7,42.8,14.1,Clear
915016,402564,2026-07-14,25.8,2.3,75.4,4.4,Heavy Rain
915017,401881,2024-10-28,24.5,4.0,94.3,0.0,Storm
915018,401054,2025-07-18,14.3,1.1,30.8,43.3,Heavy Rain
915019,403920,2025-07-17,28.1,18.4,35.1,13.2,Storm
915020,400106,2025-12-18,41.6,13.9,72.7,5.6,Clear
915021,401400,2024-12-04,29.5,9.6,49.3,5.5,Cloudy
915022,401802,2025-02-02,32.8,4.9,50.8,37.4,Storm
915023,404640,2026-04-25,10.6,12.9,68.5,9.9,Heavy Rain
915024,402972,2024-01-03,26.2,2.3,58.6,20.4,Heavy Rain
915025,401542,2025-06-13,18.2,5.1,45.7,19.6,Clear
915026,404192,2025-11-16,35.1,9.4,81.1,0.7,Clear
915027,403807,2026-03-03,36.9,15.2,61.7,15.8,Heavy Rain
915029,400887,2024-03-12,27.8,25.7,75.2,29.6,Heavy Rain
915030,402264,2025-10-11,10.2,1.0,33.1,26.7,Rain
915031,402759,2024-08-01,26.8,5.4,76.7,7.0,Heavy Rain
915032,403403,2024-02-12,30.7,19.1,65.0,8.0,Clear
915033,401852,2024-09-12,24.6,14.6,52.6,47.3,Clear
915034,404561,2026-07-11,28.4,4.0,64.5,57.1,Storm
915035,400590,2026-05-29,27.2,9.4,77.2,78.1,Storm
915036,400219,2025-07-18,34.4,2.8,36.2,2.6,Clear
915037,404743,2026-03-02,28.9,0.8,51.1,15.0,Cloudy
915038,400449,2025-04-18,30.8,5.8,48.1,5.5,Haze
915039,401697,2025-03-02,32.2,13.9,58.0,20.5,Clear
915040,402571,2025-10-10,23.6,7.6,33.2,0.6,Clear
915041,400633,2026-07-15,33.4,1.5,66.1,15.7,Storm
915042,401735,2024-09-18,30.1,17.3,43.9,5.8,Heavy Rain
915043,401156,2025-08-04,28.0,10.9,65.7,2.6,Cloudy
915045,404373,2024-11-17,23.2,2.7,81.5,16.5,Rain
915046,401596,2024-07-18,23.4,16.9,61.2,14.1,Clear
915047,403257,2025-09-15,28.9,7.6,89.8,48.4,Heavy Rain
915048,401909,2026-07-09,17.5,10.0,68.8,15.9,Clear
915049,404648,2024-03-17,23.5,2.0,89.9,5.0,Haze
915050,403575,2025-03-05,24.5,11.3,65.2,29.2,Haze
915051,403446,2024-09-13,23.9,0.3,68.8,2.6,Storm
915052,402351,2024-10-12,31.4,1.4,64.3,8.5,Storm
915053,400782,2026-04-29,31.6,12.2,84.6,1.9,Cloudy
915054,404045,2024-05-20,17.1,8.5,72.0,5.4,Clear
915055,403402,2024-07-12,24.5,3.4,82.2,23.5,Heavy Rain
915056,404553,2025-08-11,17.5,0.6,92.8,5.1,Heavy Rain
915057,400243,2025-09-30,15.7,15.3,57.0,0.1,Storm
915058,403704,2024-04-22,27.4,4.3,66.3,10.1,Haze
915059,404474,2026-05-26,14.2,3.6,75.1,11.4,Rain
915060,400092,2024-07-08,24.4,1.4,39.9,18.7,Storm
915061,402609,2026-07-17,32.6,1.1,99.5,8.7,Clear
915062,402433,2026-02-03,19.4,2.7,70.6,2.2,Haze
915063,401298,2025-03-26,26.7,5.3,70.7,5.1,Storm
915064,400426,2024-12-18,39.6,2.3,24.1,16.0,Heavy Rain
915065,400296,2025-08-23,39.0,7.2,83.2,4.9,Clear
915066,401299,2025-05-09,25.7,6.7,76.8,10.6,Clear
915068,402464,2024-12-31,31.8,5.5,73.5,0.0,Rain
915069,401386,2026-04-24,17.7,2.5,71.2,7.2,Clear
915070,400824,2025-12-05,16.3,4.8,34.5,45.8,Clear
915071,404423,2025-06-27,29.0,0.2,52.7,37.6,Rain
915072,400381,2025-10-03,27.6,11.9,39.7,2.1,Cloudy
915073,400636,2026-07-06,21.5,13.5,64.3,1.5,Rain
915074,402418,2025-08-09,22.1,3.6,90.9,21.3,Clear
915075,400848,2024-02-29,22.8,12.8,57.3,8.6,Clear
915076,401454,2025-01-27,29.5,1.1,62.2,2.2,Storm
915077,404808,2025-10-10,27.7,7.4,76.7,15.6,Clear
915078,401666,2024-09-24,19.0,7.7,76.6,3.3,Heavy Rain
915079,403784,2024-10-17,31.9,3.1,60.5,24.5,Rain
915080,402894,2024-08-27,17.4,9.0,72.9,5.4,Heavy Rain
915081,402059,2024-10-21,31.8,2.7,65.6,10.0,Clear
915082,404316,2024-09-23,26.7,8.8,62.9,84.3,Haze
915083,400510,2024-10-21,24.6,6.5,43.9,1.0,Clear
915084,400090,2026-03-25,22.4,20.2,50.7,8.7,Clear
915085,404370,2026-01-15,33.8,30.1,64.3,23.1,Cloudy
915086,401057,2024-01-31,24.9,5.0,80.4,9.4,Cloudy
915087,403284,2025-01-24,18.9,1.1,78.7,9.4,Haze
915088,403005,2025-08-29,12.6,8.6,54.2,12.3,Heavy Rain
915089,402851,2025-12-22,41.4,1.2,89.1,21.2,Clear
915090,404336,2025-08-22,20.9,16.2,28.0,2.6,Storm
915092,402832,2025-10-20,22.8,0.5,99.2,15.0,Storm
915093,402564,2024-11-26,31.4,8.1,48.6,8.6,Storm
915094,403721,2025-09-30,29.7,9.6,92.1,34.9,Cloudy
915095,404905,2025-10-07,28.6,0.4,69.9,0.9,Storm
915096,403361,2026-06-10,22.8,2.1,26.0,5.9,Haze
915097,401597,2025-12-30,18.2,6.9,90.3,8.1,Haze
915098,400456,2024-03-18,14.3,11.2,31.0,0.2,Haze
915099,403311,2025-12-09,31.5,13.9,55.0,34.8,Heavy Rain
915100,402328,2025-08-07,33.9,0.2,69.5,43.4,Rain
915101,404627,2025-12-28,40.3,3.2,75.4,0.1,Rain
915102,400490,2024-09-14,30.6,29.1,75.8,8.6,Storm
915103,400434,2024-12-15,14.4,11.8,41.2,3.1,Storm
915104,404372,2024-01-18,33.6,2.1,53.2,18.6,Heavy Rain
915105,402219,2026-02-13,41.9,1.2,59.8,51.6,Rain
915106,400062,2025-02-07,28.4,1.5,67.8,6.3,Storm
915107,400926,2026-02-24,23.6,3.5,70.5,12.5,Storm
915108,401749,2024-01-19,27.6,10.4,47.3,17.1,Cloudy
915109,400393,2024-12-11,33.1,6.4,77.5,4.7,Clear
915110,404964,2025-08-12,20.4,1.5,69.7,5.0,Rain
915111,402600,2025-04-06,40.6,3.6,72.5,11.5,Haze
915112,402380,2025-05-23,16.0,18.5,90.6,2.1,Rain
915113,400462,2025-12-03,32.9,5.2,64.2,24.7,Cloudy
915114,401849,2026-04-17,28.7,0.8,87.3,23.8,Clear
915115,403067,2024-08-20,27.0,15.1,80.9,3.1,Clear
915116,400390,2025-03-03,41.8,0.1,81.8,0.2,Haze
915117,400568,2024-01-05,14.2,11.5,26.2,2.2,Haze
915118,401318,2025-05-21,38.5,2.3,62.9,48.8,Storm
915119,401156,2024-10-21,19.8,3.2,51.5,0.1,Clear
915120,401963,2026-02-01,14.9,1.1,41.3,12.6,Haze
915121,404850,2024-08-19,30.4,2.2,35.5,8.1,Rain
915122,403888,2025-01-16,18.6,0.4,63.2,1.1,Heavy Rain
915123,401042,2026-03-16,27.8,0.4,73.4,4.0,Rain
915124,403477,2024-08-05,8.3,10.0,27.3,3.2,Rain
915125,403111,2026-02-24,15.2,6.9,42.5,14.5,Heavy Rain
915126,401187,2025-11-22,38.4,3.1,48.2,2.4,Heavy Rain
915127,402439,2025-03-30,21.5,0.2,77.2,16.3,Haze
915128,404943,2025-08-20,20.1,13.1,32.1,34.2,Clear
915129,404491,2026-06-22,12.6,1.5,94.7,1.6,Haze
915131,404689,2024-12-24,20.4,1.0,51.0,8.7,Rain
915132,400755,2025-01-23,35.4,15.3,73.4,15.2,Rain
915133,403579,2025-01-17,26.6,9.0,64.3,1.8,Cloudy
915134,404117,2025-03-27,16.2,6.7,81.3,12.9,Heavy Rain
915135,402982,2026-01-24,23.4,34.1,66.3,0.1,Heavy Rain
915136,402103,2024-06-25,35.2,14.0,77.1,15.0,Heavy Rain
915137,402685,2026-03-11,33.9,19.1,63.3,11.7,Rain
915138,402971,2024-05-21,33.5,4.2,64.3,33.1,Rain
915139,402126,2024-11-21,21.7,7.1,74.0,25.9,Clear
915140,400086,2024-08-30,17.1,0.5,60.3,14.4,Heavy Rain
915141,402980,2024-07-25,19.1,0.1,29.9,7.8,Rain
915142,400836,2024-04-21,27.2,3.7,68.9,4.7,Haze
915143,403001,2026-04-07,13.1,20.1,55.3,12.3,Heavy Rain
915144,400677,2026-03-20,25.4,5.8,34.9,7.7,Heavy Rain
915145,403552,2025-06-16,26.8,2.0,50.3,2.0,Haze
915146,400152,2024-01-15,13.8,5.7,97.9,14.5,Haze
915147,404592,2024-01-19,20.0,12.9,72.1,6.3,Clear
915148,400788,2025-11-18,30.4,28.4,83.5,9.5,Haze
915149,404740,2024-12-05,29.6,7.9,78.2,0.9,Heavy Rain
915150,403873,2024-10-14,32.7,18.8,76.4,30.5,Heavy Rain
915151,403940,2025-12-08,40.0,10.1,64.5,6.6,Heavy Rain
915152,400411,2025-09-15,15.4,12.8,33.1,2.3,Cloudy
915153,403572,2024-08-16,32.6,7.9,71.3,15.7,Haze
915154,402406,2025-02-04,28.3,6.7,61.5,3.0,Clear
915155,402894,2026-03-19,21.2,5.5,48.6,22.1,Heavy Rain
915156,403784,2025-03-21,32.6,6.0,63.3,16.6,Storm
915157,404741,2024-12-07,24.7,5.7,44.3,27.6,Storm
915158,402302,2025-09-01,29.2,1.1,64.3,2.2,Clear
915159,400747,2026-01-12,51.2,4.8,62.2,16.1,Clear
915160,401549,2024-01-25,27.8,3.8,70.3,7.8,Rain
915161,402225,2024-03-26,27.0,1.9,37.3,13.9,Storm
915162,402653,2026-02-26,26.9,1.0,26.7,17.2,Clear
915163,401711,2025-01-15,26.4,24.8,57.5,6.6,Heavy Rain
915164,401627,2024-05-04,33.4,1.1,53.8,29.6,Storm
915165,403605,2024-12-17,28.2,0.4,47.0,4.9,Clear
915166,404015,2026-02-19,35.7,3.0,64.3,6.9,Clear
915167,402201,2026-03-22,25.5,5.3,65.9,4.6,Haze
915168,401000,2025-03-31,19.0,3.4,67.7,20.7,Rain
915169,403136,2025-06-15,25.3,3.0,64.3,1.4,Storm
915170,400891,2025-02-16,39.8,2.9,76.7,7.8,Heavy Rain
915171,403295,2025-10-08,37.1,1.0,72.1,15.5,Clear
915172,402556,2024-06-05,16.9,9.8,34.6,1.8,Rain
915173,400208,2025-02-25,29.7,0.8,86.0,44.7,Heavy Rain
915174,401870,2025-03-10,20.8,1.2,54.9,0.0,Storm
915175,401020,2025-12-22,29.5,1.8,88.4,0.2,Cloudy
915176,404524,2025-08-18,22.2,3.2,57.9,7.4,Clear
915177,401880,2025-05-22,24.0,2.6,68.3,7.9,Haze
915178,403235,2024-01-11,18.1,9.7,53.3,1.8,Storm
915179,403913,2026-06-04,32.7,4.7,41.7,4.7,Storm
915180,401155,2025-01-15,29.2,16.1,61.3,4.3,Haze
915181,401222,2024-12-05,27.7,0.1,64.3,11.9,Haze
915182,403492,2024-08-27,22.7,1.8,75.8,5.8,Clear
915183,403604,2025-08-07,28.0,19.4,66.8,5.0,Cloudy
915184,403355,2025-10-03,17.9,11.6,75.6,57.7,Cloudy
915185,401329,2025-09-28,26.9,10.0,68.1,19.0,Rain
915186,401419,2024-08-19,37.9,18.2,59.0,0.0,Clear
915187,404226,2025-10-24,12.2,2.0,65.6,12.7,Rain
915188,400963,2026-01-30,16.3,4.7,83.5,14.7,Haze
915189,401561,2026-07-07,16.1,7.2,65.6,0.9,Haze
915190,404796,2024-05-26,24.6,0.8,64.3,42.6,Haze
915191,400711,2024-11-09,29.1,3.2,64.3,24.5,Haze
915192,401419,2025-03-03,20.1,7.0,52.4,4.5,Cloudy
915193,402644,2024-11-30,25.6,3.3,47.1,1.0,Clear
915194,404774,2024-07-29,24.1,4.5,50.3,39.7,Haze
915195,402265,2025-11-25,9.3,11.6,50.1,0.1,Heavy Rain
915196,404015,2024-10-05,21.3,5.6,37.1,2.5,Haze
915197,401598,2025-05-27,25.3,7.0,65.8,1.8,Haze
915198,400409,2025-09-30,21.2,10.7,64.1,0.0,Storm
915199,402860,2025-11-16,27.1,5.5,39.3,25.0,Clear
915201,404401,2025-06-16,16.9,5.6,67.7,8.8,Cloudy
915202,404585,2026-04-23,22.4,8.6,65.1,11.6,Rain
915203,403778,2025-05-01,29.9,0.8,85.5,0.5,Heavy Rain
915204,402414,2026-01-26,24.2,0.2,64.3,34.7,Cloudy
915205,403844,2024-11-25,15.4,25.8,55.9,29.5,Haze
915206,401100,2025-01-16,19.2,17.9,80.4,5.0,Cloudy
915207,402873,2024-03-22,34.8,1.4,56.1,15.5,Cloudy
915208,404350,2025-10-06,21.3,5.5,38.6,6.0,Rain
915209,402507,2025-10-30,3.8,16.4,69.1,11.0,Storm
915210,403378,2025-02-06,0.4,9.0,55.8,8.1,Rain
915211,403532,2025-07-09,14.5,2.8,66.5,10.8,Cloudy
915212,403266,2025-06-10,22.8,34.5,44.2,1.6,Haze
915213,403387,2025-09-16,25.5,1.1,77.8,27.8,Storm
915214,402607,2026-01-14,27.9,8.6,60.7,5.6,Haze
915215,400457,2025-07-11,27.4,10.0,41.6,2.3,Heavy Rain
915216,401668,2025-06-10,24.6,2.4,58.4,3.1,Clear
915217,401629,2024-09-22,25.4,11.1,73.1,4.5,Heavy Rain
915218,403156,2025-11-14,16.3,2.2,52.9,30.1,Rain
915219,400329,2026-06-27,31.5,7.2,71.8,0.3,Haze
915220,401537,2024-07-11,24.5,52.5,78.4,7.3,Cloudy
915221,402632,2024-06-03,27.0,2.3,57.7,4.4,Storm
915222,400633,2024-01-26,29.0,4.1,73.4,10.7,Cloudy
915223,401811,2024-07-05,29.5,8.4,84.2,15.7,Clear
915224,402597,2025-12-13,15.3,7.6,51.3,1.3,Clear
915225,402416,2026-03-28,47.1,0.9,79.2,19.4,Haze
915226,403360,2025-08-04,18.1,0.7,56.7,1.8,Storm
915227,401371,2025-07-12,20.0,14.6,82.5,4.9,Cloudy
915228,404927,2026-07-01,13.5,8.2,53.8,25.5,Cloudy
915229,401423,2024-06-08,27.5,1.3,52.4,2.3,Heavy Rain
915230,401921,2025-02-08,28.9,0.9,60.4,0.4,Rain
915232,404432,2024-07-19,21.3,4.9,56.2,24.9,Cloudy
915233,402850,2024-06-08,40.3,12.1,63.1,9.7,Rain
915234,401051,2025-03-04,22.1,8.7,75.3,7.0,Cloudy
915235,402406,2024-09-11,19.8,2.6,79.0,8.5,Storm
915236,401619,2026-02-23,35.6,0.7,66.5,9.1,Clear
915237,403965,2025-12-13,19.9,10.6,78.1,6.0,Rain
915238,403807,2025-06-22,35.6,3.2,75.7,18.5,Cloudy
915239,401584,2024-09-04,47.0,12.7,94.4,2.0,Cloudy
915240,404529,2026-05-29,32.2,1.0,49.7,7.5,Haze
915241,401309,2026-03-23,14.1,6.1,83.5,7.3,Cloudy
915242,404928,2024-08-31,19.2,9.5,59.7,1.5,Haze
915243,402834,2025-05-14,36.0,3.3,59.4,7.5,Heavy Rain
915244,401872,2024-09-21,12.0,23.2,50.8,8.2,Heavy Rain
915245,401930,2025-01-23,24.6,15.4,49.8,14.0,Clear
915246,400691,2025-07-23,39.3,6.0,39.2,7.7,Storm
915247,401611,2026-03-01,37.4,13.7,64.3,0.1,Haze
915248,403972,2026-02-15,33.4,8.1,47.7,0.7,Heavy Rain
915249,404619,2025-04-06,23.4,17.1,80.4,2.2,Storm
915250,403594,2026-07-13,29.0,0.3,82.4,13.4,Storm
915251,401319,2026-04-21,16.6,12.4,65.7,13.8,Clear
915252,403404,2025-01-23,26.8,14.0,68.2,3.1,Clear
915253,400879,2026-02-18,22.5,7.7,72.1,2.0,Heavy Rain
915254,401452,2026-02-25,30.9,6.7,67.7,0.8,Clear
915255,400310,2024-10-21,24.9,9.2,90.8,11.0,Storm
915256,401415,2025-10-08,16.2,10.7,78.5,0.1,Heavy Rain
915257,401846,2024-07-21,25.4,3.7,68.8,1.3,Storm
915258,403415,2025-07-04,31.2,12.0,79.1,24.0,Storm
915260,400610,2024-06-15,31.1,11.9,73.2,9.4,Storm
915261,403411,2024-12-18,42.5,5.7,68.0,14.2,Storm
915262,402308,2025-06-02,19.0,53.2,64.3,1.8,Heavy Rain
915263,404882,2025-05-10,12.7,38.4,92.7,2.7,Storm
915264,404159,2026-06-11,33.5,0.7,32.4,11.1,Storm
915265,400915,2026-03-05,27.1,5.8,73.5,0.6,Haze
915266,402410,2025-03-18,35.0,5.5,71.0,24.7,Rain
915267,402209,2026-07-10,23.1,16.2,61.0,0.7,Storm
915268,400995,2025-08-27,33.6,11.3,68.4,5.4,Rain
915269,403800,2024-02-09,45.8,6.6,75.1,1.2,Haze
915270,401797,2026-02-16,21.1,15.1,38.3,18.2,Rain
915271,403790,2024-04-15,18.9,7.1,86.7,9.1,Cloudy
915272,403859,2026-01-11,13.8,17.6,69.4,11.3,Clear
915273,403006,2025-06-03,28.8,5.5,44.9,3.0,Rain
915274,400343,2024-03-14,22.2,1.4,76.4,3.9,Haze
915275,401610,2025-08-09,27.0,12.5,71.4,12.0,Cloudy
915276,400671,2026-05-13,20.1,7.7,74.3,14.1,Cloudy
915277,401943,2025-08-13,32.4,5.5,56.1,10.5,Cloudy
915279,401988,2026-03-30,27.0,25.4,68.8,3.1,Rain
915280,404108,2024-01-09,47.1,1.4,62.4,4.3,Storm
915281,400541,2024-11-11,35.2,8.6,93.4,18.2,Heavy Rain
915282,404474,2025-05-09,25.6,2.9,24.3,1.1,Rain
915283,400463,2025-12-30,32.2,0.1,68.3,9.7,Haze
915284,404269,2024-05-07,15.7,4.5,56.9,3.3,Cloudy
915285,401597,2025-01-05,26.7,7.9,54.0,14.4,Haze
915286,403579,2025-12-08,21.4,10.8,46.2,2.9,Cloudy
915287,400900,2026-03-18,18.9,7.8,44.6,3.5,Clear
915288,404962,2024-12-17,27.0,0.0,71.2,0.8,Clear
915291,401300,2024-12-30,26.6,7.2,62.1,2.3,Rain
915292,404107,2026-07-09,10.3,17.3,95.6,1.8,Rain
915293,400688,2024-12-30,26.5,0.3,28.4,2.7,Cloudy
915294,402386,2024-10-06,32.5,15.3,60.4,5.1,Rain
915295,403495,2026-01-11,12.2,21.2,84.6,24.6,Rain
915296,404892,2025-10-24,20.4,9.4,59.8,7.1,Haze
915297,403922,2025-10-10,28.6,2.1,70.6,2.4,Heavy Rain
915298,403313,2025-10-31,17.5,5.0,32.4,41.8,Rain
915299,401386,2024-11-14,39.7,8.9,43.5,4.9,Heavy Rain
915301,401959,2024-04-04,31.2,22.7,78.9,34.5,Cloudy
915302,400406,2024-08-25,17.8,5.5,36.1,39.1,Rain
915303,404402,2024-11-21,34.9,3.7,42.1,4.8,Clear
915304,400298,2025-12-15,37.5,11.8,64.3,7.9,Rain
915305,400710,2025-06-15,43.7,0.7,50.5,3.2,Clear
915306,400503,2025-11-12,37.4,14.6,85.6,33.9,Clear
915307,400692,2026-04-15,41.7,5.2,70.5,29.9,Rain
915308,404879,2026-05-06,27.5,4.0,60.7,8.7,Rain
915309,401781,2024-02-15,32.7,17.1,52.9,14.4,Cloudy
915310,401518,2025-12-08,18.9,24.0,64.3,29.6,Heavy Rain
915311,401282,2025-06-05,32.4,7.2,69.7,1.4,Cloudy
915312,403647,2024-01-04,39.9,9.1,46.6,2.8,Heavy Rain
915313,404897,2025-09-15,22.4,1.4,78.8,6.5,Haze
915314,402610,2025-01-19,21.8,5.6,66.0,7.2,Clear
915315,404341,2026-07-03,34.2,13.4,50.2,15.1,Cloudy
915316,403441,2024-04-03,31.1,9.6,78.7,7.0,Clear
915318,403042,2025-02-07,36.1,7.0,37.1,1.3,Clear
915319,403350,2025-07-26,18.5,7.8,45.3,2.7,Heavy Rain
915320,401065,2024-09-05,31.0,8.8,46.9,0.5,Heavy Rain
915321,400179,2024-07-17,30.9,5.5,61.6,12.2,Clear
915322,401384,2024-10-21,18.9,1.7,73.2,19.7,Rain
915323,401515,2024-05-24,22.2,11.3,55.8,21.5,Storm
915324,401153,2024-07-17,27.4,8.0,34.9,8.2,Rain
915325,401173,2025-09-27,21.9,3.0,77.1,2.4,Heavy Rain
915326,401084,2025-03-05,23.4,2.4,92.8,48.2,Heavy Rain
915327,404318,2025-07-05,18.9,9.5,71.0,8.6,Heavy Rain
915328,400222,2024-07-30,38.8,13.5,79.5,17.4,Cloudy
915329,403223,2025-06-07,29.1,5.6,55.7,42.5,Rain
915330,403509,2024-04-13,23.5,1.0,50.3,15.2,Clear
915331,400501,2025-11-28,27.5,5.5,28.2,7.8,Clear
915333,402764,2026-04-26,22.0,12.6,59.9,13.5,Cloudy
915334,400512,2024-12-11,28.9,11.1,72.1,8.3,Storm
915335,403011,2025-04-07,34.4,13.4,92.3,17.1,Cloudy
915336,404707,2025-04-20,34.3,20.5,78.1,5.5,Clear
915337,402728,2024-09-02,33.5,5.6,72.6,11.2,Clear
915338,402291,2025-10-17,31.8,3.9,79.5,2.2,Cloudy
915339,403973,2026-04-12,43.0,5.5,55.9,14.9,Clear
915340,400535,2025-06-01,37.1,0.5,75.0,4.7,Haze
915341,404418,2026-03-19,32.0,12.8,71.9,18.2,Heavy Rain
915342,400922,2024-05-10,25.7,19.4,73.7,6.4,Cloudy
915343,402176,2025-08-14,21.2,4.5,42.6,9.4,Haze
915344,400916,2026-04-21,27.4,0.3,40.6,2.3,Storm
915345,403296,2026-06-15,45.9,1.4,85.7,9.9,Clear
915346,402125,2024-10-20,31.1,12.7,80.2,4.7,Cloudy
915347,402077,2025-08-05,40.9,1.8,65.8,0.8,Heavy Rain
915348,403385,2025-05-25,27.0,1.2,79.5,37.6,Storm
915349,401333,2025-01-07,29.4,18.6,63.8,9.2,Heavy Rain
915351,400638,2024-01-06,16.7,4.8,46.6,19.9,Storm
915352,401225,2024-07-28,18.4,1.7,84.5,15.2,Storm
915353,404358,2026-06-21,41.8,4.5,80.9,12.7,Cloudy
915354,401643,2024-06-08,47.7,12.0,65.9,5.7,Rain
915355,400055,2025-06-23,17.1,11.4,42.0,19.3,Haze
915356,404910,2024-07-06,34.5,0.5,73.6,16.6,Heavy Rain
915357,400589,2025-10-09,27.2,3.8,60.1,4.8,Storm
915358,404512,2025-01-19,22.1,5.4,86.9,11.9,Rain
915359,400314,2024-09-27,21.2,7.4,27.2,23.4,Haze
915360,404025,2025-06-01,31.8,4.0,74.1,15.9,Rain
915361,402832,2024-08-05,33.2,1.2,54.8,18.5,Clear
915362,401229,2025-10-02,16.4,33.6,70.0,11.7,Haze
915363,404207,2025-07-11,22.6,12.2,62.4,12.6,Heavy Rain
915364,402206,2025-02-07,23.1,0.4,77.3,36.4,Heavy Rain
915365,403262,2026-02-01,22.2,8.3,64.3,6.4,Storm
915366,402026,2026-06-30,37.3,0.6,25.0,6.8,Haze
915367,404254,2025-01-16,26.3,3.5,53.3,30.4,Heavy Rain
915368,401718,2026-04-12,27.0,17.3,51.4,12.3,Rain
915369,402853,2025-06-16,33.7,22.3,48.1,21.6,Haze
915370,403512,2024-04-13,-0.7,11.6,26.4,10.5,Rain
915371,402641,2025-07-20,37.6,20.4,50.1,16.2,Heavy Rain
915372,402159,2024-05-06,34.0,23.2,85.4,13.1,Storm
915373,402270,2025-07-26,37.2,7.0,51.6,41.7,Clear
915374,401940,2024-04-22,27.1,0.0,57.7,25.9,Clear
915375,400480,2025-09-04,19.1,5.3,59.5,3.5,Haze
915376,401898,2024-08-31,36.0,11.4,66.0,1.1,Clear
915377,400546,2026-02-14,30.8,1.3,45.5,6.4,Storm
915378,402418,2025-01-22,17.4,13.6,79.9,12.5,Heavy Rain
915379,403936,2024-05-13,38.5,5.7,75.5,3.7,Cloudy
915380,401496,2026-06-16,30.7,16.9,23.7,33.5,Haze
915381,400798,2026-06-08,37.5,9.8,62.0,31.0,Storm
915382,404357,2026-01-15,26.3,8.4,47.5,11.6,Rain
915383,403334,2026-05-04,23.4,3.8,82.2,5.2,Rain
915384,404686,2024-03-07,26.9,3.8,57.9,33.0,Cloudy
915385,403188,2025-03-31,14.6,3.3,64.3,6.6,Heavy Rain
915386,404719,2025-01-21,35.8,0.0,99.0,3.6,Rain
915387,402943,2024-05-22,27.0,2.5,68.4,1.7,Rain
915388,400722,2026-03-01,18.8,4.5,82.3,8.5,Cloudy
915389,404733,2025-07-20,13.2,14.8,47.6,8.9,Heavy Rain
915390,401782,2024-06-25,29.8,4.9,62.8,12.4,Storm
915391,401354,2024-05-11,16.3,5.5,60.3,0.9,Haze
915392,400820,2025-08-06,35.8,0.8,81.8,4.3,Heavy Rain
915393,401159,2025-07-05,19.8,1.0,68.3,24.5,Haze
915394,401001,2025-01-12,23.5,4.2,71.5,3.1,Heavy Rain
915395,403954,2024-10-29,26.2,3.2,63.7,27.6,Haze
915396,400567,2026-01-28,27.2,7.9,87.8,9.4,Clear
915397,404553,2024-03-07,25.2,0.6,39.1,4.5,Rain
915398,402960,2025-06-24,37.0,9.3,77.4,27.0,Clear
915399,400542,2024-05-17,38.4,15.3,68.3,2.2,Storm
915400,400687,2024-04-24,26.0,7.7,92.0,7.6,Cloudy
915401,403492,2025-11-06,20.3,1.3,37.9,1.6,Heavy Rain
915402,402355,2025-11-02,30.6,0.2,92.3,1.7,Heavy Rain
915403,400390,2025-10-19,26.8,1.3,76.2,12.5,Storm
915404,402719,2025-01-13,38.8,4.3,35.5,1.1,Haze
915405,404839,2025-07-20,38.7,11.5,64.3,24.0,Heavy Rain
915406,404093,2024-04-09,29.5,0.5,69.0,3.8,Cloudy
915407,403371,2025-01-09,25.8,0.4,53.4,9.4,Cloudy
915408,404694,2025-12-20,20.2,11.6,81.6,1.1,Rain
915409,404081,2026-05-29,21.3,7.8,39.6,7.9,Cloudy
915410,401770,2026-06-04,19.0,1.7,47.0,24.9,Storm
915411,404005,2024-06-30,36.6,15.4,59.3,13.8,Heavy Rain
915412,400669,2026-05-23,10.1,6.9,62.4,19.8,Haze
915413,404667,2025-08-15,23.3,0.6,70.9,15.3,Heavy Rain
915414,400312,2026-05-22,33.8,3.1,88.4,11.3,Rain
915415,401448,2025-01-24,16.1,4.7,91.7,7.6,Haze
915416,403930,2025-01-29,23.5,0.3,86.6,11.8,Rain
915417,400828,2025-04-14,17.2,28.1,64.3,16.5,Cloudy
915418,402123,2026-02-22,18.9,19.3,52.1,5.7,Heavy Rain
915419,404026,2025-11-17,8.2,2.4,78.5,6.1,Rain
915420,404841,2025-08-18,29.7,3.1,45.3,10.5,Storm
915421,400069,2024-08-20,32.3,25.6,78.8,1.2,Heavy Rain
915422,404972,2024-11-30,20.6,22.7,66.5,57.8,Storm
915423,402446,2025-08-17,21.5,5.4,65.1,2.6,Rain
915424,403701,2025-10-11,18.7,13.5,64.3,42.2,Heavy Rain
915425,400603,2025-06-13,23.2,0.9,47.7,2.6,Haze
915426,403106,2024-07-30,19.6,0.9,82.8,7.3,Haze
915427,401063,2026-01-21,26.7,6.6,64.3,17.7,Haze
915428,404881,2025-04-09,19.5,5.7,57.2,19.8,Cloudy
915429,401356,2024-11-19,35.6,20.4,42.9,33.7,Cloudy
915430,403461,2024-01-08,17.6,1.7,64.3,3.7,Clear
915431,403285,2026-06-25,15.7,25.7,70.8,42.9,Cloudy
915432,401900,2025-01-25,18.7,0.5,54.0,18.4,Storm
915433,402227,2025-11-14,40.9,0.9,64.3,8.7,Rain
915434,400332,2026-07-12,34.1,11.8,55.3,1.8,Clear
915435,401247,2025-12-17,31.6,14.1,59.9,14.2,Cloudy
915436,400329,2025-02-04,36.4,0.2,64.3,2.8,Heavy Rain
915437,404483,2024-02-02,22.1,0.8,95.7,27.4,Rain
915438,404305,2025-12-26,21.7,13.2,71.5,6.6,Heavy Rain
915439,403690,2024-12-15,29.6,5.1,62.3,0.2,Heavy Rain
915440,400237,2024-05-08,18.0,2.3,56.8,17.3,Rain
915441,403198,2025-09-25,28.1,4.0,64.3,3.5,Clear
915442,401237,2025-02-13,28.7,12.1,76.1,0.3,Storm
915443,402535,2025-12-28,19.5,20.1,82.7,0.5,Haze
915444,400139,2025-03-14,19.0,3.3,76.8,13.2,Heavy Rain
915445,402557,2024-04-14,22.7,3.6,66.0,0.2,Rain
915446,400931,2024-01-25,26.9,1.3,60.1,1.8,Rain
915447,402296,2025-12-22,33.5,1.6,82.6,3.8,Clear
915448,403613,2026-07-13,32.7,7.2,40.7,6.8,Storm
915449,402880,2025-07-14,14.4,2.8,78.4,3.5,Heavy Rain
915450,403854,2025-07-30,17.3,8.6,76.4,6.5,Heavy Rain
915451,402822,2026-03-02,28.2,6.4,95.8,11.4,Clear
915452,403865,2024-01-01,27.6,0.7,65.7,2.2,Heavy Rain
915453,402238,2026-03-20,36.8,6.9,71.5,9.9,Haze
915454,402213,2024-06-11,31.9,20.8,57.6,4.6,Cloudy
915455,404378,2026-06-26,29.8,31.9,83.0,2.7,Rain
915456,402029,2024-05-24,20.1,0.3,63.6,58.1,Clear
915457,404742,2025-03-17,36.9,12.1,66.7,35.4,Rain
915458,404643,2025-05-26,30.5,0.3,64.3,4.3,Rain
915459,403270,2025-04-08,34.0,4.2,70.1,5.5,Heavy Rain
915460,403055,2026-05-31,33.7,2.7,64.3,30.3,Haze
915461,400631,2025-01-22,35.5,1.3,55.9,35.1,Haze
915462,404085,2025-09-13,30.3,3.5,75.7,3.5,Cloudy
915463,402715,2024-11-23,29.8,26.3,94.2,11.5,Haze
915464,400906,2025-09-08,11.0,3.6,54.6,1.3,Rain
915465,400076,2025-11-06,23.0,2.3,69.7,3.7,Clear
915466,403598,2025-02-17,16.9,6.0,62.9,8.0,Storm
915467,402547,2024-03-23,14.1,14.7,77.7,14.5,Rain
915468,402091,2025-10-20,21.2,13.8,65.7,5.3,Rain
915469,402909,2026-06-28,36.3,8.9,87.9,0.4,Cloudy
915470,402941,2025-07-19,32.3,5.0,52.1,2.2,Rain
915471,403973,2024-01-18,31.9,12.9,79.8,2.3,Storm
915472,404987,2025-01-13,32.7,20.2,79.0,19.3,Cloudy
915473,404517,2025-01-06,27.1,3.1,68.8,9.8,Rain
915474,404082,2024-11-10,16.5,0.6,60.7,4.0,Rain
915475,401566,2024-09-12,33.9,5.2,69.4,16.8,Clear
915476,401260,2024-09-13,16.3,1.5,47.0,10.6,Rain
915477,401769,2025-11-02,36.4,4.0,71.7,12.4,Rain
915478,402107,2025-05-31,24.9,22.8,64.3,12.6,Heavy Rain
915479,402531,2026-05-06,18.9,14.6,65.1,10.6,Heavy Rain
915480,400241,2025-04-03,21.3,12.4,67.7,12.8,Storm
915481,403383,2025-10-25,25.8,0.4,56.6,0.3,Heavy Rain
915482,403552,2025-12-04,24.1,3.1,67.5,1.0,Rain
915484,401213,2025-10-12,19.3,8.4,52.7,2.4,Cloudy
915485,403256,2024-01-23,20.1,4.2,49.8,0.1,Heavy Rain
915486,404354,2025-07-11,29.3,5.9,52.4,8.4,Cloudy
915487,401517,2024-03-28,25.7,28.2,60.7,4.0,Rain
915488,401719,2024-07-16,31.0,5.6,64.8,1.4,Clear
915489,401955,2024-09-24,25.3,6.7,78.2,5.4,Heavy Rain
915490,404262,2024-05-13,28.8,0.6,46.8,1.0,Heavy Rain
915491,402372,2025-06-26,26.4,8.7,64.3,49.8,Storm
915492,400987,2025-05-16,30.3,7.5,68.9,1.4,Heavy Rain
915493,404223,2025-01-28,21.7,6.9,64.3,15.7,Rain
915494,401558,2026-04-25,12.8,8.1,83.5,49.7,Heavy Rain
915495,401520,2025-09-16,31.4,5.1,59.9,37.9,Clear
915496,402778,2024-07-15,15.8,5.5,50.6,12.5,Haze
915497,403701,2024-02-10,34.8,3.9,54.2,8.7,Clear
915498,401858,2026-07-11,27.0,0.2,79.2,1.4,Cloudy
915499,402778,2025-08-07,21.8,1.5,68.5,12.5,Heavy Rain
915500,401541,2025-12-24,29.3,5.5,45.1,15.2,Clear
915501,400869,2025-10-23,14.7,7.5,69.0,5.6,Haze
915502,401773,2025-09-20,19.9,5.4,62.6,3.9,Heavy Rain
915503,400908,2026-03-06,20.6,11.3,44.0,6.3,Haze
915504,401273,2026-07-13,40.9,4.1,52.7,0.8,Cloudy
915505,403197,2025-03-01,30.7,8.7,50.5,3.6,Cloudy
915506,402160,2025-08-09,23.6,3.3,55.6,10.5,Rain
915507,402940,2025-12-25,29.3,14.9,58.4,10.0,Rain
915508,401577,2026-07-16,21.0,0.0,80.8,2.5,Storm
915509,402581,2026-03-25,20.2,4.4,52.8,19.2,Heavy Rain
915510,400672,2025-02-09,24.2,19.1,68.3,4.4,Rain
915511,403711,2024-09-03,30.7,7.1,64.3,20.2,Haze
915512,400471,2025-08-11,20.0,12.5,62.6,31.4,Haze
915513,400656,2024-03-22,19.8,15.7,64.3,3.0,Storm
915514,403495,2024-11-20,29.5,0.1,52.1,1.7,Haze
915515,404825,2026-05-31,35.4,4.9,47.0,4.5,Clear
915516,400981,2025-09-09,25.0,10.2,49.8,17.5,Storm
915517,401042,2026-03-13,27.8,22.0,62.5,6.0,Heavy Rain
915518,402612,2025-01-28,34.9,1.3,64.3,23.0,Heavy Rain
915519,404156,2025-08-21,28.6,2.1,54.8,14.5,Cloudy
915520,404313,2024-10-31,22.4,4.1,88.6,15.7,Haze
915521,403504,2025-01-05,26.0,10.1,68.7,0.0,Haze
915522,400890,2024-08-02,26.5,8.8,81.1,5.3,Rain
915523,401514,2024-08-16,11.7,1.7,76.1,18.5,Cloudy
915524,403859,2025-01-02,16.1,10.7,51.1,5.0,Clear
915525,401410,2024-09-21,17.1,1.7,38.2,21.0,Cloudy
915526,402733,2024-05-07,27.4,2.4,74.1,9.9,Heavy Rain
915527,404333,2025-01-17,23.6,1.0,60.6,14.5,Storm
915528,401305,2026-03-29,12.9,10.7,38.2,14.9,Haze
915529,403340,2025-08-28,18.9,4.8,77.7,3.7,Cloudy
915530,403018,2024-10-26,32.6,19.1,34.6,30.4,Cloudy
915531,401046,2025-11-02,25.9,17.7,59.9,8.6,Rain
915532,401292,2025-05-07,25.8,7.1,36.4,12.5,Rain
915533,404903,2024-02-14,28.8,6.7,69.9,14.7,Haze
915534,404667,2024-04-16,46.6,7.2,37.1,1.3,Clear
915535,401780,2026-03-02,29.8,0.0,46.2,1.8,Rain
915536,400277,2024-07-08,32.5,6.9,64.3,10.7,Clear
915537,403240,2026-01-30,13.7,17.5,77.9,1.5,Storm
915538,400979,2024-08-01,27.0,5.7,71.2,8.3,Haze
915539,401534,2024-12-19,18.2,19.0,95.6,39.3,Storm
915540,403053,2025-09-16,31.5,2.3,70.3,6.1,Cloudy
915541,404307,2024-12-03,23.1,0.1,37.9,3.3,Haze
915542,402140,2024-03-11,32.5,3.1,61.4,0.9,Rain
915543,404675,2024-06-03,42.7,18.0,79.4,2.7,Storm
915544,403521,2024-03-21,20.9,0.7,67.6,10.9,Heavy Rain
915545,403142,2025-07-29,24.0,3.2,68.6,14.4,Cloudy
915547,404046,2025-05-19,33.1,3.4,57.0,6.8,Haze
915548,401082,2025-09-01,21.2,4.7,95.3,44.0,Cloudy
915549,402880,2025-09-23,28.1,10.7,64.3,3.4,Cloudy
915550,400317,2024-01-27,20.0,0.5,46.0,8.1,Storm
915551,400552,2024-06-12,41.2,39.1,54.8,16.2,Rain
915553,401251,2026-06-10,21.8,3.1,91.5,0.9,Clear
915554,400810,2024-04-08,29.6,11.7,77.5,15.7,Cloudy
915555,403735,2025-03-10,29.7,27.3,38.7,9.2,Haze
915556,402488,2025-08-13,14.9,2.3,81.6,2.0,Cloudy
915557,403156,2025-04-20,18.4,2.3,40.6,24.7,Clear
915558,400589,2026-02-14,25.2,3.0,82.7,20.1,Heavy Rain
915559,403617,2026-01-19,18.5,20.0,73.5,45.7,Rain
915560,401291,2025-08-16,19.0,1.0,54.2,9.3,Haze
915561,402903,2025-05-14,21.6,17.0,65.3,10.6,Rain
915562,404431,2025-05-28,35.7,11.4,83.8,3.1,Cloudy
915563,401886,2025-01-29,22.2,2.9,50.8,27.4,Storm
915564,404132,2025-06-14,40.4,16.4,70.5,3.0,Rain
915565,402371,2025-07-01,23.3,2.8,37.5,2.4,Rain
915566,402161,2025-10-17,13.2,2.4,45.5,2.3,Clear
915567,404225,2025-05-24,29.8,5.3,89.4,10.1,Heavy Rain
915568,401301,2025-09-06,31.4,6.2,60.4,2.1,Haze
915569,401273,2024-09-12,36.7,0.5,72.8,2.2,Storm
915571,400392,2025-11-09,22.6,5.5,35.1,42.6,Cloudy
915572,404017,2024-03-02,13.8,2.2,46.7,9.1,Clear
915573,404691,2026-07-16,30.4,9.3,69.5,6.5,Storm
915575,403793,2025-12-05,37.0,5.2,66.0,14.3,Heavy Rain
915576,403184,2024-06-28,23.2,5.1,48.2,10.5,Cloudy
915577,402768,2024-03-07,18.1,12.8,64.7,1.0,Heavy Rain
915578,400091,2024-03-14,24.7,11.8,59.9,1.3,Cloudy
915579,404676,2026-05-23,29.6,4.6,59.0,3.0,Rain
915580,404938,2025-09-16,24.6,5.5,76.6,25.9,Rain
915581,400831,2024-10-23,24.0,9.5,70.2,14.1,Heavy Rain
915582,403539,2026-05-04,37.2,11.4,73.7,7.6,Cloudy
915583,400494,2024-07-21,28.8,3.8,46.2,48.3,Haze
915584,400517,2024-06-25,36.1,43.4,36.8,4.7,Cloudy
915585,402720,2025-11-07,30.6,2.9,61.9,6.2,Rain
915586,403000,2024-02-20,33.0,5.9,97.4,26.5,Clear
915587,400828,2025-08-18,34.2,5.2,26.7,2.9,Haze
915588,401727,2026-01-15,24.6,13.2,81.7,9.2,Clear
915589,404942,2025-02-05,27.6,12.0,82.6,17.1,Heavy Rain
915590,400249,2026-04-08,30.6,11.0,39.8,4.6,Storm
915591,404736,2025-09-18,32.3,0.5,64.5,4.3,Rain
915592,402793,2026-02-06,33.3,20.8,51.0,5.3,Storm
915593,401912,2024-12-09,14.7,10.1,32.4,13.7,Heavy Rain
915594,403864,2024-09-28,31.7,2.9,63.5,5.9,Cloudy
915595,400758,2024-12-01,33.4,2.5,64.3,3.8,Clear
915596,404165,2026-03-24,27.7,9.2,89.1,7.3,Rain
915597,400732,2024-06-27,11.6,7.1,44.9,0.6,Haze
915599,401718,2025-05-30,20.5,0.4,85.5,1.8,Heavy Rain
915600,403424,2025-02-06,30.6,1.1,55.0,1.6,Storm
915601,404487,2024-03-01,28.7,3.3,66.0,8.2,Heavy Rain
915602,401235,2025-05-13,19.9,9.5,74.6,6.3,Clear
915603,400319,2024-08-13,37.4,8.0,81.0,15.4,Haze
915604,404468,2024-01-17,30.8,3.9,90.7,4.7,Storm
915605,400882,2025-02-01,15.7,7.1,84.4,19.9,Clear
915606,403604,2024-11-25,32.0,18.8,82.5,7.1,Rain
915607,400996,2024-02-12,31.4,6.9,81.6,1.9,Cloudy
915608,403501,2024-01-09,28.0,10.3,74.5,18.7,Haze
915609,400045,2026-04-13,17.2,11.0,52.5,15.1,Clear
915610,404278,2026-06-15,31.1,19.7,64.3,1.6,Cloudy
915611,402073,2024-02-26,32.0,2.6,75.5,8.6,Storm
915612,400592,2026-07-08,12.1,3.2,36.8,1.2,Heavy Rain
915613,401318,2025-05-30,29.7,43.3,60.2,6.6,Clear
915614,403750,2024-07-08,39.4,6.1,83.9,18.6,Rain
915615,401923,2024-12-19,30.8,8.3,82.2,8.6,Haze
915616,402670,2024-08-04,15.9,9.0,68.4,12.9,Heavy Rain
915617,401525,2024-05-05,29.9,7.3,98.1,5.9,Storm
915618,404743,2024-11-14,29.6,15.2,36.4,0.2,Heavy Rain
915619,404763,2026-03-29,34.9,11.3,74.0,23.6,Storm
915620,404261,2025-01-05,30.5,0.7,54.7,1.6,Clear
915621,401537,2024-01-25,21.3,7.9,72.3,18.4,Cloudy
915622,404785,2025-11-24,33.9,3.7,91.4,1.3,Cloudy
915623,400486,2025-01-31,21.8,2.9,82.2,26.8,Rain
915624,403710,2024-02-18,19.3,11.6,43.8,4.0,Cloudy
915625,404334,2024-11-30,36.9,16.2,75.6,20.1,Rain
915626,402566,2025-01-20,32.1,2.3,39.8,7.1,Haze
915627,403454,2025-07-08,17.4,3.7,48.7,41.3,Cloudy
915628,404864,2025-10-29,31.9,4.2,88.2,29.4,Haze
915629,402505,2025-11-24,26.4,4.6,35.8,4.9,Cloudy
915630,401251,2024-08-05,13.7,1.4,34.8,28.8,Heavy Rain
915631,402861,2025-09-10,22.2,8.4,72.3,12.8,Heavy Rain
915632,403103,2024-09-28,30.0,13.2,67.2,16.2,Storm
915633,403475,2026-06-30,30.1,17.8,56.8,8.0,Cloudy
915634,400937,2024-03-14,16.4,9.9,50.0,6.2,Haze
915635,401163,2024-10-05,37.5,2.9,49.6,0.3,Storm
915636,402366,2025-11-06,32.0,3.8,66.6,13.1,Rain
915637,401343,2025-09-24,15.5,1.8,59.8,20.9,Clear
915638,402707,2025-03-12,24.7,38.5,69.0,24.7,Heavy Rain
915639,400272,2025-03-22,32.1,12.2,81.1,7.8,Clear
915640,404718,2024-04-23,20.1,12.0,50.6,39.2,Haze
915641,401177,2026-02-23,20.4,0.9,71.5,10.6,Cloudy
915642,401637,2024-08-27,24.0,6.8,67.0,18.2,Rain
915643,402284,2025-10-10,33.6,48.1,77.8,3.4,Cloudy
915644,401787,2025-07-04,33.2,5.6,40.8,22.3,Rain
915645,404661,2025-04-15,24.7,9.6,58.3,3.1,Rain
915646,402973,2025-12-21,31.4,3.5,59.3,0.2,Rain
915647,403881,2026-05-11,19.4,7.1,74.7,8.0,Heavy Rain
915648,401271,2024-05-25,35.1,12.0,56.8,9.8,Cloudy
915649,404788,2024-08-14,24.7,1.3,45.1,12.9,Heavy Rain
915650,403401,2024-04-25,26.5,17.8,78.3,4.2,Clear
915651,401135,2024-03-31,37.0,26.4,70.2,1.8,Haze
915652,402024,2026-05-05,42.2,23.2,55.7,16.1,Cloudy
915653,403252,2024-11-08,31.5,6.7,40.1,1.0,Haze
915654,402030,2024-08-08,26.6,0.6,69.1,27.5,Heavy Rain
915655,401634,2025-02-17,28.4,3.9,63.9,13.9,Clear
915656,402684,2026-06-23,24.7,2.6,82.4,20.1,Rain
915657,403144,2024-12-21,19.6,3.9,27.7,1.0,Heavy Rain
915658,403794,2024-10-17,25.4,2.1,52.3,7.7,Cloudy
915659,403521,2026-04-29,40.7,35.7,35.6,1.4,Heavy Rain
915660,403333,2026-05-26,34.3,6.4,52.1,20.3,Heavy Rain
915661,401072,2024-12-23,17.0,11.6,72.2,40.5,Haze
915662,404628,2025-04-16,36.4,1.5,37.3,1.9,Cloudy
915663,400348,2025-05-25,37.8,12.6,37.5,5.3,Rain
915664,401944,2024-07-11,6.2,8.2,88.7,1.6,Storm
915665,403254,2024-11-24,31.0,21.4,88.2,13.7,Cloudy
915666,402187,2024-04-17,18.7,9.7,73.9,5.8,Clear
915667,400466,2025-02-15,11.0,3.5,37.3,4.1,Rain
915668,404549,2025-01-10,41.2,2.9,27.0,38.8,Storm
915669,402474,2024-12-20,21.2,3.2,52.9,16.3,Clear
915670,401325,2025-06-03,23.1,4.0,77.6,24.5,Heavy Rain
915671,404324,2025-11-01,35.5,2.8,35.0,1.2,Clear
915672,401740,2024-12-13,28.9,13.2,40.7,37.0,Cloudy
915673,401922,2024-03-25,29.4,2.1,74.9,4.5,Cloudy
915674,400996,2026-02-25,32.2,10.9,60.0,25.0,Storm
915675,400678,2025-03-13,27.4,4.4,76.3,0.1,Cloudy
915676,404679,2026-02-18,26.7,9.4,53.1,0.8,Storm
915677,403570,2025-02-08,26.4,3.6,79.9,16.0,Storm
915678,402210,2025-02-24,19.8,16.2,53.5,23.7,Rain
915679,402278,2026-01-01,43.2,4.4,63.4,8.0,Rain
915680,403635,2024-03-04,18.0,2.0,41.7,3.7,Heavy Rain
915681,403999,2024-07-29,32.2,0.9,36.1,4.6,Rain
915682,402655,2024-12-06,20.8,7.4,64.3,5.2,Heavy Rain
915683,404127,2025-03-01,26.7,8.4,92.0,8.3,Storm
915684,404289,2024-01-09,21.5,13.3,85.5,17.2,Rain
915685,400015,2025-02-24,29.2,3.8,77.2,6.0,Heavy Rain
915686,400523,2026-06-03,14.1,5.5,65.0,3.6,Haze
915687,404278,2025-08-03,28.8,2.5,32.7,6.6,Cloudy
915688,404468,2024-06-28,25.7,7.2,75.5,4.2,Haze
915689,404645,2026-01-24,31.4,3.6,30.9,18.3,Clear
915690,404738,2025-12-26,24.8,2.9,82.3,19.7,Heavy Rain
915691,403439,2025-03-17,28.8,5.0,64.3,28.9,Rain
915692,400832,2025-04-19,22.2,1.4,90.9,3.7,Rain
915693,404790,2025-06-24,21.2,3.1,57.6,40.2,Cloudy
915694,404021,2025-04-19,27.5,4.5,61.8,3.7,Cloudy
915695,401586,2025-10-23,27.6,5.4,70.0,11.8,Heavy Rain
915696,400988,2024-03-09,14.9,1.9,62.7,65.6,Heavy Rain
915697,404096,2024-03-13,41.1,12.5,17.3,0.5,Haze
915698,404807,2024-08-03,18.9,0.8,93.0,56.5,Heavy Rain
915699,400736,2024-02-09,27.3,8.9,47.4,13.4,Cloudy
915700,403982,2026-04-13,17.4,1.9,68.7,19.4,Heavy Rain
915701,403480,2024-11-28,18.0,2.9,56.2,4.8,Cloudy
915702,401157,2025-08-09,21.9,7.6,45.9,5.3,Clear
915703,402692,2025-01-02,21.3,15.5,59.2,2.3,Clear
915704,400487,2024-11-16,33.0,11.9,42.7,0.3,Heavy Rain
915705,401745,2024-07-21,18.4,6.4,84.3,13.1,Haze
915706,402695,2026-02-24,14.2,19.0,77.1,1.1,Heavy Rain
915707,400540,2025-09-03,14.4,3.2,66.2,2.4,Storm
915708,401094,2026-02-06,36.4,1.0,33.8,2.0,Clear
915709,401447,2026-05-12,27.0,16.3,64.3,2.0,Haze
915710,404686,2025-01-04,28.2,5.5,54.8,1.6,Clear
915711,403652,2024-04-11,29.7,7.1,82.7,19.0,Heavy Rain
915712,400430,2024-09-21,26.6,9.8,57.9,2.0,Rain
915713,402927,2024-01-07,31.5,6.5,70.8,15.3,Haze
915714,403880,2025-07-04,19.6,1.8,62.2,6.5,Rain
915715,400987,2026-02-25,34.0,0.6,60.6,6.0,Storm
915716,402890,2026-01-24,34.2,12.2,47.4,2.3,Haze
915717,402459,2024-05-11,13.7,1.9,66.8,3.5,Rain
915718,401098,2024-09-04,21.5,14.3,80.4,8.8,Cloudy
915719,401284,2025-03-07,19.9,3.3,60.8,5.1,Heavy Rain
915720,400320,2026-07-07,22.3,2.3,42.4,4.2,Rain
915721,402249,2024-12-17,39.5,0.3,67.6,1.6,Cloudy
915722,400624,2025-01-25,24.6,4.4,57.6,15.7,Rain
915723,404020,2024-08-14,27.0,8.0,71.3,12.8,Clear
915724,401760,2024-11-30,23.2,1.0,68.7,21.0,Storm
915725,403326,2026-07-15,35.3,8.0,58.0,0.4,Storm
915726,402148,2025-12-30,35.8,4.3,56.5,9.6,Cloudy
915727,404036,2024-02-10,24.7,1.8,82.4,7.2,Rain
915728,401834,2025-09-18,30.2,39.3,55.7,26.4,Storm
915729,400523,2026-05-02,25.0,1.3,61.2,2.5,Storm
915730,403053,2026-04-03,16.0,6.2,98.5,1.6,Heavy Rain
915731,402880,2024-08-19,26.2,7.0,72.2,1.2,Rain
915732,401433,2026-05-04,29.0,11.6,45.6,13.1,Heavy Rain
915733,404237,2025-03-21,30.5,0.8,82.2,4.7,Rain
915734,400633,2024-09-16,40.2,3.7,51.3,1.6,Heavy Rain
915735,401548,2024-04-09,27.2,6.5,55.6,3.8,Storm
915736,401871,2025-08-05,29.5,15.2,40.5,0.5,Clear
915737,400984,2026-03-07,10.8,3.5,66.7,29.3,Cloudy
915738,400129,2024-02-01,38.4,2.0,90.0,34.2,Cloudy
915739,400883,2024-07-17,16.1,4.1,46.1,66.5,Rain
915740,401271,2024-09-21,21.3,9.8,56.7,15.1,Haze
915741,400415,2026-05-12,41.3,0.9,31.0,1.6,Haze
915742,400546,2025-02-21,44.5,3.6,64.4,1.1,Cloudy
915743,402084,2025-01-11,41.7,11.3,94.9,8.2,Heavy Rain
915744,404840,2025-09-15,22.7,0.6,73.1,8.7,Heavy Rain
915745,400280,2026-02-19,20.9,12.0,30.6,3.4,Cloudy
915746,401715,2026-03-16,19.2,2.4,80.7,15.2,Haze
915747,404073,2024-05-16,29.9,18.7,93.3,8.9,Cloudy
915748,401869,2025-09-05,25.7,7.2,53.0,2.9,Heavy Rain
915749,401346,2025-04-04,22.2,5.4,40.8,12.1,Rain
915750,401456,2024-02-22,14.4,5.1,68.7,25.5,Storm
915751,400224,2026-02-05,20.9,19.0,58.7,11.6,Haze
915752,404507,2024-07-18,18.4,6.7,66.6,5.1,Rain
915753,401341,2026-03-21,11.2,7.4,64.3,8.9,Clear
915754,402365,2025-10-07,27.1,17.7,64.3,18.0,Clear
915755,400934,2024-03-02,16.8,4.7,67.2,4.7,Heavy Rain
915756,404483,2026-07-12,22.9,3.0,64.3,5.5,Cloudy
915757,403037,2025-02-22,24.7,10.9,56.9,10.1,Clear
915758,403971,2024-03-10,41.4,2.2,55.8,0.6,Cloudy
915759,404239,2025-03-20,32.7,33.0,69.7,8.0,Clear
915760,404627,2025-01-03,22.8,8.7,97.8,15.0,Haze
915761,404805,2024-08-18,39.8,5.5,83.7,7.7,Storm
915762,403994,2025-05-18,21.1,4.1,70.6,5.7,Haze
915763,403025,2025-04-26,36.2,10.1,61.1,18.6,Haze
915764,402555,2024-04-15,27.4,17.3,68.2,1.8,Rain
915765,400329,2024-05-18,33.5,5.5,94.1,2.2,Rain
915766,401126,2024-09-07,19.5,6.7,45.8,13.0,Clear
915767,401907,2025-12-08,33.6,13.0,67.3,10.3,Heavy Rain
915769,400325,2024-10-03,25.7,37.3,39.3,5.6,Clear
915770,401873,2025-09-28,33.0,12.4,60.8,5.3,Cloudy
915771,401870,2024-01-17,30.0,8.5,89.9,0.0,Cloudy
915772,404629,2025-12-16,34.7,6.5,68.6,2.4,Clear
915773,403002,2024-01-29,29.5,10.8,50.9,3.3,Heavy Rain
915774,402600,2025-05-20,39.5,2.5,85.0,10.1,Haze
915775,403897,2024-11-26,36.3,7.0,60.3,3.1,Clear
915776,400172,2024-02-19,25.6,0.5,30.8,6.4,Haze
915777,402793,2025-11-16,20.2,8.4,50.9,1.5,Haze
915778,400896,2025-03-16,27.6,6.0,56.4,0.3,Storm
915779,403155,2024-03-10,35.9,8.8,76.8,1.4,Storm
915780,403369,2024-06-22,37.5,1.9,89.6,0.0,Storm
915781,404998,2024-11-15,30.5,4.0,51.7,4.5,Heavy Rain
915782,403734,2024-02-04,21.7,7.2,60.3,3.3,Rain
915783,404903,2025-05-17,33.6,18.1,83.1,29.3,Heavy Rain
915784,400805,2025-12-14,17.7,11.8,52.7,1.9,Rain
915785,403760,2024-05-21,24.9,1.5,62.5,3.2,Rain
915786,404548,2025-10-08,33.2,5.5,47.8,5.4,Storm
915787,403697,2025-08-25,24.5,1.4,81.9,5.6,Clear
915788,401689,2026-01-10,24.1,10.2,86.9,1.9,Clear
915789,400075,2026-02-18,26.6,12.6,95.7,4.1,Storm
915790,402300,2024-05-08,35.3,8.4,67.5,19.9,Heavy Rain
915791,404943,2024-10-22,30.3,2.0,76.1,4.0,Clear
915792,403103,2025-03-01,35.9,10.0,70.0,40.9,Clear
915793,402702,2024-07-18,30.3,3.8,58.3,3.6,Haze
915794,403625,2026-03-19,31.2,12.5,63.5,32.0,Heavy Rain
915795,402120,2025-01-19,45.2,37.3,85.7,6.4,Heavy Rain
915796,404939,2025-10-24,14.8,13.5,23.4,2.9,Rain
915797,400933,2026-06-21,41.1,4.9,64.8,12.2,Heavy Rain
915798,404687,2024-09-20,22.6,0.4,82.8,6.0,Clear
915799,400315,2026-04-17,27.0,11.8,68.8,34.3,Rain
915800,400260,2025-05-04,40.0,17.8,58.2,10.2,Clear
915801,401037,2024-09-17,26.0,12.4,43.1,10.6,Rain
915802,401003,2025-09-08,47.2,12.7,62.8,13.5,Heavy Rain
915803,400477,2026-02-12,24.3,20.6,81.1,5.9,Storm
915804,401900,2024-02-28,45.2,5.7,76.5,32.6,Clear
915805,404274,2025-10-17,17.9,15.6,69.1,17.5,Cloudy
915806,402471,2025-01-04,32.1,2.4,87.7,0.3,Heavy Rain
915807,402494,2024-10-13,22.1,2.9,64.3,7.4,Clear
915808,400808,2026-01-22,18.5,0.4,46.8,2.5,Rain
915809,402584,2025-02-28,27.2,14.1,66.2,52.9,Haze
915810,400641,2026-06-08,34.7,3.1,53.5,3.0,Heavy Rain
915812,402762,2024-10-20,33.6,4.1,69.5,14.8,Clear
915813,400394,2024-09-03,17.9,32.4,95.7,31.1,Heavy Rain
915814,402137,2025-05-25,21.6,0.5,48.4,39.8,Storm
915815,402222,2024-12-11,18.3,29.4,39.0,13.6,Heavy Rain
915816,403878,2025-08-20,28.6,3.6,63.4,15.1,Heavy Rain
915817,400545,2024-04-03,38.5,4.2,50.8,20.0,Clear
915818,400243,2025-09-05,24.8,1.8,87.5,0.4,Haze
915819,402462,2024-05-27,32.1,4.2,56.5,7.9,Cloudy
915820,402943,2025-04-22,25.9,4.6,62.3,13.9,Cloudy
915821,402696,2026-01-08,32.7,3.3,66.3,0.8,Heavy Rain
915822,402737,2025-01-17,27.0,3.5,64.5,1.0,Heavy Rain
915823,402048,2024-01-04,33.9,8.2,56.1,20.7,Clear
915824,400882,2024-05-06,30.8,0.8,86.2,22.0,Haze
915825,401421,2025-09-12,32.3,3.3,61.1,11.7,Clear
915826,403693,2025-02-23,29.6,22.4,52.9,16.1,Heavy Rain
915827,402476,2026-03-14,29.3,2.3,60.3,37.2,Cloudy
915828,404370,2024-08-23,37.8,48.5,34.9,6.3,Rain
915829,401127,2026-01-24,31.3,6.6,61.7,8.2,Rain
915830,401852,2026-02-22,11.4,2.1,95.1,8.9,Haze
915831,402197,2026-04-01,29.3,19.3,71.2,9.6,Haze
915832,400486,2024-06-30,17.0,22.0,52.9,9.8,Cloudy
915833,402174,2024-12-09,34.1,4.8,88.6,27.8,Clear
915834,400902,2026-06-08,30.3,15.5,64.3,25.2,Cloudy
915835,403593,2024-09-07,20.5,7.5,54.1,35.3,Heavy Rain
915836,403258,2024-09-24,20.4,1.2,42.8,6.3,Clear
915837,400087,2025-08-30,23.8,2.4,52.7,21.0,Clear
915838,404618,2024-06-04,26.6,4.1,65.5,13.5,Rain
915839,401746,2025-07-25,23.6,1.0,61.0,5.2,Heavy Rain
915840,403274,2025-11-03,23.3,2.7,74.9,12.9,Rain
915841,403742,2025-06-21,33.0,14.2,74.7,8.3,Rain
915842,404529,2024-06-26,40.3,12.7,60.2,30.4,Clear
915843,400933,2025-06-20,17.3,5.5,59.4,8.5,Haze
915844,401047,2026-01-19,28.7,38.4,79.2,8.5,Haze
915845,402909,2025-12-05,25.4,10.8,53.6,36.9,Storm
915846,402993,2024-09-18,20.7,5.8,40.6,14.9,Cloudy
915847,402841,2026-04-06,31.4,4.2,60.1,2.2,Clear
915848,404033,2026-04-01,22.6,5.0,69.4,3.1,Clear
915849,400685,2024-07-06,29.0,9.9,80.4,2.6,Rain
915850,400983,2024-12-05,29.6,33.0,65.9,2.7,Storm
915851,401120,2026-03-23,17.6,3.8,76.5,4.9,Rain
915852,401943,2024-04-09,44.4,1.0,82.4,15.5,Clear
915853,401280,2025-03-18,24.8,4.7,86.1,4.6,Heavy Rain
915854,404597,2024-04-13,23.3,5.0,60.5,5.6,Rain
915855,401952,2026-03-24,27.6,4.8,65.4,12.5,Heavy Rain
915856,404838,2025-07-06,31.2,34.8,64.3,0.7,Heavy Rain
915857,404293,2025-02-13,23.8,19.9,62.8,26.1,Haze
915858,404454,2025-04-27,29.6,4.9,58.0,21.5,Storm
915860,400317,2025-10-26,25.2,11.3,54.4,11.2,Heavy Rain
915861,404154,2026-04-06,23.8,7.6,71.0,10.0,Rain
915862,404341,2025-07-29,33.3,1.5,58.9,13.5,Haze
915863,400566,2026-01-13,40.7,0.5,64.3,19.4,Storm
915864,403589,2025-09-18,27.3,5.5,33.1,11.9,Rain
915865,400997,2024-05-20,30.7,4.4,57.4,8.2,Rain
915866,402610,2024-10-20,2.0,7.6,64.3,13.3,Haze
915867,404454,2025-08-26,29.3,6.5,38.3,7.2,Rain
915868,402508,2024-03-28,33.9,30.1,71.8,21.6,Heavy Rain
915869,400672,2026-03-25,25.8,2.1,61.6,6.4,Rain
915870,400334,2025-12-25,35.5,30.2,65.0,4.5,Rain
915871,404249,2026-05-02,38.0,3.7,40.7,4.6,Cloudy
915872,400938,2025-04-17,36.6,12.7,39.3,20.5,Haze
915873,402918,2024-11-18,17.5,2.2,75.6,4.2,Heavy Rain
915874,404949,2025-07-12,18.0,11.3,77.1,10.7,Haze
915875,404465,2025-09-05,27.5,21.0,90.8,27.0,Heavy Rain
915876,400434,2025-08-14,35.4,9.8,76.7,23.6,Cloudy
915877,401079,2025-06-06,23.8,4.8,81.9,12.6,Heavy Rain
915878,401280,2025-09-01,8.2,2.7,57.7,18.1,Storm
915879,401141,2024-01-26,27.8,0.3,53.5,8.4,Cloudy
915880,400582,2025-02-06,29.7,1.6,97.9,29.4,Clear
915881,404150,2026-06-27,23.4,3.3,75.0,0.7,Storm
915882,402310,2025-03-03,19.4,1.8,68.1,12.1,Storm
915883,400484,2024-11-25,27.1,3.3,37.8,0.3,Clear
915884,400700,2026-05-31,18.6,5.9,74.2,22.0,Heavy Rain
915885,404042,2024-03-01,25.5,9.4,81.6,19.7,Clear
915886,401381,2024-12-14,38.0,12.9,74.2,3.1,Cloudy
915887,401663,2025-06-22,20.5,3.3,60.7,7.0,Haze
915888,402530,2025-01-05,21.2,16.3,75.9,2.0,Rain
915889,400873,2025-08-08,16.7,3.2,65.2,2.3,Cloudy
915890,401027,2024-08-29,22.0,3.4,82.3,9.0,Rain
915891,404203,2025-01-30,19.4,3.3,55.3,2.0,Rain
915892,404575,2024-05-13,24.4,0.3,80.1,12.7,Rain
915893,402827,2026-01-10,31.0,2.1,47.1,0.5,Rain
915894,400658,2024-07-16,19.9,2.0,56.0,3.4,Rain
915896,403869,2026-01-19,31.4,2.1,49.3,0.3,Clear
915897,402165,2024-07-13,32.2,0.2,55.5,14.1,Rain
915898,403487,2025-08-06,22.4,1.1,65.6,3.5,Rain
915899,403904,2025-04-19,36.7,5.0,32.8,26.6,Heavy Rain
915900,403691,2024-10-02,44.2,2.3,55.3,12.8,Storm
915901,402359,2024-12-07,25.6,5.9,53.2,3.4,Heavy Rain
915902,404387,2024-08-21,11.6,0.3,71.6,16.5,Haze
915903,400806,2026-03-06,15.2,9.0,47.4,0.6,Storm
915904,402055,2026-05-10,24.0,9.7,73.0,4.0,Storm
915905,400872,2025-09-06,37.8,1.0,77.1,5.2,Clear
915906,401891,2024-03-30,19.8,4.4,50.7,26.2,Storm
915907,403760,2024-10-10,39.8,0.8,49.7,22.8,Haze
915908,404560,2024-01-10,28.6,13.3,72.7,2.3,Haze
915909,401091,2025-02-15,36.3,4.4,93.8,1.5,Cloudy
915910,403725,2024-10-26,33.0,12.6,72.7,10.5,Clear
915911,401400,2025-01-04,26.6,6.6,53.9,18.7,Cloudy
915912,400552,2024-09-20,23.1,1.0,45.7,9.1,Heavy Rain
915913,404368,2024-08-21,27.9,3.2,58.6,14.7,Heavy Rain
915914,401250,2025-08-31,31.4,1.2,70.6,13.2,Cloudy
915915,402810,2025-04-27,16.4,11.5,89.4,6.4,Clear
915916,401155,2025-03-14,11.3,14.1,57.3,6.5,Cloudy
915917,400422,2024-11-13,31.7,27.9,58.4,19.7,Heavy Rain
915918,402567,2026-03-01,24.8,19.8,81.0,7.1,Storm
915919,401790,2025-09-11,33.2,25.4,61.8,23.8,Storm
915920,403866,2024-12-10,17.5,16.7,59.7,7.0,Haze
915921,401061,2024-07-23,24.0,8.9,57.4,0.3,Cloudy
915922,401227,2026-04-10,44.2,2.1,26.8,2.4,Cloudy
915923,403769,2024-01-01,32.3,0.3,63.0,3.0,Clear
915924,401349,2024-10-28,36.6,3.4,92.3,24.9,Heavy Rain
915925,401352,2024-03-04,15.1,11.2,57.9,7.4,Haze
915926,402051,2024-10-05,17.6,2.0,93.2,3.4,Storm
915927,401928,2026-04-25,17.2,12.3,43.3,10.9,Heavy Rain
915928,402613,2025-03-29,21.4,0.1,50.8,1.7,Storm
915929,402782,2025-03-25,16.6,2.1,78.5,14.2,Clear
915930,404569,2025-01-05,30.7,10.7,47.2,4.0,Rain
915931,401366,2024-03-20,22.3,0.4,70.7,14.3,Rain
915932,401833,2025-01-19,21.9,0.1,68.5,49.4,Rain
915933,401052,2025-08-23,33.8,5.0,78.5,30.2,Storm
915934,403183,2025-04-26,24.5,0.6,93.3,18.7,Haze
915935,404831,2025-12-09,27.0,3.8,91.7,35.1,Heavy Rain
915936,400597,2024-08-14,26.3,2.7,81.2,0.6,Heavy Rain
915937,402322,2025-07-22,28.6,10.1,69.9,8.5,Rain
915938,401992,2024-03-22,23.8,12.7,67.7,26.6,Rain
915939,404636,2025-06-27,35.6,19.0,54.6,0.5,Storm
915940,402696,2025-03-22,22.7,15.6,71.8,34.3,Rain
915941,401824,2024-08-24,24.9,2.1,49.5,3.5,Clear
915942,400690,2025-01-04,34.7,3.5,83.0,4.2,Rain
915943,400774,2025-07-10,25.1,5.3,59.4,8.9,Cloudy
915944,401599,2026-01-31,31.2,9.0,42.3,12.4,Heavy Rain
915945,400509,2025-07-19,42.3,5.7,28.9,8.7,Cloudy
915946,404780,2024-01-19,39.3,9.4,80.4,8.7,Cloudy
915947,400504,2025-06-13,17.4,5.0,45.6,20.9,Haze
915948,400210,2025-09-27,24.0,6.0,73.4,22.5,Clear
915949,404833,2024-10-31,34.4,5.2,64.0,32.4,Rain
915950,402202,2026-06-25,17.6,2.1,66.2,16.6,Clear
915951,402405,2025-12-27,27.8,8.9,98.3,20.5,Rain
915953,403456,2025-06-13,45.7,2.5,60.1,35.5,Storm
915954,400279,2024-06-23,43.0,1.9,88.8,47.8,Rain
915955,403656,2025-01-09,20.9,0.2,67.2,1.9,Clear
915956,402713,2025-11-14,35.9,2.2,32.5,46.0,Clear
915957,403955,2024-06-24,25.9,6.5,52.3,0.1,Clear
915958,404278,2025-07-19,21.2,3.9,62.5,0.7,Heavy Rain
915959,404099,2024-09-05,24.8,9.4,44.3,17.4,Storm
915960,401907,2025-11-20,12.6,1.2,8.9,29.4,Rain
915961,400289,2026-05-26,27.0,3.7,73.6,0.7,Heavy Rain
915962,403494,2025-05-07,23.7,15.4,52.0,11.8,Haze
915964,402549,2024-08-17,28.8,9.4,39.5,4.7,Clear
915965,402588,2024-03-11,36.6,0.6,82.4,23.5,Rain
915966,400026,2024-12-11,28.6,0.6,79.1,21.2,Cloudy
915967,403029,2025-10-12,34.8,7.1,51.0,13.3,Heavy Rain
915968,403454,2025-07-15,33.6,3.2,68.9,1.1,Haze
915969,403509,2026-07-05,28.6,5.4,64.3,3.6,Clear
915970,401153,2025-06-02,27.1,23.6,43.2,11.7,Heavy Rain
915972,400253,2025-07-19,21.9,6.5,72.4,6.8,Heavy Rain
915973,404707,2025-12-31,22.9,0.1,51.9,13.2,Clear
915974,402997,2026-07-04,27.7,0.9,79.9,2.9,Haze
915975,404401,2025-05-31,27.7,1.2,60.2,2.6,Clear
915977,402498,2024-12-25,26.6,4.1,45.6,9.3,Clear
915978,401497,2025-05-30,32.4,10.7,55.2,5.7,Clear
915979,402052,2026-06-22,31.9,4.8,42.5,6.2,Storm
915980,402755,2026-01-27,28.9,18.3,59.9,32.3,Cloudy
915981,403939,2026-05-16,11.5,0.3,64.3,7.3,Rain
915982,400325,2026-07-13,23.3,13.5,61.0,9.8,Clear
915983,401747,2026-03-12,19.0,26.4,70.5,19.3,Rain
915984,403538,2025-03-07,38.9,16.0,59.2,4.8,Clear
915985,404124,2026-04-04,23.2,1.4,41.6,26.2,Rain
915986,400011,2026-04-28,30.4,2.3,35.7,13.9,Heavy Rain
915987,401004,2025-03-08,21.1,8.9,79.7,8.0,Rain
915988,401866,2025-10-01,17.2,10.3,55.8,0.4,Cloudy
915989,401558,2025-01-17,40.8,5.5,80.6,1.1,Heavy Rain
915990,400893,2026-04-26,26.3,3.8,48.6,2.7,Cloudy
915991,401522,2026-03-06,20.4,1.8,33.2,26.9,Haze
915992,401020,2024-05-01,31.9,10.7,87.2,2.4,Storm
915993,403813,2026-02-06,16.0,10.5,62.2,2.5,Rain
915994,403379,2024-01-20,33.5,0.6,52.4,3.7,Storm
915995,401665,2024-01-28,22.2,7.1,47.5,7.3,Rain
915996,403042,2025-02-18,24.2,2.5,71.7,17.4,Clear
915997,401895,2024-04-30,34.9,1.8,87.7,14.3,Heavy Rain
915998,400542,2025-10-30,37.6,7.7,54.1,18.0,Storm
916000,402467,2025-01-25,25.3,4.7,33.9,20.0,Clear
916001,400679,2025-10-22,36.3,0.9,60.7,27.6,Clear
916002,401378,2024-06-22,32.3,15.7,77.6,1.7,Storm
916003,403141,2025-03-13,28.9,17.1,58.2,15.8,Rain
916004,400692,2025-11-25,31.1,3.3,57.8,8.1,Heavy Rain
916005,404525,2025-10-19,28.7,0.4,69.3,35.8,Haze
916006,401248,2024-10-13,22.4,3.1,78.6,9.0,Heavy Rain
916007,400553,2026-05-09,24.0,14.2,42.7,14.0,Storm
916008,403333,2024-08-28,27.5,0.8,77.6,16.8,Storm
916009,402994,2025-04-14,27.7,1.0,91.9,16.5,Cloudy
916010,400107,2026-07-15,31.3,1.8,64.3,4.4,Heavy Rain
916011,404746,2026-06-11,32.8,0.4,81.1,2.1,Storm
916012,401582,2024-12-09,11.9,21.1,75.9,14.7,Heavy Rain
916013,401795,2025-01-22,34.0,8.8,55.5,5.3,Heavy Rain
916014,403298,2025-03-23,26.2,8.7,88.9,7.3,Cloudy
916015,402676,2026-04-14,30.3,3.3,57.8,27.3,Storm
916016,403963,2026-04-12,27.0,3.1,66.7,8.8,Rain
916017,403619,2025-09-15,32.0,9.0,37.3,32.8,Haze
916018,401651,2024-03-01,23.1,0.5,88.0,19.8,Clear
916019,404259,2026-04-21,33.6,6.5,61.9,0.4,Storm
916020,402051,2024-10-31,30.4,1.7,82.5,18.5,Heavy Rain
916021,402301,2024-11-09,32.8,4.7,83.6,9.6,Haze
916022,402473,2024-03-07,23.3,13.5,72.2,5.3,Cloudy
916023,401834,2026-05-10,34.6,1.7,36.7,9.1,Storm
916024,403167,2024-06-08,36.4,0.5,55.6,32.2,Rain
916025,404453,2025-02-17,36.7,4.6,65.2,4.2,Cloudy
916026,402262,2024-04-20,27.6,8.0,61.7,19.9,Clear
916027,400449,2024-03-29,22.3,2.1,53.6,34.3,Heavy Rain
916028,404094,2024-05-05,37.1,21.9,91.2,13.4,Rain
916029,403637,2026-06-18,21.0,34.3,50.8,3.2,Cloudy
916030,404348,2025-08-13,44.0,3.8,64.0,2.4,Heavy Rain
916031,402682,2025-03-26,29.2,10.9,41.4,10.7,Cloudy
916032,401589,2025-01-11,35.7,24.9,63.7,7.6,Heavy Rain
916033,401061,2024-02-20,15.5,4.6,70.4,6.5,Heavy Rain
916034,401169,2024-05-17,26.1,9.3,74.0,8.7,Storm
916036,401569,2024-12-31,10.2,19.8,53.5,6.1,Clear
916037,403816,2026-05-08,33.9,2.5,62.6,12.3,Cloudy
916038,400738,2024-07-20,29.1,3.6,80.8,10.0,Storm
916039,403182,2026-07-14,21.0,2.1,71.7,1.4,Storm
916040,404575,2024-10-08,23.1,6.5,75.6,11.4,Haze
916041,403250,2024-02-19,24.3,17.8,88.0,3.3,Cloudy
916042,402269,2026-06-19,16.4,7.9,95.4,3.1,Rain
916043,402186,2026-06-02,35.8,21.9,84.7,1.1,Heavy Rain
916044,401563,2024-09-02,19.0,2.2,55.7,3.9,Haze
916045,401067,2025-06-19,23.5,5.4,67.1,5.4,Haze
916046,402762,2025-07-03,23.6,13.2,48.0,6.3,Haze
916047,400337,2024-07-23,36.4,4.4,92.2,1.4,Rain
916049,404812,2025-06-07,17.5,13.9,81.3,29.2,Rain
916050,403390,2026-03-25,24.3,4.7,50.2,11.7,Haze
916051,402581,2025-05-05,30.7,5.4,64.5,14.0,Clear
916052,404845,2026-06-16,18.8,5.2,38.0,0.2,Rain
916053,403422,2025-11-02,21.0,3.2,66.2,29.5,Cloudy
916054,404192,2025-08-22,21.5,7.5,78.4,11.1,Clear
916055,400909,2026-03-11,42.7,6.9,49.2,25.9,Clear
916056,403471,2026-05-29,23.6,1.3,75.9,2.6,Heavy Rain
916057,403058,2024-03-24,29.2,24.4,67.5,14.4,Haze
916058,404417,2026-04-02,25.7,7.0,62.5,0.7,Cloudy
916059,404841,2026-03-27,34.0,0.5,99.7,10.6,Haze
916060,402222,2024-11-10,21.5,27.8,50.6,5.0,Cloudy
916061,402673,2025-05-25,30.2,5.3,73.2,1.7,Storm
916062,400428,2026-02-03,31.6,1.7,83.3,0.3,Heavy Rain
916063,400112,2025-08-08,41.1,3.9,49.6,26.4,Haze
916064,400187,2024-04-09,26.3,0.3,64.3,1.9,Heavy Rain
916065,403425,2025-07-09,35.0,22.6,58.7,12.9,Heavy Rain
916066,403704,2024-05-20,7.0,2.8,65.3,25.5,Haze
916067,403832,2026-01-03,25.9,12.3,58.5,1.0,Clear
916068,403954,2024-06-19,23.5,0.4,67.7,9.8,Cloudy
916069,404267,2024-09-05,28.2,6.7,70.5,9.6,Rain
916070,401448,2025-10-16,32.7,7.1,39.8,44.0,Heavy Rain
916071,404978,2025-08-09,43.1,19.6,77.7,77.8,Heavy Rain
916072,403248,2024-04-04,26.3,6.9,60.6,7.8,Heavy Rain
916073,404285,2025-05-05,23.2,12.2,64.4,3.4,Clear
916075,401107,2024-02-08,28.5,2.4,48.5,4.3,Haze
916076,400342,2024-07-26,28.8,0.1,75.3,4.0,Storm
916077,401410,2026-04-09,33.8,12.9,69.4,7.1,Storm
916078,403770,2024-01-17,28.4,9.2,83.1,10.0,Cloudy
916079,400805,2024-10-13,38.2,7.5,61.9,1.9,Haze
916080,404509,2024-11-05,40.3,2.6,59.6,3.0,Clear
916082,400890,2024-03-08,34.5,16.2,68.9,6.5,Haze
916083,401518,2024-09-28,30.6,7.7,84.1,20.3,Heavy Rain
916084,400780,2025-04-19,40.7,5.6,73.6,12.3,Rain
916085,404181,2024-10-08,25.1,4.3,69.4,9.4,Rain
916086,404945,2025-07-09,41.1,9.6,85.4,16.8,Clear
916087,400692,2026-02-22,17.2,8.3,46.0,10.0,Clear
916088,400720,2026-05-30,25.7,5.5,87.4,4.9,Heavy Rain
916089,400702,2026-05-11,18.6,1.4,71.5,0.1,Storm
916090,404627,2025-08-02,29.7,12.1,84.6,15.0,Heavy Rain
916091,400166,2026-01-25,30.5,5.9,76.8,19.8,Clear
916092,401453,2024-04-08,21.7,5.5,56.5,8.6,Clear
916093,404675,2025-07-01,22.3,9.0,58.4,23.4,Haze
916094,401598,2024-02-25,30.9,1.3,67.4,0.4,Clear
916095,403645,2024-09-23,26.8,1.9,59.7,6.9,Haze
916096,401702,2025-08-04,27.5,2.2,76.4,7.3,Clear
916097,403603,2026-01-25,14.7,8.4,92.3,3.0,Cloudy
916098,404467,2024-11-09,39.5,22.0,73.2,1.3,Haze
916099,400890,2025-10-24,31.4,0.2,55.5,44.3,Storm
916100,401179,2025-08-09,41.7,2.1,68.8,1.9,Clear
916101,400980,2024-01-11,24.1,19.1,82.1,2.5,Haze
916102,401671,2025-09-10,30.6,7.1,81.2,3.5,Storm
916103,400167,2024-06-28,23.9,5.9,72.9,2.7,Cloudy
916104,400995,2025-01-21,40.4,0.1,71.9,12.6,Clear
916105,401970,2025-05-23,22.8,0.4,67.9,20.6,Storm
916106,404304,2024-05-23,12.0,15.9,42.6,3.5,Haze
916107,401690,2025-07-16,18.3,10.5,53.1,5.8,Rain
916108,404596,2026-03-12,10.1,14.6,67.2,8.2,Haze
916109,401429,2024-10-02,25.6,4.4,63.3,2.4,Cloudy
916110,400280,2024-01-11,28.4,4.1,41.1,18.0,Haze
916111,400111,2025-08-02,15.8,3.4,42.1,4.0,Cloudy
916112,403223,2025-06-21,48.0,1.6,36.8,37.0,Rain
916113,404329,2026-06-23,40.6,1.4,94.5,6.1,Heavy Rain
916114,400896,2025-04-30,23.9,13.3,33.5,3.0,Cloudy
916115,404901,2025-06-14,27.2,17.4,96.6,8.9,Storm
916116,400626,2025-05-31,31.5,28.7,69.9,18.9,Heavy Rain
916117,403997,2025-07-26,37.1,5.4,66.0,16.4,Rain
916118,404722,2024-09-10,44.1,6.3,37.6,11.2,Storm
916119,403814,2024-02-21,28.7,0.9,46.2,8.0,Cloudy
916120,404410,2026-02-11,20.1,16.6,97.8,0.4,Cloudy
916121,404925,2026-05-03,33.5,3.5,81.1,7.0,Clear
916122,400863,2025-02-13,14.5,30.0,64.3,43.9,Heavy Rain
916123,401587,2024-10-13,22.0,11.5,64.3,7.9,Clear
916124,402347,2025-09-11,39.0,2.1,43.2,9.7,Haze
916125,402456,2024-05-05,30.5,2.8,44.7,22.1,Haze
916126,403793,2024-02-03,32.9,10.3,71.5,4.9,Storm
916127,403674,2025-05-16,34.4,2.0,47.3,6.8,Rain
916128,401751,2025-01-15,17.6,4.8,73.3,5.6,Storm
916129,404324,2025-11-30,27.0,3.1,64.9,3.1,Haze
916130,404275,2025-12-13,41.2,1.6,74.1,0.8,Rain
916131,404656,2025-01-07,43.0,9.8,37.9,18.6,Storm
916132,401150,2025-11-30,27.7,8.8,83.6,1.6,Clear
916133,401049,2024-02-13,26.2,4.2,48.0,15.1,Heavy Rain
916134,403585,2026-05-16,23.0,10.0,54.9,1.4,Storm
916135,403478,2026-05-05,25.4,0.5,62.3,2.5,Cloudy
916136,403255,2024-10-24,18.9,0.9,58.3,1.6,Cloudy
916137,400471,2025-04-21,33.1,4.6,60.7,12.9,Rain
916138,401318,2025-10-17,44.3,0.1,58.9,19.7,Haze
916139,402314,2024-11-30,16.2,0.5,96.9,15.7,Clear
916140,404278,2025-01-10,38.5,3.4,82.2,2.0,Rain
916141,401066,2024-07-20,34.5,39.0,56.5,8.4,Heavy Rain
916142,400478,2024-02-07,19.6,14.8,14.3,2.9,Rain
916143,401725,2024-08-02,32.3,1.1,54.1,5.4,Haze
916144,404377,2026-05-17,25.6,0.5,70.9,5.1,Cloudy
916145,403175,2026-02-24,33.0,18.9,88.7,15.0,Storm
916146,400363,2024-12-24,32.4,7.0,87.8,8.5,Storm
916147,404132,2025-04-13,29.7,3.9,61.8,16.0,Cloudy
916148,400802,2024-03-13,31.1,14.3,58.3,11.3,Storm
916149,403130,2025-03-14,17.5,14.3,48.3,10.8,Cloudy
916150,401470,2025-09-17,17.9,18.2,78.8,3.1,Cloudy
916151,402135,2025-06-18,28.8,1.2,75.0,3.3,Storm
916152,404638,2024-05-12,27.7,1.0,65.1,6.4,Haze
916153,401825,2025-11-12,25.8,14.8,64.0,6.6,Cloudy
916154,400633,2024-08-04,33.4,11.0,75.4,2.2,Storm
916155,402040,2024-03-05,8.4,1.4,64.3,6.2,Cloudy
916156,400609,2024-07-04,44.8,2.0,55.0,3.5,Clear
916157,402428,2024-09-08,27.2,37.9,62.7,1.8,Haze
916158,403589,2024-08-14,28.9,10.3,64.3,38.6,Haze
916159,400407,2026-07-11,27.0,8.9,22.1,1.4,Rain
916160,401847,2026-01-25,23.4,0.2,87.2,1.9,Haze
916161,400040,2024-05-20,31.4,1.3,44.5,2.3,Heavy Rain
916163,404879,2026-07-11,35.2,16.0,61.4,0.5,Cloudy
916164,403299,2024-09-06,53.3,11.5,98.7,5.0,Clear
916165,404854,2025-10-08,34.9,5.0,16.1,7.1,Rain
916166,403307,2026-01-24,24.5,11.3,58.7,5.8,Storm
916167,404143,2025-03-26,25.3,16.8,69.7,22.8,Rain
916168,402482,2024-08-26,22.7,7.4,90.6,8.6,Cloudy
916169,402898,2024-06-27,30.2,1.6,63.9,20.9,Haze
916171,403287,2025-05-02,26.7,2.3,38.0,3.6,Cloudy
916172,403684,2025-01-06,37.6,5.5,40.2,0.1,Storm
916173,404996,2024-09-25,21.9,14.4,61.4,2.7,Cloudy
916174,402912,2026-04-06,18.1,7.3,66.0,2.6,Clear
916175,404368,2026-06-18,28.0,18.1,54.1,12.9,Clear
916176,400765,2024-09-11,15.8,4.5,42.8,0.3,Haze
916177,404606,2026-02-05,16.6,3.9,64.3,0.8,Heavy Rain
916178,400549,2025-08-22,31.9,2.7,64.3,23.2,Haze
916179,400810,2024-05-23,29.1,39.9,52.4,3.6,Clear
916180,401780,2026-04-03,17.9,13.6,67.4,9.6,Cloudy
916181,400613,2024-10-08,39.0,11.0,68.5,4.2,Cloudy
916182,402012,2026-01-05,29.2,11.4,46.7,29.6,Heavy Rain
916183,400349,2025-04-13,34.7,1.1,64.3,5.5,Cloudy
916184,400063,2026-07-04,23.8,4.6,68.4,55.8,Cloudy
916185,404673,2024-03-22,18.9,17.9,40.5,0.9,Rain
916186,403501,2024-02-27,15.5,2.0,66.3,10.7,Clear
916187,402123,2024-12-29,36.2,4.2,50.9,39.4,Storm
916188,403689,2024-06-07,28.2,1.0,71.4,2.3,Rain
916189,401032,2026-07-15,37.5,5.3,58.1,30.0,Haze
916190,402969,2024-09-14,23.9,1.4,26.0,0.6,Storm
916191,404937,2026-03-13,23.6,9.7,83.0,4.1,Rain
916192,400391,2025-01-03,29.1,0.4,72.2,0.4,Haze
916193,403936,2024-05-24,30.5,0.6,44.8,9.8,Storm
916194,403294,2024-01-13,18.5,0.0,51.7,6.2,Haze
916195,401927,2025-12-11,29.9,4.2,67.5,10.4,Haze
916196,400228,2024-10-01,28.1,16.1,41.3,29.7,Heavy Rain
916197,401959,2026-03-30,23.3,6.8,63.7,14.0,Clear
916198,404453,2025-09-15,32.6,0.1,96.1,1.2,Storm
916199,400619,2024-08-06,38.2,0.2,64.3,34.6,Rain
916200,403951,2025-05-20,27.2,5.5,49.5,3.1,Heavy Rain
916201,403204,2024-09-20,22.7,2.4,64.3,2.4,Storm
916202,402223,2024-10-19,25.6,2.6,59.6,0.3,Haze
916203,402250,2026-03-21,37.0,1.4,49.9,10.7,Cloudy
916204,402046,2026-05-05,17.7,5.8,89.2,24.4,Heavy Rain
916205,404770,2025-11-24,22.3,1.2,46.1,5.4,Haze
916206,400007,2025-11-18,31.6,1.4,74.6,0.1,Heavy Rain
916207,403753,2026-05-16,26.5,6.5,55.5,15.4,Storm
916208,401360,2024-06-11,27.2,3.8,57.8,17.3,Storm
916209,403946,2024-08-09,45.2,1.9,59.7,18.1,Cloudy
916210,401029,2025-05-17,37.0,2.6,64.0,21.0,Heavy Rain
916211,404266,2026-03-26,20.7,0.3,71.5,6.1,Cloudy
916212,401407,2025-05-03,26.4,1.2,26.5,15.0,Rain
916213,403997,2024-01-14,21.7,27.2,79.0,5.1,Cloudy
916214,401416,2026-02-06,26.4,5.0,78.9,46.8,Heavy Rain
916215,403788,2025-07-28,17.3,1.0,32.5,12.3,Haze
916216,402084,2025-11-18,27.4,22.5,36.7,1.1,Storm
916217,404097,2024-07-05,29.7,8.9,77.7,7.7,Rain
916219,402245,2024-10-14,40.5,6.5,76.1,38.6,Clear
916220,402697,2025-09-19,39.0,0.4,64.3,6.2,Cloudy
916221,403506,2024-03-29,25.0,9.1,26.4,9.7,Rain
916222,402841,2024-07-21,31.1,20.3,64.4,13.0,Heavy Rain
916223,402124,2025-09-22,30.9,5.2,64.3,12.1,Clear
916224,403097,2026-06-03,18.2,9.6,30.4,24.3,Haze
916225,401223,2025-12-27,24.7,3.4,53.2,5.0,Storm
916226,400933,2025-01-22,26.8,6.5,58.7,9.1,Clear
916227,400425,2024-10-27,38.4,2.1,71.0,15.5,Heavy Rain
916228,404449,2024-03-13,16.3,0.1,54.3,18.9,Clear
916229,400894,2024-04-21,27.3,5.1,48.3,37.1,Storm
916230,404930,2025-08-01,32.5,18.9,78.9,2.0,Storm
916231,404784,2026-03-05,29.2,8.3,65.2,1.7,Rain
916232,403289,2025-02-19,16.2,10.8,43.1,8.0,Clear
916233,403052,2026-06-14,37.0,4.7,77.2,11.9,Storm
916234,400912,2024-10-01,27.4,19.7,78.1,5.9,Heavy Rain
916235,402080,2026-06-10,43.2,1.1,72.6,49.2,Storm
916237,401805,2025-10-31,22.5,12.0,68.4,13.2,Haze
916238,402802,2025-02-19,40.0,20.6,59.1,8.6,Rain
916239,402872,2024-01-24,20.5,0.0,64.1,9.5,Haze
916240,403573,2024-12-20,16.0,8.3,58.0,0.6,Haze
916241,400303,2025-08-08,21.8,0.7,49.5,33.0,Cloudy
916242,400241,2025-09-19,17.5,3.1,43.4,19.6,Haze
916243,404183,2024-01-31,50.1,5.5,47.9,21.1,Clear
916244,402307,2024-03-20,16.1,3.1,51.9,3.8,Clear
916245,401578,2025-03-04,30.7,12.0,79.7,7.7,Heavy Rain
916246,403267,2026-06-09,24.5,1.8,59.7,39.8,Haze
916247,400435,2024-07-29,32.9,7.9,88.8,3.3,Rain
916248,402200,2026-01-30,39.6,3.4,41.7,0.9,Clear
916249,400058,2026-06-03,40.2,0.4,36.3,5.8,Clear
916250,404737,2025-11-10,28.4,4.4,64.3,4.0,Cloudy
916251,403889,2024-07-15,33.9,4.2,54.1,0.8,Heavy Rain
916252,403884,2025-11-12,25.9,6.9,78.2,6.0,Cloudy
916253,402574,2024-12-28,18.4,17.3,89.5,19.7,Storm
916254,402307,2024-07-06,21.3,1.7,74.3,2.6,Cloudy
916255,404912,2024-03-09,30.7,0.3,67.1,5.1,Storm
916256,401361,2025-12-27,23.4,11.5,90.7,18.2,Haze
916258,403265,2025-08-10,29.9,24.1,70.3,4.5,Rain
916259,403445,2025-12-14,30.8,11.7,54.5,1.8,Haze
916260,402025,2025-05-27,32.6,3.3,42.1,6.0,Haze
916261,404022,2025-05-30,11.8,7.4,60.3,3.4,Storm
916262,402532,2026-04-09,22.2,6.5,81.4,6.3,Cloudy
916263,403709,2025-10-03,28.1,5.2,53.2,13.6,Storm
916264,401640,2025-12-15,22.5,11.7,64.3,26.7,Heavy Rain
916265,402678,2024-08-10,36.9,3.3,54.5,17.3,Haze
916266,402139,2024-06-23,23.4,24.8,68.6,1.8,Rain
916267,400851,2026-05-19,12.9,3.3,90.2,7.3,Haze
916268,404105,2026-04-07,35.7,5.0,89.8,1.5,Heavy Rain
916269,402015,2024-12-11,23.7,11.4,76.3,18.8,Heavy Rain
916270,401198,2025-02-20,30.3,0.0,30.5,15.9,Rain
916271,400141,2025-12-31,21.1,6.3,87.7,1.0,Storm
916272,401552,2025-10-20,31.6,3.3,43.2,18.8,Storm
916273,400856,2025-02-10,21.5,0.4,68.9,10.2,Rain
916274,402439,2025-05-22,32.2,14.0,47.7,9.1,Haze
916275,401518,2025-09-29,27.5,3.4,64.3,1.9,Clear
916276,401831,2025-04-18,34.2,21.8,42.7,8.1,Rain
916277,404708,2026-01-21,35.4,10.4,61.8,4.6,Storm
916278,400803,2026-04-28,36.0,17.3,68.4,0.0,Rain
916279,402472,2024-07-26,29.5,3.4,99.1,0.4,Clear
916280,404802,2026-04-24,42.5,2.7,64.3,19.1,Storm
916281,401817,2024-04-07,33.6,7.1,57.5,16.0,Clear
916282,402223,2024-09-27,27.6,1.7,40.6,10.6,Haze
916283,403031,2024-08-15,29.3,13.5,73.3,1.3,Cloudy
916284,402060,2026-06-01,23.0,1.8,25.3,6.8,Clear
916286,400079,2025-04-16,30.0,2.8,61.0,4.6,Clear
916287,403826,2024-05-28,31.3,0.1,60.1,14.0,Clear
916288,402873,2026-04-30,37.2,19.1,82.4,4.8,Haze
916289,403819,2024-01-28,15.9,0.3,52.0,2.0,Cloudy
916290,400741,2026-05-02,29.2,29.4,46.3,34.8,Rain
916291,400185,2026-05-29,15.6,1.9,91.6,8.5,Storm
916292,403299,2024-10-12,27.3,1.1,37.1,5.4,Haze
916293,404503,2026-06-25,28.3,1.9,48.4,30.4,Rain
916294,404455,2024-07-04,19.3,17.6,63.4,0.5,Cloudy
916295,400606,2024-03-18,26.7,3.0,73.9,7.4,Storm
916296,402245,2024-07-20,28.8,8.4,70.3,9.9,Rain
916297,403083,2025-08-27,22.8,2.2,68.5,36.7,Clear
916298,400773,2025-04-28,13.7,8.0,70.5,7.7,Rain
916299,404514,2026-06-05,35.1,2.5,64.3,11.5,Rain
916300,404309,2024-06-18,23.0,0.3,67.3,5.6,Haze
916301,402811,2025-08-01,20.4,3.6,92.7,13.1,Heavy Rain
916302,400133,2024-12-18,32.7,5.0,48.1,12.4,Heavy Rain
916303,403407,2025-07-21,15.4,13.6,74.8,29.5,Heavy Rain
916304,404774,2025-04-19,21.1,6.5,60.3,18.6,Rain
916305,401544,2025-11-01,20.5,0.1,57.1,2.0,Rain
916306,404509,2026-01-07,36.8,0.2,50.3,70.6,Cloudy
916307,400809,2026-01-18,16.3,3.8,58.1,0.7,Rain
916308,400671,2026-04-21,30.1,1.5,56.2,15.4,Cloudy
916309,403747,2025-03-20,26.7,1.6,58.8,3.3,Storm
916310,401623,2025-03-25,51.3,11.1,56.8,8.9,Clear
916311,401129,2024-05-04,27.1,1.7,82.1,3.7,Cloudy
916312,404807,2025-05-14,23.6,2.2,31.3,1.3,Haze
916313,404616,2024-02-13,41.6,27.4,32.5,2.7,Rain
916314,400355,2026-05-31,33.2,6.0,65.3,15.6,Heavy Rain
916315,403958,2025-02-28,26.6,9.9,82.7,3.6,Cloudy
916316,400570,2025-01-12,25.2,3.7,83.2,0.3,Cloudy
916317,403217,2025-05-06,25.0,14.2,49.0,9.6,Heavy Rain
916318,401907,2024-07-31,31.0,9.4,69.1,10.0,Cloudy
916319,404690,2025-11-28,37.2,3.2,57.2,2.7,Clear
916320,404773,2025-09-29,39.9,7.3,96.2,6.4,Rain
916321,403723,2025-11-05,21.4,8.0,62.6,18.7,Heavy Rain
916322,403414,2024-03-15,27.0,1.2,37.4,7.6,Clear
916323,404242,2026-02-23,47.0,4.3,64.3,6.4,Clear
916324,404631,2024-04-30,34.3,11.0,82.7,9.7,Haze
916325,402392,2024-07-09,29.7,6.9,45.9,12.8,Haze
916328,404441,2026-02-28,2.2,3.5,62.6,13.8,Clear
916329,404207,2025-04-22,17.8,6.2,81.0,22.5,Heavy Rain
916330,402340,2025-06-03,36.2,3.1,50.5,15.5,Rain
916331,403184,2025-08-28,28.9,7.4,30.8,28.6,Rain
916332,400720,2024-08-05,23.0,0.2,70.8,16.6,Clear
916333,400800,2024-03-04,34.2,13.5,61.2,1.9,Cloudy
916334,400466,2024-10-02,29.0,6.0,71.9,5.4,Rain
916335,401960,2026-05-23,39.3,7.3,55.9,6.5,Storm
916336,401409,2024-02-16,36.5,2.7,63.8,2.5,Haze
916337,403435,2024-11-03,23.6,3.5,80.4,7.5,Clear
916338,401175,2024-03-05,32.5,21.1,44.2,0.0,Rain
916339,402784,2026-05-25,4.8,0.1,91.6,4.6,Heavy Rain
916340,403091,2026-06-13,14.5,6.0,44.6,22.7,Haze
916341,402573,2026-07-12,22.9,22.0,68.3,8.5,Storm
916342,401675,2025-07-31,12.4,2.4,64.3,28.5,Storm
916343,402139,2025-08-23,17.2,0.2,97.6,7.4,Cloudy
916344,404135,2024-04-06,33.1,11.9,75.5,15.0,Rain
916345,400664,2025-08-28,37.9,12.6,49.9,24.2,Storm
916346,400362,2024-11-10,16.1,6.6,64.3,36.7,Haze
916347,401716,2024-11-15,29.9,0.2,83.8,2.4,Cloudy
916348,403919,2025-10-23,13.5,0.2,55.5,18.6,Storm
916349,402141,2024-09-04,34.0,2.7,65.2,9.9,Clear
916350,401667,2024-03-30,10.9,5.7,18.9,1.3,Rain
916351,402891,2025-02-21,21.0,0.9,34.9,8.9,Heavy Rain
916352,401915,2025-01-26,34.0,2.7,64.3,15.6,Haze
916353,404800,2024-07-24,19.5,24.5,42.1,10.4,Cloudy
916354,402351,2024-02-14,46.0,1.2,77.1,9.3,Rain
916355,400282,2024-08-22,20.1,12.9,75.3,20.0,Cloudy
916356,403401,2024-06-18,20.8,11.7,55.3,26.6,Haze
916357,402688,2025-07-31,27.0,8.2,65.0,0.1,Heavy Rain
916358,404931,2026-04-07,23.8,10.0,42.6,0.9,Rain
916359,401073,2024-06-17,34.6,2.9,58.7,3.2,Storm
916360,402083,2026-06-06,34.4,0.9,56.8,9.4,Rain
916361,402544,2025-04-27,38.9,1.0,73.6,3.8,Haze
916362,401703,2025-12-24,24.7,4.4,88.6,4.3,Storm
916363,402724,2024-05-01,35.3,5.9,39.8,1.5,Haze
916364,403022,2025-04-18,35.9,1.4,61.4,8.2,Cloudy
916365,400175,2025-05-21,27.4,22.1,92.7,37.0,Cloudy
916366,403821,2024-04-08,29.4,14.1,28.3,13.0,Clear
916367,401008,2024-01-22,18.4,4.8,92.1,33.1,Storm
916368,402823,2024-02-13,32.7,0.0,73.1,1.1,Clear
916369,403305,2026-02-16,28.3,0.4,52.8,4.4,Cloudy
916370,402654,2026-01-08,26.3,8.1,46.1,12.6,Clear
916371,400015,2026-01-21,20.9,22.2,76.0,6.7,Rain
916372,400004,2025-05-17,3.9,13.8,77.7,8.6,Rain
916373,403730,2024-06-09,29.5,1.0,52.0,9.5,Storm
916374,402152,2025-01-24,20.9,26.5,34.8,5.6,Cloudy
916375,400796,2025-03-13,17.2,5.7,29.9,16.2,Cloudy
916376,403292,2024-10-08,12.5,3.3,64.3,6.3,Clear
916377,400474,2026-04-09,33.8,7.6,58.9,16.1,Heavy Rain
916378,403887,2026-04-25,26.2,15.9,82.9,25.3,Heavy Rain
916379,402847,2025-12-30,37.7,2.2,54.2,1.6,Cloudy
916380,404482,2026-03-18,33.5,11.7,40.9,0.8,Clear
916381,400637,2025-08-04,27.1,5.5,48.3,2.8,Storm
916382,401243,2025-10-08,35.9,4.1,85.7,10.3,Haze
916383,403396,2024-06-06,21.0,2.0,69.0,15.7,Haze
916384,400940,2026-01-23,30.3,2.9,34.3,9.7,Storm
916385,400213,2025-10-07,27.5,3.8,66.2,4.0,Haze
916386,401387,2024-05-24,34.0,0.1,58.3,0.8,Storm
916387,400559,2025-09-08,23.7,1.2,59.3,7.6,Rain
916389,404183,2024-01-14,19.1,11.9,70.9,16.1,Storm
916390,403178,2026-07-03,28.5,1.4,66.7,11.5,Storm
916391,402088,2026-05-20,28.5,5.8,31.8,3.9,Cloudy
916392,400497,2025-08-25,40.8,9.5,59.6,3.8,Haze
916393,401889,2025-09-05,8.5,0.6,69.7,12.8,Haze
916394,401872,2026-05-06,13.6,0.0,94.2,21.2,Clear
916395,402260,2026-05-05,10.4,7.9,59.9,31.5,Rain
916396,404585,2024-05-09,22.9,1.4,52.7,6.7,Heavy Rain
916398,400415,2025-03-17,15.3,1.1,67.1,31.3,Cloudy
916399,402395,2025-02-02,24.4,1.4,53.6,36.4,Rain
916400,404959,2024-07-27,26.9,3.4,64.3,14.6,Rain
916401,404853,2024-08-25,32.2,9.7,87.5,3.7,Cloudy
916402,402791,2024-02-21,19.4,16.5,62.9,32.1,Storm
916403,402564,2026-02-19,34.2,5.9,66.9,17.7,Haze
916404,400412,2026-04-19,27.6,8.8,42.6,6.6,Clear
916405,400763,2024-01-19,24.2,15.0,89.6,24.2,Haze
916406,404312,2024-07-21,17.5,3.0,69.0,17.3,Storm
916407,404290,2024-06-11,24.2,1.8,70.8,14.3,Heavy Rain
916408,401242,2025-09-24,30.3,16.4,56.8,8.2,Clear
916410,402241,2025-02-13,37.9,12.7,79.1,5.2,Heavy Rain
916411,404561,2024-05-15,14.5,9.5,94.9,5.3,Heavy Rain
916412,404213,2024-08-10,7.6,0.3,72.6,28.0,Haze
916413,403759,2025-01-29,34.9,5.7,47.4,9.4,Rain
916414,404179,2025-05-28,28.4,1.6,83.2,12.4,Storm
916415,402140,2024-12-06,33.6,9.8,44.3,25.6,Rain
916416,404156,2024-06-11,23.1,8.7,92.8,4.3,Haze
916417,402374,2025-03-04,28.2,7.0,40.1,3.4,Rain
916419,402517,2024-12-07,31.2,5.1,62.3,5.2,Clear
916420,402924,2025-08-19,22.6,17.4,85.8,8.6,Clear
916421,402850,2025-06-21,35.0,7.4,62.7,19.2,Cloudy
916422,403891,2026-01-30,20.1,2.2,73.7,2.2,Clear
916423,403179,2026-01-22,37.3,2.3,60.9,3.8,Heavy Rain
916424,404382,2025-09-14,22.8,5.9,56.2,17.3,Rain
916425,400945,2024-11-07,21.4,1.5,64.8,11.0,Heavy Rain
916426,401735,2024-11-26,18.9,19.2,50.3,1.1,Heavy Rain
916427,400562,2026-05-19,20.9,4.1,80.8,2.5,Clear
916428,400007,2026-02-06,36.3,12.8,70.5,5.8,Storm
916429,404139,2025-06-30,30.4,18.7,76.5,14.8,Cloudy
916431,401486,2025-01-24,27.6,6.1,61.1,23.3,Clear
916432,403205,2025-02-06,6.8,0.7,91.9,0.2,Haze
916433,400524,2025-01-29,33.1,38.6,85.9,2.4,Clear
916434,404362,2026-02-16,33.5,1.1,83.9,1.6,Clear
916435,404998,2026-03-09,36.1,3.4,80.6,7.9,Heavy Rain
916436,403007,2024-07-25,44.4,17.8,37.1,0.9,Clear
916437,401339,2024-07-04,33.4,2.8,86.5,18.1,Rain
916438,401740,2024-02-03,31.4,7.6,33.3,12.2,Haze
916439,400682,2024-03-19,31.0,2.0,58.0,5.9,Cloudy
916440,400826,2024-08-18,17.2,7.3,46.2,5.5,Storm
916441,404901,2026-04-13,21.8,11.8,50.9,8.8,Storm
916442,401227,2025-06-27,29.5,1.6,68.4,2.6,Rain
916443,403470,2025-12-07,26.0,6.2,51.2,5.0,Clear
916444,401981,2026-05-18,26.8,2.9,58.3,2.1,Rain
916445,402886,2024-07-03,21.3,1.2,77.7,91.3,Clear
916446,402957,2026-05-07,35.5,22.4,64.3,2.9,Storm
916447,404399,2025-09-16,28.2,1.3,87.4,21.3,Clear
916448,401182,2025-03-25,16.2,3.2,63.4,1.6,Heavy Rain
916449,403200,2025-09-16,43.5,0.8,83.3,1.7,Rain
916450,403220,2024-11-09,29.7,18.1,65.4,5.2,Clear
916451,404366,2024-05-19,44.4,0.6,52.8,6.3,Rain
916452,402552,2024-01-27,36.8,7.0,64.3,4.2,Clear
916453,403604,2026-02-15,21.7,8.0,64.8,5.2,Storm
916454,403345,2024-02-03,24.5,0.1,55.5,4.9,Clear
916455,400668,2025-02-07,32.3,7.3,53.7,9.4,Rain
916456,400415,2026-01-15,22.5,2.1,52.7,5.1,Rain
916457,403637,2025-04-04,28.5,6.3,73.0,4.7,Rain
916458,400938,2024-10-26,39.0,3.0,81.4,18.8,Rain
916459,403328,2026-04-20,35.3,7.0,51.3,17.4,Rain
916460,400083,2024-07-05,24.2,5.5,74.2,0.6,Storm
916461,402153,2026-06-21,47.6,15.6,60.2,22.4,Storm
916462,403169,2026-03-14,33.4,2.2,99.0,26.0,Rain
916463,403174,2024-06-01,34.2,1.9,67.6,3.3,Cloudy
916464,401462,2024-05-18,21.6,18.3,56.4,5.0,Rain
916465,402696,2024-08-10,31.3,4.0,50.1,15.3,Cloudy
916466,402676,2024-10-18,20.2,5.5,76.9,0.8,Storm
916467,404044,2026-06-15,45.5,0.4,56.6,5.5,Clear
916468,400421,2024-09-30,29.5,0.0,84.2,9.7,Rain
916469,403320,2025-10-14,8.8,0.3,72.6,5.9,Heavy Rain
916470,402319,2025-06-04,13.7,53.6,73.8,0.8,Heavy Rain
916471,404566,2025-05-14,25.1,5.1,63.8,4.0,Cloudy
916472,401912,2025-11-15,19.7,7.4,64.3,9.5,Haze
916473,401372,2026-07-07,18.2,3.9,55.5,7.2,Storm
916474,400115,2025-07-01,23.6,1.4,38.5,4.9,Rain
916475,400966,2024-10-01,45.4,1.4,77.3,3.9,Heavy Rain
916476,404534,2025-01-26,23.5,4.9,66.2,1.5,Heavy Rain
916477,403578,2024-08-24,27.6,1.4,90.4,11.9,Clear
916478,402911,2025-04-30,33.1,3.6,74.6,0.9,Haze
916479,400132,2025-05-15,36.6,6.2,86.8,7.2,Haze
916480,400949,2025-12-10,13.9,8.4,70.8,3.6,Clear
916481,403439,2024-04-25,29.6,0.4,32.4,17.2,Rain
916482,400558,2024-08-30,24.6,7.2,84.0,11.0,Clear
916483,404273,2024-08-15,24.4,1.2,91.3,4.6,Clear
916485,404988,2025-12-15,25.0,1.7,21.2,67.7,Haze
916486,400115,2024-06-24,43.5,1.7,59.7,6.1,Clear
916487,400456,2024-08-28,22.6,2.2,51.7,42.6,Haze
916488,403748,2025-03-23,21.1,37.0,46.8,16.0,Cloudy
916489,401626,2024-08-18,19.6,6.8,50.2,10.3,Heavy Rain
916490,404908,2026-03-30,27.2,0.0,49.3,8.3,Cloudy
916491,403660,2024-04-24,12.0,14.1,59.8,12.0,Heavy Rain
916492,402092,2024-02-26,13.7,14.2,23.9,16.9,Clear
916493,400713,2025-01-15,26.0,14.8,81.5,0.4,Clear
916494,404926,2026-02-23,38.0,2.3,71.1,0.3,Storm
916495,400441,2026-01-08,26.6,2.2,67.7,1.0,Storm
916496,404004,2024-01-08,17.4,3.3,42.3,15.2,Clear
916497,401631,2024-12-16,47.0,2.2,56.3,11.8,Clear
916499,401211,2025-06-07,22.6,3.0,71.4,6.2,Clear
916500,402498,2025-03-21,40.1,3.7,40.7,3.3,Heavy Rain
916501,404274,2026-06-11,10.5,3.6,74.6,0.4,Heavy Rain
916502,400802,2025-08-25,18.4,1.4,84.5,18.6,Rain
916503,403256,2025-02-03,29.3,5.5,65.3,6.4,Haze
916504,402218,2024-05-20,37.6,1.6,32.3,1.6,Clear
916505,404482,2026-02-01,41.2,1.6,59.3,4.2,Heavy Rain
916506,404202,2024-05-24,24.0,18.3,52.4,6.4,Cloudy
916507,404191,2024-09-15,30.3,9.6,33.9,10.9,Rain
916508,401181,2026-03-29,32.3,0.5,50.4,14.5,Haze
916509,400305,2026-06-18,22.8,16.0,57.3,25.2,Clear
916510,404954,2024-07-18,20.3,2.5,45.5,4.3,Haze
916511,404032,2025-02-02,23.5,0.5,66.5,12.4,Rain
916512,401592,2025-07-11,27.3,8.7,53.8,9.1,Rain
916513,402178,2025-10-18,38.9,36.4,55.9,13.9,Haze
916514,401169,2025-12-08,27.2,18.3,68.7,2.8,Heavy Rain
916515,403986,2024-10-09,33.7,6.7,64.3,16.2,Clear
916516,404931,2024-04-13,22.9,5.5,41.4,10.3,Heavy Rain
916517,400812,2024-01-17,13.3,2.7,96.5,5.8,Storm
916518,404062,2025-09-14,15.8,0.8,64.3,11.0,Storm
916519,404684,2026-02-15,23.5,1.1,69.0,8.8,Heavy Rain
916520,401073,2024-04-07,39.6,8.1,47.0,9.7,Rain
916521,400087,2025-07-11,15.1,9.5,78.3,18.0,Heavy Rain
916522,402965,2024-05-17,34.4,10.7,42.7,29.5,Clear
916523,403328,2024-06-22,15.9,11.7,62.1,20.3,Heavy Rain
916524,402130,2026-01-22,39.9,0.7,79.8,15.1,Heavy Rain
916525,401392,2024-02-28,23.1,2.3,68.2,27.7,Storm
916526,400589,2024-08-05,27.9,2.0,64.6,15.9,Rain
916527,403520,2024-06-13,19.0,29.1,74.6,0.8,Clear
916528,404915,2025-03-06,14.5,17.7,57.6,11.4,Haze
916529,402554,2025-01-03,28.5,7.7,81.6,1.0,Haze
916530,404960,2024-10-22,15.1,4.8,48.5,8.3,Storm
916531,401852,2025-12-31,31.2,0.7,77.6,2.7,Cloudy
916532,404817,2026-06-20,37.5,1.7,35.5,7.7,Rain
916533,401827,2025-12-20,22.4,7.6,69.1,17.8,Storm
916534,402540,2026-07-05,16.6,4.7,61.2,13.1,Haze
916535,400319,2024-12-08,29.8,11.7,79.7,10.2,Rain
916536,404400,2024-02-06,35.0,2.6,70.9,9.7,Cloudy
916537,400002,2024-02-14,32.6,7.0,76.9,28.9,Storm
916538,404480,2025-05-23,23.8,1.8,63.6,5.9,Rain
916539,404965,2024-09-16,32.4,20.3,77.4,22.5,Clear
916540,403793,2026-05-29,27.8,6.6,52.9,3.4,Cloudy
916541,400281,2024-11-03,32.5,12.6,74.1,19.3,Heavy Rain
916542,402286,2025-12-08,31.1,20.9,59.7,11.1,Rain
916543,402307,2024-11-21,33.2,2.4,46.3,14.7,Storm
916544,403026,2024-01-06,15.6,6.5,63.6,20.8,Cloudy
916545,404551,2025-07-24,15.6,0.7,65.1,8.2,Haze
916546,402801,2024-10-02,37.3,1.9,60.8,17.2,Rain
916547,400794,2024-04-09,16.0,7.6,93.7,10.8,Clear
916548,401730,2026-05-29,23.4,3.0,64.9,11.5,Haze
916549,400605,2025-01-07,28.0,13.2,65.0,4.7,Storm
916550,404007,2024-02-29,21.3,12.3,43.8,15.1,Rain
916551,404007,2024-12-24,33.7,5.1,40.8,2.8,Heavy Rain
916552,403106,2025-11-26,33.4,0.2,72.9,9.7,Heavy Rain
916553,403136,2025-06-03,39.6,4.3,67.8,24.2,Clear
916554,403737,2024-11-15,23.0,16.1,75.8,18.7,Storm
916555,401063,2024-05-08,25.2,0.3,77.5,6.4,Rain
916556,401404,2024-08-27,27.3,9.0,52.9,24.3,Clear
916557,401725,2024-12-15,29.3,9.1,57.3,42.5,Clear
916558,403417,2024-11-13,33.6,3.7,88.8,19.8,Clear
916559,401550,2026-05-17,22.2,2.7,40.0,27.5,Rain
916560,402358,2025-01-27,23.5,1.2,53.9,4.4,Clear
916561,402364,2026-04-19,37.2,19.4,38.5,6.6,Clear
916562,402246,2025-04-12,22.3,43.3,40.2,1.4,Haze
916563,402788,2024-02-02,23.9,10.7,70.5,6.5,Heavy Rain
916564,402123,2026-06-03,32.5,29.2,67.6,22.2,Storm
916565,400787,2024-05-16,33.4,8.1,52.2,12.4,Heavy Rain
916566,400300,2024-07-01,28.2,2.3,64.3,21.5,Rain
916567,403456,2024-11-05,21.6,0.9,66.9,18.6,Haze
916568,403965,2025-03-19,26.7,6.0,43.0,5.3,Cloudy
916569,404951,2024-02-01,27.6,5.9,65.7,0.6,Clear
916570,402480,2026-02-23,31.0,0.3,16.9,18.8,Rain
916571,400429,2025-12-30,30.9,24.8,89.4,0.1,Cloudy
916572,402564,2024-04-11,27.0,2.2,72.6,0.0,Cloudy
916573,404834,2025-11-22,22.8,10.3,73.7,47.4,Rain
916574,402750,2026-06-20,34.0,3.5,55.0,0.8,Heavy Rain
916575,404451,2024-11-05,29.6,3.0,72.1,1.1,Rain
916576,400483,2025-09-19,22.7,5.6,75.7,16.3,Cloudy
916577,403272,2025-04-20,33.5,16.9,63.3,0.9,Cloudy
916578,401693,2024-06-07,21.6,13.6,53.8,3.9,Heavy Rain
916579,402763,2024-05-11,45.6,0.8,49.2,10.3,Storm
916580,403809,2026-04-27,27.9,5.8,78.7,12.1,Heavy Rain
916581,404702,2026-04-09,21.2,1.2,71.5,3.6,Haze
916582,402348,2025-02-21,29.0,2.1,89.6,3.7,Clear
916583,400287,2024-07-26,30.6,0.3,86.3,14.8,Rain
916584,400075,2026-02-13,29.4,10.2,72.8,28.4,Storm
916585,404408,2025-12-27,13.8,4.0,72.9,4.2,Storm
916586,402249,2024-11-10,39.1,0.7,54.7,12.3,Cloudy
916587,404702,2026-06-09,28.6,10.1,73.1,6.6,Rain
916588,404313,2026-06-15,27.2,10.7,75.2,7.5,Rain
916589,403803,2025-11-14,12.5,5.4,47.3,13.5,Cloudy
916590,400912,2025-06-13,29.8,15.7,81.5,29.9,Storm
916591,402943,2025-03-04,29.9,0.0,49.0,7.8,Clear
916592,404531,2025-01-01,21.6,16.3,90.2,8.9,Rain
916593,402733,2026-03-06,48.4,10.9,67.1,5.9,Rain
916594,400869,2024-12-18,21.9,8.8,62.8,22.4,Rain
916595,404454,2024-08-10,43.2,4.2,37.4,11.6,Heavy Rain
916596,403033,2024-03-18,16.0,2.2,67.5,29.9,Cloudy
916597,402075,2025-01-13,31.1,31.5,57.3,34.7,Cloudy
916598,401216,2024-12-25,18.5,35.7,87.4,29.9,Cloudy
916599,403392,2024-12-14,41.4,2.7,62.0,2.9,Rain
916600,402542,2024-03-27,36.9,29.3,54.5,24.8,Haze
916601,403820,2025-05-28,22.3,0.6,71.4,5.5,Heavy Rain
916602,401360,2025-06-20,31.6,1.5,48.0,23.5,Storm
916603,402545,2026-03-05,20.3,3.8,64.9,4.3,Haze
916604,403795,2024-02-26,31.8,41.6,59.7,4.8,Heavy Rain
916605,401987,2024-07-03,31.0,19.1,57.9,4.2,Haze
916606,403019,2025-11-10,16.6,16.8,63.3,3.2,Rain
916607,401247,2026-02-15,36.3,1.5,68.4,0.8,Heavy Rain
916609,404117,2025-04-20,37.0,4.0,65.2,19.2,Clear
916610,403971,2026-07-07,27.0,37.9,63.7,6.4,Storm
916611,401422,2024-06-07,29.8,5.0,76.5,4.4,Rain
916612,404992,2026-04-25,26.0,4.9,75.9,22.6,Cloudy
916613,402896,2025-05-13,34.1,6.8,75.8,15.6,Heavy Rain
916614,401516,2024-05-14,34.8,27.0,55.6,5.7,Heavy Rain
916615,403635,2024-09-08,19.8,5.6,72.9,6.0,Rain
916616,403288,2024-04-19,31.2,8.4,99.6,3.0,Storm
916617,400424,2024-07-23,24.0,37.1,58.9,1.5,Rain
916618,402768,2024-04-17,14.0,1.1,54.0,2.7,Rain
916619,404711,2026-02-04,26.3,0.4,53.0,24.2,Cloudy
916620,404756,2025-07-11,35.0,19.5,83.4,11.2,Clear
916621,400253,2025-05-08,13.7,4.6,73.5,5.2,Haze
916622,402266,2024-05-13,31.6,0.1,75.1,1.9,Clear
916623,402433,2024-09-11,24.0,5.1,56.9,17.2,Cloudy
916624,403722,2024-10-16,29.0,3.2,76.3,7.3,Heavy Rain
916625,401396,2024-04-25,22.2,13.9,72.3,14.3,Cloudy
916626,401458,2025-09-27,17.4,4.1,59.3,1.0,Cloudy
916627,402657,2026-03-17,40.7,31.5,89.9,1.6,Cloudy
916628,403011,2026-05-20,26.7,5.5,72.7,26.1,Haze
916629,404653,2024-11-07,21.1,16.8,49.3,4.1,Cloudy
916630,402668,2024-04-10,31.0,7.4,57.8,1.5,Rain
916631,403537,2025-07-08,14.6,5.8,21.6,25.2,Heavy Rain
916632,400046,2025-01-09,2.2,9.6,51.9,0.0,Storm
916633,403740,2024-12-25,18.5,7.9,40.4,7.7,Rain
916634,402514,2024-06-21,23.2,28.4,64.3,8.9,Haze
916635,403092,2025-09-01,21.6,10.3,66.1,10.6,Haze
916636,400584,2024-04-17,25.8,6.4,52.8,20.5,Rain
916637,402044,2025-03-14,31.9,0.5,59.4,11.6,Storm
916638,400538,2026-03-04,26.7,3.6,62.2,7.5,Clear
916639,401064,2024-02-21,12.8,2.4,64.3,5.5,Heavy Rain
916640,404134,2026-01-28,35.7,8.9,62.7,35.6,Clear
916641,403984,2024-05-18,31.4,1.0,82.4,15.3,Haze
916642,404574,2024-06-18,32.4,0.2,54.4,6.0,Haze
916643,401048,2024-04-07,23.7,14.0,48.4,0.7,Rain
916644,400190,2024-08-17,27.7,7.5,37.6,14.7,Haze
916645,402220,2026-03-12,22.1,0.5,61.5,2.7,Haze
916646,403871,2025-08-31,31.9,6.8,82.4,0.5,Cloudy
916647,403753,2025-06-28,34.6,8.6,47.9,0.2,Rain
916648,402077,2024-09-05,33.6,0.6,71.6,20.9,Rain
916649,403847,2026-05-02,24.1,8.3,58.0,9.3,Clear
916650,402462,2024-03-28,20.7,5.5,60.9,29.9,Rain
916651,403133,2025-02-24,22.5,14.2,80.0,9.7,Storm
916652,404685,2025-01-16,28.0,6.1,66.6,0.2,Cloudy
916653,404419,2026-02-03,8.6,4.2,61.7,11.1,Cloudy
916654,402448,2025-10-05,30.4,10.6,64.3,5.5,Rain
916655,402561,2026-07-16,29.6,10.1,66.5,57.9,Haze
916656,401695,2024-02-25,23.5,0.0,39.8,1.5,Cloudy
916657,403660,2025-11-24,25.4,3.2,70.0,4.2,Heavy Rain
916658,401001,2024-02-26,29.9,12.5,62.4,1.8,Cloudy
916659,403826,2025-05-12,32.4,7.8,38.2,7.2,Storm
916660,403622,2024-02-27,26.8,14.0,61.1,6.7,Haze
916661,400998,2026-04-13,15.1,13.2,57.6,5.1,Storm
916662,400599,2024-11-09,30.8,2.2,50.8,40.9,Cloudy
916663,401776,2026-02-16,36.7,4.5,50.9,3.6,Haze
916664,401129,2024-11-27,40.4,18.3,84.1,31.3,Storm
916666,402647,2025-11-06,25.4,8.8,85.2,8.1,Heavy Rain
916667,402003,2025-07-03,16.2,14.2,90.6,12.0,Cloudy
916668,402724,2026-01-15,35.2,13.5,59.4,20.4,Heavy Rain
916669,404002,2024-06-30,31.0,5.8,75.1,5.4,Clear
916670,403882,2026-03-01,36.7,4.6,63.6,10.1,Heavy Rain
916671,401946,2026-06-28,19.7,11.0,56.2,30.9,Clear
916672,402288,2025-06-21,27.6,18.4,37.0,4.0,Haze
916673,403095,2026-02-10,20.3,4.1,89.6,33.4,Rain
916674,404663,2026-04-26,23.8,24.4,58.3,9.0,Clear
916675,404420,2024-06-20,21.0,0.7,53.7,2.3,Storm
916676,404829,2024-11-15,30.5,1.4,61.6,25.9,Heavy Rain
916678,401311,2025-11-30,33.0,0.2,61.9,3.0,Clear
916679,402722,2024-02-07,24.2,4.8,62.7,18.3,Cloudy
916680,401294,2025-06-26,31.8,2.1,55.6,5.2,Cloudy
916681,404650,2025-02-08,24.7,1.4,48.1,13.2,Rain
916682,403982,2024-03-04,32.6,13.7,61.1,4.4,Cloudy
916683,402757,2024-03-18,21.2,20.0,81.1,0.4,Cloudy
916684,401411,2025-03-04,21.7,9.7,75.9,8.5,Storm
916685,400050,2024-05-29,13.5,17.1,53.1,3.4,Haze
916686,400413,2024-10-26,24.1,9.4,69.8,36.7,Rain
916687,404438,2025-07-19,27.2,0.9,63.0,38.0,Clear
916688,402001,2024-07-27,25.0,0.6,74.8,8.4,Rain
916689,402717,2024-01-03,21.8,6.6,74.3,2.2,Cloudy
916690,404362,2024-07-04,22.7,18.4,76.4,5.0,Haze
916691,400669,2024-01-11,29.3,10.6,79.0,11.0,Heavy Rain
916692,402757,2025-09-05,21.4,7.8,56.0,14.0,Haze
916693,401802,2024-06-06,18.0,0.7,68.8,5.0,Rain
916694,404731,2025-09-23,9.5,0.4,51.3,2.1,Clear
916695,404341,2025-07-06,28.2,13.7,33.1,10.7,Clear
916696,403501,2026-01-08,19.6,16.4,85.6,8.4,Haze
916697,401993,2025-08-04,22.2,0.4,72.1,9.4,Haze
916698,404542,2026-03-22,27.0,6.1,39.2,3.1,Rain
916699,401266,2025-11-08,28.5,14.8,63.4,4.8,Haze
916700,402172,2024-07-02,20.1,0.2,62.1,6.9,Rain
916701,404926,2025-07-12,22.2,0.2,50.2,19.2,Rain
916702,401919,2025-05-03,25.0,0.6,44.0,7.5,Rain
916703,400302,2025-07-22,18.4,8.8,93.3,8.8,Cloudy
916704,404444,2024-07-15,21.8,8.5,61.5,1.4,Haze
916705,404869,2026-02-08,23.1,5.9,73.1,4.4,Clear
916706,402302,2025-02-13,38.8,1.4,85.3,19.0,Rain
916707,402945,2024-06-14,38.1,10.4,64.0,23.2,Rain
916708,402419,2024-12-26,17.9,0.5,81.9,24.6,Haze
916709,403224,2024-08-21,25.9,2.2,79.0,10.6,Haze
916710,400160,2024-02-16,18.3,17.6,38.7,4.2,Heavy Rain
916711,401541,2026-01-04,16.7,8.4,64.3,5.5,Heavy Rain
916712,403888,2024-08-20,21.3,10.8,56.5,6.1,Haze
916713,402295,2024-07-04,8.4,21.2,54.5,8.9,Clear
916714,401597,2025-10-31,21.5,2.4,46.2,1.5,Cloudy
916715,403039,2024-04-14,28.0,12.5,75.3,43.6,Clear
916716,404334,2024-11-02,16.2,37.4,54.9,33.8,Cloudy
916717,404417,2024-02-01,17.9,1.8,84.2,3.0,Cloudy
916718,402006,2024-12-07,34.6,3.6,54.1,2.3,Cloudy
916719,400367,2024-10-06,22.7,2.0,81.4,51.9,Storm
916720,403913,2024-11-15,19.0,15.0,41.1,0.0,Clear
916721,401533,2025-09-20,24.5,10.6,98.7,38.4,Rain
916722,402996,2025-06-30,24.2,7.2,82.1,6.4,Cloudy
916723,403297,2024-05-16,33.6,37.0,87.4,3.1,Heavy Rain
916724,401187,2026-02-14,17.4,8.4,86.2,11.8,Storm
916725,404558,2024-09-11,38.5,10.6,64.6,3.2,Storm
916726,401597,2025-07-13,25.4,1.8,63.5,7.7,Cloudy
916727,400424,2024-04-12,24.9,8.2,64.6,32.6,Heavy Rain
916728,404101,2025-10-24,19.8,2.1,88.3,0.1,Heavy Rain
916729,404389,2025-02-23,25.4,4.3,64.9,0.2,Haze
916730,401188,2026-01-31,31.6,6.7,51.6,3.6,Storm
916731,401149,2025-01-25,43.8,5.5,96.9,3.9,Heavy Rain
916732,400811,2025-12-04,36.3,9.0,38.3,14.1,Cloudy
916733,404371,2025-03-30,30.4,11.1,60.7,3.0,Haze
916734,400682,2025-09-17,16.9,3.5,62.3,1.4,Heavy Rain
916735,401145,2025-06-30,25.4,0.5,60.0,1.2,Haze
916736,404178,2024-02-28,31.8,0.3,79.1,3.4,Storm
916737,400472,2025-05-31,26.9,2.2,61.9,2.8,Heavy Rain
916738,400397,2024-11-10,22.3,2.3,69.7,0.7,Heavy Rain
916739,403780,2024-05-03,29.3,5.5,51.6,30.4,Storm
916740,403853,2024-08-04,37.4,1.9,8.2,7.2,Rain
916741,404488,2026-04-23,15.8,2.9,82.8,18.1,Clear
916742,404226,2026-06-08,27.2,18.1,47.7,4.6,Storm
916743,402187,2024-01-28,36.0,9.8,43.0,12.2,Cloudy
916744,400456,2024-08-10,27.0,7.3,74.6,14.7,Rain
916745,400723,2024-08-10,20.8,7.2,78.9,0.4,Storm
916746,400990,2025-11-07,23.8,4.5,66.9,0.2,Heavy Rain
916747,401924,2025-11-26,25.2,7.3,67.1,5.3,Haze
916748,403120,2025-07-11,35.5,11.3,87.9,14.4,Cloudy
916749,404705,2025-04-04,16.3,12.3,55.3,15.5,Heavy Rain
916750,404666,2024-07-03,24.8,3.6,76.9,4.3,Haze
916751,401311,2025-07-25,19.8,2.6,54.4,8.0,Cloudy
916752,404654,2026-04-14,31.5,2.8,57.7,3.9,Rain
916753,404842,2024-08-08,35.4,1.7,40.9,33.2,Cloudy
916754,402490,2025-12-22,21.0,14.1,62.7,4.7,Storm
916755,402872,2024-09-11,18.1,7.8,92.0,15.6,Cloudy
916756,400340,2025-05-07,27.1,3.5,68.0,6.7,Haze
916757,404827,2025-01-30,42.2,6.8,72.1,0.1,Rain
916758,403629,2026-04-08,33.3,0.3,66.2,0.9,Heavy Rain
916759,400552,2026-02-11,27.2,29.9,66.6,5.5,Haze
916761,402483,2024-05-01,22.6,8.9,72.8,1.3,Rain
916762,403789,2025-03-24,30.2,6.7,67.0,0.2,Cloudy
916763,402904,2024-04-16,31.1,16.1,67.2,27.7,Rain
916764,401886,2025-11-17,23.3,0.6,64.3,0.7,Cloudy
916765,401820,2026-06-10,14.9,2.9,54.2,7.4,Storm
916766,404499,2026-06-02,19.3,5.5,82.6,1.4,Clear
916767,401386,2024-11-08,21.7,0.2,75.4,7.6,Heavy Rain
916768,400011,2025-12-20,21.6,0.9,75.7,12.9,Storm
916769,400224,2026-04-18,19.8,3.0,45.7,1.4,Rain
916770,404268,2025-04-25,12.4,4.7,46.3,2.9,Rain
916771,403312,2025-05-04,21.6,1.1,57.3,5.2,Storm
916772,400644,2025-07-28,28.6,3.7,66.3,1.9,Rain
916773,404772,2025-03-18,18.1,1.1,62.1,9.6,Cloudy
916774,403634,2025-10-27,31.0,0.7,67.6,0.8,Storm
916775,402782,2026-03-15,16.7,2.2,45.1,10.3,Rain
916776,400824,2024-07-14,23.9,5.1,37.3,8.9,Heavy Rain
916777,401283,2026-02-24,14.3,13.9,82.2,3.1,Storm
916778,401464,2025-01-06,23.8,9.0,56.4,7.1,Cloudy
916779,403150,2024-02-05,30.4,30.6,74.1,36.3,Storm
916780,403815,2024-03-18,18.2,0.2,43.3,2.5,Clear
916781,402482,2024-04-12,4.7,22.2,55.7,48.3,Rain
916782,401441,2025-09-29,16.5,4.3,82.2,19.2,Haze
916783,403014,2025-11-29,30.6,1.7,76.7,3.0,Heavy Rain
916784,403860,2025-02-23,12.1,0.8,80.2,29.8,Heavy Rain
916785,400504,2024-07-06,22.0,3.5,36.6,12.0,Clear
916786,402249,2025-03-05,28.8,5.3,56.1,2.1,Cloudy
916787,402184,2026-05-27,18.5,3.0,69.2,3.6,Haze
916788,402206,2024-10-31,30.4,2.2,67.0,18.9,Cloudy
916789,402598,2025-07-26,27.6,5.5,54.9,11.3,Clear
916790,403508,2025-07-17,32.2,16.8,54.0,26.1,Storm
916792,402394,2024-03-08,29.7,14.9,46.6,1.2,Heavy Rain
916793,403466,2025-06-18,37.5,7.2,67.8,2.5,Clear
916794,404969,2025-01-11,25.7,4.7,66.7,3.9,Haze
916795,404941,2025-08-13,27.6,2.8,37.3,4.5,Rain
916796,404556,2024-10-13,36.9,18.5,55.1,5.4,Cloudy
916797,401809,2025-04-08,41.1,2.1,37.8,9.8,Haze
916798,402494,2024-10-05,28.1,3.7,77.3,0.8,Cloudy
916799,400029,2025-06-24,22.3,0.5,62.3,40.5,Heavy Rain
916800,404487,2026-07-05,33.1,6.1,72.5,1.9,Haze
916801,401870,2024-01-26,11.1,5.7,54.4,7.1,Cloudy
916802,403230,2025-02-13,25.8,2.7,65.8,6.7,Storm
916803,404972,2026-02-15,17.8,25.6,46.2,12.8,Haze
916804,401754,2026-03-23,30.5,15.8,75.5,14.9,Clear
916805,402019,2024-06-09,19.6,9.0,81.3,4.2,Clear
916806,402856,2024-12-20,28.4,10.3,76.3,63.2,Haze
916807,400815,2026-07-08,19.0,7.2,44.3,6.9,Rain
916808,403469,2025-01-23,15.2,4.7,70.2,4.0,Cloudy
916809,402178,2026-04-06,18.0,6.5,58.1,14.1,Heavy Rain
916810,400775,2025-01-14,29.1,6.0,55.4,0.3,Cloudy
916811,400619,2025-02-08,20.1,3.1,60.7,14.7,Cloudy
916812,401486,2024-07-12,21.7,18.5,65.7,25.6,Heavy Rain
916813,400529,2026-06-20,33.8,13.8,16.3,0.4,Heavy Rain
916814,401174,2025-05-30,21.3,0.8,62.1,9.7,Heavy Rain
916815,403942,2025-08-18,23.5,5.5,63.0,25.9,Heavy Rain
916816,400191,2024-01-25,19.1,0.1,53.0,17.1,Haze
916817,402395,2024-10-31,18.6,19.8,61.1,8.8,Clear
916818,402053,2026-01-08,27.8,0.9,67.5,7.7,Heavy Rain
916819,403996,2026-03-23,32.2,9.7,61.4,2.3,Heavy Rain
916820,400181,2025-09-09,24.8,10.2,47.8,13.9,Haze
916821,404545,2026-03-17,29.0,0.7,62.3,3.0,Cloudy
916822,400876,2025-04-29,18.6,2.6,65.8,1.7,Rain
916823,402678,2024-05-31,24.0,7.6,51.0,3.4,Rain
916824,403366,2024-11-01,28.1,34.4,28.7,2.9,Rain
916825,401516,2024-08-24,28.1,7.9,89.7,5.1,Rain
916826,401243,2025-12-20,25.4,7.0,45.6,4.0,Cloudy
916827,404814,2024-05-08,33.7,10.1,91.7,4.7,Heavy Rain
916828,404336,2025-06-28,17.7,4.1,95.7,10.8,Heavy Rain
916829,402435,2024-10-31,31.9,8.1,61.1,23.3,Rain
916830,400940,2026-01-26,20.3,23.2,51.9,0.1,Heavy Rain
916831,403950,2026-05-31,24.2,7.1,44.2,11.0,Storm
916832,404528,2026-03-13,28.5,0.8,72.3,0.3,Haze
916833,402496,2025-07-18,21.8,2.7,94.9,7.8,Haze
916834,400265,2025-01-29,26.7,2.1,64.3,17.3,Storm
916835,401776,2025-04-24,33.1,5.5,31.8,6.2,Heavy Rain
916836,403538,2025-02-18,33.1,5.3,63.8,8.2,Haze
916838,402679,2024-03-16,16.5,4.5,49.5,6.5,Clear
916839,400928,2025-09-18,13.6,9.5,83.6,27.7,Haze
916840,401438,2024-01-01,9.5,5.4,53.8,3.2,Clear
916841,404695,2025-04-14,15.4,0.4,36.9,3.4,Storm
916842,400303,2025-01-05,13.4,0.3,83.5,1.3,Clear
916843,400348,2026-01-25,23.9,9.8,45.9,5.5,Clear
916844,400659,2025-09-23,32.4,8.8,67.9,6.3,Rain
916845,404891,2024-07-02,38.9,14.0,74.5,8.7,Clear
916846,401888,2025-06-15,34.6,2.1,50.5,9.7,Heavy Rain
916847,403483,2024-10-20,18.9,10.6,83.9,4.1,Clear
916848,401597,2024-07-15,19.3,14.9,76.6,25.0,Cloudy
916849,401895,2025-03-11,29.7,7.2,64.3,27.7,Rain
916850,401788,2024-02-19,35.9,10.9,54.0,16.1,Haze
916851,403164,2024-09-21,34.2,1.4,68.0,5.8,Clear
916852,401619,2026-04-16,23.0,1.5,53.3,13.3,Clear
916853,400852,2026-03-16,14.1,20.1,96.1,0.1,Cloudy
916854,401037,2025-12-17,25.7,6.5,79.7,3.2,Cloudy
916855,401324,2024-11-13,27.5,1.0,52.1,16.7,Storm
916856,404670,2025-03-03,25.4,3.6,89.0,2.1,Haze
916857,403310,2025-05-06,29.5,9.6,65.1,22.9,Rain
916858,404401,2024-08-13,19.1,13.2,54.5,5.9,Haze
916859,401032,2025-01-22,15.7,10.8,74.5,6.7,Clear
916860,401992,2025-04-07,21.7,4.7,51.2,35.5,Clear
916861,404408,2025-04-02,11.4,5.8,41.8,0.1,Haze
916862,404972,2024-09-09,20.5,6.3,57.3,2.7,Haze
916863,403247,2026-06-22,13.5,1.1,53.0,14.1,Rain
916864,403614,2026-06-13,28.7,4.7,68.5,4.2,Rain
916865,400566,2026-03-16,22.6,5.3,80.9,18.0,Rain
916866,401124,2025-07-25,20.7,3.7,68.5,2.8,Clear
916867,401275,2026-02-05,35.7,13.7,61.8,8.6,Cloudy
916868,404549,2024-02-15,20.7,4.5,58.1,0.1,Heavy Rain
916869,402737,2024-10-09,32.5,3.7,64.2,3.8,Storm
916870,400658,2026-05-05,23.4,5.5,36.8,1.5,Cloudy
916871,401414,2024-03-23,16.9,5.5,90.1,27.8,Haze
916872,404199,2024-06-12,37.3,15.6,51.2,26.2,Rain
916873,402862,2025-09-03,22.0,8.9,56.8,1.0,Rain
916874,400865,2025-06-03,29.1,0.8,52.8,16.5,Heavy Rain
916875,401591,2025-11-23,24.5,1.5,81.3,6.0,Haze
916876,400819,2025-02-23,21.7,7.2,34.7,34.5,Cloudy
916877,401549,2025-04-16,38.3,10.0,63.4,26.5,Storm
916879,404895,2024-01-29,25.3,1.5,74.8,4.2,Clear
916880,402562,2026-02-03,32.4,1.8,57.7,2.5,Cloudy
916881,402455,2026-04-25,22.4,5.2,55.0,15.5,Clear
916882,403953,2025-08-09,34.5,0.1,61.7,8.8,Storm
916883,402192,2024-10-28,38.0,3.4,43.3,0.9,Storm
916884,402993,2025-03-03,32.5,0.9,77.8,18.8,Clear
916885,403307,2024-07-16,26.7,12.3,54.1,1.9,Cloudy
916886,401482,2025-10-17,15.6,22.1,86.7,1.9,Haze
916887,404599,2024-08-04,21.8,3.0,84.5,13.4,Haze
916888,401126,2025-06-07,24.4,1.8,64.3,8.6,Heavy Rain
916889,403407,2026-04-20,27.0,4.3,58.0,5.1,Storm
916890,404138,2026-03-04,10.1,7.0,65.1,71.1,Haze
916891,401898,2024-11-10,25.5,5.2,82.5,9.0,Heavy Rain
916892,402266,2025-02-18,29.8,2.0,66.7,22.0,Storm
916893,403501,2024-05-30,17.9,8.5,70.0,1.5,Heavy Rain
916894,402955,2024-05-24,15.6,13.2,55.5,0.8,Heavy Rain
916895,400345,2024-06-07,38.1,2.6,58.0,2.2,Haze
916897,403617,2024-08-08,28.1,4.6,80.2,36.9,Storm
916898,404567,2026-07-11,27.0,0.8,96.1,0.5,Haze
916899,402837,2025-04-07,38.4,2.4,73.2,10.2,Storm
916900,403828,2025-04-15,24.6,12.8,36.4,4.5,Haze
916901,403826,2025-09-28,29.7,1.3,67.5,18.8,Haze
916902,402477,2024-03-23,51.3,0.5,85.2,11.5,Haze
916903,404881,2025-10-25,13.6,20.3,56.2,5.7,Storm
916904,401757,2024-04-12,38.3,2.8,62.4,15.8,Clear
916905,404765,2024-06-12,19.6,0.8,55.6,7.4,Rain
916906,401230,2026-02-14,21.8,24.6,81.6,3.5,Heavy Rain
916907,403000,2025-05-04,27.2,0.6,73.5,6.7,Rain
916908,400275,2025-02-27,23.6,0.0,99.4,1.6,Cloudy
916909,401502,2024-07-07,35.3,4.7,68.5,31.8,Cloudy
916910,403148,2025-07-04,25.9,4.9,69.1,12.3,Heavy Rain
916911,401032,2025-04-26,19.9,5.6,81.1,21.5,Cloudy
916912,401888,2024-11-29,25.0,0.0,56.1,13.9,Haze
916913,403769,2024-08-08,41.1,5.3,75.8,0.4,Haze
916914,401459,2025-08-08,12.5,12.8,68.8,52.6,Storm
916915,400424,2024-11-06,16.2,5.0,61.5,12.1,Haze
916916,404721,2024-03-05,14.1,16.3,64.3,10.6,Haze
916917,404805,2025-06-10,28.8,0.6,49.0,5.4,Clear
916918,403739,2025-02-06,32.4,57.5,66.8,6.5,Haze
916919,404532,2024-06-16,38.1,12.6,69.4,17.0,Rain
916920,403034,2025-11-22,16.0,0.6,65.5,4.9,Rain
916921,400939,2025-06-29,38.9,7.4,43.0,7.3,Clear
916923,400181,2024-11-13,27.4,0.8,64.3,15.3,Heavy Rain
916924,400647,2024-09-16,37.8,1.3,80.4,30.0,Clear
916925,403679,2025-07-25,19.4,2.6,47.0,0.2,Heavy Rain
916926,403402,2025-10-16,29.8,0.1,53.7,6.9,Clear
916927,402622,2024-12-05,23.6,5.7,73.7,1.0,Heavy Rain
916928,404910,2024-03-06,46.6,13.6,63.1,0.5,Cloudy
916929,403397,2024-03-12,17.8,4.1,82.6,18.6,Heavy Rain
916930,404770,2024-11-26,38.3,13.0,58.6,51.7,Haze
916931,401776,2024-12-31,35.8,1.2,49.3,7.7,Heavy Rain
916932,400640,2024-10-09,20.3,12.7,69.0,1.3,Haze
916933,402244,2025-09-23,21.6,17.7,61.2,1.4,Storm
916934,400823,2026-01-17,31.8,3.5,91.3,4.7,Storm
916935,403009,2024-06-24,11.0,1.2,43.6,8.3,Clear
916936,400832,2024-07-09,15.7,11.6,62.2,34.2,Rain
916937,403845,2024-03-27,11.2,4.8,85.9,3.9,Storm
916938,402315,2025-06-17,18.1,3.8,70.1,0.5,Heavy Rain
916939,403221,2026-03-13,28.5,16.2,47.1,32.8,Haze
916940,400892,2025-06-18,26.1,5.5,73.9,12.1,Haze
916941,401119,2024-07-01,17.4,2.2,75.0,26.0,Clear
916942,402674,2024-08-08,27.2,3.8,88.2,3.3,Clear
916944,401535,2025-02-07,29.1,10.9,74.3,12.8,Rain
916945,400266,2025-08-25,33.2,6.5,75.8,1.3,Cloudy
916946,404064,2025-05-29,29.9,9.6,55.9,4.3,Heavy Rain
916947,403942,2025-08-01,30.0,0.8,60.1,15.4,Heavy Rain
916948,400251,2026-06-30,17.4,8.6,54.9,1.3,Heavy Rain
916949,400263,2025-08-04,30.0,4.4,47.5,24.4,Rain
916950,401093,2024-10-19,29.9,5.4,63.2,3.8,Heavy Rain
916951,400332,2024-07-03,36.1,6.1,64.3,25.5,Clear
916952,403545,2025-09-12,37.0,6.9,64.0,4.5,Cloudy
916953,403811,2025-06-28,21.2,0.1,49.7,7.2,Clear
916954,401791,2025-06-02,23.3,1.8,64.3,40.6,Haze
916955,403069,2025-01-15,27.4,27.1,85.8,6.7,Clear
916956,400118,2026-01-22,26.8,0.6,44.0,5.9,Cloudy
916957,401759,2025-12-17,27.9,1.7,30.1,3.6,Rain
916958,402465,2025-12-13,28.3,7.0,75.3,5.0,Rain
916959,402596,2025-04-24,26.1,1.9,50.8,8.2,Storm
916961,400023,2025-10-04,24.0,20.8,78.8,1.5,Rain
916962,400398,2024-11-12,28.9,5.7,96.8,8.6,Heavy Rain
916963,400694,2024-07-21,34.8,0.6,60.7,35.5,Haze
916964,400041,2024-09-09,22.7,7.6,44.4,5.7,Rain
916965,401190,2024-08-07,29.4,1.5,37.3,14.9,Clear
916966,402473,2024-03-29,25.1,20.4,76.4,3.6,Clear
916967,403213,2024-03-29,30.9,11.6,81.3,4.5,Haze
916968,400469,2025-11-24,28.3,13.7,78.2,8.0,Rain
916969,403808,2025-12-14,26.7,4.0,66.3,15.0,Storm
916970,402380,2026-02-25,35.2,0.4,70.8,5.6,Cloudy
916971,403371,2025-12-03,23.9,3.0,82.7,13.3,Rain
916972,404512,2024-09-27,6.8,12.4,78.7,13.1,Clear
916973,404349,2025-12-13,26.3,7.4,37.9,6.9,Rain
916974,401986,2026-03-08,24.4,0.5,88.5,36.6,Rain
916975,401417,2024-05-30,21.4,10.0,75.9,2.1,Haze
916976,400125,2024-04-24,31.4,9.3,36.4,4.1,Cloudy
916977,403799,2025-04-03,21.2,9.2,87.9,22.8,Heavy Rain
916978,404163,2024-01-14,38.7,6.2,76.9,1.7,Cloudy
916979,403971,2024-09-16,28.0,5.9,79.0,3.1,Clear
916980,404422,2024-04-25,19.1,4.3,69.7,4.8,Heavy Rain
916981,402800,2024-06-13,44.9,0.1,50.5,7.1,Rain
916982,402952,2025-11-26,14.2,5.0,65.3,45.1,Rain
916983,403302,2025-01-18,40.4,2.5,69.1,20.6,Clear
916985,400519,2024-06-16,35.3,0.7,74.2,11.0,Storm
916986,401464,2026-02-15,21.4,5.1,47.1,0.1,Storm
916987,400940,2024-03-07,41.2,20.4,51.8,13.8,Storm
916988,404458,2024-11-26,22.6,0.4,60.3,14.4,Haze
916989,402431,2025-07-09,35.6,30.1,81.3,30.4,Heavy Rain
916990,402894,2025-05-27,23.5,12.8,64.3,7.5,Storm
916991,404128,2026-01-27,28.4,4.3,78.9,1.9,Storm
916992,401815,2025-04-12,31.1,14.5,74.9,6.9,Rain
916993,401744,2025-12-05,33.2,6.6,62.6,5.2,Rain
916994,404424,2025-10-03,30.5,10.2,83.9,0.4,Clear
916995,400785,2025-06-10,21.1,2.5,56.1,3.3,Haze
916996,400843,2025-08-23,29.1,0.9,71.4,19.3,Cloudy
916997,400853,2024-09-11,18.6,4.8,33.4,8.8,Storm
916999,400718,2025-05-16,31.3,1.6,75.8,56.8,Heavy Rain
917001,401448,2024-09-30,32.2,1.7,97.8,0.4,Heavy Rain
917002,404190,2026-07-08,24.0,9.7,44.3,12.7,Cloudy
917003,401099,2024-02-24,35.1,6.6,49.6,16.2,Clear
917004,403956,2024-02-27,25.6,12.0,63.0,7.8,Rain
917005,404795,2024-01-20,35.2,1.2,64.3,4.7,Clear
917006,400693,2026-06-25,21.8,4.4,23.2,2.1,Haze
917007,403292,2026-03-06,23.0,2.4,85.1,7.6,Cloudy
917008,402081,2025-02-01,18.8,9.1,64.3,0.5,Storm
917009,402017,2024-09-20,33.7,6.1,55.4,5.1,Haze
917010,401915,2024-06-01,38.1,0.4,64.3,23.2,Haze
917011,401106,2025-04-21,30.2,4.5,79.4,18.8,Storm
917012,401518,2024-05-24,34.1,9.1,51.9,19.7,Rain
917013,402518,2025-01-27,16.2,7.0,54.6,6.2,Clear
917014,402010,2024-04-01,24.6,30.0,54.0,9.7,Clear
917015,401063,2026-04-14,20.9,1.6,37.3,12.6,Rain
917016,401524,2024-01-28,31.3,5.9,67.6,6.1,Rain
917017,401296,2025-07-16,17.6,5.6,67.3,4.1,Haze
917018,404104,2024-08-27,27.1,10.7,39.8,40.7,Heavy Rain
917019,403374,2026-02-15,12.2,9.6,50.9,8.5,Clear
917020,401988,2026-03-25,48.5,2.0,64.3,7.0,Haze
917021,400177,2025-09-01,27.6,0.1,74.9,50.5,Rain
917022,404543,2026-04-17,27.7,1.7,87.6,22.4,Heavy Rain
917023,401256,2025-12-11,33.6,0.2,60.8,34.9,Heavy Rain
917024,403988,2024-08-19,22.3,3.1,33.6,23.5,Haze
917025,401496,2024-04-25,29.0,4.5,82.7,8.9,Heavy Rain
917026,401333,2024-07-27,40.0,4.0,71.7,1.6,Storm
917027,400613,2025-07-08,15.6,6.1,52.6,0.5,Haze
917028,404356,2024-11-30,7.3,9.0,60.4,1.6,Clear
917029,400352,2026-01-12,21.7,2.6,52.0,8.3,Haze
917030,400812,2026-05-23,39.2,4.5,66.9,33.4,Haze
917031,404635,2024-10-06,35.2,2.1,40.7,9.6,Storm
917032,403928,2024-08-01,10.9,15.3,36.6,16.1,Haze
917033,403880,2025-09-13,12.2,6.8,20.7,8.4,Cloudy
917034,400979,2025-01-16,35.9,21.3,84.8,27.8,Cloudy
917035,400294,2025-08-05,30.3,4.0,46.8,23.1,Rain
917036,402787,2024-06-17,43.7,2.6,84.9,1.3,Clear
917037,404783,2025-04-26,25.2,7.0,35.3,9.8,Heavy Rain
917038,400109,2024-08-20,23.1,7.8,49.1,5.2,Heavy Rain
917040,400981,2025-07-12,17.6,19.8,60.5,31.7,Clear
917041,401431,2025-04-09,31.6,1.3,45.7,2.6,Heavy Rain
917042,402459,2024-10-29,24.3,1.8,70.7,1.2,Haze
917043,402203,2024-10-10,23.2,0.4,64.3,13.0,Clear
917044,400484,2025-02-25,21.6,1.9,68.8,6.5,Cloudy
917045,402503,2024-04-27,28.2,1.0,64.9,4.6,Haze
917046,404457,2026-03-31,40.2,0.5,79.2,34.8,Clear
917047,404962,2024-01-01,27.7,10.5,40.4,37.7,Haze
917048,403449,2024-06-24,23.1,8.7,60.5,5.7,Cloudy
917049,403968,2025-12-11,28.8,20.9,54.1,6.8,Haze
917051,401608,2025-11-05,38.1,14.1,86.5,11.6,Rain
917052,400090,2026-04-28,35.2,14.4,80.1,0.6,Rain
917053,400328,2024-07-06,23.0,12.1,63.2,4.8,Rain
917054,400940,2026-01-04,24.1,0.5,79.9,12.5,Heavy Rain
917055,404070,2024-07-16,23.7,6.7,91.7,11.3,Clear
917056,400193,2025-08-07,28.7,3.0,48.4,2.0,Haze
917057,404416,2025-01-17,23.9,3.0,91.1,10.8,Rain
917058,400290,2024-04-29,18.3,26.7,92.8,3.2,Heavy Rain
917059,402024,2025-02-04,28.7,12.2,83.0,6.6,Clear
917060,402994,2026-05-02,40.8,0.0,37.0,2.9,Storm
917061,403735,2026-06-25,31.0,4.4,71.1,15.4,Rain
917062,404135,2026-05-03,27.3,12.3,88.6,6.6,Cloudy
917063,403897,2024-06-18,19.2,8.4,59.8,30.1,Heavy Rain
917064,402574,2025-01-17,31.9,9.1,64.3,14.6,Clear
917065,401758,2026-06-30,35.9,0.6,49.6,49.7,Clear
917066,402209,2025-07-15,21.1,5.6,68.9,10.5,Rain
917067,402066,2026-02-09,27.1,4.5,55.9,4.8,Haze
917068,402974,2024-06-09,34.5,15.7,55.0,8.0,Rain
917069,401422,2024-11-30,25.9,6.5,70.2,16.5,Clear
917070,401282,2026-04-27,18.4,6.0,68.8,15.9,Storm
917071,401283,2026-06-14,51.6,3.2,33.3,6.2,Rain
917072,404004,2025-01-20,30.0,1.7,62.8,27.9,Storm
917073,400041,2025-07-08,36.6,5.2,50.0,23.1,Heavy Rain
917074,402139,2025-06-28,26.2,4.5,65.1,2.4,Cloudy
917075,402025,2025-03-17,31.0,3.9,67.7,7.0,Heavy Rain
917076,404418,2025-10-19,28.5,3.6,97.2,7.8,Haze
917077,400485,2025-03-21,27.5,7.5,57.7,13.6,Heavy Rain
917078,403305,2026-05-08,23.2,16.3,34.2,7.0,Rain
917079,403929,2025-10-09,29.9,8.9,67.8,30.0,Cloudy
917080,400406,2026-05-20,27.3,5.3,78.1,11.6,Rain
917081,400431,2025-07-03,38.6,6.9,95.8,4.1,Rain
917082,401253,2025-07-26,25.7,8.4,93.4,3.6,Heavy Rain
917083,403121,2026-06-19,23.9,12.8,77.7,8.3,Clear
917084,403159,2025-04-11,22.3,0.8,51.0,5.1,Heavy Rain
917085,401419,2025-01-23,37.5,11.0,61.1,13.2,Cloudy
917086,404821,2024-10-08,20.1,2.0,54.7,21.5,Storm
917087,401663,2026-05-20,15.1,0.1,94.1,21.0,Haze
917088,404433,2025-12-30,30.2,0.4,76.0,9.4,Rain
917089,400313,2026-02-24,28.1,20.0,49.0,19.4,Cloudy
917090,401469,2025-04-25,20.5,5.5,75.0,35.4,Cloudy
917091,400278,2026-06-30,40.8,20.1,64.5,14.1,Clear
917092,404645,2024-01-31,32.1,5.2,31.7,22.2,Cloudy
917093,400228,2025-12-04,25.7,3.3,22.2,7.0,Rain
917094,401162,2024-02-22,27.0,6.7,70.7,11.4,Clear
917095,404850,2026-06-24,36.3,2.1,54.4,3.1,Haze
917096,402492,2025-10-29,25.8,13.0,35.8,27.9,Storm
917097,403815,2024-09-11,27.0,24.1,36.6,8.1,Rain
917098,402310,2026-04-16,31.9,4.1,90.7,0.8,Clear
917099,401697,2025-11-05,39.4,1.7,50.3,2.1,Storm
917100,402438,2024-05-03,24.7,5.5,50.9,3.5,Haze
917101,403847,2024-09-27,27.2,6.1,57.9,5.0,Rain
917102,400045,2025-02-12,25.8,4.9,96.4,0.5,Storm
917103,402239,2025-10-22,27.5,2.3,49.5,11.5,Heavy Rain
917104,404085,2024-03-09,27.0,4.3,37.3,42.5,Heavy Rain
917105,403845,2026-03-18,14.7,16.1,70.6,3.1,Cloudy
917106,403718,2025-04-14,34.6,0.3,67.4,12.4,Storm
917107,402264,2024-10-13,31.3,1.8,41.6,3.3,Rain
917108,401475,2026-04-09,16.9,9.0,58.9,7.5,Heavy Rain
917109,401120,2024-05-24,19.6,33.9,78.3,2.1,Heavy Rain
917110,404665,2024-02-06,15.9,7.0,47.2,22.8,Cloudy
917111,402873,2025-01-28,22.0,0.4,52.2,38.1,Cloudy
917112,400873,2024-12-15,26.4,0.3,58.1,5.8,Storm
917113,404795,2024-08-13,27.2,2.9,90.3,21.1,Rain
917115,400805,2024-05-21,32.3,4.9,67.6,16.1,Cloudy
917116,400063,2025-04-29,22.3,11.8,12.8,3.4,Clear
917117,400619,2024-12-09,39.0,1.3,38.4,2.4,Cloudy
917118,403549,2024-06-20,18.2,6.5,82.5,2.6,Rain
917119,401310,2025-11-12,30.1,0.5,74.0,5.1,Haze
917120,401022,2026-01-05,24.2,15.2,75.1,3.3,Storm
917121,403432,2024-08-18,16.2,0.6,58.2,4.8,Clear
917122,403024,2025-04-09,17.4,0.7,52.7,7.5,Rain
917123,402148,2024-10-25,32.4,8.5,75.7,7.1,Rain
917124,403466,2026-01-06,25.4,25.0,53.7,25.0,Storm
917125,403292,2024-07-02,27.5,5.5,56.4,9.5,Rain
917126,404220,2025-04-24,36.9,12.3,82.3,10.4,Heavy Rain
917127,403122,2026-02-20,37.4,7.9,57.2,12.5,Clear
917128,403102,2024-01-31,23.5,1.6,42.3,12.0,Clear
917129,404052,2026-06-24,30.2,30.1,72.5,1.2,Haze
917130,400819,2026-07-15,22.8,2.6,61.5,0.3,Heavy Rain
917131,403275,2026-06-14,32.5,35.4,93.8,24.2,Haze
917132,404960,2025-12-12,39.3,6.1,77.6,8.0,Cloudy
917133,401732,2024-05-05,26.7,10.3,61.7,0.2,Clear
917134,401536,2024-11-21,18.6,0.3,85.1,2.3,Rain
917135,403316,2024-10-09,20.8,1.7,62.3,4.7,Rain
917136,403572,2024-10-15,21.0,5.1,64.3,12.5,Storm
917137,401889,2026-06-09,32.0,3.2,55.7,0.6,Rain
917138,404490,2024-01-20,18.5,11.8,87.2,10.6,Clear
917139,402095,2026-04-17,33.1,9.0,60.8,5.5,Rain
917140,404810,2024-12-15,34.3,0.4,69.0,8.0,Cloudy
917141,402443,2025-06-16,39.1,12.1,49.6,32.8,Heavy Rain
917142,401520,2024-11-11,29.5,9.9,80.5,1.0,Cloudy
917143,400348,2024-10-17,23.1,2.1,23.9,32.8,Heavy Rain
917144,403082,2025-08-16,23.7,25.1,70.7,13.6,Cloudy
917145,400472,2025-02-01,16.0,12.9,96.2,0.6,Cloudy
917146,402774,2024-10-21,27.9,0.2,86.7,32.7,Heavy Rain
917147,403407,2025-02-05,23.6,3.2,64.3,2.6,Haze
917148,403205,2026-04-19,27.3,4.1,71.7,5.3,Clear
917149,404591,2024-09-18,22.5,3.8,56.0,8.8,Storm
917150,401735,2025-10-11,19.5,12.1,72.6,36.6,Haze
917151,404542,2026-02-24,35.3,2.8,75.5,9.5,Cloudy
917152,401313,2025-01-26,46.7,0.6,58.7,1.0,Rain
917153,402785,2024-07-09,13.6,12.5,70.7,10.1,Clear
917154,404939,2025-12-24,29.4,19.6,42.8,14.7,Clear
917155,401048,2026-06-08,28.1,2.5,63.4,34.1,Haze
917157,402905,2024-05-30,27.4,3.7,64.3,3.0,Heavy Rain
917158,402958,2026-05-12,23.8,11.5,86.6,0.3,Storm
917159,401493,2024-04-12,22.3,5.2,50.9,8.9,Clear
917160,402282,2025-03-17,37.0,11.9,49.5,14.5,Storm
917161,404958,2025-06-23,29.2,2.9,54.4,11.8,Cloudy
917162,401006,2026-06-17,40.0,15.2,61.8,6.6,Storm
917163,404743,2024-06-23,20.5,47.0,53.3,8.0,Cloudy
917164,402079,2024-08-30,20.3,11.1,76.2,19.3,Storm
917165,402958,2026-06-21,40.5,19.8,56.8,36.3,Heavy Rain
917166,402639,2024-04-06,31.3,9.8,51.2,21.9,Rain
917167,400115,2026-04-07,27.3,22.4,64.0,9.5,Clear
917168,404393,2025-03-28,33.8,5.7,92.6,22.4,Rain
917169,400256,2025-07-27,37.4,21.3,72.8,26.3,Haze
917170,401589,2025-06-14,17.8,0.9,70.7,27.6,Clear
917171,404458,2025-01-29,33.8,4.7,51.8,5.4,Storm
917172,401431,2026-01-23,32.4,1.1,38.7,30.3,Rain
917173,402932,2024-04-26,23.8,1.9,59.5,5.5,Cloudy
917174,401567,2024-10-11,15.5,7.2,92.1,7.8,Heavy Rain
917175,402132,2026-05-16,39.5,0.4,73.9,0.3,Clear
917176,403840,2024-05-25,27.0,14.2,90.8,8.8,Haze
917177,404715,2024-10-12,29.8,0.7,44.7,23.7,Heavy Rain
917178,404781,2026-05-10,23.6,11.3,40.6,9.3,Clear
917179,402577,2025-11-11,27.0,3.4,73.2,2.7,Heavy Rain
917180,404713,2026-02-01,22.4,3.1,80.9,0.3,Storm
917181,400384,2025-04-25,10.8,15.9,50.1,1.8,Clear
917182,401176,2025-04-17,30.8,0.5,49.0,16.4,Haze
917183,400963,2024-03-20,27.0,3.7,73.7,6.9,Heavy Rain
917184,401706,2025-04-01,31.7,16.6,46.7,18.4,Heavy Rain
917185,404134,2024-03-18,35.6,12.8,59.6,0.5,Storm
917186,400311,2026-01-05,34.2,11.3,62.8,3.0,Clear
917187,401270,2025-05-31,30.0,17.0,48.4,32.3,Storm
917188,403111,2026-06-19,24.4,2.9,49.0,5.2,Clear
917189,404123,2025-09-28,34.7,18.4,60.8,10.9,Clear
917190,400016,2024-03-12,23.8,0.6,67.5,1.5,Storm
917191,400272,2025-08-18,35.1,9.2,73.0,8.2,Haze
917192,402803,2024-06-22,34.0,11.4,63.9,1.7,Rain
917193,404871,2025-11-19,32.2,4.4,25.3,10.8,Rain
917194,402163,2024-08-13,24.2,0.1,83.7,15.5,Clear
917195,404084,2025-11-22,31.7,0.1,77.0,20.7,Clear
917196,401454,2024-08-23,22.3,0.2,70.2,4.2,Heavy Rain
917197,400824,2025-01-29,32.2,0.3,51.8,43.0,Haze
917198,403035,2024-12-16,27.8,13.3,90.0,4.0,Cloudy
917199,400941,2024-08-20,30.5,35.0,85.1,8.7,Rain
917200,404054,2024-05-19,18.1,1.7,65.8,2.1,Storm
917201,401364,2025-11-25,36.4,8.1,46.5,2.8,Storm
917202,400643,2024-03-21,29.3,4.8,35.8,18.7,Cloudy
917203,404045,2025-01-25,25.2,25.5,60.0,3.2,Haze
917204,400271,2024-05-28,28.9,30.1,45.1,15.3,Haze
917205,404229,2025-06-23,37.1,10.8,54.1,11.7,Rain
917206,404681,2026-05-16,15.7,28.7,51.7,1.0,Rain
917207,404889,2024-03-23,14.1,4.1,74.5,5.5,Cloudy
917208,400175,2024-01-04,29.5,1.7,40.9,3.9,Haze
917209,400545,2026-02-27,25.9,23.9,64.7,12.9,Heavy Rain
917211,402798,2024-05-13,22.3,9.4,87.0,2.5,Clear
917212,403290,2026-03-02,29.9,2.5,56.8,23.8,Rain
917213,401611,2024-05-23,28.8,4.2,71.1,36.3,Clear
917214,400800,2026-05-13,31.8,7.8,0.5,17.7,Haze
917215,403405,2025-05-18,23.0,5.6,47.1,20.3,Cloudy
917216,403088,2024-11-16,41.6,2.8,41.6,13.9,Heavy Rain
917217,403881,2026-04-17,29.6,17.1,48.8,5.5,Clear
917218,402557,2024-07-30,8.4,8.7,80.8,5.8,Rain
917219,401252,2024-10-31,34.6,6.1,62.5,24.8,Clear
917220,400604,2024-04-20,37.4,0.2,29.3,1.0,Haze
917221,404925,2024-06-26,28.2,3.2,59.4,15.0,Haze
917222,400637,2025-03-10,26.9,11.6,40.4,2.0,Cloudy
917223,401021,2025-11-21,29.8,9.8,86.4,19.0,Heavy Rain
917224,404643,2024-02-27,32.3,1.7,86.6,16.1,Heavy Rain
917225,400490,2025-07-20,35.4,12.7,64.8,11.2,Cloudy
917226,402551,2026-06-16,30.5,2.8,50.1,2.1,Clear
917227,401183,2026-04-08,20.4,3.1,65.6,4.3,Clear
917228,400825,2025-11-08,25.3,4.3,54.9,47.2,Storm
917229,403608,2024-06-16,29.5,8.4,64.3,13.9,Haze
917230,404317,2025-09-21,21.2,10.7,92.7,23.0,Storm
917231,403599,2025-01-16,29.7,1.6,66.7,4.9,Heavy Rain
917232,404344,2024-08-24,35.3,3.1,84.4,3.4,Rain
917233,400447,2025-10-27,39.1,17.4,64.3,8.2,Cloudy
917234,401008,2026-07-14,31.5,3.6,65.2,6.7,Haze
917235,403081,2025-12-26,30.3,4.5,71.2,28.4,Clear
917236,403589,2025-02-04,33.0,1.9,64.0,15.6,Heavy Rain
917237,404698,2024-11-28,19.5,5.3,63.3,5.0,Cloudy
917238,403395,2026-03-15,23.2,7.7,77.7,8.7,Heavy Rain
917239,400121,2024-11-19,14.7,21.1,85.9,10.6,Haze
917240,404857,2025-08-15,35.1,4.4,82.4,11.4,Rain
917241,404937,2024-02-06,31.7,4.8,59.1,13.4,Heavy Rain
917242,400799,2026-02-04,27.1,5.9,61.0,1.7,Haze
917243,400846,2024-02-25,34.3,14.0,75.9,0.3,Haze
917244,404776,2024-11-28,35.4,10.0,53.4,7.0,Heavy Rain
917245,400893,2025-09-14,33.8,5.5,36.7,4.5,Haze
917246,403661,2024-11-21,26.8,13.1,53.9,22.1,Rain
917247,400840,2025-09-23,23.7,5.6,45.1,3.8,Heavy Rain
917248,402358,2026-07-03,22.4,9.0,71.8,10.7,Heavy Rain
917249,401711,2024-12-30,36.4,7.2,32.5,33.0,Cloudy
917250,401943,2025-12-05,14.1,2.6,28.7,9.0,Rain
917251,400015,2025-11-22,35.1,26.9,80.6,6.7,Heavy Rain
917252,403844,2026-06-07,27.0,3.7,82.5,14.2,Haze
917253,400539,2024-07-06,29.6,16.8,82.9,27.7,Cloudy
917254,403693,2025-03-08,38.6,3.8,51.0,21.8,Clear
917255,404807,2026-06-03,18.2,29.2,70.7,57.4,Rain
917256,403518,2026-02-06,14.7,20.0,63.2,18.3,Cloudy
917257,401583,2026-07-10,34.4,2.0,35.9,3.4,Clear
917258,401493,2025-10-29,19.2,15.9,48.7,11.7,Storm
917259,404192,2026-06-13,23.4,1.3,75.9,10.6,Haze
917260,402063,2025-12-02,37.6,6.5,58.6,17.4,Rain
917261,404904,2026-06-27,18.6,9.7,52.6,16.3,Storm
917262,401415,2026-05-14,20.4,18.7,45.3,15.6,Rain
917263,400218,2024-11-20,26.7,18.3,66.3,23.9,Clear
917264,401708,2024-01-12,33.8,6.9,65.8,35.8,Heavy Rain
917265,402337,2025-04-01,28.4,1.9,41.3,27.7,Storm
917266,403804,2025-04-23,29.3,2.0,78.9,19.3,Storm
917267,402558,2025-12-31,22.3,0.5,63.7,7.0,Cloudy
917268,402995,2025-07-29,26.0,4.6,84.7,4.5,Rain
917269,400320,2024-12-02,26.9,3.3,54.9,29.9,Haze
917270,402006,2024-05-13,30.4,8.0,81.2,24.6,Rain
917271,401914,2025-06-13,33.7,4.0,64.3,6.9,Clear
917272,401629,2024-11-15,34.2,23.0,74.7,6.0,Rain
917273,403801,2024-05-28,28.7,20.7,26.5,37.2,Clear
917274,404300,2025-05-09,27.9,2.5,59.1,28.0,Cloudy
917275,404295,2024-05-04,20.4,15.7,47.3,7.7,Clear
917276,402017,2025-07-12,18.6,5.0,63.2,8.6,Cloudy
917277,404304,2024-12-02,24.1,11.1,56.9,23.8,Rain
917278,400017,2025-12-18,34.3,1.1,64.0,18.0,Heavy Rain
917280,402303,2024-05-09,32.6,0.0,75.8,18.0,Rain
917281,401626,2026-02-17,34.1,1.5,76.4,5.1,Clear
917282,400657,2026-07-08,20.0,10.8,43.4,6.0,Heavy Rain
917283,400253,2024-05-21,36.0,2.3,64.0,1.1,Rain
917284,400843,2025-07-06,22.7,4.0,82.7,1.7,Cloudy
917285,400109,2025-06-30,49.4,1.7,68.0,1.3,Clear
917286,404886,2025-03-16,20.7,2.0,67.9,27.0,Heavy Rain
917287,402779,2024-08-24,20.6,12.8,59.0,21.0,Haze
917288,404904,2024-03-25,29.3,18.0,54.8,12.9,Storm
917289,404627,2026-01-06,32.8,23.5,77.6,4.4,Rain
917290,404725,2026-01-29,23.1,9.1,27.0,25.2,Haze
917291,404608,2026-03-28,28.3,18.8,71.9,5.4,Storm
917292,402023,2025-09-08,47.6,5.5,76.2,6.6,Clear
917293,400556,2024-09-06,20.1,17.1,49.2,4.6,Cloudy
917294,403102,2025-12-29,37.0,6.7,74.6,8.8,Rain
917296,404626,2025-10-18,9.6,5.9,44.2,19.4,Rain
917297,403549,2026-02-27,12.4,4.2,86.6,4.6,Clear
917298,400090,2025-02-15,21.1,7.3,65.4,5.2,Storm
917299,402504,2025-03-19,13.2,3.2,97.0,6.6,Clear
917300,401364,2025-03-03,19.0,2.0,76.3,5.3,Haze
917301,400028,2026-07-04,27.7,5.9,63.3,0.2,Haze
917302,404961,2024-10-17,24.2,9.5,55.1,18.9,Clear
917303,401497,2025-09-25,36.2,10.4,64.3,27.5,Heavy Rain
917304,400386,2024-03-01,27.7,2.4,85.3,6.3,Storm
917305,403672,2025-08-04,36.5,13.9,65.0,26.0,Cloudy
917306,402182,2024-10-14,19.3,16.0,34.9,0.3,Heavy Rain
917307,404903,2026-03-24,30.8,4.3,62.7,6.4,Storm
917308,404261,2024-11-23,18.9,6.7,66.1,8.9,Cloudy
917310,402536,2026-06-24,38.7,2.1,53.4,12.4,Rain
917311,402012,2024-05-07,16.1,12.6,70.4,3.7,Storm
917312,403916,2024-09-04,29.0,4.3,66.6,3.9,Storm
917313,401308,2026-06-21,33.7,7.7,64.3,4.1,Clear
917314,401566,2024-10-30,34.6,14.5,64.8,23.9,Heavy Rain
917315,403996,2025-04-01,21.9,0.5,96.4,9.9,Cloudy
917316,404546,2025-12-09,21.1,0.6,42.6,20.3,Heavy Rain
917317,403383,2026-02-10,28.4,10.3,33.2,54.3,Haze
917318,402036,2024-08-21,23.3,2.4,62.6,5.2,Haze
917319,402601,2024-12-19,27.0,7.1,58.0,33.1,Cloudy
917320,400206,2026-03-08,33.1,1.2,62.8,3.3,Heavy Rain
917321,401601,2025-10-14,38.1,4.3,79.7,11.1,Heavy Rain
917322,401336,2026-04-26,12.5,0.3,73.2,65.2,Heavy Rain
917324,401008,2024-10-30,31.1,4.4,68.6,4.9,Cloudy
917325,404532,2025-07-13,20.2,11.6,44.8,2.6,Rain
917326,404195,2025-09-09,28.2,1.1,58.2,3.7,Storm
917327,404237,2024-01-02,51.5,2.6,67.0,2.9,Rain
917328,403777,2024-02-25,42.2,5.4,52.8,13.4,Clear
917329,404952,2026-03-06,23.5,2.0,68.7,14.9,Cloudy
917330,401489,2025-08-24,28.1,17.7,67.2,0.1,Storm
917331,403549,2025-12-26,27.7,1.3,80.5,10.1,Storm
917332,403877,2024-10-31,24.2,2.4,50.9,0.8,Rain
917333,403729,2025-04-12,28.9,2.7,63.5,12.1,Clear
917334,402336,2025-02-05,35.8,20.1,64.3,12.9,Heavy Rain
917335,402261,2026-05-04,32.4,3.0,84.7,10.7,Rain
917336,403719,2024-05-25,28.8,3.7,64.3,3.3,Cloudy
917337,400781,2024-07-26,11.8,3.6,51.6,8.7,Clear
917338,402264,2024-08-10,26.0,25.4,69.5,10.9,Heavy Rain
917339,400161,2025-06-06,31.0,5.1,56.4,3.8,Haze
917340,402725,2025-05-26,12.6,14.3,77.7,12.2,Storm
917341,401659,2025-08-10,25.7,0.1,28.4,5.5,Heavy Rain
917342,402701,2026-03-16,21.3,6.7,62.4,7.6,Clear
917343,402550,2025-12-07,19.7,34.0,64.8,1.7,Cloudy
917344,404450,2026-05-06,10.5,0.0,64.3,1.5,Haze
917345,400979,2025-10-24,24.8,9.6,80.9,7.3,Heavy Rain
917346,400590,2026-02-15,29.6,10.4,59.3,10.7,Cloudy
917347,404210,2024-06-02,36.0,8.7,91.1,3.6,Haze
917348,404938,2025-10-17,26.0,14.0,73.4,27.1,Heavy Rain
917349,401750,2024-10-25,28.5,6.4,93.9,23.0,Haze
917350,401014,2026-06-12,26.2,10.0,68.6,13.9,Haze
917352,400059,2025-10-19,26.5,9.7,43.8,19.3,Haze
917353,402951,2024-07-05,36.5,11.0,52.8,2.5,Rain
917354,404252,2025-12-02,33.5,11.4,77.9,27.7,Cloudy
917355,400523,2024-09-16,15.0,2.1,64.3,50.2,Heavy Rain
917356,400360,2024-11-12,7.8,1.7,82.4,147.7,Storm
917357,403792,2026-03-17,22.8,1.3,78.6,5.6,Storm
917358,404100,2025-12-18,21.2,18.3,76.9,24.5,Cloudy
917359,400060,2026-01-09,36.1,0.9,55.7,26.5,Rain
917360,400269,2026-02-22,48.6,1.1,62.0,9.1,Heavy Rain
917361,401934,2026-04-13,38.4,13.2,33.6,9.7,Rain
917362,401457,2024-08-27,25.4,11.8,72.4,17.8,Haze
917363,403262,2024-07-18,28.9,14.9,73.2,23.8,Rain
917364,403178,2026-03-22,31.0,2.1,35.3,5.1,Haze
917365,403288,2025-01-02,19.6,2.9,29.5,0.7,Storm
917366,403808,2026-06-17,21.1,3.5,78.0,9.0,Cloudy
917367,402646,2025-05-30,25.0,8.3,95.4,0.4,Haze
917368,401438,2024-08-20,14.9,7.6,66.1,38.6,Haze
917369,400964,2024-08-01,23.5,1.7,57.5,56.9,Heavy Rain
917370,403414,2026-01-02,28.0,23.3,78.5,14.0,Clear
917371,404960,2024-09-08,32.4,2.5,65.4,17.8,Rain
917372,403223,2026-06-23,30.1,9.5,19.1,7.8,Haze
917373,401843,2024-02-25,27.0,1.4,68.7,8.4,Clear
917374,401816,2026-07-04,39.5,0.7,65.9,7.7,Haze
917375,403471,2025-10-07,24.2,5.9,92.6,2.7,Haze
917376,404018,2024-11-10,29.4,0.3,86.8,5.6,Storm
917377,401780,2026-01-24,22.9,7.9,40.2,5.9,Rain
917378,400037,2025-10-31,12.3,2.9,77.6,0.7,Cloudy
917379,404957,2025-03-25,17.7,0.1,73.8,2.5,Storm
917380,402607,2024-08-17,35.5,3.5,59.1,23.3,Heavy Rain
917381,402241,2026-05-09,29.7,8.3,68.8,30.4,Heavy Rain
917382,401568,2025-10-07,44.4,10.2,70.0,5.2,Clear
917384,403946,2025-04-04,22.6,17.3,64.9,0.5,Storm
917386,404846,2025-04-25,27.3,1.4,63.5,10.3,Rain
917387,404033,2025-11-18,15.2,8.0,74.0,14.8,Rain
917388,404112,2024-07-19,29.9,2.0,69.0,13.2,Rain
917389,404269,2025-07-01,20.8,2.0,96.8,4.9,Haze
917390,403296,2025-11-20,34.8,6.6,89.3,9.6,Storm
917391,401506,2025-05-16,40.5,7.4,88.1,8.2,Rain
917392,400903,2025-05-12,16.5,2.3,87.2,8.2,Haze
917393,404569,2025-10-28,22.7,5.5,90.8,10.3,Clear
917394,403861,2024-11-18,24.3,4.5,79.3,1.3,Haze
917396,401270,2026-03-16,23.3,0.9,42.8,12.4,Clear
917397,400645,2026-03-13,26.5,3.3,49.0,1.2,Storm
917398,402208,2025-04-04,37.1,2.4,25.9,1.4,Heavy Rain
917400,403052,2026-06-08,30.3,6.1,62.7,19.7,Heavy Rain
917401,400497,2026-02-25,24.4,2.2,64.3,25.8,Cloudy
917402,403562,2026-01-20,13.1,3.8,83.9,13.4,Haze
917403,404414,2026-03-04,39.2,5.5,87.2,5.1,Clear
917404,403834,2025-02-03,17.4,28.5,85.7,2.2,Heavy Rain
917405,402367,2026-07-16,13.7,17.5,73.5,3.7,Haze
917406,401969,2026-04-20,30.0,11.4,64.3,1.3,Storm
917407,400217,2026-06-27,30.6,8.6,79.1,24.3,Cloudy
917408,403614,2025-10-30,33.2,6.8,52.5,4.5,Storm
917409,400398,2026-05-02,27.0,9.8,73.5,2.1,Heavy Rain
917410,404121,2024-04-02,13.6,8.4,40.2,11.8,Storm
917411,401807,2025-08-09,29.0,20.0,73.3,8.7,Clear
917412,402673,2024-01-02,23.4,4.8,68.4,4.0,Haze
917413,402031,2026-03-09,19.7,4.3,68.1,3.2,Clear
917414,402104,2024-10-27,28.9,7.9,57.3,8.5,Storm
917415,402442,2024-01-22,33.6,27.5,50.7,13.4,Heavy Rain
917416,404377,2024-01-30,30.3,3.5,72.9,11.1,Heavy Rain
917417,404345,2025-02-17,30.9,21.0,83.5,22.4,Cloudy
917418,401951,2024-10-18,29.3,10.0,64.3,3.7,Storm
917420,402171,2025-03-24,33.8,5.5,80.8,8.3,Clear
917421,401531,2026-05-17,38.0,7.7,64.6,2.6,Rain
917422,404205,2024-07-03,34.7,4.9,50.6,17.3,Storm
917423,401543,2025-09-11,32.1,17.1,59.6,21.8,Rain
917424,402926,2025-10-13,37.5,14.5,71.6,42.6,Haze
917425,402696,2025-06-22,-1.8,6.5,79.6,12.6,Rain
917426,401832,2024-01-18,4.5,4.2,22.1,10.0,Storm
917427,401156,2025-07-11,33.3,13.8,80.8,21.5,Storm
917428,403983,2025-05-24,34.3,14.5,45.8,17.5,Haze
917429,402680,2024-10-22,32.0,0.4,69.1,11.8,Haze
917430,402109,2024-09-20,31.5,8.4,94.9,4.1,Rain
917431,403465,2025-07-24,33.7,10.7,46.0,12.1,Cloudy
917432,402506,2025-03-14,16.3,8.7,93.6,18.4,Haze
917433,403756,2026-03-11,23.4,2.4,64.3,19.4,Rain
917434,401374,2024-09-14,18.2,17.6,76.2,65.7,Haze
917435,401082,2025-03-05,27.0,3.1,45.2,1.6,Rain
917436,403831,2024-06-02,27.5,0.4,99.7,32.8,Heavy Rain
917437,403281,2025-12-17,24.0,1.4,52.3,35.9,Cloudy
917438,401717,2025-02-22,23.4,0.9,48.4,13.0,Clear
917439,401669,2026-01-22,23.9,9.6,74.0,26.5,Clear
917440,400636,2024-02-05,30.1,0.6,50.7,1.2,Haze
917441,403513,2025-12-31,18.7,1.2,45.8,16.6,Storm
917442,404567,2024-08-29,31.6,18.0,56.5,0.6,Haze
917443,402383,2024-11-06,23.6,20.0,42.6,12.1,Heavy Rain
917444,403153,2025-06-07,35.6,0.2,69.1,19.7,Clear
917445,401897,2025-07-21,29.9,5.4,65.9,15.1,Storm
917446,400002,2024-02-25,11.2,3.9,71.9,5.8,Haze
917447,404262,2024-06-14,26.9,0.1,77.8,14.3,Clear
917448,402318,2024-05-24,25.5,12.3,62.9,13.1,Heavy Rain
917449,402707,2025-07-26,33.7,11.0,51.6,26.7,Clear
917450,404886,2024-07-04,24.0,4.1,67.4,6.6,Haze
917451,400018,2024-11-19,15.3,6.9,80.9,8.6,Cloudy
917452,403792,2026-05-12,19.9,4.6,65.7,10.1,Rain
917453,403288,2025-03-19,24.0,6.9,67.8,9.6,Haze
917454,404229,2024-12-29,22.5,26.8,89.9,8.0,Rain
917455,402556,2025-09-13,22.9,0.4,37.0,6.9,Haze
917456,402495,2025-03-30,39.3,13.5,54.3,7.1,Storm
917457,402252,2025-01-30,29.2,11.0,77.9,0.7,Rain
917458,400649,2025-10-17,39.4,6.0,63.8,1.0,Storm
917459,402263,2025-09-08,29.0,3.5,47.8,13.0,Storm
917460,402620,2026-06-01,45.2,17.6,44.5,8.0,Heavy Rain
917461,401931,2024-04-17,34.2,8.7,79.8,23.6,Cloudy
917462,403067,2026-03-10,11.4,3.3,70.6,6.6,Rain
917463,404279,2025-02-09,33.1,1.5,55.4,9.5,Rain
917464,402944,2024-09-19,26.3,7.8,33.9,1.4,Storm
917465,400227,2025-08-07,29.4,1.5,43.8,17.7,Clear
917466,404630,2025-06-10,21.8,3.2,70.0,1.8,Storm
917467,404262,2025-03-30,11.5,7.1,70.2,0.1,Clear
917468,403485,2024-08-25,25.7,3.0,43.3,3.6,Cloudy
917470,403745,2024-04-27,24.9,11.4,54.1,15.6,Rain
917471,404455,2024-09-07,29.6,4.4,64.3,22.0,Rain
917472,401380,2025-02-27,12.4,7.8,39.1,0.8,Clear
917473,402546,2025-12-24,26.2,2.2,86.9,4.6,Storm
917474,400039,2025-10-11,35.0,7.5,64.3,19.4,Storm
917475,401037,2025-07-09,24.1,0.1,84.6,3.9,Clear
917476,404073,2024-06-26,8.3,0.6,63.3,2.0,Cloudy
917477,401926,2024-10-05,28.4,4.8,69.0,1.3,Cloudy
917478,401246,2025-05-10,26.5,1.2,74.4,5.6,Heavy Rain
917479,404769,2025-01-01,34.7,5.1,74.3,11.6,Heavy Rain
917480,400588,2025-06-14,29.6,0.1,65.3,5.0,Rain
917481,401531,2024-01-06,33.9,4.8,56.2,17.5,Heavy Rain
917482,403028,2025-03-22,36.5,6.2,56.3,2.7,Heavy Rain
917483,404267,2026-03-17,18.4,3.3,72.3,6.9,Storm
917484,401432,2025-11-02,20.5,6.4,56.7,5.1,Cloudy
917485,403416,2026-03-23,2.6,2.5,93.5,5.1,Rain
917486,400121,2024-01-07,43.5,6.9,58.5,3.9,Haze
917487,400031,2025-07-02,24.0,2.2,60.6,14.2,Cloudy
917488,404661,2024-12-29,26.2,4.2,44.0,18.7,Cloudy
917489,400010,2025-08-20,36.4,9.4,81.3,3.0,Storm
917490,404933,2026-04-04,14.0,4.2,67.1,22.6,Rain
917491,401549,2025-01-07,22.5,2.4,72.2,33.2,Rain
917492,403620,2024-10-22,26.8,8.2,92.1,2.9,Rain
917494,403290,2024-02-14,26.3,17.3,44.3,6.5,Storm
917495,404133,2024-03-11,30.1,10.3,80.8,3.2,Rain
917496,403780,2025-05-26,27.6,9.5,84.1,0.2,Clear
917497,401657,2025-01-22,25.2,13.7,67.0,4.0,Cloudy
917498,404674,2025-10-11,17.2,8.3,66.6,17.9,Rain
917499,400392,2025-03-18,31.1,5.5,62.8,6.6,Heavy Rain
917500,402264,2024-12-11,25.7,9.8,54.4,19.7,Cloudy
917501,400652,2025-11-23,27.6,9.6,54.2,2.3,Cloudy
917502,400921,2026-05-30,18.5,14.4,61.5,2.9,Storm
917503,403784,2024-01-18,33.3,10.3,64.3,5.3,Heavy Rain
917504,402637,2025-11-02,32.7,3.4,64.7,3.4,Clear
917505,401126,2025-12-02,22.4,11.6,71.4,7.4,Clear
917506,402709,2026-06-10,22.0,3.8,91.3,13.2,Clear
917507,402634,2024-05-12,47.8,0.1,49.7,15.5,Clear
917508,402303,2026-06-30,21.2,2.8,79.8,21.6,Clear
917509,403285,2026-07-10,33.0,0.0,57.6,7.3,Haze
917510,402953,2025-05-16,21.1,1.0,59.4,9.3,Rain
917511,400509,2026-02-23,31.1,3.8,73.7,14.6,Heavy Rain
917512,401460,2025-04-03,7.8,1.6,32.3,17.7,Clear
917513,404385,2025-08-31,33.6,16.4,56.2,5.8,Clear
917514,402383,2024-09-02,15.8,4.2,72.9,18.7,Storm
917515,404732,2025-09-14,34.3,3.6,50.4,2.5,Clear
917516,402622,2025-05-21,13.5,3.6,55.4,2.4,Storm
917517,404326,2025-07-05,24.8,2.8,54.2,2.4,Rain
917518,401779,2026-06-02,18.2,4.1,63.2,0.8,Storm
917519,402611,2026-06-28,24.0,18.2,64.4,15.2,Rain
917520,403046,2025-07-22,30.7,2.8,67.7,10.9,Heavy Rain
917521,404164,2024-12-28,28.8,21.0,49.9,11.3,Rain
917522,401761,2024-11-13,37.0,5.4,42.3,5.7,Storm
917523,404473,2025-09-30,28.1,8.7,64.5,2.0,Clear
917524,403592,2024-05-29,14.6,30.1,64.3,20.3,Cloudy
917525,401726,2024-09-14,36.7,14.5,19.5,2.3,Cloudy
917526,400105,2025-05-03,25.8,5.8,58.6,7.8,Storm
917527,400977,2025-04-01,42.6,11.3,80.7,21.5,Clear
917528,400941,2025-06-17,22.6,4.7,61.4,3.0,Haze
917529,404290,2024-05-26,11.1,3.1,68.6,13.0,Haze
917530,402314,2024-12-24,27.2,3.7,74.6,3.7,Heavy Rain
917531,402696,2025-08-16,25.7,9.6,66.1,15.4,Heavy Rain
917532,402685,2024-06-01,6.5,0.3,64.3,12.8,Clear
917533,403071,2024-11-13,13.0,9.1,30.5,3.0,Rain
917534,400780,2025-06-07,18.8,22.9,98.8,8.9,Cloudy
917535,400392,2026-01-09,25.6,20.0,57.9,21.8,Clear
917536,404280,2024-08-27,10.6,9.1,63.0,25.8,Clear
917537,401343,2026-03-04,28.7,5.5,84.4,9.5,Storm
917538,404320,2025-05-10,36.9,4.7,59.2,5.3,Rain
917539,402719,2024-09-25,14.6,48.9,64.8,2.6,Cloudy
917540,403210,2025-02-24,16.5,2.9,44.4,5.5,Rain
917541,403667,2024-03-27,26.1,9.8,21.1,4.7,Cloudy
917542,401193,2025-06-28,24.6,13.8,68.8,11.5,Clear
917543,404623,2025-08-05,36.5,2.6,66.9,3.1,Heavy Rain
917544,403359,2024-01-28,11.9,12.9,66.3,23.5,Heavy Rain
917545,400935,2026-02-26,40.8,6.1,62.1,5.5,Rain
917546,403211,2025-02-25,33.0,1.3,55.7,7.7,Cloudy
917547,404262,2025-02-01,21.0,2.4,43.7,0.8,Heavy Rain
917548,403427,2025-01-17,47.7,2.3,65.2,1.4,Haze
917549,401394,2024-02-26,26.7,12.5,58.2,9.9,Clear
917550,404802,2025-06-02,32.1,23.8,50.0,0.7,Rain
917551,400911,2025-03-20,28.8,14.9,47.0,12.2,Haze
917552,401788,2024-12-29,48.2,0.4,27.4,5.0,Heavy Rain
917553,404970,2024-05-08,26.8,14.5,57.3,28.9,Storm
917554,401802,2025-10-13,38.9,8.7,61.3,0.4,Cloudy
917555,401516,2025-04-05,21.9,7.0,60.5,16.5,Rain
917556,403508,2025-05-09,26.0,15.2,55.7,12.6,Storm
917557,404678,2025-02-08,28.5,2.0,93.6,32.7,Rain
917558,400247,2025-02-03,35.0,0.3,58.8,3.4,Haze
917559,403896,2025-05-22,26.2,4.6,42.4,67.2,Cloudy
917560,400627,2025-07-07,37.1,9.2,64.3,6.5,Rain
917561,403932,2026-06-23,26.3,6.9,78.7,11.5,Haze
917562,402429,2024-09-02,20.3,9.4,79.6,7.8,Heavy Rain
917563,403691,2026-05-17,26.5,1.8,51.3,80.6,Cloudy
917564,400871,2024-04-29,26.6,1.0,38.4,2.3,Rain
917565,404319,2024-01-20,33.5,0.9,42.9,7.2,Rain
917566,401250,2024-10-17,53.5,3.2,48.8,17.1,Haze
917568,401787,2024-05-16,30.1,24.8,54.7,12.1,Heavy Rain
917569,400883,2024-03-12,27.5,1.5,50.2,32.1,Haze
917570,404624,2026-01-26,18.5,7.3,48.8,7.3,Clear
917571,402518,2025-09-02,33.7,8.9,21.4,2.4,Clear
917572,400312,2025-06-09,26.9,7.0,49.7,26.2,Cloudy
917573,400546,2026-03-29,20.4,2.1,66.9,1.6,Cloudy
917574,403673,2024-06-05,23.2,10.4,97.1,8.0,Heavy Rain
917575,400676,2024-09-13,34.7,1.1,36.5,13.4,Cloudy
917576,400758,2024-04-04,20.5,3.5,54.9,32.0,Heavy Rain
917577,402153,2026-05-17,30.9,9.4,41.6,19.8,Storm
917578,400662,2024-06-18,22.7,5.1,72.0,3.9,Cloudy
917579,401516,2025-01-15,35.0,10.4,81.1,3.5,Haze
917580,400598,2026-03-31,35.0,5.5,37.0,13.0,Clear
917581,404881,2025-12-31,18.5,37.2,47.6,0.7,Heavy Rain
917583,404944,2025-09-18,18.5,13.2,64.3,4.0,Cloudy
917584,401518,2024-06-28,41.3,9.6,45.8,13.2,Rain
917585,401051,2024-04-13,31.9,25.3,58.3,1.2,Rain
917586,400142,2025-11-21,20.5,3.8,65.6,2.6,Heavy Rain
917587,400110,2025-05-11,43.1,1.1,45.0,13.5,Cloudy
917588,403625,2024-05-16,31.5,10.7,60.2,14.5,Cloudy
917589,400116,2025-10-26,30.3,3.3,49.6,14.0,Heavy Rain
917590,404710,2026-07-08,24.2,3.8,99.4,17.4,Cloudy
917591,402207,2025-09-19,24.4,1.5,69.6,56.8,Clear
917592,402312,2025-10-06,29.5,5.5,64.3,22.7,Haze
917593,401938,2026-01-11,35.8,32.4,73.7,1.4,Storm
917594,404192,2026-06-30,19.4,17.8,66.2,10.5,Rain
917595,400932,2026-03-04,28.9,11.7,51.9,1.6,Rain
917596,404114,2026-07-18,35.5,0.2,57.6,12.2,Clear
917597,402421,2024-01-15,35.9,16.8,86.6,10.0,Heavy Rain
917598,404622,2024-01-07,39.1,11.6,87.6,14.0,Heavy Rain
917599,400367,2025-10-27,33.3,5.7,59.4,19.4,Cloudy
917600,400831,2024-11-17,36.1,10.0,80.4,12.4,Cloudy
917601,401446,2024-09-09,19.4,6.8,34.0,2.4,Clear
917602,401552,2024-02-04,4.4,6.4,48.6,23.7,Haze
917603,402276,2025-07-20,27.0,17.2,75.2,14.7,Rain
917604,403319,2024-05-18,40.2,6.9,67.5,15.1,Rain
917606,402387,2025-02-16,30.3,2.9,79.7,5.8,Heavy Rain
917607,404155,2026-03-30,39.2,0.0,64.3,7.7,Heavy Rain
917608,400347,2026-03-19,23.8,16.2,61.6,4.9,Cloudy
917609,401556,2024-09-07,15.3,2.3,58.3,3.8,Rain
917610,402996,2024-05-13,25.4,6.1,33.9,3.3,Rain
917611,403048,2025-01-20,19.5,6.5,64.1,12.5,Rain
917612,403999,2024-01-19,27.1,1.9,63.5,14.8,Storm
917613,402404,2024-12-29,35.4,22.1,87.2,12.4,Storm
917614,402693,2026-01-18,30.7,11.4,98.4,12.6,Haze
917615,402578,2024-08-20,27.0,1.8,70.3,11.2,Clear
917616,401059,2026-04-28,29.6,12.0,65.3,8.9,Heavy Rain
917617,403546,2024-09-25,31.2,13.6,62.4,41.7,Storm
917618,401470,2024-03-18,31.3,24.8,40.7,12.9,Cloudy
917619,402814,2026-05-09,25.1,15.7,68.6,15.7,Haze
917620,400892,2025-06-23,22.6,6.7,82.0,23.7,Heavy Rain
917621,401993,2024-10-30,29.0,13.9,60.2,0.8,Rain
917622,402932,2024-04-04,25.7,1.4,46.0,0.9,Rain
917623,400290,2025-12-15,26.0,30.3,56.6,7.2,Cloudy
917624,402525,2025-02-23,25.6,4.5,87.0,5.7,Heavy Rain
917625,400937,2024-09-08,21.2,6.5,73.7,2.4,Haze
917626,403649,2025-10-22,27.9,6.8,77.6,6.2,Clear
917627,400555,2025-07-29,16.9,10.0,65.0,32.0,Heavy Rain
917628,401027,2025-05-14,29.2,1.3,66.3,3.0,Cloudy
917629,402536,2024-03-09,18.6,31.0,61.9,1.5,Cloudy
917630,400286,2024-09-24,16.2,14.2,47.1,1.1,Haze
917631,401039,2025-01-02,20.4,7.2,54.5,7.5,Haze
917632,401304,2024-07-03,35.4,16.3,61.5,2.6,Rain
917633,403553,2025-11-10,31.7,3.9,82.3,0.4,Rain
917634,403331,2025-01-20,28.2,0.1,41.2,2.4,Clear
917635,403799,2025-10-24,16.9,2.9,92.0,17.0,Clear
917636,403634,2026-04-07,41.8,18.7,91.9,3.7,Rain
917637,400968,2024-02-05,29.7,1.4,62.8,7.9,Cloudy
917638,402967,2024-12-28,25.5,11.1,50.8,3.8,Heavy Rain
917639,403384,2025-06-18,33.4,20.3,52.3,4.4,Heavy Rain
917640,404592,2025-03-27,23.0,20.4,53.2,7.4,Haze
917641,402982,2025-08-06,22.7,1.6,45.9,18.7,Clear
917642,400655,2025-05-04,38.2,2.5,71.1,4.6,Clear
917643,403987,2025-08-17,23.4,1.8,13.4,8.4,Storm
917644,404551,2024-12-20,39.5,4.4,70.7,2.0,Heavy Rain
917645,400162,2024-08-02,18.8,1.1,68.3,31.4,Storm
917646,402212,2026-04-13,32.6,9.3,67.6,1.8,Haze
917647,402717,2025-02-11,32.1,3.4,64.3,2.4,Heavy Rain
917648,403832,2024-09-15,31.0,2.2,34.4,7.1,Clear
917649,403762,2026-05-02,31.0,2.8,67.8,4.5,Storm
917650,400547,2025-01-30,40.8,22.7,76.3,4.5,Heavy Rain
917651,404674,2026-04-05,29.8,5.1,67.9,9.4,Clear
917652,403724,2025-12-21,21.8,2.1,96.4,17.8,Clear
917653,402761,2026-01-07,30.0,10.0,62.5,9.7,Cloudy
917654,400242,2026-03-21,20.5,8.1,64.3,17.3,Rain
917655,401813,2025-12-10,12.5,3.4,70.8,3.8,Heavy Rain
917656,404361,2024-06-28,24.3,9.9,17.8,1.3,Haze
917657,400161,2024-01-18,27.2,0.4,78.3,38.6,Clear
917658,404476,2026-05-18,32.6,11.0,63.0,1.9,Haze
917659,402912,2025-04-07,27.0,7.3,63.0,2.6,Storm
917660,404311,2025-08-06,23.6,1.6,78.7,19.3,Heavy Rain
917661,402356,2025-05-02,20.8,14.9,68.1,5.3,Storm
917662,401150,2025-08-05,21.6,13.8,48.0,45.3,Clear
917663,400139,2026-01-22,19.1,4.3,64.3,19.0,Storm
917664,404112,2025-06-14,38.3,4.7,57.2,49.6,Heavy Rain
917665,404533,2026-05-18,16.1,3.5,60.1,36.1,Heavy Rain
917666,404589,2025-12-19,22.1,0.5,41.6,3.9,Storm
917667,404510,2026-01-10,26.9,1.9,81.8,4.4,Clear
917668,400043,2025-05-02,29.6,4.4,85.0,16.0,Rain
917669,403715,2026-03-24,29.3,6.0,65.8,11.7,Clear
917670,402679,2024-08-28,17.0,19.0,86.7,11.1,Storm
917671,402248,2024-02-29,27.0,17.2,75.1,3.9,Clear
917672,404236,2024-09-30,20.3,1.3,95.3,7.8,Rain
917673,403370,2025-01-11,27.6,14.5,47.7,24.7,Haze
917674,402687,2024-11-01,19.9,10.1,66.1,5.3,Clear
917675,404037,2025-01-10,16.2,5.7,73.9,1.3,Clear
917676,401635,2025-05-20,39.3,26.9,98.6,7.6,Haze
917677,401055,2024-01-25,25.1,0.1,64.3,36.9,Rain
917678,401232,2025-01-03,19.4,2.7,53.7,0.9,Cloudy
917679,403505,2026-07-04,14.7,2.6,52.6,0.8,Rain
917680,402887,2025-09-16,44.6,1.2,76.9,2.6,Storm
917681,402384,2025-07-31,31.1,4.7,70.6,5.6,Storm
917682,402188,2025-07-09,21.6,0.4,77.2,1.4,Haze
917683,403584,2025-03-25,30.3,2.1,92.9,22.7,Storm
917684,402810,2024-04-19,27.4,7.3,69.9,13.0,Cloudy
917685,401124,2024-12-01,23.4,10.1,62.7,1.7,Storm
917686,402896,2026-04-22,16.1,15.2,42.1,3.8,Haze
917687,402861,2024-08-19,24.2,6.7,88.7,10.3,Heavy Rain
917688,400177,2025-12-20,8.9,3.4,49.6,7.9,Storm
917689,402247,2024-06-27,34.2,2.2,66.4,9.5,Haze
917690,401706,2024-02-23,26.3,12.1,58.4,7.3,Rain
917691,402988,2025-10-19,34.0,2.2,72.9,21.1,Haze
917692,403662,2024-06-12,38.9,1.4,83.7,6.8,Heavy Rain
917693,403072,2024-01-26,21.0,1.3,38.0,5.5,Cloudy
917694,400763,2025-02-05,31.5,4.8,57.9,28.5,Clear
917695,401296,2025-03-16,24.5,4.1,58.7,1.1,Cloudy
917696,404439,2024-02-14,28.7,1.7,77.0,7.7,Storm
917697,403154,2024-02-06,20.2,5.3,72.4,29.1,Clear
917698,404734,2024-05-23,27.6,28.0,73.3,1.2,Rain
917699,402107,2025-07-05,26.2,0.1,55.2,2.0,Storm
917700,400002,2026-03-31,28.9,2.1,77.3,20.9,Storm
917701,404859,2024-05-30,13.4,20.0,57.8,5.5,Cloudy
917702,400108,2024-09-23,24.7,0.9,85.2,0.7,Storm
917703,404820,2025-12-29,29.9,25.2,65.9,22.1,Heavy Rain
917704,402506,2024-12-12,34.3,4.9,97.2,5.2,Cloudy
917705,404145,2025-09-20,40.0,4.0,33.6,8.2,Rain
917706,400561,2026-01-17,28.6,5.5,74.3,54.8,Cloudy
917707,401229,2024-07-02,35.8,10.9,49.8,4.5,Heavy Rain
917708,400983,2024-01-04,27.8,4.2,64.0,30.8,Cloudy
917709,400532,2024-07-07,38.0,1.1,75.0,11.5,Storm
917710,401582,2025-02-04,24.6,0.9,65.1,8.3,Haze
917711,402822,2024-05-30,28.6,5.0,39.2,0.9,Heavy Rain
917712,403611,2026-03-14,24.1,31.1,75.5,1.9,Haze
917713,402977,2024-08-14,37.3,22.5,70.5,21.3,Rain
917714,401297,2026-04-13,15.6,21.5,78.3,14.2,Heavy Rain
917715,403264,2025-11-11,17.7,27.4,65.6,8.6,Rain
917716,403395,2026-02-05,24.6,5.8,85.9,6.2,Heavy Rain
917717,401345,2025-06-22,19.7,3.0,62.7,5.4,Cloudy
917718,402918,2025-10-26,39.0,0.8,68.0,25.6,Storm
917719,404611,2025-09-29,38.8,1.0,44.3,6.1,Heavy Rain
917720,403755,2025-04-26,25.3,2.1,88.4,6.5,Heavy Rain
917721,402565,2026-05-16,27.5,1.9,59.1,3.4,Heavy Rain
917722,402811,2025-04-28,21.4,16.2,46.6,23.2,Rain
917723,402954,2025-07-20,32.2,15.0,78.0,4.2,Heavy Rain
917724,403255,2025-09-17,22.8,9.3,93.8,20.0,Clear
917725,400319,2024-12-30,17.6,0.9,61.8,16.4,Heavy Rain
917726,401484,2026-06-20,23.3,4.7,74.0,20.8,Storm
917727,403228,2025-03-29,30.2,9.8,49.1,2.1,Haze
917728,402015,2026-01-09,10.3,14.9,24.5,0.6,Haze
917729,404295,2025-07-24,14.6,5.3,53.2,2.4,Heavy Rain
917730,404056,2024-06-20,32.8,0.8,57.0,27.9,Clear
917731,403113,2025-08-10,21.0,4.7,81.1,14.7,Storm
917732,401083,2025-01-04,30.5,5.0,56.1,8.0,Heavy Rain
917733,401437,2025-01-14,22.3,10.0,95.5,9.0,Storm
917734,401113,2024-05-24,26.6,32.8,77.8,14.1,Storm
917735,403643,2026-03-05,27.2,8.6,78.3,7.9,Heavy Rain
917736,402213,2025-04-23,30.5,2.0,80.2,20.0,Storm
917737,404465,2025-02-06,9.7,0.9,74.6,14.0,Clear
917738,402454,2026-02-22,35.1,14.7,27.4,6.8,Haze
917739,401058,2024-08-27,38.5,37.6,74.0,14.7,Clear
917740,404736,2024-04-10,21.7,4.6,29.3,5.9,Clear
917741,402307,2026-02-02,33.0,13.4,77.2,7.4,Storm
917742,402208,2025-11-26,18.2,17.0,79.3,35.5,Storm
917744,403472,2025-05-10,30.9,6.0,46.2,24.3,Storm
917745,401138,2024-10-05,29.8,2.6,42.6,11.9,Storm
917746,401050,2024-10-18,32.2,4.7,63.3,0.3,Cloudy
917748,404900,2025-08-22,24.5,2.0,58.0,0.2,Heavy Rain
917749,402766,2024-11-19,8.6,3.3,63.8,6.7,Haze
917750,400088,2026-03-09,41.1,0.3,86.4,11.6,Storm
917751,402509,2025-03-09,26.9,12.6,64.9,23.5,Storm
917752,400902,2024-10-24,27.5,5.2,83.8,14.9,Heavy Rain
917753,404699,2025-11-23,24.7,1.0,65.7,2.4,Storm
917754,400830,2024-06-26,29.7,0.1,50.3,11.3,Haze
917755,402100,2024-09-16,29.5,3.9,97.9,8.3,Rain
917756,400502,2026-04-30,29.5,0.4,67.4,7.0,Cloudy
917757,404882,2026-05-27,26.2,3.7,64.3,1.0,Rain
917758,403530,2025-01-14,31.7,0.6,77.0,1.7,Storm
917759,404811,2026-05-07,29.3,11.2,58.7,6.3,Cloudy
917760,403782,2025-11-18,30.2,0.6,60.0,5.5,Heavy Rain
917761,400739,2024-03-22,27.0,3.3,96.3,0.7,Heavy Rain
917762,403140,2024-07-10,21.5,12.7,76.6,18.6,Cloudy
917763,403916,2024-05-24,23.6,5.4,84.6,27.0,Clear
917765,402632,2024-01-27,28.8,0.0,64.3,1.0,Rain
917766,404896,2025-09-25,22.7,20.9,88.3,5.8,Heavy Rain
917767,403168,2024-05-31,11.8,1.8,73.8,0.2,Rain
917768,404644,2024-12-04,27.8,13.4,72.4,30.1,Storm
917769,400012,2025-03-09,38.5,4.3,68.4,3.3,Rain
917771,401722,2025-09-03,27.2,0.6,88.3,5.2,Cloudy
917773,401459,2024-10-24,29.4,14.0,59.1,2.9,Heavy Rain
917774,400669,2024-04-12,25.3,23.2,40.2,6.4,Heavy Rain
917775,400732,2024-07-04,35.2,5.2,71.7,7.6,Storm
917776,402924,2026-05-30,21.8,6.3,81.3,13.2,Heavy Rain
917777,404211,2024-02-06,28.2,11.8,75.0,19.3,Storm
917778,403488,2025-04-10,38.4,17.8,79.1,17.5,Heavy Rain
917779,400192,2025-02-27,23.6,8.5,51.3,7.2,Cloudy
917780,404361,2025-10-01,23.0,12.1,84.2,13.9,Storm
917781,404520,2026-02-25,35.7,4.9,26.9,24.0,Clear
917782,404964,2024-12-05,42.6,20.3,38.3,12.2,Rain
917783,400861,2024-11-03,39.1,9.9,91.6,1.7,Rain
917784,403729,2024-02-23,15.2,7.7,51.2,3.6,Heavy Rain
917785,402020,2026-02-07,13.2,24.6,63.0,23.9,Rain
917786,400268,2024-09-01,22.2,5.0,92.5,12.4,Clear
917787,404278,2024-08-19,27.4,13.1,47.1,11.3,Haze
917788,403465,2025-03-20,30.6,5.3,45.1,4.5,Heavy Rain
917789,401509,2024-09-07,22.9,4.4,62.2,49.1,Haze
917790,402902,2026-02-12,13.3,19.9,73.0,6.4,Clear
917791,403970,2025-03-02,29.5,5.2,76.4,34.3,Clear
917792,401022,2025-05-22,31.5,7.1,79.8,24.3,Rain
917793,400617,2024-09-15,28.9,2.6,82.6,14.7,Cloudy
917794,401801,2025-03-11,22.9,3.3,64.3,65.3,Haze
917795,401877,2024-02-24,25.6,21.9,53.2,8.7,Cloudy
917796,400092,2026-02-21,57.6,27.3,71.9,59.3,Cloudy
917797,402703,2026-04-05,32.2,10.0,80.2,5.0,Haze
917798,403442,2026-03-06,23.1,15.8,79.8,28.0,Cloudy
917799,400013,2026-04-05,22.2,11.1,46.8,1.3,Storm
917800,404547,2025-04-14,21.8,0.7,56.4,8.7,Rain
917801,403641,2024-10-15,37.7,0.1,90.2,2.3,Clear
917802,400985,2025-04-17,40.4,4.8,56.2,1.9,Rain
917803,404270,2025-05-12,24.8,10.4,59.4,2.5,Haze
917804,401876,2025-10-06,17.7,3.5,82.9,13.4,Haze
917806,402275,2025-06-17,18.2,4.8,63.2,8.5,Clear
917807,404646,2024-08-25,35.8,2.8,84.2,10.9,Storm
917808,404386,2025-04-11,19.8,0.2,60.0,1.6,Rain
917809,403276,2024-07-17,32.2,1.4,67.0,39.3,Haze
917810,404145,2025-11-07,30.6,10.5,60.2,4.3,Clear
917811,404758,2025-06-05,19.2,4.0,61.9,17.1,Rain
917812,401309,2025-09-16,30.1,3.0,89.1,4.4,Storm
917813,400161,2024-04-28,32.6,3.5,44.5,10.1,Clear
917814,404715,2024-04-06,35.3,33.5,33.6,8.5,Clear
917815,402611,2024-11-25,32.7,1.6,73.8,13.3,Haze
917816,400766,2026-03-20,38.0,7.4,64.3,19.5,Cloudy
917817,402520,2026-06-11,9.8,5.7,64.3,2.4,Rain
917818,403214,2025-05-26,24.3,10.8,73.9,2.7,Haze
917819,400299,2026-04-12,13.1,3.6,31.2,10.9,Cloudy
917820,400830,2024-09-07,21.6,40.8,65.8,7.8,Rain
917821,402628,2025-08-07,27.4,1.1,37.7,11.8,Cloudy
917822,401067,2026-05-23,23.5,7.9,58.5,0.9,Clear
917823,403746,2026-01-03,27.7,14.2,64.3,11.1,Rain
917824,404566,2024-12-13,31.5,0.7,54.4,0.3,Heavy Rain
917825,404507,2025-07-30,26.7,4.2,65.6,4.8,Rain
917826,403235,2025-11-19,23.4,8.7,86.4,12.0,Clear
917827,404126,2024-01-25,40.1,0.9,70.1,1.9,Heavy Rain
917828,400405,2025-06-24,22.7,19.8,30.7,6.0,Cloudy
917829,404585,2026-07-04,30.0,0.9,38.3,22.6,Clear
917830,400676,2025-05-03,29.7,10.2,68.9,2.2,Cloudy
917831,404505,2026-06-22,39.3,0.4,62.8,2.6,Clear
917832,401077,2024-12-04,34.7,4.4,47.8,21.1,Heavy Rain
917833,402692,2026-05-04,21.5,4.9,37.1,7.8,Heavy Rain
917834,403961,2025-08-15,28.7,2.0,70.5,2.9,Heavy Rain
917835,400997,2025-05-20,28.1,7.0,98.9,10.2,Rain
917836,404791,2024-11-20,35.8,5.5,53.5,24.2,Cloudy
917837,403184,2024-02-21,35.1,6.4,55.5,17.0,Cloudy
917838,402061,2024-01-12,36.3,6.8,92.3,24.1,Rain
917839,400568,2026-01-23,32.3,2.4,77.0,17.7,Heavy Rain
917840,400972,2025-10-15,29.7,2.2,50.5,8.1,Rain
917841,403952,2025-02-15,27.0,0.6,84.4,19.8,Storm
917842,401112,2024-10-29,32.3,5.6,88.3,4.8,Heavy Rain
917843,404976,2024-11-29,26.3,1.4,70.2,4.3,Haze
917844,403666,2024-09-11,33.6,11.2,72.7,11.0,Cloudy
917845,403864,2024-02-18,28.9,22.6,53.6,21.1,Storm
917846,400336,2025-03-30,16.1,6.9,72.4,5.8,Rain
917847,402154,2025-06-23,34.2,5.5,41.0,37.1,Rain
917849,404422,2026-02-17,25.2,7.9,45.5,19.8,Heavy Rain
917850,402461,2024-03-14,23.1,3.8,99.9,8.5,Cloudy
917851,403026,2025-07-13,45.6,11.9,93.4,5.0,Rain
917852,402455,2024-05-18,25.5,10.3,56.5,0.7,Haze
917854,403369,2024-03-21,27.3,5.7,65.8,16.0,Clear
917855,403649,2026-04-19,25.5,14.6,75.6,4.6,Rain
917856,404051,2026-07-08,33.7,15.7,56.4,6.9,Rain
917857,404879,2024-01-30,28.5,27.2,63.5,6.4,Haze
917858,404800,2026-03-23,36.1,10.8,60.1,7.5,Cloudy
917859,402088,2026-06-30,14.3,8.0,70.9,5.3,Clear
917860,403958,2025-07-01,30.5,8.3,67.1,38.9,Haze
917861,400047,2025-01-21,38.6,1.8,68.0,27.7,Clear
917862,400749,2025-04-22,24.2,12.9,47.6,5.4,Heavy Rain
917863,401880,2024-04-10,22.7,1.8,78.3,0.6,Cloudy
917864,402735,2024-04-16,33.1,19.7,62.3,2.1,Cloudy
917865,401862,2025-09-18,24.8,2.3,57.7,6.7,Haze
917866,401020,2025-12-29,24.7,7.8,70.1,9.6,Clear
917867,401580,2026-02-09,32.5,6.0,64.7,0.1,Haze
917868,403472,2025-08-24,20.3,0.7,58.7,12.0,Clear
917870,400005,2025-10-30,28.5,8.1,67.7,8.7,Heavy Rain
917871,400133,2024-04-05,12.4,15.4,62.9,1.9,Rain
917872,404271,2024-01-20,7.8,33.1,89.4,22.0,Storm
917874,403032,2024-06-13,33.2,18.6,64.0,4.6,Clear
917875,401260,2024-12-28,25.3,2.0,27.8,4.3,Haze
917876,403695,2025-11-12,16.5,27.3,69.5,28.8,Cloudy
917877,401191,2025-04-24,22.5,2.1,48.7,14.6,Haze
917878,403426,2024-05-29,28.0,12.0,86.1,11.9,Heavy Rain
917879,404966,2026-06-24,38.4,0.2,56.2,4.2,Clear
917880,403165,2024-10-22,21.4,9.3,67.9,5.5,Rain
917881,400025,2024-01-07,16.6,9.9,42.1,12.7,Clear
917882,404673,2025-10-14,23.3,2.2,75.5,8.0,Storm
917883,402111,2024-10-22,33.2,0.2,74.4,11.5,Cloudy
917884,404943,2025-10-27,24.3,2.9,62.3,4.3,Clear
917885,404517,2025-05-21,26.4,0.9,91.9,27.5,Rain
917886,402549,2024-01-25,26.4,5.7,61.3,15.9,Haze
917887,403363,2025-04-23,19.6,4.7,39.4,14.5,Haze
917888,404678,2026-05-19,23.9,12.2,54.8,11.7,Clear
917889,404305,2026-07-01,31.7,19.0,64.2,9.4,Rain
917890,402600,2026-01-20,38.3,2.8,77.9,10.5,Cloudy
917891,403624,2024-10-10,35.0,5.5,50.1,0.5,Haze
917892,404483,2025-09-05,23.8,6.6,53.5,17.7,Storm
917893,403973,2026-04-07,18.8,1.3,77.9,11.7,Heavy Rain
917894,400130,2026-06-27,22.0,18.9,25.4,4.5,Rain
917895,404973,2026-07-16,21.7,32.9,94.2,0.3,Clear
917896,404807,2024-06-30,24.1,4.2,63.2,0.6,Cloudy
917897,404994,2025-04-26,21.0,6.7,67.4,12.5,Storm
917898,401852,2024-03-14,25.6,5.4,57.4,31.0,Haze
917899,402251,2025-03-22,17.9,11.3,71.1,6.2,Heavy Rain
917900,404101,2025-04-23,23.6,7.2,36.2,7.1,Heavy Rain
917902,401919,2025-03-17,12.1,21.6,54.5,17.0,Clear
917903,403266,2024-10-28,16.3,4.2,48.8,1.9,Storm
917904,404672,2025-05-08,18.8,2.8,75.1,10.4,Storm
917905,402123,2025-08-18,22.5,17.6,54.4,2.0,Rain
917906,400007,2025-12-24,19.1,0.9,77.4,10.2,Rain
917907,404555,2025-11-30,42.4,3.1,90.2,2.7,Clear
917908,403659,2026-06-13,27.3,15.8,64.3,14.6,Cloudy
917909,403709,2025-11-07,23.0,0.4,47.9,1.3,Cloudy
917910,402689,2025-10-21,52.6,11.7,85.2,6.5,Cloudy
917911,402987,2024-12-29,23.8,0.7,38.5,0.7,Storm
917912,402025,2025-03-04,28.9,18.8,78.1,5.6,Storm
917913,401139,2025-09-12,18.3,4.9,72.7,9.6,Heavy Rain
917914,403744,2025-04-15,37.4,5.1,33.1,17.6,Haze
917915,403649,2024-12-07,22.3,0.6,32.2,4.3,Haze
917916,402756,2026-01-01,37.4,0.9,48.5,1.7,Rain
917917,404221,2024-07-16,27.7,21.5,83.3,3.8,Cloudy
917918,402643,2025-11-12,22.3,12.0,43.5,16.0,Rain
917919,401357,2026-01-06,24.8,1.0,72.9,9.4,Rain
917920,404858,2025-02-01,30.6,12.7,54.4,25.7,Heavy Rain
917922,401154,2026-05-01,28.8,1.2,84.5,4.5,Haze
917923,401412,2026-06-02,28.7,17.8,70.1,1.3,Storm
917924,403362,2025-03-22,26.3,12.1,66.3,30.7,Cloudy
917925,403539,2024-07-10,41.9,5.5,87.4,1.2,Haze
917926,403930,2026-03-07,19.5,13.9,51.5,30.6,Heavy Rain
917927,403775,2025-02-08,28.8,16.0,82.0,3.9,Clear
917928,403586,2025-02-22,11.5,14.9,96.9,2.3,Cloudy
917930,400972,2024-05-25,26.9,7.2,71.8,40.7,Haze
917931,401298,2024-07-10,41.2,15.4,85.9,26.7,Storm
917932,402627,2024-06-12,17.6,3.9,89.6,7.4,Heavy Rain
917933,402050,2026-06-21,29.6,0.1,59.4,35.2,Clear
917934,403089,2024-10-03,40.2,13.5,99.5,3.5,Storm
917935,403960,2026-03-30,26.2,1.3,48.0,3.1,Rain
917936,400206,2025-02-11,10.5,27.3,58.4,5.8,Haze
917937,404807,2025-06-29,26.8,0.2,81.3,10.3,Clear
917938,401029,2024-12-02,30.6,6.5,84.1,1.9,Rain
917939,400825,2025-04-23,24.1,11.1,66.2,4.9,Clear
917940,402543,2025-08-28,42.5,14.1,68.3,12.0,Heavy Rain
917941,402391,2026-04-18,32.3,7.9,41.1,23.3,Storm
917942,402643,2025-04-25,17.0,6.6,74.2,2.9,Rain
917943,402335,2024-06-23,10.3,0.5,61.8,5.9,Heavy Rain
917944,400700,2025-09-12,24.2,3.0,75.2,0.8,Clear
917945,403647,2024-06-17,15.5,4.7,73.8,9.2,Rain
917946,400441,2026-03-29,47.7,5.1,84.2,12.8,Rain
917947,404122,2026-04-07,32.2,0.4,87.1,2.8,Haze
917948,401515,2024-08-14,22.6,1.9,44.6,3.3,Storm
917949,401050,2025-06-23,18.6,0.6,53.4,4.2,Haze
917950,404551,2026-04-14,24.6,3.4,89.2,19.0,Clear
917951,404354,2025-03-12,23.6,2.0,51.7,5.0,Storm
917952,404084,2025-10-23,33.0,1.2,49.4,3.7,Clear
917953,402929,2024-12-19,30.7,7.1,72.9,10.8,Clear
917954,401980,2025-06-11,17.2,13.4,55.3,7.0,Heavy Rain
917955,403427,2024-04-22,9.5,16.1,87.7,11.9,Heavy Rain
917956,402784,2024-09-06,23.8,0.7,40.9,10.5,Haze
917957,403457,2025-02-12,33.5,6.4,66.8,0.3,Haze
917958,404790,2026-02-04,35.3,22.0,79.5,2.0,Haze
917959,404062,2024-08-31,35.5,1.9,60.8,44.5,Haze
917960,404641,2025-03-07,26.5,13.1,52.6,3.0,Clear
917961,401064,2025-03-05,34.7,16.8,64.9,1.4,Rain
917962,401084,2024-11-23,27.0,3.5,83.2,3.3,Haze
917963,400664,2024-05-31,11.9,2.3,55.4,32.1,Rain
917964,404489,2025-09-26,8.6,3.1,99.3,2.3,Heavy Rain
917965,401155,2026-06-14,33.5,16.7,58.4,8.7,Cloudy
917966,400167,2024-07-13,31.6,5.0,65.9,21.2,Clear
917967,404597,2024-10-29,37.2,8.2,62.2,5.1,Storm
917968,401659,2024-07-19,20.9,18.9,66.1,11.6,Clear
917969,400849,2025-11-14,22.4,5.0,57.1,1.9,Haze
917970,402567,2024-07-18,9.8,15.7,69.5,6.7,Storm
917971,404365,2025-03-02,10.3,4.9,52.4,23.5,Storm
917972,403094,2024-08-14,22.0,26.7,87.4,2.7,Haze
917973,404154,2025-11-24,32.1,19.5,72.8,10.6,Haze
917974,404842,2024-05-18,34.6,9.1,62.1,14.6,Clear
917975,401849,2024-09-16,27.8,7.7,87.3,1.4,Storm
917976,402159,2024-03-07,27.0,2.0,65.5,0.0,Heavy Rain
917977,400048,2026-01-01,21.1,4.6,62.9,0.8,Clear
917978,400418,2024-06-22,27.7,2.0,56.0,20.4,Haze
917979,402902,2026-07-01,38.8,2.2,86.8,28.0,Cloudy
917980,400153,2024-04-12,28.8,6.0,81.8,2.4,Rain
917981,401926,2024-12-02,30.5,22.9,93.3,3.1,Storm
917982,402229,2024-07-29,5.1,1.0,35.3,0.6,Haze
917983,403381,2025-06-09,40.2,1.6,39.7,14.3,Heavy Rain
917984,404211,2025-06-28,17.3,1.6,75.0,17.1,Clear
917985,401858,2025-11-02,18.2,18.9,76.1,19.7,Rain
917986,403577,2024-07-23,33.3,1.2,70.2,34.1,Clear
917987,404628,2024-04-11,33.1,22.8,55.2,1.0,Storm
917989,402403,2025-06-20,24.8,0.3,83.3,7.7,Clear
917990,404908,2026-06-05,29.5,2.7,34.0,26.4,Storm
917991,401815,2024-02-14,25.7,3.5,78.7,14.3,Cloudy
917992,401420,2024-06-09,10.7,5.4,82.2,9.9,Storm
917993,403538,2026-07-04,33.3,12.3,74.4,12.5,Haze
917994,400980,2025-09-17,38.5,2.5,55.7,16.0,Rain
917995,401356,2024-07-06,30.8,8.4,74.0,2.0,Haze
917996,403228,2024-06-05,27.8,2.9,46.6,5.8,Clear
917997,402399,2024-06-13,38.8,26.1,57.8,17.6,Cloudy
917998,401963,2026-03-02,19.2,1.8,38.5,21.2,Heavy Rain
917999,401872,2025-11-04,31.9,13.5,47.4,24.2,Haze
918000,400371,2025-07-07,33.1,22.5,68.2,4.0,Haze
918001,403894,2024-11-26,29.1,1.1,51.7,17.0,Haze
918002,404592,2026-05-26,30.4,0.4,65.8,7.1,Cloudy
918003,400538,2026-06-08,9.1,17.0,80.8,3.7,Storm
918004,401447,2025-05-12,25.9,7.3,9.7,11.7,Cloudy
918005,403337,2026-03-23,30.9,9.7,67.1,4.1,Cloudy
918006,400841,2026-06-24,31.3,4.8,63.1,5.9,Storm
918007,400708,2026-06-18,23.8,3.6,91.8,7.7,Haze
918008,404007,2024-04-13,25.3,7.6,76.8,8.4,Heavy Rain
918009,403076,2025-12-07,16.3,14.1,74.6,3.5,Cloudy
918010,402765,2024-11-25,26.4,3.2,55.0,23.3,Clear
918011,404571,2026-06-25,26.9,3.5,80.7,0.6,Heavy Rain
918012,403742,2024-04-08,13.8,8.3,85.8,12.1,Rain
918013,400486,2025-08-19,23.9,16.6,43.1,0.6,Rain
918014,400246,2025-11-04,20.1,19.0,64.3,11.0,Heavy Rain
918015,403900,2025-07-13,22.2,11.0,82.3,5.8,Haze
918016,402182,2024-11-05,23.1,6.0,71.6,21.0,Cloudy
918017,400726,2024-02-14,30.6,0.7,64.5,43.3,Storm
918018,400958,2025-09-22,38.6,1.0,77.1,12.8,Storm
918019,402929,2025-04-05,26.7,4.6,29.0,7.2,Haze
918020,403777,2024-03-08,41.4,6.7,66.0,6.7,Heavy Rain
918021,400309,2024-01-02,32.5,6.9,80.7,14.9,Storm
918022,401021,2024-12-21,35.1,1.4,69.9,10.9,Heavy Rain
918023,401160,2024-07-03,21.1,10.0,59.5,10.2,Clear
918024,403821,2026-07-10,16.2,5.1,80.5,15.3,Clear
918025,400783,2024-12-19,22.1,2.7,52.2,2.3,Cloudy
918026,402071,2024-05-19,21.5,7.0,58.5,34.7,Clear
918027,402626,2024-03-31,16.1,9.8,85.9,19.5,Haze
918028,400808,2025-08-01,19.2,10.2,68.2,9.4,Cloudy
918029,401228,2025-04-03,26.2,4.7,64.3,2.8,Rain
918030,403353,2024-03-02,25.0,0.4,44.9,2.5,Storm
918031,403959,2025-01-03,22.8,1.3,77.5,4.3,Rain
918032,402184,2024-08-17,20.5,2.4,72.3,33.1,Cloudy
918033,402894,2025-06-11,30.0,10.5,47.9,24.9,Heavy Rain
918034,403938,2026-06-14,39.6,2.0,64.3,11.0,Cloudy
918035,400866,2024-02-14,19.5,3.0,45.2,28.8,Clear
918036,401593,2024-04-26,27.0,13.4,50.6,7.9,Haze
918037,402354,2024-03-23,31.3,4.9,53.0,17.3,Rain
918038,403363,2025-12-04,24.9,5.9,71.7,2.6,Cloudy
918039,400536,2024-05-09,27.0,8.3,40.4,16.9,Haze
918040,404803,2025-11-22,35.8,7.9,91.6,3.8,Haze
918041,400446,2024-02-02,24.6,13.9,50.5,48.0,Heavy Rain
918042,401525,2025-08-06,18.0,14.3,80.3,10.0,Haze
918043,403752,2024-06-20,39.1,9.7,70.2,25.5,Clear
918044,400535,2025-01-10,36.5,11.6,46.1,19.9,Clear
918045,402642,2026-05-12,31.6,1.5,61.4,17.2,Haze
918046,404807,2026-06-11,43.9,24.4,43.5,3.8,Storm
918047,401158,2024-01-04,11.0,9.1,67.2,11.0,Rain
918048,404634,2026-02-26,21.5,1.3,29.5,2.8,Rain
918049,401849,2024-08-15,27.8,8.5,54.2,10.3,Clear
918050,402568,2024-08-25,17.0,4.6,81.8,1.9,Storm
918051,404616,2024-10-16,22.0,0.6,53.6,3.1,Cloudy
918052,401933,2024-05-13,19.7,7.0,68.1,11.9,Haze
918053,401856,2024-08-01,16.1,10.3,77.4,4.8,Clear
918054,401940,2024-11-05,25.9,2.0,82.1,9.2,Rain
918055,404721,2026-03-02,22.8,5.2,35.8,20.4,Storm
918056,402078,2025-08-27,27.0,5.4,57.6,25.0,Cloudy
918057,404184,2025-08-06,13.3,5.4,82.8,15.7,Storm
918058,400162,2025-08-06,35.6,7.8,66.7,7.7,Haze
918059,400551,2025-11-08,17.4,5.5,87.1,2.9,Storm
918060,402767,2025-07-23,41.3,8.4,64.3,1.2,Heavy Rain
918061,403334,2025-10-19,37.7,1.4,80.4,10.7,Rain
918062,403492,2025-12-25,34.4,0.7,79.3,3.1,Clear
918063,403359,2024-04-14,25.7,2.5,49.6,8.4,Clear
918064,400247,2025-07-25,21.5,8.4,59.7,4.7,Storm
918065,400994,2025-02-09,41.6,11.3,91.5,6.7,Storm
918066,400130,2024-12-26,23.5,15.0,51.0,18.0,Rain
918067,403840,2026-05-17,39.0,3.9,67.6,4.3,Cloudy
918068,404845,2024-06-13,18.8,3.5,52.5,26.9,Storm
918069,400786,2024-02-17,18.3,2.5,77.7,1.2,Heavy Rain
918070,403073,2025-02-11,29.1,2.1,57.2,6.3,Haze
918071,404108,2025-01-17,23.8,22.6,87.2,12.3,Clear
918072,402476,2025-07-29,25.9,0.0,92.3,48.9,Clear
918073,400549,2025-03-06,13.8,3.7,58.2,0.8,Rain
918074,401653,2026-05-23,24.6,4.9,48.7,12.1,Heavy Rain
918075,402911,2026-01-20,44.1,4.8,72.3,37.2,Clear
918076,403107,2025-10-24,34.8,6.6,64.7,3.8,Storm
918077,403908,2025-04-29,42.6,0.8,49.3,12.8,Clear
918078,403747,2024-03-01,32.4,7.2,75.9,3.3,Cloudy
918079,404165,2024-10-05,24.5,1.2,47.1,15.0,Heavy Rain
918080,404871,2025-08-12,28.2,0.1,86.4,10.8,Clear
918081,403329,2025-03-18,23.1,1.6,51.5,10.1,Storm
918082,400343,2025-12-21,29.6,11.2,66.2,9.5,Haze
918083,403183,2026-03-14,33.4,1.4,72.8,6.2,Cloudy
918084,404100,2026-05-30,21.4,1.2,48.4,34.9,Storm
918085,400378,2025-10-07,19.3,1.0,69.9,5.6,Storm
918086,401868,2024-04-18,25.8,5.9,43.2,6.1,Heavy Rain
918087,402613,2024-12-17,19.5,6.3,83.4,21.9,Cloudy
918088,402901,2026-03-05,31.1,1.0,52.1,6.3,Rain
918089,403769,2025-09-04,33.4,5.4,31.1,0.1,Rain
918090,402097,2025-08-06,31.9,2.2,74.9,14.0,Storm
918091,400472,2025-10-26,30.5,7.9,60.4,14.1,Cloudy
918092,402945,2026-01-04,39.6,5.1,90.8,27.6,Clear
918093,404822,2026-06-10,27.7,2.9,45.3,9.0,Storm
918094,401374,2024-02-03,26.5,32.1,60.1,27.4,Storm
918095,401032,2024-12-07,29.2,13.6,64.4,17.6,Rain
918096,404724,2024-07-08,26.1,3.3,36.7,2.6,Storm
918097,404017,2025-06-25,31.8,2.5,69.5,14.8,Storm
918098,400528,2025-09-16,23.1,13.5,27.5,0.3,Rain
918099,404621,2024-07-27,35.5,1.8,60.1,1.5,Haze
918101,401622,2026-04-16,36.1,3.4,56.7,12.7,Clear
918102,404366,2024-02-11,29.2,8.3,79.1,5.3,Rain
918103,404938,2026-06-25,34.8,5.3,35.3,7.6,Heavy Rain
918104,401621,2026-03-22,34.1,3.8,67.6,2.4,Clear
918105,400668,2026-01-31,27.0,3.3,48.3,5.9,Heavy Rain
918106,401628,2025-12-20,18.7,5.5,98.1,12.8,Heavy Rain
918107,402760,2025-11-25,19.3,13.7,73.3,4.0,Rain
918108,402263,2024-08-24,32.7,5.4,73.8,20.7,Heavy Rain
918109,404522,2025-07-15,22.6,1.2,68.1,2.8,Storm
918110,403862,2024-01-05,35.5,4.1,72.9,13.3,Storm
918111,404970,2024-12-13,39.5,1.5,84.8,12.4,Haze
918112,403899,2024-03-11,32.6,3.5,49.7,15.0,Cloudy
918113,401716,2024-10-09,32.5,11.1,59.0,2.5,Cloudy
918114,403603,2024-04-06,39.0,1.6,70.5,3.7,Cloudy
918115,401416,2025-01-31,21.8,5.8,64.3,15.5,Heavy Rain
918116,403979,2025-02-11,36.8,6.2,69.0,11.2,Haze
918117,402119,2024-11-11,21.2,7.1,53.7,5.6,Rain
918118,404508,2026-01-14,33.4,12.1,62.1,7.4,Haze
918119,401941,2025-03-24,19.1,20.7,60.4,43.8,Clear
918120,403312,2024-01-15,32.0,9.2,64.5,11.0,Storm
918121,402364,2024-07-15,40.2,11.7,52.0,58.4,Heavy Rain
918122,403107,2024-06-12,27.0,2.3,44.8,4.3,Haze
918123,403464,2025-09-03,20.1,1.6,64.3,21.6,Rain
918124,402853,2026-04-16,34.0,25.9,39.3,4.4,Haze
918125,401817,2025-09-21,26.4,4.8,60.8,4.4,Cloudy
918126,404628,2024-04-09,17.9,12.3,32.6,0.3,Clear
918127,403275,2025-04-23,21.1,8.3,76.1,4.7,Heavy Rain
918128,404470,2024-05-06,24.2,14.0,68.0,12.3,Cloudy
918129,401542,2025-03-28,24.7,10.3,58.7,29.7,Storm
918130,400106,2024-05-03,31.2,2.9,67.3,31.5,Storm
918131,400715,2024-08-08,22.7,5.7,52.7,13.6,Haze
918132,400238,2026-04-08,24.1,0.5,87.2,8.0,Cloudy
918133,404526,2025-01-29,22.6,41.8,47.4,22.6,Storm
918134,400669,2024-09-16,28.4,1.0,70.4,5.3,Clear
918135,401320,2024-07-01,38.1,0.9,54.5,22.4,Heavy Rain
918136,401117,2025-04-05,18.3,5.5,56.1,16.2,Haze
918137,403433,2025-09-25,18.1,2.9,51.2,8.9,Storm
918138,402549,2026-05-19,38.0,5.9,77.6,6.6,Heavy Rain
918139,404150,2024-10-11,26.4,0.5,87.2,2.1,Haze
918140,402501,2024-11-02,25.6,1.9,26.8,1.4,Rain
918141,404545,2025-08-11,37.4,16.4,33.3,0.2,Storm
918142,404821,2026-01-04,20.5,37.7,44.6,14.7,Cloudy
918143,402297,2024-07-12,30.9,7.7,64.3,11.6,Cloudy
918144,402617,2026-05-18,28.5,9.2,84.6,23.7,Rain
918145,403423,2025-12-06,24.7,7.1,26.1,0.2,Heavy Rain
918146,404020,2025-08-11,24.4,4.7,63.9,10.3,Storm
918147,401334,2025-12-16,27.7,14.0,57.8,1.8,Rain
918148,403509,2024-09-14,38.5,3.0,79.0,2.7,Haze
918149,403890,2025-11-10,30.2,2.1,55.7,1.9,Cloudy
918152,402814,2024-03-28,22.5,16.8,64.3,14.4,Cloudy
918153,401135,2024-04-28,14.1,7.5,59.9,0.5,Haze
918154,404672,2025-11-27,38.1,0.9,45.5,2.1,Storm
918155,402553,2025-10-02,28.7,21.6,71.8,20.6,Rain
918156,400785,2026-03-17,27.0,5.5,73.6,0.0,Rain
918157,402910,2025-07-11,27.0,3.9,87.8,23.5,Storm
918158,400166,2025-02-21,28.5,9.7,42.7,6.2,Rain
918159,402579,2024-03-15,16.4,15.9,59.3,5.0,Storm
918160,404247,2024-05-05,29.4,0.7,64.3,6.9,Haze
918161,400705,2025-05-26,40.6,2.7,96.4,1.2,Cloudy
918162,401559,2025-07-16,24.2,2.3,70.0,8.1,Haze
918164,400827,2025-09-03,39.9,4.3,67.2,8.6,Cloudy
918165,400096,2024-12-16,31.1,1.2,94.5,3.5,Rain
918166,400869,2026-05-17,17.7,5.5,67.2,0.3,Cloudy
918167,401615,2025-05-01,25.3,1.2,41.8,50.5,Haze
918168,401568,2024-12-01,30.1,6.4,64.3,12.1,Heavy Rain
918169,402409,2025-12-17,35.6,15.5,86.5,3.9,Clear
918170,400899,2024-02-25,36.5,9.8,66.5,1.3,Storm
918171,403217,2026-03-01,17.1,4.9,52.5,14.6,Cloudy
918173,401679,2025-03-02,27.5,13.6,77.1,2.2,Rain
918174,401840,2024-07-13,31.2,4.1,39.9,0.0,Rain
918175,403036,2024-05-14,41.9,8.3,77.6,15.5,Clear
918176,403515,2024-07-09,18.1,4.3,90.7,2.0,Heavy Rain
918177,400835,2026-01-01,37.1,35.3,64.2,0.9,Clear
918178,404398,2024-08-22,21.9,0.7,60.7,0.5,Cloudy
918180,401595,2026-05-19,26.0,35.3,61.3,14.4,Haze
918181,403790,2026-06-23,29.8,10.3,60.5,11.0,Cloudy
918182,404139,2024-01-30,23.8,0.8,63.8,12.1,Cloudy
918183,404060,2025-09-07,31.3,8.3,68.5,0.1,Heavy Rain
918184,402336,2024-08-25,33.0,2.0,68.1,1.8,Rain
918185,404722,2025-11-10,16.1,0.8,68.4,15.8,Rain
918186,402210,2024-07-17,31.7,6.5,71.5,17.9,Cloudy
918187,400857,2024-01-21,37.4,12.4,52.3,1.4,Cloudy
918188,404051,2025-09-16,25.4,3.7,74.3,0.4,Storm
918189,403535,2025-08-12,34.7,7.5,88.7,5.3,Storm
918190,403853,2025-04-13,28.8,2.4,52.6,4.8,Haze
918191,401032,2024-07-02,32.4,7.7,38.1,3.3,Heavy Rain
918192,404433,2024-03-23,38.3,24.3,64.3,23.7,Rain
918193,403669,2025-07-23,31.2,9.6,71.5,7.0,Rain
918194,400033,2025-04-30,20.9,15.5,67.8,23.8,Heavy Rain
918195,402477,2026-02-07,17.5,4.9,67.4,17.5,Clear
918196,402567,2025-10-26,32.4,2.4,65.9,6.9,Storm
918197,400428,2025-10-12,19.2,0.9,59.1,10.0,Rain
918198,401386,2025-06-19,31.5,16.2,31.0,25.4,Rain
918199,404292,2025-10-03,22.4,1.4,86.0,7.9,Rain
918200,401953,2024-09-05,27.9,13.3,38.4,1.5,Heavy Rain
918201,403299,2025-02-15,28.0,0.7,90.6,10.0,Haze
918202,400261,2025-09-09,43.0,2.4,70.1,0.8,Heavy Rain
918203,403196,2025-04-27,18.8,8.3,66.4,44.3,Haze
918205,403937,2026-04-10,20.0,10.1,47.8,9.1,Cloudy
918206,402909,2024-01-02,27.8,9.3,75.9,0.2,Haze
918207,402849,2025-10-15,25.1,1.9,94.0,8.7,Storm
918208,400053,2025-04-01,29.9,12.3,36.7,18.2,Storm
918209,404358,2026-01-09,29.9,18.7,77.4,24.6,Storm
918210,401522,2025-12-26,25.9,5.5,69.5,5.1,Heavy Rain
918211,400409,2026-07-03,30.4,3.6,65.8,23.6,Clear
918212,402475,2025-05-14,28.4,7.6,57.8,1.6,Cloudy
918214,402793,2024-12-17,34.9,0.2,65.2,0.3,Haze
918215,403214,2025-06-05,22.8,4.7,64.3,2.7,Haze
918217,400715,2024-01-27,14.2,6.3,62.7,33.2,Clear
918218,400353,2024-11-23,17.0,13.1,76.0,1.1,Heavy Rain
918219,402121,2024-01-11,23.1,3.8,73.9,2.6,Heavy Rain
918220,401263,2024-05-30,27.2,6.7,62.7,2.1,Heavy Rain
918221,402975,2025-10-02,24.3,0.2,80.6,4.6,Clear
918223,400476,2024-05-08,24.4,2.1,98.5,2.0,Rain
918224,400888,2026-06-28,22.9,25.0,41.0,4.7,Heavy Rain
918225,400553,2026-04-17,42.0,27.9,73.2,4.5,Cloudy
918226,402731,2024-07-26,33.3,2.6,35.3,2.6,Storm
918227,403491,2024-03-15,25.6,3.4,67.9,4.5,Storm
918228,404528,2025-09-19,21.8,0.4,88.7,46.2,Haze
918229,400518,2024-04-06,32.7,25.2,61.6,0.7,Clear
918230,400819,2024-08-10,25.8,0.6,56.2,3.2,Storm
918231,404799,2025-05-09,15.8,1.6,21.0,10.0,Clear
918232,400396,2026-04-23,22.7,1.5,63.9,8.3,Cloudy
918233,402452,2026-03-24,24.6,5.6,87.0,6.0,Rain
918234,401907,2024-02-15,25.0,0.2,88.3,7.1,Rain
918235,402047,2026-07-11,19.3,13.8,68.4,14.4,Haze
918236,401744,2026-07-16,24.3,7.2,56.0,53.7,Cloudy
918237,401476,2024-06-03,27.7,15.3,91.5,0.0,Heavy Rain
918238,400107,2024-01-18,20.4,8.7,71.4,1.8,Clear
918239,401448,2024-10-13,29.6,2.2,79.5,8.0,Cloudy
918240,401972,2025-05-28,24.5,0.4,41.5,11.0,Haze
918241,403673,2026-06-01,22.1,6.6,66.6,5.1,Clear
918242,404745,2026-05-24,26.7,15.6,63.6,22.3,Clear
918243,402829,2025-06-16,33.6,12.6,71.9,1.4,Haze
918244,404881,2026-01-28,20.0,14.8,50.6,0.6,Haze
918245,400229,2024-04-20,28.0,3.2,74.9,2.6,Heavy Rain
918247,404836,2024-02-19,27.6,14.8,42.5,16.5,Clear
918248,404182,2026-03-11,26.7,1.4,66.1,10.1,Cloudy
918249,400308,2024-04-29,28.1,3.7,48.0,2.3,Heavy Rain
918251,400612,2025-04-06,19.2,1.1,75.4,30.3,Haze
918252,400021,2025-12-28,33.5,7.2,69.8,9.9,Clear
918253,404585,2024-03-31,23.3,2.9,69.2,1.6,Storm
918254,401915,2026-05-25,38.5,6.8,53.1,3.6,Haze
918255,404070,2024-10-03,35.5,1.8,85.1,1.0,Heavy Rain
918256,400821,2024-02-28,33.9,0.9,31.5,5.1,Storm
918257,404806,2024-05-30,31.9,0.1,53.8,7.7,Storm
918258,401075,2025-07-24,17.4,6.9,24.5,7.3,Storm
918259,400196,2026-06-04,27.0,6.3,71.1,23.4,Haze
918260,400064,2025-05-17,26.3,22.6,61.3,10.7,Heavy Rain
918261,401073,2024-10-27,29.4,0.5,48.1,1.8,Haze
918262,403489,2024-05-21,42.7,11.8,57.5,4.3,Heavy Rain
918263,400902,2024-02-13,30.7,3.1,31.6,11.8,Storm
918264,404423,2026-02-12,24.2,9.9,77.8,14.0,Haze
918265,404811,2026-02-01,23.5,1.2,60.6,2.6,Heavy Rain
918266,403454,2024-10-05,25.8,9.4,86.0,5.8,Rain
918267,402421,2025-11-02,35.0,5.0,99.3,3.0,Clear
918268,401232,2025-08-09,24.9,4.9,57.4,5.6,Cloudy
918269,401062,2024-01-31,27.8,13.0,85.3,29.0,Haze
918270,401265,2026-01-31,29.8,6.7,88.8,22.7,Clear
918271,401712,2026-05-24,20.9,23.3,57.9,22.0,Heavy Rain
918272,404013,2025-09-27,20.4,1.1,57.8,1.6,Clear
918273,403976,2025-07-21,27.1,29.2,64.3,13.9,Rain
918274,402782,2025-04-24,35.8,2.2,84.4,2.8,Clear
918275,403475,2024-07-08,16.6,4.3,65.4,25.7,Rain
918276,402511,2025-05-28,29.4,4.7,38.0,12.0,Rain
918277,401469,2026-05-27,17.0,0.1,81.4,0.4,Clear
918278,403809,2025-11-11,35.0,7.0,60.0,9.5,Storm
918279,400632,2024-01-23,41.9,9.0,56.0,4.8,Clear
918280,401124,2026-05-25,18.9,4.8,52.6,26.1,Clear
918281,404298,2024-01-01,26.2,55.3,78.6,9.8,Heavy Rain
918282,402703,2024-08-15,27.3,11.9,42.3,0.3,Storm
918283,403081,2025-09-29,23.0,6.1,83.9,4.0,Rain
918284,400139,2026-04-02,43.0,41.2,50.2,2.0,Clear
918285,403376,2026-04-12,20.1,23.5,65.0,51.6,Cloudy
918286,401515,2024-04-27,34.4,22.6,54.5,9.6,Heavy Rain
918287,400153,2026-01-31,24.3,0.9,79.7,15.1,Storm
918288,400752,2026-05-24,37.4,5.9,80.5,5.3,Haze
918289,400306,2024-10-27,29.9,1.3,69.0,32.1,Cloudy
918290,401242,2026-03-22,21.2,2.9,76.4,25.0,Heavy Rain
918291,402252,2025-02-11,30.6,1.3,73.5,22.5,Haze
918292,404311,2024-07-10,22.8,10.5,68.9,1.4,Rain
918293,400098,2024-02-20,17.4,2.4,83.0,15.7,Clear
918294,404556,2025-02-05,24.5,3.7,61.5,3.9,Haze
918295,402261,2026-03-23,26.9,6.3,64.3,16.1,Heavy Rain
918296,400493,2024-07-19,19.7,9.6,87.5,20.8,Heavy Rain
918297,404215,2024-07-01,28.1,4.0,72.4,19.0,Rain
918298,404417,2024-06-16,20.7,0.1,53.8,11.9,Heavy Rain
918299,404724,2024-12-22,33.3,0.8,62.6,0.7,Clear
918300,400982,2024-01-23,29.9,0.4,61.8,2.8,Cloudy
918301,401460,2026-07-15,33.9,5.3,86.8,2.9,Clear
918303,403033,2025-02-14,17.7,0.5,65.2,3.3,Storm
918304,400271,2025-09-23,33.8,1.3,40.4,12.2,Rain
918305,401282,2026-04-05,12.6,26.0,51.1,3.1,Storm
918306,402459,2024-07-23,30.3,0.2,64.2,11.0,Storm
918307,403717,2025-09-03,41.0,5.9,50.1,15.1,Cloudy
918308,401072,2024-04-09,24.5,9.8,45.0,13.9,Rain
918309,400010,2025-02-20,27.6,3.1,46.9,6.9,Rain
918310,401114,2024-07-20,31.4,25.5,58.7,5.1,Cloudy
918311,400985,2025-07-10,18.8,0.9,27.9,4.7,Storm
918312,400879,2024-12-05,32.6,32.8,60.9,0.5,Rain
918313,400118,2024-11-15,35.6,2.0,64.3,4.2,Heavy Rain
918314,404230,2025-08-06,13.2,1.1,44.0,1.6,Heavy Rain
918315,403894,2026-01-02,21.9,13.4,79.2,3.6,Storm
918316,401185,2025-09-29,17.3,0.7,84.0,2.9,Cloudy
918317,401942,2024-02-07,23.9,0.1,73.7,24.5,Rain
918318,403130,2025-10-06,29.5,23.8,69.4,17.3,Storm
918319,404367,2024-01-30,27.0,12.9,82.7,6.4,Rain
918320,402133,2025-06-12,30.4,9.5,56.6,2.5,Cloudy
918322,400192,2025-02-03,7.1,5.5,64.0,2.7,Cloudy
918323,404340,2024-08-18,12.1,5.1,55.8,18.4,Heavy Rain
918324,401268,2025-09-07,22.9,4.8,38.6,0.0,Cloudy
918325,400580,2025-12-30,26.0,6.5,68.6,19.0,Rain
918326,400940,2024-09-22,22.2,8.7,55.8,17.7,Clear
918327,402141,2024-02-08,31.4,1.1,29.6,61.9,Storm
918328,402759,2024-06-11,23.7,38.5,74.7,29.4,Clear
918330,404182,2024-08-01,17.1,0.9,81.4,6.0,Heavy Rain
918331,403584,2025-12-01,30.0,9.6,69.3,2.7,Haze
918332,403135,2026-03-17,37.4,17.5,23.0,6.2,Rain
918333,401658,2025-04-13,32.3,2.1,92.6,17.3,Rain
918334,402339,2024-07-23,29.8,6.8,63.9,2.8,Haze
918335,404588,2026-01-16,28.2,9.8,86.6,4.6,Clear
918336,404321,2024-08-29,0.9,1.3,68.8,5.0,Storm
918337,404771,2025-11-02,33.6,44.9,76.9,11.3,Haze
918338,404234,2025-01-17,29.1,6.3,62.7,1.0,Clear
918339,401723,2024-12-15,35.6,7.8,57.3,4.2,Clear
918340,401161,2026-03-18,25.7,0.1,97.8,10.9,Clear
918341,401624,2024-01-15,21.9,12.3,60.6,12.6,Clear
918342,400299,2026-04-28,33.8,14.2,62.9,18.2,Clear
918343,400485,2024-10-21,30.0,10.6,79.1,19.6,Cloudy
918344,402648,2025-12-31,24.3,5.2,85.4,6.6,Cloudy
918345,404252,2024-02-29,48.0,4.4,79.4,7.2,Storm
918346,401647,2024-09-23,11.1,4.4,90.1,16.1,Rain
918347,404853,2025-08-24,36.9,1.9,55.9,43.7,Storm
918348,400044,2026-02-03,31.2,5.5,83.1,5.0,Cloudy
918349,400848,2025-01-22,33.1,2.8,56.2,41.7,Cloudy
918350,404637,2024-04-27,13.3,1.1,52.2,22.3,Haze
918351,404625,2025-08-29,34.6,7.6,63.9,0.2,Storm
918352,404509,2026-03-16,2.6,11.4,29.2,14.3,Heavy Rain
918353,401543,2025-02-19,22.7,7.2,42.6,4.1,Haze
918354,403091,2026-06-19,15.6,1.3,15.6,37.9,Heavy Rain
918355,404258,2024-04-15,33.7,6.6,70.8,2.3,Heavy Rain
918356,402887,2025-05-30,33.6,0.9,19.9,16.6,Rain
918357,403249,2025-02-22,25.5,16.0,50.8,20.0,Rain
918358,403963,2025-04-10,18.7,1.5,93.0,4.6,Heavy Rain
918359,401969,2026-03-06,33.3,23.7,79.4,11.9,Heavy Rain
918360,402374,2026-03-17,29.2,2.6,58.6,17.0,Storm
918361,404467,2024-03-23,11.9,9.5,79.1,0.7,Haze
918362,403700,2024-08-09,28.0,5.2,59.4,3.5,Cloudy
918363,402989,2024-12-16,36.3,1.9,80.3,1.6,Rain
918365,403263,2026-06-05,18.9,5.2,64.3,9.3,Rain
918366,404929,2024-11-23,5.5,27.7,64.3,10.9,Rain
918367,402597,2026-07-09,16.9,3.7,32.2,6.1,Cloudy
918369,400809,2026-05-04,12.9,2.6,40.6,3.7,Cloudy
918370,402227,2024-03-28,36.9,1.7,71.6,18.4,Haze
918371,400971,2024-07-27,40.5,35.7,81.1,10.6,Storm
918373,404941,2025-10-12,26.4,13.2,69.1,9.8,Heavy Rain
918374,403657,2025-09-13,10.0,1.1,27.2,9.7,Clear
918375,404829,2025-03-16,16.9,2.7,92.5,9.4,Clear
918377,401207,2024-11-10,30.4,3.1,80.1,41.7,Cloudy
918378,400585,2025-01-10,27.1,4.5,64.3,11.3,Rain
918379,401394,2024-03-23,18.0,7.0,40.4,4.7,Clear
918380,402868,2025-09-10,16.3,0.7,64.7,15.3,Clear
918381,404665,2026-05-22,30.8,7.2,77.6,24.2,Clear
918382,402971,2024-06-04,27.2,3.2,60.2,1.9,Haze
918383,401767,2024-03-06,13.2,5.2,46.0,7.9,Cloudy
918384,400430,2025-06-13,19.1,17.4,72.4,13.4,Storm
918385,404354,2025-11-03,32.5,15.4,50.0,1.4,Storm
918386,401709,2025-10-22,32.0,16.9,83.1,3.4,Clear
918387,402326,2024-03-15,38.6,2.3,75.9,5.8,Cloudy
918388,400781,2025-07-02,22.9,14.7,65.7,14.0,Storm
918389,402422,2025-05-19,31.8,4.9,42.7,2.0,Rain
918390,401779,2025-08-23,21.4,0.1,64.3,24.5,Cloudy
918391,400854,2024-09-07,27.0,10.6,21.9,7.4,Heavy Rain
918392,401783,2025-09-25,25.1,6.3,86.3,9.2,Clear
918393,401264,2025-06-18,30.2,2.7,40.5,3.6,Cloudy
918394,400384,2025-01-17,26.3,8.2,49.3,21.0,Clear
918395,402833,2026-07-15,22.7,26.5,69.0,0.6,Haze
918396,404493,2026-01-06,28.1,2.3,65.7,20.1,Heavy Rain
918397,404069,2026-07-18,32.8,3.9,85.3,7.1,Clear
918398,403780,2025-01-27,29.7,0.5,79.0,1.9,Storm
918399,401091,2026-03-22,29.1,10.5,96.7,7.4,Rain
918400,403834,2025-03-23,28.1,10.1,52.5,14.7,Cloudy
918401,403542,2025-01-19,40.6,8.8,80.6,2.6,Clear
918402,403468,2024-04-29,25.1,21.9,79.0,30.1,Cloudy
918403,400434,2024-06-24,21.8,8.4,61.4,12.4,Storm
918404,400160,2024-04-04,19.5,5.4,64.9,41.2,Storm
918405,402657,2024-01-05,29.0,12.3,84.7,14.8,Heavy Rain
918406,403373,2025-10-24,12.5,1.3,45.9,5.6,Rain
918407,401924,2024-08-18,27.0,31.7,64.3,3.1,Haze
918408,402562,2024-06-04,29.3,2.2,89.5,1.1,Cloudy
918409,404037,2026-01-25,24.1,15.3,94.2,1.1,Rain
918410,402526,2025-07-19,28.2,0.8,58.2,5.2,Cloudy
918411,403633,2026-05-23,14.9,8.4,81.8,9.1,Heavy Rain
918412,401670,2026-03-31,36.9,7.2,79.9,0.6,Cloudy
918413,400437,2024-02-26,20.9,1.7,45.6,8.2,Cloudy
918414,404901,2025-07-31,22.6,4.2,53.2,11.9,Clear
918415,402010,2024-02-05,21.5,4.1,52.1,17.7,Haze
918416,401240,2025-09-11,33.8,3.5,51.8,2.9,Heavy Rain
918417,402227,2025-12-25,26.5,4.3,57.8,10.7,Storm
918418,400375,2026-01-21,21.3,5.6,33.7,7.7,Storm
918419,401438,2026-01-10,25.7,7.2,72.8,7.7,Storm
918420,404404,2025-06-15,37.2,11.0,35.0,22.6,Cloudy
918421,401610,2025-11-17,32.3,4.5,71.4,8.7,Rain
918422,404251,2026-01-21,28.8,3.5,85.5,8.8,Storm
918423,403353,2024-04-20,17.0,2.0,64.3,6.5,Storm
918424,403933,2024-11-26,20.1,8.7,94.9,41.5,Heavy Rain
918425,401867,2025-02-24,21.2,11.1,61.9,4.4,Clear
918426,403312,2025-03-04,20.9,3.3,67.0,44.6,Cloudy
918427,404223,2026-01-04,39.2,0.7,67.4,0.7,Haze
918428,404817,2024-10-09,42.5,4.6,84.0,9.2,Storm
918429,404238,2026-03-29,24.9,34.9,91.5,5.7,Cloudy
918430,402720,2024-03-31,34.0,2.6,80.9,36.8,Clear
918431,401072,2024-08-29,30.4,17.3,97.2,10.4,Clear
918432,400902,2025-09-15,44.7,18.1,62.0,19.6,Rain
918433,402067,2026-06-24,29.2,3.6,56.7,16.1,Storm
918434,402374,2025-09-29,23.1,13.0,84.6,39.4,Rain
918435,403382,2024-08-18,23.2,3.6,77.7,1.0,Rain
918436,400496,2025-07-04,30.7,10.4,69.5,0.1,Heavy Rain
918437,401901,2025-08-10,26.1,0.8,70.8,12.0,Rain
918438,402177,2025-08-24,27.0,2.0,37.6,3.9,Clear
918439,403083,2025-10-07,22.5,4.2,41.9,11.4,Rain
918440,401389,2024-01-15,14.8,7.6,65.9,14.3,Storm
918441,400737,2026-05-28,27.9,17.4,64.6,1.1,Rain
918442,403451,2024-08-08,21.6,3.5,84.2,9.8,Heavy Rain
918443,404155,2025-01-25,13.9,17.6,76.9,9.1,Cloudy
918444,400570,2024-03-03,27.5,21.3,81.9,10.8,Haze
918445,403307,2025-11-29,23.2,5.3,47.8,2.3,Cloudy
918446,400210,2025-12-24,35.0,12.0,59.8,38.2,Rain
918447,404405,2025-03-18,28.9,1.0,74.0,3.9,Heavy Rain
918448,400510,2025-08-08,30.8,1.1,57.9,0.8,Rain
918449,400031,2024-08-15,24.1,3.5,31.8,6.5,Cloudy
918450,403883,2024-11-06,25.0,4.3,61.1,18.7,Storm
918451,401689,2024-05-19,23.8,13.8,56.9,5.7,Haze
918452,401665,2025-08-03,18.8,0.5,67.3,19.1,Heavy Rain
918453,400025,2024-05-28,28.2,2.0,39.9,29.3,Haze
918455,402811,2025-08-05,24.1,0.2,97.7,3.0,Clear
918456,401802,2025-05-30,33.2,2.4,58.6,19.1,Haze
918457,404059,2025-02-28,22.5,29.1,65.6,1.6,Rain
918458,403052,2024-12-09,34.0,5.7,73.1,10.5,Storm
918459,402451,2024-08-25,31.4,0.8,80.5,18.7,Haze
918460,401245,2024-02-25,26.2,0.0,64.3,28.8,Cloudy
918461,404099,2024-09-13,25.9,3.9,77.2,25.0,Haze
918462,403999,2026-06-05,25.9,6.3,77.3,0.4,Heavy Rain
918463,401480,2024-07-11,19.2,16.0,59.8,6.7,Haze
918464,402411,2026-06-01,29.7,1.8,27.8,7.8,Storm
918465,401598,2026-03-13,35.8,2.4,83.3,25.4,Haze
918466,404865,2025-11-25,41.5,23.7,29.6,2.0,Rain
918467,401679,2025-09-02,19.3,7.8,55.1,11.3,Clear
918468,403043,2024-02-29,35.9,4.0,70.8,25.1,Rain
918469,404480,2024-03-12,21.0,4.2,52.8,4.6,Heavy Rain
918470,402545,2024-12-20,14.5,6.5,73.1,27.3,Clear
918471,400986,2024-02-13,37.7,4.7,89.9,5.6,Haze
918472,401527,2025-06-19,32.9,20.1,35.3,9.5,Clear
918473,401918,2024-11-05,23.2,0.6,44.9,0.9,Cloudy
918474,400802,2025-05-12,27.2,4.1,75.4,5.6,Rain
918475,404814,2025-01-16,19.3,3.8,60.9,16.5,Storm
918476,404924,2024-03-07,28.0,9.5,96.9,0.7,Cloudy
918478,401509,2024-08-14,25.7,0.0,60.6,1.9,Clear
918479,402451,2025-07-01,33.8,4.9,57.3,12.4,Heavy Rain
918480,404747,2026-05-08,27.0,0.2,64.4,7.0,Rain
918481,404464,2026-03-07,23.2,5.5,88.2,17.8,Storm
918482,402424,2025-11-17,18.6,5.5,72.4,4.3,Haze
918483,401288,2025-06-14,26.6,3.7,73.9,12.9,Rain
918484,403501,2025-02-19,23.5,8.4,59.9,12.9,Storm
918485,400831,2026-04-24,32.2,2.2,65.7,11.4,Clear
918486,401899,2024-03-07,36.1,27.8,20.9,5.1,Heavy Rain
918487,401255,2024-07-07,20.8,5.5,38.9,0.8,Storm
918488,404113,2025-01-31,38.3,2.2,86.8,1.5,Cloudy
918489,403006,2025-07-10,37.4,12.2,61.0,0.4,Heavy Rain
918490,401350,2025-05-24,34.2,0.8,56.4,10.9,Clear
918491,404948,2024-05-18,34.1,9.9,74.5,28.6,Storm
918492,403584,2024-10-21,25.1,1.2,71.3,4.4,Clear
918493,402971,2025-05-01,20.8,0.8,73.2,3.7,Rain
918494,403985,2024-09-23,21.1,3.5,68.4,3.6,Cloudy
918495,401543,2025-09-18,41.5,10.7,63.2,0.7,Haze
918496,401506,2024-01-04,32.3,1.5,45.4,0.8,Clear
918497,402630,2024-03-13,22.5,30.3,64.3,8.8,Haze
918498,400798,2024-11-16,32.1,8.9,64.3,1.0,Clear
918499,401833,2025-06-04,31.4,4.4,63.4,14.6,Storm
918500,403710,2024-01-26,32.0,0.6,8.6,11.5,Rain
918501,401187,2024-11-16,23.2,0.9,51.2,7.8,Haze
918503,403889,2025-05-17,37.3,2.8,85.8,1.5,Heavy Rain
918504,402434,2025-06-19,22.9,13.6,64.3,12.9,Rain
918505,403140,2025-11-07,19.6,1.7,57.8,38.5,Cloudy
918506,401389,2026-02-25,33.1,2.3,65.2,17.0,Rain
918507,404033,2026-05-16,23.8,25.5,35.5,3.3,Storm
918508,402238,2024-10-12,27.4,6.5,44.3,0.7,Clear
918509,401409,2026-04-24,28.7,24.4,83.9,1.8,Rain
918510,400221,2024-05-20,26.3,6.3,67.9,14.7,Cloudy
918511,401815,2024-10-27,23.9,5.7,79.3,16.4,Heavy Rain
918512,400606,2024-02-24,17.8,12.0,75.1,5.5,Storm
918513,403237,2024-01-15,20.7,24.7,83.3,4.3,Heavy Rain
918514,401762,2024-07-13,30.0,7.9,73.1,15.7,Clear
918515,400103,2024-08-28,44.0,7.8,71.7,3.6,Clear
918516,402751,2024-02-04,23.3,1.8,48.2,4.2,Storm
918517,404456,2026-06-06,25.8,1.8,96.9,21.4,Clear
918518,400849,2024-05-15,37.4,4.8,76.2,37.1,Haze
918519,404941,2026-07-12,23.2,0.5,71.4,11.5,Storm
918520,403224,2026-06-23,24.1,2.1,75.7,14.6,Haze
918521,403051,2024-12-08,21.1,2.2,69.1,5.3,Heavy Rain
918522,400376,2025-10-29,27.8,2.6,64.0,2.3,Heavy Rain
918523,404741,2024-06-14,40.2,0.0,71.0,13.8,Clear
918524,400202,2025-05-29,33.3,2.1,64.3,9.0,Clear
918525,404542,2024-02-15,31.8,0.6,74.7,13.6,Clear
918526,401059,2025-03-11,34.2,3.6,80.6,5.7,Cloudy
918527,404623,2025-04-16,15.9,25.8,43.7,4.5,Storm
918528,402103,2025-07-26,40.1,1.5,77.2,7.1,Heavy Rain
918529,402061,2025-02-12,31.9,3.2,50.6,16.0,Cloudy
918530,400441,2024-08-06,31.3,4.2,57.8,2.2,Heavy Rain
918531,400247,2024-03-08,42.5,1.6,65.9,6.3,Rain
918532,404985,2024-08-14,30.8,6.1,52.9,2.5,Heavy Rain
918533,404780,2026-06-16,27.9,0.0,56.2,24.4,Haze
918534,404602,2024-10-24,24.7,14.6,75.5,41.1,Haze
918535,404342,2025-10-15,24.4,7.6,73.8,11.8,Clear
918536,404709,2026-04-30,21.5,21.6,59.0,15.7,Cloudy
918537,404153,2026-03-22,12.8,10.1,68.4,0.0,Rain
918538,402756,2026-02-15,27.0,26.1,86.6,0.1,Heavy Rain
918539,400871,2024-09-04,27.5,11.1,94.1,10.4,Heavy Rain
918540,403570,2024-08-24,22.1,2.1,76.6,17.5,Storm
918541,401955,2024-05-03,19.8,3.2,42.4,0.9,Clear
918542,401085,2024-11-04,39.1,6.5,50.6,7.6,Cloudy
918543,403481,2024-09-26,16.8,5.1,89.3,29.3,Haze
918544,402169,2024-10-09,36.6,8.0,71.8,4.0,Clear
918545,400036,2026-06-05,23.9,0.5,64.3,28.2,Heavy Rain
918546,403337,2025-04-20,22.2,4.1,49.4,1.7,Storm
918547,400671,2025-11-24,17.4,1.5,89.3,5.8,Clear
918548,400860,2025-07-15,17.9,3.8,79.8,16.9,Clear
918549,400119,2026-06-01,30.7,4.4,36.6,68.3,Rain
918550,403148,2024-03-30,20.0,1.3,66.7,0.4,Rain
918551,402983,2026-06-22,26.6,0.8,65.8,44.2,Storm
918552,401187,2025-07-18,28.7,4.6,75.1,21.2,Heavy Rain
918553,403669,2024-09-17,27.3,2.2,99.3,2.1,Haze
918554,404586,2025-05-23,22.1,9.9,66.3,2.4,Rain
918555,404624,2024-02-24,22.9,7.7,70.4,41.4,Clear
918556,402423,2024-09-22,19.7,3.1,45.0,12.8,Haze
918557,402656,2024-11-06,20.7,5.5,58.9,6.4,Cloudy
918558,400037,2024-08-19,25.6,10.7,70.0,54.2,Cloudy
918559,401610,2026-01-28,40.0,11.5,74.5,6.2,Clear
918560,401071,2026-01-30,25.4,8.7,58.5,7.2,Heavy Rain
918561,404274,2024-03-23,23.9,7.1,41.2,4.3,Haze
918562,401360,2025-06-14,10.8,19.9,74.9,13.2,Rain
918563,400042,2026-04-11,33.6,1.2,67.4,1.7,Rain
918564,403923,2025-03-02,25.4,9.0,49.8,9.2,Rain
918565,400359,2025-04-19,23.2,11.0,58.5,8.0,Heavy Rain
918566,403020,2025-10-10,29.9,10.5,40.2,46.8,Haze
918567,403434,2025-11-26,17.8,4.0,72.7,5.0,Haze
918568,401477,2025-09-18,31.3,1.6,66.8,0.6,Clear
918569,403983,2024-09-30,30.5,2.7,58.0,12.1,Haze
918570,403175,2024-07-29,5.9,5.3,62.6,14.5,Storm
918571,403425,2025-09-08,28.0,1.2,65.5,0.9,Cloudy
918572,400908,2025-07-23,30.1,2.0,63.3,5.1,Clear
918573,401570,2024-08-02,28.2,5.5,56.9,25.3,Rain
918574,402457,2026-03-22,13.0,5.4,27.4,9.5,Cloudy
918575,401249,2025-08-21,20.6,2.1,88.4,15.2,Haze
918576,404110,2025-03-18,10.4,3.1,83.0,4.9,Haze
918577,403615,2024-02-28,9.6,9.5,18.4,1.7,Storm
918578,402909,2024-04-27,33.3,13.4,48.8,15.6,Haze
918579,403041,2025-07-14,33.1,9.0,64.3,8.4,Storm
918580,403657,2024-03-06,15.2,1.9,52.7,13.2,Cloudy
918581,402221,2025-09-11,22.2,4.6,61.7,30.1,Heavy Rain
918582,404546,2024-08-08,22.1,6.0,40.4,26.3,Rain
918583,404316,2025-04-20,25.7,45.2,61.1,5.7,Clear
918584,400134,2025-11-11,15.4,0.9,67.2,5.8,Clear
918585,403098,2025-01-31,43.1,0.9,82.9,48.8,Cloudy
918586,400827,2026-02-27,28.5,3.5,64.3,5.6,Haze
918587,401758,2025-06-05,20.8,9.1,81.8,7.1,Haze
918588,404054,2025-11-30,20.6,3.8,55.6,6.4,Rain
918589,402839,2026-07-18,27.0,0.2,65.4,4.7,Storm
918590,400006,2025-02-03,27.1,21.1,55.0,10.2,Clear
918591,403940,2025-11-18,31.4,4.1,59.1,1.6,Cloudy
918592,404663,2024-09-26,33.1,0.8,65.9,1.6,Clear
918593,400495,2025-04-01,24.0,3.2,58.2,0.5,Rain
918594,402822,2025-10-25,23.9,0.4,64.3,4.9,Cloudy
918595,402349,2024-06-17,31.3,4.7,62.6,8.3,Rain
918596,401576,2025-11-13,32.1,8.6,61.8,4.2,Clear
918597,403684,2025-01-02,18.9,14.5,64.3,40.2,Heavy Rain
918598,400990,2025-11-05,26.5,9.1,25.5,7.6,Haze
918599,400831,2025-09-03,50.2,2.3,68.7,16.0,Cloudy
918600,401160,2025-03-19,32.3,16.0,72.2,25.3,Rain
918601,403558,2024-10-14,20.1,9.8,72.7,0.1,Storm
918602,402693,2024-12-02,28.8,1.0,64.3,0.2,Cloudy
918603,404942,2024-06-14,23.5,24.3,87.8,2.8,Heavy Rain
918604,400413,2024-10-21,30.9,22.1,56.9,3.8,Haze
918605,402421,2024-02-22,26.4,2.3,84.0,26.7,Heavy Rain
918606,400563,2024-01-29,27.0,11.2,55.9,5.6,Storm
918607,404381,2025-08-14,9.8,30.0,76.1,3.1,Rain
918608,404529,2025-10-25,33.5,11.3,85.1,10.1,Haze
918609,403256,2024-12-17,28.2,1.1,49.0,13.3,Cloudy
918610,400827,2025-08-09,27.2,3.0,75.3,4.8,Heavy Rain
918611,400866,2024-02-09,32.8,15.3,70.1,6.3,Storm
918612,404747,2025-06-05,33.4,6.7,78.8,4.5,Rain
918613,401600,2026-03-07,23.6,1.7,47.9,4.4,Haze
918614,404643,2025-06-09,23.2,0.3,21.3,2.4,Heavy Rain
918615,401083,2025-02-24,8.7,4.1,93.0,1.2,Haze
918616,402549,2024-10-31,32.1,4.5,64.3,3.3,Heavy Rain
918617,400529,2025-10-18,12.8,13.2,63.7,2.4,Cloudy
918618,403328,2025-12-09,29.9,5.5,16.3,24.6,Clear
918619,400863,2026-06-28,26.9,6.0,29.5,1.7,Haze
918621,400451,2025-12-06,32.0,2.8,67.6,20.9,Rain
918622,403455,2025-07-03,20.0,5.0,78.7,1.5,Cloudy
918623,401176,2025-09-10,20.9,13.0,61.5,1.6,Rain
918624,400556,2025-10-02,27.0,2.5,50.8,12.1,Cloudy
918625,402085,2025-02-20,32.2,2.6,85.6,53.3,Clear
918626,401642,2025-08-23,35.1,0.4,41.9,6.1,Heavy Rain
918627,403085,2026-04-23,18.0,5.5,54.5,0.8,Storm
918628,402163,2025-08-06,24.2,7.1,59.2,43.4,Heavy Rain
918629,404842,2025-01-31,27.0,20.0,14.5,1.1,Clear
918630,401891,2024-01-27,26.5,15.0,64.9,9.7,Cloudy
918631,400952,2025-02-28,25.8,1.6,60.9,1.8,Heavy Rain
918632,404501,2024-09-29,20.9,1.7,47.3,36.0,Haze
918633,401924,2024-08-11,37.7,3.0,51.6,24.3,Rain
918634,401543,2025-02-28,30.9,3.6,57.7,1.6,Heavy Rain
918635,400813,2025-12-29,37.4,2.5,64.3,0.1,Storm
918636,403744,2024-11-27,20.6,7.6,40.1,0.5,Haze
918637,402067,2025-05-16,27.4,5.3,84.5,6.0,Haze
918638,404646,2026-05-17,29.6,11.5,58.4,5.4,Rain
918639,400689,2025-05-27,28.3,5.5,65.0,25.4,Heavy Rain
918640,403904,2024-11-12,26.1,2.6,67.1,12.3,Haze
918641,403856,2025-10-29,24.7,1.2,53.2,2.8,Rain
918642,400380,2025-07-28,25.5,13.1,98.4,5.6,Heavy Rain
918643,400138,2024-05-07,29.1,0.2,36.3,28.3,Rain
918644,400188,2026-02-05,25.1,0.1,51.3,6.6,Storm
918645,401617,2024-01-12,34.4,21.3,55.7,50.0,Cloudy
918646,400702,2024-04-16,40.6,8.8,57.0,3.5,Cloudy
918647,402946,2026-04-06,26.7,13.8,78.0,4.9,Storm
918648,400474,2025-08-12,17.8,25.3,62.7,79.8,Clear
918649,402576,2024-10-26,23.2,16.4,79.3,14.3,Heavy Rain
918650,401800,2024-06-10,27.4,5.2,73.4,3.9,Haze
918651,403699,2026-05-06,50.4,9.0,83.0,3.7,Heavy Rain
918652,401503,2026-07-07,32.2,8.7,33.1,4.1,Clear
918653,402883,2026-03-14,24.9,8.3,66.1,10.8,Clear
918654,403784,2025-06-23,22.0,11.9,67.0,14.4,Rain
918655,402309,2025-02-17,36.5,2.7,51.5,11.9,Clear
918656,404925,2024-05-09,19.3,2.5,53.7,17.5,Haze
918657,404249,2024-10-12,20.0,27.5,63.7,23.7,Storm
918658,401951,2024-02-23,15.5,10.8,61.5,10.6,Cloudy
918659,403364,2025-02-11,11.9,12.1,40.5,2.8,Clear
918660,403232,2024-02-14,38.6,2.5,77.4,25.1,Haze
918661,401453,2024-09-26,17.3,3.2,92.5,0.9,Heavy Rain
918662,400154,2025-10-16,13.9,1.6,54.8,21.0,Heavy Rain
918663,401755,2025-04-09,27.3,4.9,64.3,20.2,Storm
918664,403193,2026-02-25,14.7,10.6,40.6,17.5,Rain
918665,401958,2024-08-31,34.3,5.1,61.7,27.1,Cloudy
918666,400516,2024-08-04,27.3,6.1,58.9,15.0,Cloudy
918667,401345,2025-01-01,27.2,7.0,68.4,10.4,Heavy Rain
918668,403951,2025-12-27,39.0,20.1,58.2,1.1,Cloudy
918670,404525,2025-03-17,25.8,4.5,23.0,4.7,Rain
918671,401491,2024-03-09,25.0,5.8,46.0,4.0,Storm
918672,400550,2025-02-07,27.5,0.8,62.0,12.9,Rain
918673,403583,2024-07-26,17.8,6.2,97.6,4.3,Heavy Rain
918674,401456,2026-04-15,36.8,2.0,42.5,0.5,Heavy Rain
918676,402327,2024-10-07,30.2,9.1,73.5,27.9,Haze
918677,401783,2024-07-05,39.6,0.1,97.7,0.5,Cloudy
918678,402245,2026-06-29,22.6,0.2,64.3,13.9,Rain
918679,404527,2024-04-16,28.4,8.0,39.6,9.5,Storm
918680,403569,2024-06-05,11.9,4.7,57.0,32.3,Storm
918681,401274,2025-06-25,23.8,11.4,53.3,2.7,Heavy Rain
918682,404329,2024-04-28,32.7,11.4,41.0,22.7,Cloudy
918684,401456,2025-09-03,25.3,1.2,74.3,5.7,Cloudy
918685,404607,2024-04-06,24.5,7.1,64.3,2.4,Clear
918686,404863,2026-02-26,34.1,11.5,54.9,14.0,Rain
918687,403022,2025-02-08,33.0,4.5,64.3,2.9,Clear
918688,401432,2026-05-18,24.8,3.4,73.5,11.1,Haze
918689,400282,2025-03-19,27.2,6.0,44.5,8.3,Rain
918690,402738,2025-04-18,21.0,10.6,64.3,0.1,Storm
918691,401714,2024-03-23,36.2,15.4,41.5,11.5,Clear
918692,400533,2024-11-24,29.1,17.0,79.4,3.9,Cloudy
918693,400197,2026-03-11,39.5,0.3,54.1,46.1,Cloudy
918694,402029,2025-08-22,30.7,26.2,74.6,6.5,Storm
918695,403441,2024-06-10,29.0,1.2,61.9,11.1,Clear
918696,400317,2024-05-07,27.3,5.0,38.0,15.2,Heavy Rain
918697,404302,2025-01-16,27.7,0.9,78.7,27.8,Cloudy
918698,400741,2024-02-26,29.5,2.6,85.0,6.7,Heavy Rain
918699,402994,2026-05-01,37.0,4.2,64.3,3.8,Rain
918700,403083,2024-07-10,27.6,5.5,88.4,5.0,Storm
918701,402003,2026-03-26,30.0,9.5,57.1,4.1,Haze
918702,402966,2026-05-01,36.1,5.7,86.1,18.8,Heavy Rain
918703,401302,2024-04-17,23.3,11.5,74.1,34.5,Haze
918704,404046,2025-03-31,39.4,1.5,68.0,5.2,Cloudy
918705,400615,2026-02-21,36.1,2.9,78.0,4.1,Haze
918706,403943,2024-08-05,28.4,23.0,92.4,10.1,Clear
918707,401489,2024-04-29,16.2,16.9,70.1,3.9,Haze
918708,401514,2024-07-06,25.0,3.3,72.7,0.1,Storm
918709,402812,2025-08-29,15.8,7.5,64.6,5.7,Heavy Rain
918710,402975,2025-03-07,33.2,5.1,74.6,5.5,Storm
918711,403353,2025-02-26,32.5,16.8,63.8,0.9,Heavy Rain
918712,400991,2026-05-03,28.2,4.4,19.5,22.0,Cloudy
918713,400383,2025-12-14,26.7,13.5,48.1,0.2,Cloudy
918714,402033,2026-04-15,23.8,3.4,45.6,15.4,Clear
918715,401028,2026-04-06,37.5,6.7,69.6,18.1,Heavy Rain
918716,404933,2024-04-02,34.8,6.2,75.2,50.6,Clear
918717,402064,2024-05-07,29.3,18.3,69.4,45.4,Clear
918718,400153,2026-02-22,16.0,1.1,86.0,9.2,Heavy Rain
918719,401653,2024-10-07,29.0,13.4,50.7,0.9,Haze
918720,404460,2025-07-05,23.3,1.0,55.6,4.3,Rain
918721,403092,2024-11-02,34.5,1.7,49.4,6.9,Haze
918722,400681,2025-04-29,42.3,0.6,63.4,7.9,Storm
918723,400584,2025-05-29,37.9,14.8,57.6,0.6,Rain
918724,402160,2026-01-22,31.1,4.1,62.8,19.1,Heavy Rain
918725,404093,2025-09-02,39.1,8.6,90.3,14.6,Haze
918726,402387,2024-11-05,27.0,10.1,35.3,3.8,Haze
918727,400370,2025-09-22,29.0,21.4,99.6,2.9,Heavy Rain
918728,400749,2025-03-02,29.7,0.3,32.6,5.7,Rain
918729,404051,2024-04-21,36.3,12.0,50.5,6.5,Haze
918730,404685,2026-06-27,25.9,4.5,69.6,4.9,Cloudy
918731,403123,2024-01-26,38.6,1.7,56.1,13.6,Storm
918732,401422,2025-11-25,29.4,5.9,52.3,19.1,Rain
918733,400003,2025-01-14,20.3,11.6,64.3,23.4,Rain
918734,402404,2026-05-17,32.6,39.7,62.9,20.2,Rain
918735,403370,2024-05-17,29.0,10.5,61.7,33.8,Storm
918736,404466,2024-03-17,28.9,25.2,75.1,22.2,Heavy Rain
918737,400261,2025-01-15,39.4,9.5,57.2,1.3,Heavy Rain
918738,402712,2024-02-02,25.0,0.8,67.4,8.2,Heavy Rain
918739,404142,2024-09-06,19.1,5.2,48.0,5.2,Storm
918740,400603,2024-02-17,21.6,3.0,55.1,18.7,Heavy Rain
918741,402784,2024-08-01,21.8,2.4,68.2,1.0,Heavy Rain
918742,400922,2025-09-29,16.9,3.8,68.3,6.2,Clear
918743,403590,2024-01-17,29.5,2.4,53.2,12.4,Haze
918744,404045,2025-11-16,22.7,4.6,73.4,33.1,Haze
918745,403731,2025-01-17,20.8,10.7,56.5,9.8,Rain
918746,400101,2025-12-26,23.1,2.9,43.4,2.0,Rain
918747,401409,2024-09-20,19.9,0.2,61.9,6.8,Clear
918748,403184,2024-02-20,18.6,4.3,71.6,12.8,Cloudy
918750,400224,2025-11-16,17.7,0.8,75.8,15.3,Heavy Rain
918751,401725,2026-02-06,28.1,1.8,67.9,6.4,Cloudy
918752,400487,2024-05-26,30.7,9.5,58.4,2.5,Haze
918753,400866,2026-05-30,34.7,1.7,49.7,6.9,Haze
918754,402869,2024-01-24,40.2,3.9,52.4,6.0,Storm
918755,400912,2025-09-06,11.4,42.8,81.8,6.1,Clear
918756,400299,2026-03-06,8.1,4.6,91.2,10.0,Clear
918757,404967,2025-04-03,29.4,11.1,43.6,6.1,Rain
918758,400303,2025-12-28,26.1,2.3,50.1,25.2,Cloudy
918759,401106,2024-08-21,38.2,6.3,59.9,3.9,Clear
918760,404420,2025-10-17,38.0,4.5,44.8,13.6,Haze
918761,400597,2026-04-07,32.7,0.7,62.7,46.7,Clear
918762,403995,2024-01-03,24.6,4.9,50.2,4.8,Haze
918763,404166,2026-03-16,22.9,2.9,71.4,7.9,Storm
918764,400508,2025-12-14,32.5,3.0,34.9,17.7,Heavy Rain
918765,404274,2026-06-26,19.7,11.3,37.6,8.1,Heavy Rain
918766,404479,2026-02-20,38.8,5.5,59.3,20.8,Cloudy
918767,402954,2025-08-30,20.8,0.7,95.5,6.1,Cloudy
918768,401511,2024-02-11,16.5,15.2,66.9,14.0,Clear
918769,400196,2026-06-09,29.1,50.1,60.5,13.3,Storm
918770,400981,2025-03-18,26.3,2.3,54.3,3.1,Rain
918771,404170,2025-10-20,28.3,0.5,72.5,0.0,Clear
918772,402306,2024-02-12,22.4,17.4,51.7,4.6,Heavy Rain
918773,400615,2024-10-31,20.7,2.5,87.7,11.4,Clear
918774,404329,2025-06-11,29.0,9.9,70.3,10.3,Cloudy
918775,403084,2025-09-04,16.3,16.7,51.1,7.0,Cloudy
918776,403581,2024-03-14,31.1,16.0,58.1,9.8,Heavy Rain
918777,402371,2025-10-15,30.1,5.5,83.3,12.9,Rain
918778,402264,2024-06-23,38.4,3.9,58.4,20.5,Rain
918779,400222,2026-07-10,29.1,3.2,62.5,15.1,Cloudy
918780,400659,2025-05-17,35.7,5.5,35.7,27.8,Heavy Rain
918781,402068,2025-08-24,22.1,32.4,91.2,19.8,Clear
918782,403937,2025-04-13,26.9,12.6,50.5,6.6,Cloudy
918783,401554,2025-12-20,22.4,7.3,86.9,14.7,Cloudy
918784,402483,2024-04-28,42.3,16.3,70.0,10.0,Heavy Rain
918785,401114,2025-08-09,33.1,12.8,55.4,18.3,Haze
918786,404088,2024-11-16,45.9,0.4,40.7,16.3,Clear
918787,404250,2025-01-25,23.4,11.9,67.4,1.8,Storm
918788,401176,2025-05-07,25.6,2.4,53.1,2.8,Rain
918789,403783,2024-01-16,39.6,0.1,65.5,4.8,Storm
918790,401405,2025-01-02,20.2,10.9,82.7,2.0,Heavy Rain
918791,403439,2026-02-03,31.8,10.7,73.1,6.7,Haze
918792,403002,2026-06-24,20.5,6.5,53.5,13.4,Rain
918793,401886,2024-01-10,30.0,18.5,98.7,3.2,Cloudy
918794,403432,2024-10-20,5.8,1.0,75.4,0.8,Storm
918795,402082,2024-03-10,4.3,7.1,66.8,1.1,Haze
918796,404419,2026-07-01,26.7,3.4,74.6,35.1,Cloudy
918797,401889,2024-11-08,26.4,14.7,78.4,13.1,Cloudy
918798,404949,2026-04-05,28.7,6.7,88.2,0.4,Rain
918799,400663,2024-12-28,38.6,11.7,69.7,37.2,Clear
918800,402565,2025-12-10,26.7,0.3,69.7,1.8,Cloudy
918801,400876,2024-10-13,27.7,1.0,69.1,18.7,Haze
918802,400286,2024-06-05,13.5,1.4,45.8,17.9,Haze
918803,402372,2025-09-02,44.5,0.4,43.1,4.7,Cloudy
918804,402277,2026-02-02,37.1,1.1,92.2,46.1,Cloudy
918805,404212,2026-07-10,33.2,39.4,74.4,12.0,Rain
918806,404939,2026-03-30,7.8,0.9,52.5,1.1,Rain
918807,400682,2025-01-08,30.1,2.9,79.8,39.7,Clear
918808,403671,2024-05-21,22.4,14.3,57.2,11.7,Heavy Rain
918809,402954,2024-03-12,29.0,6.6,65.0,7.6,Cloudy
918810,404023,2024-08-27,27.4,2.3,54.8,7.8,Rain
918811,403191,2024-11-14,32.4,28.3,59.2,10.1,Haze
918812,401269,2026-01-13,13.3,6.0,82.1,4.7,Cloudy
918813,403092,2024-11-16,32.0,3.2,42.0,22.0,Rain
918814,402233,2024-01-23,14.5,3.8,55.4,20.7,Haze
918815,400137,2025-11-03,24.0,4.2,63.9,0.2,Haze
918816,403471,2025-07-18,23.5,26.0,29.7,13.5,Heavy Rain
918817,400392,2025-02-12,28.3,5.6,63.5,16.0,Clear
918818,401399,2025-02-03,28.7,11.9,50.9,10.6,Clear
918819,404160,2024-02-04,30.6,0.4,53.7,0.3,Heavy Rain
918820,402643,2026-04-09,38.5,12.7,56.6,6.3,Storm
918821,400567,2026-03-06,22.5,0.2,60.6,17.0,Rain
918822,401181,2026-02-21,21.4,10.2,93.1,4.0,Cloudy
918823,400385,2026-06-06,34.4,3.4,94.1,3.5,Heavy Rain
918824,401962,2025-09-02,26.0,3.7,64.3,7.9,Clear
918825,404879,2025-09-13,41.6,1.6,39.1,5.8,Heavy Rain
918826,403415,2025-03-16,33.6,3.8,76.6,27.7,Clear
918827,402999,2024-11-30,26.9,52.9,90.6,3.1,Heavy Rain
918828,402857,2026-02-11,18.2,14.8,60.4,14.9,Cloudy
918829,404108,2025-03-01,21.9,18.6,91.5,4.0,Clear
918830,401149,2025-02-14,13.6,3.5,51.5,12.7,Heavy Rain
918831,400836,2024-08-10,29.2,3.3,95.4,34.9,Haze
918832,402804,2025-10-14,12.7,24.5,52.1,2.5,Storm
918833,403546,2025-12-25,34.8,1.1,81.4,24.9,Cloudy
918834,401298,2024-09-22,13.8,4.9,59.2,3.8,Clear
918835,400413,2025-03-11,32.6,2.8,73.0,11.9,Cloudy
918836,403237,2025-12-24,43.3,20.0,42.2,2.6,Rain
918837,403355,2024-10-29,27.2,10.9,75.6,7.5,Clear
918838,404077,2026-02-10,30.1,9.7,76.4,41.4,Haze
918839,403575,2025-11-11,17.9,16.5,21.8,8.0,Cloudy
918840,400883,2025-08-23,21.8,2.0,99.4,8.5,Storm
918841,403798,2025-09-10,22.1,22.2,71.1,4.9,Haze
918842,401878,2025-04-13,30.9,23.7,53.9,11.0,Heavy Rain
918843,403268,2026-04-14,16.2,2.4,39.2,5.2,Heavy Rain
918844,401232,2024-01-09,10.7,1.1,51.3,20.5,Storm
918845,404105,2024-03-05,8.5,1.3,58.2,8.3,Cloudy
918846,402703,2025-09-25,29.1,11.5,61.3,13.1,Rain
918848,403744,2026-03-26,29.0,0.3,60.5,51.4,Cloudy
918849,403417,2024-06-01,30.4,30.8,51.0,43.2,Clear
918851,403222,2024-04-04,23.5,0.9,64.3,36.2,Storm
918852,400956,2024-02-21,17.9,2.9,78.3,2.5,Clear
918853,403141,2026-03-12,30.6,5.5,44.8,53.9,Heavy Rain
918854,404851,2025-07-07,26.3,9.8,73.1,3.4,Cloudy
918855,401662,2024-10-09,46.0,21.0,64.3,8.6,Rain
918856,400139,2024-02-27,36.2,0.8,91.7,1.6,Haze
918857,400492,2024-06-23,33.6,0.9,88.0,6.1,Haze
918858,404408,2025-08-24,14.9,3.9,59.2,1.0,Haze
918859,402271,2026-02-16,15.9,8.1,49.3,17.5,Storm
918860,402621,2024-11-12,28.6,17.5,64.3,11.5,Cloudy
918861,404906,2025-07-28,37.9,19.1,98.5,12.1,Clear
918863,403794,2024-02-14,21.7,8.7,74.2,8.8,Storm
918864,402475,2024-10-24,24.1,2.4,82.1,11.4,Clear
918865,403108,2024-03-08,26.5,4.6,84.0,4.2,Clear
918866,403117,2024-02-20,25.1,3.9,72.3,10.9,Clear
918867,403267,2025-06-09,42.5,6.1,93.3,7.3,Cloudy
918868,404316,2024-05-01,42.2,7.0,64.3,17.7,Storm
918869,401727,2025-09-20,16.1,5.2,97.5,15.8,Heavy Rain
918870,400505,2024-01-14,45.2,14.7,76.6,4.2,Haze
918871,401743,2024-03-14,22.5,0.9,81.4,5.1,Rain
918872,403426,2025-06-30,25.8,6.3,53.0,13.5,Rain
918873,403351,2024-12-09,31.0,0.5,68.8,3.5,Rain
918874,401221,2025-08-13,42.8,18.9,51.6,13.8,Haze
918875,400720,2024-05-13,21.9,17.9,72.8,62.9,Heavy Rain
918876,402985,2025-12-12,20.5,5.5,43.7,34.2,Heavy Rain
918877,400600,2024-09-02,31.6,1.3,67.1,12.7,Storm
918878,400660,2025-12-23,27.9,6.4,90.4,7.9,Heavy Rain
918879,400140,2025-07-09,25.1,1.5,79.2,0.8,Heavy Rain
918880,400509,2026-04-01,23.4,10.6,51.3,1.8,Storm
918881,400522,2024-02-03,20.7,2.1,62.2,2.6,Clear
918882,400618,2025-02-28,32.2,5.5,78.3,3.2,Rain
918883,401929,2025-01-23,44.5,0.7,61.2,11.6,Storm
918884,403980,2024-01-31,33.2,14.7,65.2,7.4,Haze
918885,401093,2025-08-02,28.8,10.9,57.3,33.2,Cloudy
918886,401395,2026-03-12,28.7,8.2,77.3,9.4,Heavy Rain
918887,402600,2024-03-09,30.2,8.0,44.6,4.0,Storm
918888,404306,2024-06-20,29.0,8.8,64.9,2.9,Cloudy
918889,404554,2025-10-02,26.9,10.7,67.7,0.7,Cloudy
918890,404051,2024-08-06,34.5,14.3,88.6,24.2,Heavy Rain
918891,400724,2026-01-23,36.6,3.7,43.2,1.5,Haze
918892,404043,2025-04-26,33.1,8.2,71.9,9.4,Storm
918893,404015,2026-06-05,30.8,1.7,76.3,15.1,Rain
918894,404868,2025-01-31,18.1,7.9,53.5,5.3,Heavy Rain
918895,401881,2025-07-21,17.4,2.8,65.9,21.5,Rain
918896,403972,2026-07-07,26.2,0.3,64.3,11.8,Haze
918897,403585,2025-07-23,18.4,7.3,86.4,2.2,Rain
918898,404246,2026-05-26,25.0,4.4,86.0,7.8,Rain
918899,402190,2024-05-08,14.5,4.8,64.3,6.0,Clear
918900,403935,2024-10-04,21.1,5.9,34.5,6.4,Cloudy
918901,401673,2026-03-20,17.1,3.4,31.8,11.3,Cloudy
918903,404316,2024-08-16,28.1,3.5,71.4,24.1,Cloudy
918904,400382,2024-05-09,33.6,5.8,24.1,7.1,Rain
918905,402010,2025-08-22,31.5,26.9,77.4,8.0,Clear
918906,404684,2025-11-20,37.2,13.5,62.8,8.5,Rain
918907,404861,2025-11-12,24.7,33.0,72.1,12.4,Haze
918908,402622,2026-07-03,23.6,11.4,63.4,22.1,Haze
918909,402664,2024-07-10,20.4,1.2,68.9,47.5,Heavy Rain
918910,400514,2026-03-08,20.6,1.6,68.0,0.8,Rain
918911,402893,2024-11-01,26.7,2.1,56.6,4.5,Clear
918912,401796,2025-01-06,27.0,3.1,61.3,3.2,Rain
918913,403211,2026-03-01,21.3,3.9,64.3,6.0,Rain
918914,403730,2024-10-22,32.1,1.1,68.3,42.9,Clear
918915,404818,2024-02-07,20.5,1.4,80.9,6.9,Haze
918916,404736,2026-03-07,28.3,7.9,77.9,21.8,Haze
918917,402545,2025-02-02,36.4,5.2,83.6,8.8,Rain
918919,402586,2025-04-18,32.4,11.4,33.7,16.0,Cloudy
918920,400810,2024-04-21,17.3,1.7,97.5,13.6,Clear
918921,400920,2024-02-27,20.1,2.7,64.3,20.6,Clear
918922,403181,2025-09-21,26.4,2.7,95.8,2.9,Cloudy
918923,404806,2024-08-06,13.5,0.2,56.2,21.5,Haze
918924,402614,2024-06-03,31.7,2.0,33.4,20.5,Clear
918926,400901,2025-02-08,26.9,2.7,68.4,29.5,Clear
918928,402611,2025-05-17,29.2,17.3,89.9,8.9,Clear
918929,402192,2026-07-17,31.0,3.2,85.7,11.2,Storm
918930,403337,2025-10-28,13.3,1.0,78.2,18.0,Clear
918931,400962,2024-05-22,38.0,1.2,76.8,8.3,Clear
918932,403585,2025-12-07,26.4,8.7,34.1,1.9,Haze
918933,402549,2026-04-24,30.8,0.1,65.5,4.6,Clear
918934,402833,2026-02-22,31.6,1.1,52.9,13.9,Rain
918935,403629,2024-05-16,18.8,8.5,58.6,6.8,Storm
918936,402884,2025-10-19,30.1,1.9,48.9,2.1,Storm
918937,400776,2025-07-16,35.8,11.3,67.6,2.9,Heavy Rain
918938,404287,2024-01-09,21.7,7.0,67.0,25.9,Clear
918939,402253,2026-04-06,33.7,0.8,32.4,2.5,Clear
918940,403804,2026-03-22,28.6,1.7,57.8,9.0,Rain
918941,403644,2026-04-15,18.9,18.8,87.9,13.0,Rain
918942,400391,2024-10-07,26.2,3.3,93.1,2.5,Storm
918943,400804,2026-02-03,25.5,1.5,55.4,2.0,Cloudy
918944,401906,2025-05-20,23.5,6.7,64.3,35.6,Cloudy
918945,403074,2025-10-23,45.2,8.3,56.4,8.6,Haze
918946,400416,2025-04-29,28.8,16.3,69.9,17.3,Rain
918947,402968,2024-09-13,22.9,2.8,96.4,4.0,Cloudy
918948,401316,2024-12-16,31.6,6.0,64.3,16.9,Storm
918949,403181,2024-11-03,24.4,8.5,75.6,0.8,Heavy Rain
918950,401563,2026-04-08,26.8,9.0,59.3,6.9,Clear
918951,403970,2026-02-01,37.5,17.2,42.1,2.4,Storm
918952,401748,2024-04-20,25.5,7.4,33.8,20.7,Haze
918953,400745,2024-11-13,26.9,8.4,62.6,3.3,Rain
918954,402348,2024-07-29,23.4,15.8,70.2,9.2,Storm
918955,402530,2024-10-01,14.8,2.4,53.9,6.8,Haze
918956,401039,2026-06-14,14.3,3.8,64.9,11.0,Storm
918957,401796,2024-08-24,26.4,9.6,86.1,0.6,Cloudy
918958,404802,2025-03-22,21.2,27.8,65.3,27.2,Clear
918959,402071,2024-11-16,32.3,8.3,70.4,13.3,Heavy Rain
918960,401992,2024-07-31,32.1,0.9,86.5,20.2,Clear
918961,404232,2025-07-28,31.7,18.5,33.5,8.9,Heavy Rain
918962,403338,2024-07-03,37.9,6.5,73.5,5.3,Storm
918963,402441,2024-05-10,21.5,21.1,72.8,15.4,Haze
918964,401704,2024-02-26,20.0,0.5,62.1,4.7,Clear
918965,401611,2026-06-07,29.9,1.7,37.3,0.3,Storm
918966,404935,2025-05-25,35.8,7.2,68.6,9.9,Storm
918967,401334,2025-02-23,29.2,9.5,64.6,4.0,Cloudy
918968,400097,2024-05-16,25.6,8.7,62.6,4.9,Haze
918969,401967,2024-03-22,12.9,18.9,64.0,14.9,Heavy Rain
918970,404506,2026-04-12,20.0,12.4,86.9,10.4,Clear
918971,403031,2024-06-15,36.2,3.3,60.2,9.3,Cloudy
918972,401437,2025-02-08,22.7,16.2,49.7,21.3,Clear
918973,400964,2025-03-30,29.7,1.1,24.1,21.0,Haze
918974,402811,2026-04-08,23.5,7.3,80.0,14.4,Rain
918975,402762,2025-11-10,20.7,0.9,55.9,13.7,Clear
918976,402322,2025-08-15,34.3,29.3,76.3,4.8,Rain
918977,400971,2026-06-02,26.6,9.9,67.5,27.2,Clear
918978,403836,2025-12-25,24.6,17.4,64.6,4.5,Rain
918979,404191,2026-04-16,26.5,0.3,97.1,14.7,Rain
918980,403955,2025-11-07,20.1,26.3,65.7,36.6,Clear
918981,402998,2025-12-28,42.1,4.9,63.3,6.7,Heavy Rain
918982,402364,2024-04-13,24.1,0.1,85.7,9.9,Storm
918983,402541,2024-09-22,26.5,8.4,73.9,21.5,Rain
918985,403092,2024-06-17,19.0,7.6,56.1,35.7,Storm
918986,402052,2025-08-21,34.0,4.6,64.3,0.6,Rain
918987,404841,2026-04-29,14.2,4.0,75.5,14.4,Heavy Rain
918988,402324,2024-06-09,26.0,6.5,49.4,22.2,Heavy Rain
918989,401371,2025-02-20,20.3,2.8,81.3,13.4,Storm
918990,404199,2024-09-18,36.7,14.5,92.9,8.3,Rain
918991,403108,2026-07-06,18.4,3.9,53.4,10.8,Rain
918992,404172,2026-03-08,18.9,3.9,64.1,42.6,Clear
918993,404322,2024-01-06,21.9,39.3,24.7,2.2,Haze
918994,403639,2024-05-25,27.0,4.1,35.0,0.4,Clear
918995,401337,2025-12-25,23.4,11.1,70.7,29.7,Storm
918996,404145,2024-06-22,33.7,0.7,27.2,18.8,Rain
918997,401120,2024-03-11,47.1,2.3,42.2,4.1,Rain
918998,402917,2026-04-13,22.6,5.1,39.0,19.1,Clear
918999,403637,2025-05-15,23.5,0.6,95.4,22.8,Cloudy
919000,400436,2024-02-25,39.4,1.3,74.6,2.1,Haze
919001,400196,2025-06-10,23.3,3.2,83.8,2.1,Clear
919002,400891,2025-05-19,26.4,0.2,38.3,0.1,Cloudy
919003,400057,2024-03-28,19.8,4.8,68.9,13.6,Heavy Rain
919004,402506,2025-07-02,41.5,9.7,57.1,20.5,Heavy Rain
919005,402897,2024-10-04,30.4,11.2,73.5,0.6,Heavy Rain
919006,404324,2024-07-06,45.6,16.5,75.4,7.3,Cloudy
919007,403140,2025-02-03,26.8,3.8,86.1,0.9,Rain
919008,404557,2024-03-15,18.6,1.0,92.4,4.6,Clear
919009,401217,2026-07-01,19.2,11.3,77.5,12.1,Cloudy
919010,401323,2024-06-26,22.1,6.3,60.1,0.8,Cloudy
919011,404172,2024-07-22,18.0,4.3,69.2,65.9,Storm
919012,403589,2024-02-04,31.0,5.5,46.2,20.9,Cloudy
919013,402072,2025-11-02,26.1,6.6,82.9,10.3,Rain
919014,401032,2026-02-18,12.1,7.7,39.1,0.6,Storm
919015,402757,2024-03-16,27.8,0.4,77.6,14.9,Haze
919016,403584,2025-02-21,29.0,11.6,61.6,10.3,Storm
919017,401643,2026-07-01,32.7,5.1,58.7,5.6,Heavy Rain
919018,401058,2024-02-20,29.8,18.4,79.8,1.7,Storm
919019,400910,2025-09-30,23.8,3.5,59.8,1.4,Rain
919020,403942,2025-10-18,15.5,7.0,80.9,5.7,Rain
919021,403716,2025-05-12,29.7,0.0,88.5,4.7,Cloudy
919022,401660,2025-03-21,14.5,6.6,62.4,7.6,Cloudy
919023,401587,2026-06-17,29.0,1.6,30.2,9.8,Rain
919024,402816,2024-09-16,29.8,2.7,74.6,1.6,Storm
919025,403631,2025-11-08,22.4,14.3,71.4,4.7,Heavy Rain
919026,400690,2025-01-19,36.4,5.5,60.5,6.4,Heavy Rain
919027,401734,2026-04-07,18.8,4.9,46.7,25.7,Heavy Rain
919028,400237,2024-11-17,27.4,3.5,85.5,8.8,Heavy Rain
919029,400323,2025-01-19,24.8,6.9,83.1,3.3,Haze
919030,404537,2024-05-10,12.4,13.6,99.9,7.7,Haze
919031,403455,2024-01-12,30.8,3.6,43.6,8.8,Clear
919032,403128,2025-07-13,33.8,9.1,64.3,10.9,Cloudy
919033,401110,2024-01-31,20.4,42.0,65.3,7.4,Heavy Rain
919034,403844,2025-04-07,15.3,8.3,55.0,7.9,Storm
919035,401204,2024-08-23,22.2,13.6,43.0,9.0,Rain
919036,401526,2024-12-19,24.2,7.5,79.1,0.3,Storm
919037,400145,2024-11-06,23.4,3.2,65.5,3.8,Storm
919038,404573,2024-08-13,28.5,21.8,77.1,1.8,Rain
919039,403144,2024-01-30,31.4,5.5,57.8,3.0,Haze
919040,400061,2025-05-15,34.6,6.6,51.3,1.2,Clear
919041,401287,2025-09-18,34.3,0.8,61.9,19.7,Clear
919042,402186,2024-09-28,22.7,0.9,54.7,6.6,Haze
919043,402105,2026-04-04,20.8,35.4,78.3,7.1,Storm
919044,404203,2024-08-10,13.9,5.8,86.6,9.3,Heavy Rain
919045,404396,2024-11-08,19.4,1.7,59.0,15.4,Heavy Rain
919046,402618,2024-07-02,26.4,1.5,81.4,4.8,Storm
919047,403898,2026-01-24,25.4,13.1,32.0,9.8,Haze
919048,402904,2025-12-31,19.0,8.2,65.1,3.7,Haze
919049,404037,2024-08-08,32.9,6.0,57.4,14.4,Storm
919050,400617,2025-07-02,29.2,4.9,87.5,28.6,Storm
919051,402134,2024-05-22,30.7,11.6,58.4,10.7,Cloudy
919052,401794,2026-05-19,24.4,9.9,75.8,0.0,Heavy Rain
919053,404558,2024-01-31,24.7,8.3,91.7,0.2,Cloudy
919054,401307,2026-07-01,30.9,12.9,66.2,3.8,Clear
919055,403439,2025-02-19,31.5,3.4,88.3,2.6,Haze
919057,401678,2026-04-29,32.1,20.5,68.6,13.2,Haze
919058,400510,2025-06-12,21.5,17.0,66.5,21.2,Rain
919059,404388,2024-08-29,25.0,5.0,90.3,0.2,Heavy Rain
919060,402482,2026-03-19,42.3,4.5,47.3,1.9,Clear
919061,403615,2026-06-10,31.6,8.1,27.2,21.1,Storm
919062,400825,2024-05-16,24.7,18.8,56.0,14.2,Heavy Rain
919063,403241,2026-01-17,34.2,0.1,37.4,3.9,Heavy Rain
919064,402073,2024-07-10,16.2,17.6,79.6,25.3,Rain
919065,404755,2025-09-08,30.4,3.7,79.4,7.9,Storm
919066,404370,2026-06-19,35.1,5.7,82.7,13.4,Storm
919067,404648,2024-07-23,15.5,4.1,72.1,8.7,Clear
919068,402154,2025-07-15,36.8,2.3,72.0,1.4,Rain
919069,401878,2026-05-07,25.8,16.4,71.6,11.1,Clear
919070,403357,2025-02-22,37.8,9.1,86.3,40.8,Clear
919071,401257,2024-09-01,29.3,0.1,80.4,0.0,Clear
919072,402781,2024-10-17,17.6,13.4,67.0,12.4,Heavy Rain
919073,402014,2025-03-16,30.4,10.6,70.1,14.1,Clear
919074,402555,2025-08-11,27.3,5.9,57.3,18.9,Heavy Rain
919075,402452,2025-09-17,35.6,10.2,42.2,22.5,Haze
919076,403279,2025-10-07,28.6,5.0,88.9,16.5,Clear
919077,402276,2026-06-16,33.4,3.9,81.3,1.2,Haze
919078,401847,2025-01-18,21.4,2.4,39.1,3.0,Haze
919079,401604,2024-02-24,28.3,2.9,69.6,0.3,Haze
919080,400143,2025-08-13,30.3,25.4,43.1,1.3,Clear
919081,403837,2025-08-17,25.3,25.2,54.8,1.5,Cloudy
919082,403611,2025-05-14,36.2,4.4,81.7,10.9,Cloudy
919083,404407,2024-04-08,29.3,23.7,61.5,11.6,Storm
919084,402056,2024-07-31,17.5,9.1,59.7,2.1,Rain
919085,403181,2025-09-01,24.2,3.8,55.7,11.6,Rain
919086,401006,2024-04-12,41.0,8.6,73.0,19.2,Rain
919087,404110,2024-03-04,27.0,6.9,57.4,10.1,Haze
919088,403046,2025-02-02,21.9,2.2,52.3,37.3,Rain
919089,400855,2026-02-23,41.4,6.9,49.8,3.6,Cloudy
919090,401367,2024-10-14,20.7,5.3,51.2,4.2,Cloudy
919091,403645,2025-02-22,28.5,3.8,67.5,2.5,Haze
919092,404441,2026-01-12,25.1,1.9,44.6,3.0,Haze
919093,400716,2026-07-05,21.2,10.7,89.9,3.6,Storm
919094,403755,2024-10-02,25.1,0.9,57.8,15.3,Rain
919095,404558,2024-09-22,25.0,1.8,28.7,2.9,Cloudy
919096,400467,2024-08-28,39.7,6.8,86.8,2.6,Haze
919097,402963,2024-03-14,24.3,28.6,74.0,14.1,Rain
919098,401896,2025-12-18,22.7,4.3,69.6,31.4,Rain
919099,401434,2024-02-29,21.3,3.4,68.3,24.2,Heavy Rain
919100,403954,2025-02-20,31.1,0.2,33.4,32.3,Storm
919101,401289,2026-02-09,37.4,7.1,63.5,5.9,Haze
919102,404783,2025-12-21,34.2,15.0,44.6,25.2,Haze
919103,404742,2025-04-16,27.2,2.1,68.7,21.0,Rain
919104,400416,2024-01-18,29.5,17.5,82.8,3.9,Rain
919105,404822,2025-05-30,20.1,3.6,76.5,6.0,Haze
919106,403674,2026-05-02,21.4,5.1,83.3,4.4,Rain
919107,400879,2025-04-23,34.0,5.2,97.2,7.4,Clear
919108,403585,2024-12-31,23.1,33.2,59.6,24.5,Cloudy
919109,400082,2025-05-27,32.0,11.5,61.2,7.0,Clear
919110,402012,2025-06-26,24.4,18.3,50.9,20.0,Rain
919111,403627,2026-01-08,47.9,23.4,54.9,4.4,Cloudy
919112,404564,2026-03-12,24.4,4.3,89.0,66.0,Clear
919113,401780,2025-08-07,38.0,1.8,93.7,55.7,Cloudy
919114,402977,2024-12-01,36.6,10.7,73.3,11.6,Heavy Rain
919115,401703,2025-05-16,31.8,0.2,98.9,0.3,Rain
919116,401561,2024-10-19,38.2,8.3,63.5,4.1,Haze
919117,402762,2024-05-14,34.7,5.8,59.4,8.5,Clear
919118,401493,2024-05-26,20.6,1.6,40.9,28.8,Haze
919119,403019,2025-05-19,9.7,0.1,64.3,20.5,Haze
919120,402478,2024-02-23,22.6,9.0,73.5,7.0,Rain
919121,400060,2025-03-05,16.7,3.2,62.7,27.1,Cloudy
919122,403110,2024-10-04,22.9,12.2,66.0,17.7,Haze
919123,403156,2025-11-20,27.0,1.2,86.0,0.3,Haze
919124,404641,2025-01-13,34.9,1.3,73.2,16.8,Rain
919125,402368,2024-01-13,19.6,13.7,54.7,0.5,Storm
919126,404995,2024-03-21,25.0,1.1,59.6,7.5,Clear
919128,400047,2024-04-08,24.7,3.9,92.1,2.1,Clear
919129,401465,2025-06-26,35.1,6.1,94.2,27.6,Haze
919130,403058,2025-03-19,37.9,25.8,57.7,38.8,Clear
919131,401992,2026-02-09,14.8,9.5,52.3,15.0,Clear
919132,400742,2024-04-24,18.5,24.6,37.8,7.0,Haze
919133,402367,2024-08-10,15.5,14.1,79.7,10.5,Cloudy
919134,402038,2024-05-21,29.1,1.6,60.4,2.2,Heavy Rain
919135,401494,2026-01-08,27.7,10.3,84.7,10.1,Haze
919136,402217,2025-11-23,21.9,20.8,67.2,0.1,Heavy Rain
919137,400512,2024-05-11,29.2,1.6,52.7,5.4,Cloudy
919139,404225,2026-02-28,38.1,0.0,53.8,7.9,Storm
919140,404577,2026-05-01,19.8,32.9,89.0,5.6,Haze
919141,404467,2024-01-29,32.5,3.2,79.2,15.9,Haze
919142,404108,2026-05-31,13.2,10.8,84.7,16.3,Haze
919143,402564,2025-04-14,23.1,1.0,32.8,9.3,Rain
919144,404577,2025-02-08,22.3,6.1,60.2,24.1,Rain
919145,400571,2026-06-09,9.2,2.5,76.2,12.6,Storm
919147,404233,2025-07-12,21.2,0.0,79.3,2.2,Haze
919148,402694,2025-02-26,26.7,1.8,52.9,12.4,Clear
919149,400748,2025-10-01,30.3,1.6,79.3,3.1,Heavy Rain
919150,404126,2024-04-19,24.5,18.7,69.4,13.7,Heavy Rain
919151,401497,2025-04-18,28.1,9.0,35.5,5.6,Storm
919153,401296,2026-07-11,27.0,2.0,63.0,1.4,Cloudy
919154,402801,2025-01-08,26.6,1.5,70.5,13.2,Cloudy
919155,404631,2024-03-21,39.0,7.8,59.9,17.6,Clear
919156,400043,2024-09-03,18.1,38.7,57.4,18.9,Clear
919157,400892,2024-02-25,30.0,6.2,84.3,1.2,Haze
919158,402365,2026-02-18,31.0,15.8,71.1,12.4,Rain
919159,400024,2025-04-17,14.6,5.0,61.7,32.8,Heavy Rain
919160,401201,2024-05-20,16.8,3.0,76.2,13.7,Storm
919161,402331,2025-03-14,20.9,3.2,66.1,1.7,Storm
919162,402430,2025-05-26,36.2,4.4,67.1,9.9,Cloudy
919163,400091,2024-01-08,15.5,1.8,64.3,9.3,Rain
919164,404276,2025-09-28,24.4,2.7,64.3,0.3,Rain
919165,402917,2024-06-24,21.5,4.3,58.2,13.4,Cloudy
919166,402220,2026-01-11,29.9,8.1,57.6,21.1,Rain
919167,403890,2025-07-25,16.9,10.5,80.6,16.6,Clear
919168,403891,2025-05-10,18.3,7.4,65.6,3.6,Storm
919169,400210,2026-02-04,25.5,3.3,90.5,0.2,Haze
919170,401791,2025-08-28,37.0,18.9,21.0,1.1,Rain
919171,400420,2025-07-14,26.4,0.6,87.0,13.0,Cloudy
919172,404451,2025-03-03,39.5,16.9,71.5,32.5,Clear
919173,403218,2024-04-03,27.5,9.3,54.6,5.7,Heavy Rain
919174,401185,2025-07-13,35.7,23.3,63.0,22.2,Haze
919175,401289,2024-09-18,22.5,4.4,59.7,0.3,Cloudy
919176,403175,2026-05-16,23.9,1.2,70.1,20.3,Heavy Rain
919177,400207,2024-08-19,31.1,5.0,61.4,0.2,Clear
919179,401940,2026-02-07,26.7,16.3,47.3,16.8,Storm
919180,400903,2025-07-14,18.5,23.0,33.0,4.2,Storm
919181,402801,2024-03-23,34.6,18.2,59.9,6.1,Storm
919182,402271,2026-02-28,37.4,3.4,75.0,13.8,Clear
919183,403032,2024-12-02,45.3,20.2,60.4,13.0,Haze
919184,403365,2025-09-21,24.1,21.8,53.0,10.3,Storm
919185,401370,2024-03-05,22.2,5.0,54.9,16.2,Heavy Rain
919186,400882,2024-06-19,36.9,37.2,63.5,9.9,Rain
919187,404080,2024-11-20,42.1,4.2,54.7,0.1,Heavy Rain
919188,401202,2024-08-15,18.0,8.6,97.7,14.3,Cloudy
919189,403239,2025-06-02,27.2,4.8,75.8,24.1,Haze
919190,403646,2026-07-11,36.2,3.3,59.2,24.5,Storm
919191,400171,2026-05-24,21.2,10.8,41.3,3.4,Haze
919192,402119,2026-05-15,24.8,22.9,68.7,0.8,Storm
919193,400383,2025-05-03,32.0,6.3,20.7,17.2,Clear
919194,404765,2024-05-30,24.1,17.1,69.9,14.6,Clear
919195,400284,2024-09-21,29.2,1.6,56.8,7.1,Rain
919196,401479,2025-07-31,5.4,2.1,63.0,31.8,Clear
919197,400474,2024-06-05,33.3,4.6,83.0,30.9,Clear
919198,400563,2025-12-11,29.6,7.0,28.3,28.4,Rain
919199,402347,2025-05-08,46.7,8.4,64.3,21.9,Clear
919200,404883,2026-03-01,22.6,5.5,76.4,0.8,Cloudy
919201,401401,2026-07-18,15.7,13.6,57.6,0.3,Cloudy
919202,402747,2026-07-08,36.6,0.8,76.1,19.3,Heavy Rain
919203,403487,2024-02-12,39.6,9.4,80.2,11.7,Haze
919204,401358,2025-05-17,29.3,4.5,77.0,4.0,Storm
919205,402630,2025-11-15,31.8,13.2,54.8,20.2,Heavy Rain
919206,401434,2024-10-06,39.0,7.2,41.4,24.6,Storm
919207,400512,2026-02-20,21.5,0.2,72.5,0.5,Clear
919208,403886,2024-04-27,23.3,14.9,91.6,3.3,Heavy Rain
919209,401277,2026-05-16,20.5,3.6,85.8,10.6,Clear
919210,400958,2025-11-08,15.2,14.1,53.5,43.3,Haze
919211,402613,2026-06-25,14.9,6.8,74.6,7.2,Heavy Rain
919212,403584,2024-01-08,37.9,11.6,45.3,20.1,Heavy Rain
919213,402933,2025-11-07,34.5,4.8,47.2,16.0,Heavy Rain
919214,402800,2025-05-30,30.4,10.0,70.0,16.0,Rain
919215,403158,2024-02-03,29.0,9.0,44.0,8.9,Haze
919216,402810,2024-03-30,41.3,13.1,57.0,6.5,Haze
919217,402780,2025-09-14,23.3,7.1,62.7,6.2,Storm
919218,404176,2025-09-07,25.9,4.3,32.9,0.2,Cloudy
919219,400611,2024-01-21,26.7,4.4,54.1,10.7,Rain
919220,403312,2026-04-05,20.8,3.3,84.3,2.1,Cloudy
919221,401792,2025-03-21,22.3,17.3,66.4,27.2,Cloudy
919222,401424,2024-11-12,28.8,2.4,84.0,4.7,Heavy Rain
919223,400678,2026-01-16,29.5,8.0,57.3,23.2,Cloudy
919224,403697,2024-02-05,31.3,19.1,64.3,13.8,Storm
919225,402030,2024-06-05,27.3,1.7,58.0,15.8,Rain
919226,403418,2024-05-17,31.6,2.4,49.3,56.3,Haze
919227,404734,2026-02-27,29.1,30.7,91.9,10.6,Rain
919228,401448,2024-10-22,37.6,3.3,58.8,2.9,Rain
919229,404118,2024-06-11,30.8,1.7,53.9,7.3,Clear
919230,401479,2024-07-13,27.0,15.9,84.5,3.0,Cloudy
919231,403009,2025-04-28,26.5,4.8,36.7,6.1,Storm
919232,404669,2024-01-27,27.3,7.3,63.2,11.7,Clear
919233,401016,2025-02-10,17.5,17.0,54.8,8.4,Cloudy
919234,401447,2025-05-24,29.6,17.5,60.1,9.2,Cloudy
919235,402415,2024-10-06,38.2,11.6,78.9,21.0,Rain
919236,403168,2025-09-28,31.4,11.9,41.0,24.1,Cloudy
919237,403411,2024-02-28,21.9,0.7,55.3,5.3,Haze
919238,403635,2024-11-16,24.4,3.4,32.4,15.3,Clear
919239,400988,2025-04-06,15.5,4.4,67.2,9.9,Storm
919240,402139,2026-01-20,27.0,2.4,82.8,1.6,Storm
919241,403003,2026-07-10,33.6,0.2,43.6,10.1,Storm
919242,400967,2025-05-25,24.0,7.1,82.0,1.9,Cloudy
919243,403324,2024-07-25,39.5,1.6,73.1,7.5,Heavy Rain
919244,400729,2024-10-12,29.9,20.3,46.0,2.7,Storm
919245,402282,2024-12-21,24.8,0.4,71.2,17.8,Clear
919246,402848,2024-08-14,21.7,11.9,61.5,5.3,Rain
919247,401873,2024-11-17,30.3,2.1,53.6,0.6,Clear
919248,402957,2024-11-04,21.7,11.8,64.3,4.7,Rain
919249,402823,2025-03-22,28.4,7.7,64.3,5.8,Haze
919250,403984,2025-01-16,25.9,1.2,72.1,17.4,Storm
919251,401307,2025-03-31,21.9,3.3,62.5,5.9,Rain
919252,402906,2026-03-26,31.7,4.2,64.4,22.2,Rain
919253,402845,2025-04-08,37.0,4.1,59.6,13.2,Heavy Rain
919254,404841,2026-01-15,16.6,1.3,58.8,6.9,Cloudy
919255,401039,2024-04-17,34.0,1.1,49.2,6.1,Haze
919256,404781,2025-06-26,38.5,3.8,67.3,14.0,Clear
919257,404159,2024-10-29,25.7,8.3,55.7,6.2,Cloudy
919258,404359,2025-04-21,27.0,13.6,91.2,35.8,Storm
919259,402901,2024-02-26,21.1,10.4,42.0,6.2,Clear
919260,401696,2024-10-13,35.9,21.3,49.4,1.2,Cloudy
919261,403589,2026-04-26,28.7,1.6,85.8,23.3,Rain
919262,401387,2026-05-20,34.5,20.3,29.7,45.8,Clear
919263,401776,2026-05-02,29.3,0.4,50.4,0.2,Storm
919264,400193,2026-05-01,26.9,8.6,37.0,7.5,Cloudy
919265,401322,2025-12-08,30.1,1.2,74.5,1.9,Cloudy
919267,403706,2025-05-12,25.1,7.5,40.2,13.1,Clear
919268,404055,2025-08-22,21.9,0.8,80.2,9.8,Haze
919269,400699,2024-12-06,16.9,2.8,33.6,6.5,Heavy Rain
919270,404387,2024-01-15,31.0,0.9,73.1,5.1,Heavy Rain
919271,402644,2025-04-12,32.0,7.1,90.5,3.2,Heavy Rain
919272,401579,2024-10-01,39.0,4.1,79.9,7.8,Cloudy
919273,403571,2025-02-17,25.6,20.5,65.2,17.5,Heavy Rain
919274,401237,2024-02-04,23.2,15.8,57.4,8.5,Clear
919275,401913,2025-11-02,26.1,1.1,73.5,12.1,Haze
919276,404382,2024-12-13,30.1,0.5,56.4,8.8,Rain
919277,400769,2025-02-21,29.9,3.6,61.8,3.9,Rain
919278,401226,2024-08-03,27.0,2.9,35.8,1.2,Haze
919279,404419,2026-04-15,28.9,1.0,59.0,38.4,Rain
919280,400120,2024-08-21,32.8,5.8,89.6,20.4,Clear
919281,400122,2024-04-20,27.4,1.1,49.8,3.6,Clear
919282,404785,2024-07-24,39.0,1.4,60.5,9.5,Cloudy
919283,401096,2026-06-10,19.9,2.4,72.9,0.1,Cloudy
919284,404120,2024-04-14,28.5,3.0,71.3,8.1,Haze
919285,402650,2026-02-28,21.5,1.7,21.7,37.3,Cloudy
919286,401657,2024-08-03,16.9,7.1,69.1,21.3,Heavy Rain
919287,404085,2025-03-14,28.3,3.4,72.6,32.5,Rain
919288,403585,2025-11-01,24.4,12.6,90.7,16.5,Heavy Rain
919289,404522,2025-06-16,21.7,6.8,22.3,11.0,Rain
919290,403193,2026-04-14,22.7,3.8,88.7,4.2,Heavy Rain
919291,403914,2026-04-09,19.0,22.4,80.7,1.7,Haze
919292,404233,2025-12-18,32.7,14.8,63.7,1.3,Heavy Rain
919293,402796,2026-05-20,28.7,13.6,72.2,9.1,Rain
919294,404266,2025-03-02,31.3,19.3,69.9,32.7,Clear
919295,401736,2025-01-31,31.3,11.1,80.7,1.5,Storm
919296,400498,2024-06-27,46.4,9.6,64.3,20.4,Haze
919297,402822,2024-09-08,23.8,11.0,39.4,15.0,Cloudy
919298,401863,2024-08-27,26.3,8.1,67.3,0.1,Cloudy
919299,404441,2024-08-13,40.5,8.3,87.5,36.3,Storm
919300,400966,2026-01-27,36.3,1.8,68.3,11.7,Storm
919301,402300,2024-06-01,22.8,11.8,43.1,5.3,Cloudy
919303,401731,2026-05-11,23.5,5.7,52.8,1.4,Haze
919304,401656,2024-02-14,13.3,12.4,49.5,10.5,Clear
919305,402048,2025-05-16,32.9,0.2,78.0,11.4,Clear
919306,403411,2024-02-01,30.8,1.0,86.7,23.2,Cloudy
919307,400605,2024-09-01,32.1,3.4,64.3,23.4,Rain
919308,401932,2024-04-28,19.6,0.1,48.5,1.9,Heavy Rain
919309,402613,2025-05-23,17.3,16.0,53.8,1.3,Clear
919310,402192,2024-01-17,24.7,2.1,72.1,11.7,Cloudy
919311,404343,2025-07-19,31.2,3.7,77.0,16.4,Rain
919312,400193,2024-07-26,25.9,8.1,69.7,15.0,Clear
919313,403946,2024-04-03,37.0,2.7,48.4,49.3,Storm
919314,402240,2025-11-16,26.8,8.6,57.9,26.9,Storm
919315,401089,2026-03-19,18.4,25.3,51.0,6.6,Clear
919316,404910,2026-02-20,10.3,9.2,61.7,10.5,Storm
919317,404628,2025-06-22,20.8,6.3,65.6,15.6,Haze
919318,401548,2024-01-29,38.7,2.4,71.8,26.8,Haze
919319,401546,2024-03-26,27.2,1.1,44.9,3.6,Storm
919320,401856,2025-02-11,24.4,7.6,30.0,2.4,Clear
919321,402894,2026-07-17,18.8,3.5,90.8,12.7,Storm
919322,404684,2024-01-09,31.8,0.9,86.7,5.3,Heavy Rain
919323,400160,2025-06-01,22.7,1.8,36.4,15.4,Rain
919324,403523,2024-02-16,22.5,36.1,78.8,2.0,Rain
919325,404211,2025-02-23,25.4,14.4,52.0,2.8,Haze
919326,404050,2025-05-07,21.6,3.5,44.4,3.3,Storm
919327,400187,2024-10-09,17.9,8.5,76.4,17.3,Rain
919329,403111,2026-02-23,24.2,0.3,45.9,3.6,Cloudy
919330,400242,2025-12-23,22.2,5.0,63.4,0.3,Heavy Rain
919331,401376,2024-04-15,23.2,8.6,42.4,14.0,Clear
919332,400942,2025-01-07,27.1,2.7,63.3,14.2,Heavy Rain
919333,401440,2025-03-14,34.1,15.0,60.3,3.5,Storm
919334,403577,2025-04-05,8.4,3.1,84.2,10.7,Storm
919335,404966,2024-01-18,49.3,2.9,46.2,4.0,Storm
919336,404937,2024-05-16,24.9,4.7,86.9,4.9,Heavy Rain
919337,404065,2024-12-15,18.1,4.3,74.5,6.8,Clear
919338,403438,2026-03-01,24.2,8.0,67.4,13.9,Storm
919339,401388,2025-11-05,22.9,0.1,90.3,2.1,Clear
919340,403676,2026-03-07,26.0,2.7,61.9,5.1,Rain
919342,400435,2024-06-04,37.6,0.1,75.1,9.1,Rain
919343,403772,2024-07-13,27.2,9.3,71.4,3.5,Haze
919344,403609,2024-12-10,41.1,1.1,90.1,8.9,Haze
919345,401433,2026-03-28,24.7,7.0,67.4,6.5,Storm
919346,403686,2024-06-05,23.3,5.7,42.4,2.6,Clear
919347,403029,2026-05-07,24.6,11.4,97.2,9.2,Rain
919348,403860,2025-09-05,27.4,1.2,39.2,7.7,Cloudy
919349,402731,2024-09-30,15.4,34.5,44.1,22.3,Heavy Rain
919350,400870,2025-07-26,24.4,2.8,62.5,27.2,Rain
919351,403400,2024-12-17,21.9,2.4,48.9,3.9,Rain
919352,404981,2024-03-17,30.6,1.5,45.4,18.4,Haze
919353,400996,2024-01-30,27.0,2.8,76.0,6.3,Heavy Rain
919354,401171,2024-04-14,17.2,7.8,73.6,35.7,Clear
919355,402854,2025-03-18,39.8,0.7,47.2,5.2,Rain
919356,401594,2026-02-28,22.1,9.8,49.4,2.3,Cloudy
919357,402865,2025-11-21,23.1,0.6,46.7,1.4,Heavy Rain
919359,400366,2025-11-28,15.9,9.9,64.3,2.9,Heavy Rain
919360,401745,2025-10-01,34.7,15.1,78.5,31.7,Rain
919361,401290,2026-01-10,2.5,1.0,46.6,1.6,Heavy Rain
919362,401580,2025-03-14,24.4,6.2,67.1,0.1,Heavy Rain
919363,402319,2025-06-22,24.4,16.7,64.4,30.1,Clear
919364,401452,2024-08-19,31.2,9.9,72.1,30.4,Heavy Rain
919365,403333,2026-01-15,21.7,4.4,81.2,2.2,Storm
919366,400932,2024-06-16,29.6,3.6,79.8,0.3,Storm
919367,404263,2026-01-31,31.9,3.4,34.4,14.0,Cloudy
919368,404809,2024-04-17,21.1,5.2,39.6,49.9,Cloudy
919369,403426,2024-12-02,38.7,8.2,60.8,7.4,Cloudy
919370,404019,2024-08-21,22.5,0.8,86.2,24.2,Rain
919371,404667,2026-02-06,28.2,9.6,64.3,5.7,Heavy Rain
919372,403602,2024-03-07,33.6,15.6,40.8,0.7,Storm
919373,402292,2025-09-20,21.0,10.1,60.7,0.4,Haze
919374,404948,2024-08-10,36.7,26.6,60.6,18.4,Cloudy
919375,404962,2026-01-29,32.6,0.1,75.2,1.7,Haze
919376,403020,2026-06-24,26.2,5.1,93.2,3.4,Cloudy
919377,402416,2025-07-02,24.4,7.7,65.2,5.2,Rain
919378,402373,2025-05-13,21.2,1.5,17.6,10.3,Clear
919379,401093,2026-03-29,11.2,5.7,81.1,16.7,Haze
919380,404754,2026-05-07,34.9,2.5,68.1,15.6,Haze
919381,404574,2025-07-24,24.3,0.2,84.7,3.9,Cloudy
919382,400504,2024-12-07,19.5,2.6,35.4,24.5,Cloudy
919383,402273,2025-11-02,20.4,0.1,63.3,4.3,Haze
919385,400893,2026-01-01,34.6,0.9,51.6,12.5,Rain
919386,401310,2024-10-17,21.2,2.5,46.1,6.3,Cloudy
919387,404944,2026-04-16,26.5,8.4,69.3,9.2,Clear
919388,402360,2025-06-26,31.9,32.9,53.8,1.1,Storm
919389,401020,2024-09-10,29.1,25.7,62.4,1.6,Rain
919392,400739,2024-02-23,29.9,0.8,64.3,1.1,Storm
919393,401079,2025-10-09,26.7,3.6,81.0,55.5,Haze
919394,401468,2024-01-04,17.6,10.8,88.0,0.2,Rain
919395,401687,2026-06-14,25.3,0.2,53.7,3.6,Cloudy
919396,404786,2024-07-07,36.0,8.4,96.1,0.1,Clear
919397,403383,2025-01-18,40.3,22.1,66.1,0.4,Cloudy
919398,402663,2024-02-24,32.4,7.1,75.1,6.8,Rain
919399,401020,2024-05-12,14.2,16.4,45.4,10.6,Storm
919400,402535,2026-02-09,31.2,5.2,67.4,20.2,Rain
919401,402406,2024-11-18,16.5,30.5,59.9,32.7,Clear
919402,401887,2025-03-06,32.0,8.8,50.8,4.3,Storm
919403,404837,2026-01-22,32.9,6.8,39.1,10.7,Clear
919404,404277,2024-12-01,22.6,4.2,38.5,18.8,Storm
919405,400258,2024-12-07,35.7,0.5,64.3,7.1,Cloudy
919406,404979,2025-03-07,19.0,11.3,64.3,1.8,Heavy Rain
919407,402205,2024-05-14,35.1,3.3,65.6,2.5,Cloudy
919408,402617,2026-03-04,20.4,11.6,59.1,15.4,Storm
919409,400601,2026-05-04,20.9,17.4,74.1,41.1,Rain
919410,400833,2025-09-23,25.7,12.9,49.0,11.4,Cloudy
919411,403245,2024-03-24,30.1,4.6,61.4,2.0,Cloudy
919412,403094,2025-07-18,29.0,9.6,77.2,0.4,Heavy Rain
919413,401736,2026-06-29,20.4,6.7,68.6,15.0,Clear
919414,404857,2025-11-28,21.5,5.8,70.8,2.8,Rain
919415,401601,2025-05-21,43.6,11.4,51.4,18.6,Clear
919416,403548,2025-02-26,37.3,29.5,65.9,4.3,Clear
919417,404570,2025-03-15,20.8,4.1,79.3,31.8,Clear
919418,400149,2025-10-31,29.0,0.1,54.3,5.8,Storm
919419,403391,2024-09-10,36.1,3.6,27.3,3.9,Heavy Rain
919420,400094,2026-03-05,19.2,0.8,55.6,32.8,Clear
919421,401855,2024-08-13,33.8,5.5,69.8,37.7,Heavy Rain
919422,402068,2024-11-02,24.6,4.0,93.5,2.9,Haze
919423,404470,2026-07-12,40.3,16.1,68.4,86.6,Clear
919424,401032,2025-03-25,24.9,0.3,97.5,10.0,Clear
919425,400754,2024-12-12,29.5,11.9,40.5,2.9,Clear
919426,404904,2025-06-23,9.6,4.0,64.3,41.4,Clear
919427,402342,2025-07-13,38.6,1.1,94.1,3.5,Haze
919428,401245,2026-07-09,14.6,0.1,54.7,17.6,Rain
919429,403920,2024-10-11,11.3,5.5,56.7,2.2,Clear
919430,403021,2025-02-14,44.0,16.4,86.3,10.8,Haze
919431,400709,2024-05-15,29.7,28.3,62.2,19.7,Storm
919432,401617,2026-01-09,27.6,1.5,58.8,3.4,Clear
919433,402776,2024-10-08,4.6,8.8,72.3,20.7,Rain
919434,402306,2024-04-19,34.5,2.7,49.6,8.6,Heavy Rain
919435,400713,2025-05-10,30.9,7.5,61.8,1.6,Storm
919436,402010,2025-04-20,5.3,0.5,30.4,0.1,Haze
919437,402478,2024-07-06,20.3,10.5,67.3,3.2,Storm
919438,404766,2026-05-28,27.4,13.7,7.0,5.5,Heavy Rain
919439,402816,2025-09-16,46.6,14.8,71.1,28.5,Storm
919440,400298,2026-02-10,39.0,1.0,32.9,8.4,Rain
919441,402515,2025-04-17,20.4,0.9,93.9,11.8,Haze
919442,402399,2025-05-27,26.8,5.7,80.7,4.1,Haze
919443,403966,2024-08-21,18.7,6.2,63.6,41.3,Storm
919444,403050,2024-10-28,30.2,11.8,81.0,7.7,Haze
919445,402291,2024-07-10,24.6,22.8,89.2,35.1,Heavy Rain
919446,404779,2024-03-07,24.6,4.0,57.5,14.2,Clear
919447,402926,2024-01-10,15.5,17.9,83.2,0.6,Clear
919448,402277,2026-02-04,37.3,6.5,67.9,0.7,Haze
919449,401523,2024-07-18,26.6,1.2,85.2,28.0,Storm
919450,403121,2025-01-31,23.3,26.3,62.9,19.2,Cloudy
919451,400361,2025-01-01,30.5,13.3,75.2,11.3,Storm
919452,404802,2024-06-15,27.7,19.2,57.7,23.6,Storm
919453,401426,2024-03-01,23.3,16.5,67.7,58.1,Storm
919454,404105,2026-04-04,28.8,7.1,57.5,0.6,Storm
919456,404371,2024-07-06,26.8,0.3,64.2,9.8,Heavy Rain
919457,401361,2024-07-05,34.7,3.4,74.4,23.6,Heavy Rain
919458,402897,2024-06-01,18.2,5.0,60.1,43.5,Storm
919459,403370,2025-08-30,19.5,7.6,36.1,30.2,Cloudy
919460,401419,2025-05-31,40.6,16.2,84.2,46.7,Heavy Rain
919461,402412,2025-01-23,18.7,0.6,45.6,22.3,Cloudy
919462,401112,2024-01-09,23.3,19.2,59.8,4.7,Rain
919463,400589,2024-05-18,30.7,5.8,51.2,23.8,Heavy Rain
919464,404371,2025-09-27,29.2,14.1,63.3,8.6,Storm
919465,403722,2024-07-19,25.3,1.0,68.3,1.0,Storm
919466,401279,2024-03-25,17.0,7.7,60.8,13.9,Heavy Rain
919467,400728,2024-07-03,22.3,14.6,28.9,13.1,Heavy Rain
919468,404809,2024-06-15,27.8,0.3,63.3,7.7,Cloudy
919469,400742,2024-03-22,18.0,3.1,58.2,22.7,Rain
919470,404506,2026-04-05,43.8,6.5,61.5,1.6,Clear
919471,402690,2025-07-26,28.7,8.9,92.3,6.0,Rain
919472,400042,2026-06-04,37.4,4.4,65.0,0.7,Cloudy
919473,400434,2024-11-15,26.2,11.1,84.1,1.0,Storm
919474,400050,2025-06-26,12.8,24.1,27.2,0.1,Cloudy
919475,403517,2025-12-30,21.2,4.5,66.6,15.8,Storm
919476,400707,2024-04-10,40.8,15.8,43.2,3.6,Cloudy
919477,404169,2024-08-22,25.0,6.9,40.7,11.6,Storm
919478,400227,2024-01-30,22.7,3.8,59.0,2.1,Rain
919479,400402,2025-08-12,33.2,6.7,42.0,7.3,Haze
919480,404687,2026-02-23,28.6,6.4,40.3,5.4,Haze
919481,400850,2025-01-06,29.3,6.1,57.5,5.5,Rain
919482,400856,2024-05-20,31.4,33.7,82.3,0.2,Rain
919483,400067,2025-11-21,18.4,8.5,79.1,8.4,Clear
919484,401726,2024-09-22,24.0,2.4,66.7,14.7,Cloudy
919485,402078,2024-11-26,23.3,22.7,57.3,8.3,Cloudy
919486,404889,2026-03-21,28.6,5.1,78.7,13.2,Cloudy
919487,400861,2024-05-12,43.6,9.7,66.5,1.1,Heavy Rain
919488,404022,2025-06-06,12.6,7.8,62.4,3.8,Storm
919489,400751,2024-06-08,33.5,7.4,80.5,34.7,Rain
919490,400390,2025-12-26,26.5,32.7,68.5,27.7,Rain
919491,404669,2024-07-18,29.2,5.9,54.0,55.2,Cloudy
919492,404636,2025-09-18,36.5,2.4,52.4,0.9,Storm
919493,403398,2025-01-07,24.6,0.3,64.0,6.5,Haze
919494,403111,2024-01-05,30.7,8.7,77.7,20.6,Cloudy
919495,402771,2024-08-06,24.7,3.9,57.5,0.1,Rain
919496,403125,2024-11-07,27.2,0.0,86.2,8.7,Heavy Rain
919497,401172,2024-09-25,22.4,9.0,57.6,0.4,Haze
919498,402498,2024-02-05,22.9,2.5,48.0,21.9,Rain
919499,401170,2025-07-29,34.8,32.3,63.6,2.0,Heavy Rain
919500,404161,2024-01-27,23.1,6.6,25.8,0.4,Cloudy
919502,401604,2025-05-22,29.4,43.2,45.3,9.9,Clear
919503,404544,2024-09-01,17.1,17.6,92.6,4.9,Clear
919504,403028,2025-06-10,20.8,8.2,72.1,6.0,Storm
919505,403330,2025-02-25,26.7,1.3,73.0,8.9,Cloudy
919506,400485,2025-07-17,30.3,7.5,51.9,63.7,Storm
919507,401592,2025-07-04,27.0,11.0,38.3,18.1,Heavy Rain
919508,404413,2025-03-14,27.5,7.7,76.5,39.0,Clear
919509,404037,2025-09-12,28.4,17.1,74.7,15.3,Cloudy
919510,403318,2024-01-12,24.8,12.0,56.2,27.4,Cloudy
919511,402457,2026-02-16,9.2,19.7,51.8,3.8,Storm
919512,404725,2026-03-08,41.1,12.3,89.4,44.8,Cloudy
919513,400610,2024-08-12,20.1,12.0,81.0,66.0,Rain
919514,404128,2024-04-12,20.9,8.1,49.0,91.7,Clear
919515,404790,2024-09-30,19.0,3.6,69.3,15.8,Haze
919516,400996,2025-01-30,38.9,0.4,87.6,9.6,Rain
919517,402757,2025-01-18,18.4,3.1,61.5,8.2,Storm
919518,402905,2025-12-06,40.7,4.5,77.1,9.4,Clear
919519,400408,2025-06-05,16.5,4.7,49.3,12.1,Clear
919520,402147,2024-05-13,24.7,2.0,53.7,7.2,Heavy Rain
919521,400849,2026-05-29,26.1,3.1,70.0,53.0,Clear
919522,403811,2024-05-27,21.0,7.3,52.5,2.3,Cloudy
919523,404437,2024-10-23,24.3,2.5,60.3,9.0,Storm
919524,401442,2025-12-22,17.4,5.9,81.0,23.5,Rain
919525,404009,2025-06-11,27.5,19.6,72.2,3.6,Clear
919526,401396,2024-05-23,19.7,10.5,82.1,3.6,Cloudy
919527,400531,2024-03-22,13.0,2.3,62.3,26.3,Rain
919528,402700,2025-07-26,29.5,1.2,64.3,9.8,Rain
919529,400736,2025-08-03,32.9,8.3,93.2,1.1,Rain
919530,403897,2026-06-17,25.4,9.3,62.0,10.7,Heavy Rain
919531,403732,2025-02-17,23.8,45.6,85.8,8.9,Rain
919532,403653,2025-02-18,30.5,6.2,53.0,6.0,Heavy Rain
919533,400369,2025-06-16,18.9,7.2,38.4,22.9,Clear
919534,401071,2024-05-12,52.4,6.0,80.5,14.1,Rain
919535,401790,2026-03-31,43.2,1.2,90.5,2.8,Heavy Rain
919536,400001,2024-08-23,40.9,19.2,59.1,5.7,Heavy Rain
919537,402089,2024-05-29,18.6,5.4,65.5,0.1,Haze
919538,403498,2025-09-03,28.1,0.6,19.9,35.9,Heavy Rain
919539,403793,2026-05-23,40.9,5.2,69.0,13.4,Cloudy
919540,402297,2025-11-21,33.5,1.7,64.3,0.3,Storm
919541,401007,2024-08-04,29.1,5.5,65.1,12.1,Cloudy
919542,403173,2026-07-12,25.1,5.2,64.5,6.2,Storm
919543,404152,2025-05-18,41.9,4.6,73.0,0.1,Haze
919544,403292,2026-01-06,40.0,0.9,47.0,8.4,Rain
919545,402149,2024-04-22,25.2,1.6,71.0,10.3,Clear
919546,403222,2025-01-04,23.4,27.8,62.0,12.3,Heavy Rain
919547,400936,2026-03-26,29.0,0.2,51.2,12.1,Rain
919548,401940,2026-03-16,31.0,5.3,91.6,6.7,Clear
919549,403147,2026-03-06,45.8,5.5,72.4,16.8,Haze
919550,403269,2024-12-16,31.5,10.0,41.0,1.9,Cloudy
919551,400923,2025-02-04,21.8,10.8,79.3,19.7,Rain
919552,403451,2026-04-22,20.8,14.0,73.3,16.5,Storm
919553,402948,2025-06-09,10.9,3.3,75.0,33.2,Cloudy
919554,400230,2024-05-01,35.0,14.3,87.0,13.5,Cloudy
919555,403756,2024-07-15,32.8,0.6,67.8,7.3,Storm
919556,400227,2024-12-23,26.6,2.6,46.2,2.1,Heavy Rain
919557,400986,2025-07-07,13.4,0.6,83.4,15.0,Clear
919558,402353,2025-09-09,25.8,30.8,61.4,32.9,Storm
919559,402012,2025-10-26,29.4,6.0,53.2,6.0,Clear
919560,404064,2024-01-13,35.1,1.9,57.1,34.8,Storm
919561,404826,2024-06-19,21.8,1.2,84.3,6.5,Rain
919562,404470,2025-03-17,20.4,10.2,28.3,3.5,Cloudy
919563,404114,2025-04-08,15.0,10.2,44.0,0.6,Haze
919564,401813,2024-03-30,35.3,1.7,70.2,0.6,Heavy Rain
919565,403359,2025-05-28,34.9,2.6,53.5,14.2,Heavy Rain
919566,401782,2026-03-19,29.6,10.7,55.7,1.5,Clear
919567,401448,2024-10-21,35.5,4.8,55.6,5.7,Cloudy
919568,402550,2026-01-09,26.6,0.1,73.1,11.8,Rain
919569,404732,2026-04-02,28.0,1.7,68.1,33.8,Storm
919570,400483,2024-07-06,42.0,3.4,89.0,18.9,Clear
919571,404267,2026-03-16,20.6,9.7,78.6,24.0,Storm
919572,403914,2025-12-05,33.4,6.8,47.0,18.7,Rain
919573,404900,2024-07-31,27.1,3.3,69.8,2.2,Cloudy
919574,401135,2026-06-04,42.1,13.5,34.5,9.6,Heavy Rain
919575,402042,2026-04-24,26.3,3.1,80.5,8.5,Storm
919576,404867,2024-06-20,23.4,6.0,75.2,38.0,Rain
919577,400331,2026-01-02,16.9,8.7,79.6,25.0,Rain
919578,404249,2025-09-27,47.1,1.0,62.4,19.7,Cloudy
919579,400718,2025-10-28,21.3,3.9,77.4,35.2,Storm
919580,404163,2026-03-27,38.4,4.3,45.7,22.3,Haze
919581,404532,2024-03-05,29.2,0.1,71.1,15.5,Heavy Rain
919582,403925,2025-12-28,23.3,2.8,54.8,8.0,Cloudy
919583,402189,2024-10-06,17.8,5.8,64.3,3.0,Rain
919584,402769,2025-04-13,19.0,12.0,52.4,10.4,Cloudy
919585,404977,2024-02-23,15.3,3.7,58.5,10.7,Heavy Rain
919586,401232,2025-12-15,38.6,0.6,32.1,4.6,Heavy Rain
919587,402672,2024-11-23,20.5,23.3,73.5,3.6,Storm
919588,403167,2026-02-01,33.0,17.4,83.4,21.6,Heavy Rain
919589,401556,2026-05-17,23.1,2.7,95.6,0.6,Rain
919590,400006,2026-07-15,26.8,2.0,71.3,3.5,Rain
919591,401600,2024-06-02,21.0,4.2,72.5,13.4,Heavy Rain
919592,403800,2024-01-06,32.9,16.5,50.8,0.6,Heavy Rain
919593,404897,2025-12-29,20.5,9.9,13.8,2.8,Haze
919594,402211,2025-01-16,33.0,3.8,90.8,1.2,Rain
919595,404037,2024-04-16,23.5,9.8,31.4,28.3,Heavy Rain
919597,401199,2025-07-16,20.6,0.1,67.3,7.0,Storm
919598,401153,2024-10-30,13.6,6.6,78.1,7.7,Clear
919599,402760,2025-01-28,29.2,1.5,82.4,1.5,Rain
919600,401337,2024-11-19,20.8,9.5,42.7,21.5,Cloudy
919601,401015,2026-03-23,36.3,5.3,77.1,20.7,Haze
919602,404150,2024-11-12,18.3,4.8,53.0,2.4,Rain
919603,402929,2024-08-28,19.7,2.1,75.3,9.3,Cloudy
919604,402061,2026-04-18,39.4,2.5,70.8,0.1,Clear
919605,401780,2024-12-27,25.1,10.2,30.2,8.4,Storm
919606,402080,2025-05-25,18.6,4.2,74.6,2.9,Storm
919607,404051,2025-04-27,35.8,1.4,61.5,0.5,Haze
919608,402822,2026-05-04,37.0,16.3,99.0,28.6,Clear
919609,400976,2025-11-16,21.1,2.0,75.8,32.8,Haze
919610,402258,2024-02-06,42.2,1.2,84.9,22.9,Storm
919611,401444,2024-10-01,27.0,20.2,54.8,0.2,Cloudy
919612,404829,2026-05-18,37.9,6.9,77.9,8.6,Haze
919613,402445,2025-07-13,39.2,12.6,64.0,0.7,Haze
919614,401194,2025-06-15,32.5,5.6,32.2,9.0,Storm
919615,400690,2024-03-26,22.9,0.4,67.7,10.5,Heavy Rain
919616,402141,2024-12-23,28.1,11.9,48.3,14.6,Cloudy
919617,401046,2024-06-15,37.5,0.1,62.1,34.7,Haze
919618,402393,2025-03-22,28.4,10.5,64.3,7.0,Storm
919619,403204,2026-01-17,23.8,0.1,59.4,14.3,Heavy Rain
919620,402447,2026-05-07,12.1,2.8,59.3,5.4,Storm
919621,400670,2024-05-02,28.2,0.5,49.1,4.5,Rain
919622,402778,2024-03-15,19.6,1.7,78.6,4.1,Rain
919623,402079,2024-05-27,25.2,4.7,72.3,18.7,Rain
919624,402969,2024-11-29,12.1,0.6,55.0,2.2,Haze
919625,401354,2025-08-22,22.4,9.1,44.4,7.6,Rain
919626,403521,2024-01-07,21.7,1.3,54.4,5.7,Heavy Rain
919627,400083,2026-03-07,36.0,6.0,75.8,41.6,Cloudy
919628,401876,2024-11-27,21.8,29.2,68.6,17.1,Haze
919629,404801,2025-05-02,25.0,18.4,69.6,12.7,Heavy Rain
919630,400222,2024-12-02,31.6,12.9,31.4,5.2,Rain
919631,401650,2026-01-21,34.0,0.8,73.2,1.3,Heavy Rain
919632,401483,2026-02-23,37.3,18.2,66.3,11.7,Rain
919633,403807,2026-02-02,34.7,5.3,75.1,9.6,Rain
919634,404532,2025-10-04,32.3,18.8,62.4,16.4,Clear
919635,403020,2024-08-27,39.6,5.8,65.3,3.4,Rain
919636,400624,2024-08-19,32.7,10.3,90.1,2.4,Cloudy
919637,400663,2025-10-02,22.6,17.6,70.1,30.3,Rain
919638,402012,2025-12-13,30.2,8.8,64.0,5.3,Storm
919639,403544,2024-12-14,35.2,0.5,69.3,44.4,Haze
919640,403287,2024-12-22,20.4,1.8,77.5,3.8,Clear
919641,403511,2026-01-10,22.8,5.9,70.3,8.3,Clear
919642,404249,2024-07-29,21.5,24.4,61.1,2.8,Rain
919643,400371,2026-04-01,23.4,1.3,88.6,41.6,Heavy Rain
919644,402895,2025-11-04,36.0,8.1,64.8,3.3,Storm
919645,400875,2026-04-01,22.6,7.9,63.6,39.7,Clear
919646,404246,2026-03-10,31.8,9.9,48.4,6.2,Haze
919647,400415,2025-08-13,30.2,5.9,70.4,2.0,Heavy Rain
919649,402205,2024-11-17,27.0,3.5,98.9,0.7,Storm
919650,400912,2026-04-27,25.6,3.5,74.3,3.6,Clear
919651,401167,2025-07-15,16.5,1.6,76.9,4.4,Clear
919652,401448,2025-09-06,29.6,3.2,74.6,20.1,Cloudy
919653,404429,2024-09-01,36.2,3.0,75.2,5.7,Cloudy
919654,404615,2026-03-30,14.0,5.3,64.3,7.5,Heavy Rain
919655,404691,2026-04-28,30.5,10.9,70.1,44.7,Rain
919656,403525,2025-04-06,35.4,13.3,74.1,2.8,Haze
919657,402022,2026-01-03,53.1,16.0,43.7,11.1,Heavy Rain
919658,401669,2026-06-25,17.6,3.2,54.0,8.5,Cloudy
919659,402515,2025-06-04,17.0,3.4,55.3,24.5,Rain
919660,400123,2025-05-17,27.2,5.4,77.0,1.8,Haze
919661,404135,2024-02-07,30.2,0.8,94.3,5.0,Haze
919662,403959,2025-09-15,36.2,5.7,52.6,12.9,Rain
919663,403970,2025-02-27,15.8,19.1,54.1,24.5,Cloudy
919664,402299,2024-05-22,29.4,14.2,73.1,2.5,Clear
919666,401235,2024-01-14,40.7,12.4,83.5,6.9,Haze
919668,400856,2025-12-06,17.7,11.6,45.2,19.2,Heavy Rain
919669,401660,2025-11-09,22.2,15.4,64.0,15.2,Storm
919670,403675,2024-04-13,26.8,0.5,58.9,8.3,Rain
919671,403926,2026-06-24,31.1,10.9,54.5,5.7,Storm
919672,400479,2026-06-30,29.8,1.5,20.3,2.2,Clear
919673,403349,2025-08-30,21.4,22.9,82.6,12.9,Heavy Rain
919674,403930,2026-03-01,17.5,12.9,53.0,2.8,Storm
919675,401881,2026-07-17,28.4,1.0,67.6,4.3,Cloudy
919676,402850,2025-10-14,34.2,13.8,64.3,16.4,Storm
919677,401901,2025-02-20,28.7,0.8,64.3,18.9,Clear
919678,400225,2026-03-07,29.8,1.0,65.1,7.5,Heavy Rain
919679,400679,2024-10-08,31.8,1.3,81.4,2.6,Clear
919681,404006,2024-08-04,22.4,0.3,56.8,11.0,Cloudy
919682,401746,2024-12-26,33.6,2.5,44.3,7.9,Heavy Rain
919683,403004,2024-10-01,21.3,2.0,75.6,12.9,Rain
919684,400037,2026-04-22,27.3,6.9,72.1,9.8,Rain
919685,404651,2024-01-16,31.7,1.7,36.6,8.7,Rain
919686,403286,2025-02-10,32.6,4.5,78.2,21.4,Storm
919687,402774,2026-02-18,49.0,0.9,61.8,3.5,Storm
919688,403745,2024-07-13,25.5,2.8,68.2,16.9,Cloudy
919689,402158,2025-07-28,31.2,1.1,54.3,3.8,Heavy Rain
919690,404086,2024-11-04,29.5,10.7,84.3,13.4,Storm
919691,401566,2024-02-08,10.1,3.4,96.8,3.4,Rain
919692,404412,2024-08-30,28.2,11.0,67.0,0.9,Rain
919693,403293,2026-07-04,14.0,0.4,74.3,16.4,Cloudy
919694,400134,2024-12-17,36.6,7.4,55.4,2.4,Haze
919695,402954,2024-01-20,24.7,7.0,31.5,1.4,Heavy Rain
919696,403467,2025-01-09,41.6,6.6,55.9,9.1,Clear
919697,402726,2025-03-30,33.0,1.4,70.2,3.0,Storm
919698,401198,2024-02-14,23.2,5.9,79.9,7.1,Cloudy
919701,404956,2026-01-27,28.2,4.7,50.6,12.9,Rain
919702,403725,2025-03-04,26.4,4.3,45.7,4.7,Heavy Rain
919704,402219,2025-05-02,19.9,5.5,96.3,20.9,Heavy Rain
919705,401912,2025-05-07,32.4,6.2,36.3,7.7,Haze
919706,402795,2025-07-10,25.7,6.2,60.2,12.7,Clear
919707,404071,2024-04-24,22.9,4.8,49.6,22.2,Rain
919708,403994,2024-10-10,20.7,52.5,54.1,22.8,Cloudy
919709,402439,2025-01-07,25.1,1.9,57.4,18.6,Heavy Rain
919710,404557,2025-01-25,27.0,0.2,35.6,12.2,Rain
919711,403847,2024-07-18,19.8,1.2,88.7,6.1,Clear
919712,401537,2026-01-10,34.3,5.2,85.6,28.9,Haze
919713,401114,2026-01-06,16.8,6.2,48.4,1.9,Clear
919714,402258,2025-06-08,18.4,0.5,60.9,0.6,Haze
919715,400401,2025-10-07,35.4,43.2,53.1,10.9,Rain
919716,403238,2024-11-24,26.6,1.7,51.9,14.6,Clear
919717,402680,2024-11-14,28.8,9.9,38.1,5.6,Storm
919718,401120,2025-01-16,35.6,1.8,62.7,25.2,Rain
919719,404407,2024-12-28,28.9,4.7,62.8,10.5,Heavy Rain
919720,403631,2025-12-18,32.4,2.6,64.3,9.7,Clear
919721,402973,2024-06-29,20.3,4.0,78.2,8.3,Heavy Rain
919722,404604,2025-06-19,20.0,5.9,62.0,11.6,Haze
919723,400424,2026-04-23,12.5,0.6,51.0,6.7,Haze
919724,403738,2025-08-14,37.1,5.0,60.5,16.5,Clear
919725,403575,2026-06-25,22.2,0.9,87.3,19.2,Rain
919726,402442,2024-08-25,26.4,10.3,61.4,8.7,Haze
919727,405000,2025-03-31,28.7,1.7,51.5,5.9,Heavy Rain
919728,403199,2026-05-23,29.7,0.9,86.8,27.1,Rain
919729,402405,2024-01-05,25.5,15.7,79.9,7.3,Rain
919730,400368,2024-01-23,29.9,0.9,76.4,4.5,Cloudy
919731,400768,2025-07-30,28.9,12.4,74.3,3.8,Clear
919732,403912,2024-11-25,37.4,30.4,49.5,6.5,Clear
919733,400086,2025-08-15,37.6,4.4,62.3,2.8,Rain
919734,401176,2025-11-14,34.0,7.6,68.7,0.1,Haze
919736,400376,2026-06-04,31.1,14.6,67.9,3.1,Storm
919737,403791,2024-03-01,28.2,3.1,42.3,4.0,Storm
919738,403892,2024-02-26,21.6,1.6,53.9,3.3,Haze
919739,400295,2024-11-20,27.3,1.5,67.3,0.4,Storm
919740,400904,2026-02-25,22.2,2.7,86.6,3.2,Heavy Rain
919741,400888,2024-07-18,37.5,22.7,86.1,6.1,Clear
919742,400009,2024-07-26,29.5,2.4,65.4,5.7,Cloudy
919743,404716,2024-07-27,47.4,2.5,23.7,11.7,Cloudy
919744,400036,2025-07-12,14.0,2.4,89.2,22.1,Storm
919745,402849,2024-05-27,33.8,1.3,57.6,20.3,Storm
919746,401018,2024-10-10,26.7,5.0,67.7,92.8,Haze
919747,404137,2025-09-05,31.3,7.4,70.9,7.7,Storm
919748,401135,2025-07-09,10.1,9.3,74.0,11.8,Haze
919750,401229,2025-02-04,39.4,2.9,82.4,13.8,Rain
919751,401592,2024-12-02,32.8,11.5,66.7,0.4,Cloudy
919752,400450,2024-07-29,38.0,23.2,80.5,11.7,Clear
919753,400494,2025-03-16,24.8,1.9,51.7,8.1,Rain
919754,403871,2025-02-16,35.8,16.2,66.9,26.2,Heavy Rain
919755,400132,2024-09-30,25.3,0.9,62.6,5.9,Storm
919756,401516,2025-11-13,39.6,1.0,63.2,5.3,Heavy Rain
919757,401243,2024-12-19,31.6,1.8,84.9,11.4,Cloudy
919758,400743,2025-01-24,18.5,6.2,51.5,11.4,Rain
919759,402422,2025-02-04,36.8,29.8,85.6,4.8,Heavy Rain
919760,403308,2024-03-06,31.2,13.3,57.4,35.9,Rain
919761,404805,2025-02-12,19.0,5.5,68.3,0.4,Cloudy
919762,402749,2025-11-29,17.9,2.2,60.8,56.7,Cloudy
919763,401581,2026-07-02,32.4,4.1,65.2,50.4,Clear
919764,404468,2025-02-08,24.9,8.3,62.8,7.2,Rain
919765,401794,2024-03-20,27.7,14.6,67.1,38.4,Clear
919766,403582,2025-08-19,31.0,0.0,57.7,19.5,Cloudy
919767,400687,2025-06-21,36.3,3.4,51.5,5.5,Rain
919768,404284,2026-05-09,28.7,6.1,85.0,9.5,Haze
919769,403862,2024-09-13,28.2,12.4,71.4,16.0,Heavy Rain
919770,403175,2026-07-15,27.8,6.3,92.1,19.8,Storm
919771,400831,2024-11-03,36.2,8.4,80.2,24.0,Rain
919772,400050,2025-10-28,25.8,8.5,66.5,33.4,Clear
919773,401252,2025-12-08,23.9,8.9,84.2,13.3,Haze
919774,404068,2025-04-18,24.7,4.6,91.3,5.9,Clear
919775,401235,2025-04-27,22.5,3.5,64.3,16.9,Haze
919776,400576,2024-03-25,34.1,1.1,55.9,0.5,Haze
919777,404222,2026-01-28,32.4,13.4,78.5,4.8,Heavy Rain
919778,400915,2024-01-20,17.2,4.2,60.0,21.7,Storm
919779,400555,2025-12-20,17.9,3.5,67.6,10.1,Cloudy
919780,404422,2025-08-10,23.7,0.6,61.4,21.0,Rain
919781,402820,2025-07-13,15.6,4.7,84.9,20.2,Rain
919782,400881,2026-02-27,43.0,2.9,53.1,0.4,Cloudy
919783,401728,2026-02-06,23.9,4.1,58.1,2.2,Storm
919784,401483,2025-04-10,23.4,3.4,49.8,14.8,Storm
919785,402008,2026-05-18,23.2,7.7,41.3,13.3,Storm
919786,402245,2026-06-07,34.0,2.9,84.1,29.7,Heavy Rain
919787,402882,2026-02-07,26.4,2.2,69.7,20.3,Haze
919788,402231,2025-04-25,35.9,5.0,55.4,5.1,Storm
919789,400674,2024-11-30,28.4,23.0,64.4,16.7,Heavy Rain
919790,401397,2024-03-23,31.4,8.7,51.1,9.8,Clear
919791,401425,2024-08-12,25.0,0.4,85.2,22.2,Rain
919792,400752,2025-01-23,25.4,5.7,51.3,2.2,Clear
919793,403729,2025-03-15,32.5,4.0,53.5,2.6,Storm
919794,402730,2024-03-15,24.8,3.3,64.5,2.3,Heavy Rain
919795,402517,2025-10-15,26.6,8.1,70.3,10.3,Haze
919796,402334,2026-07-12,26.8,5.5,80.2,17.0,Haze
919797,401164,2024-03-10,34.3,2.9,78.6,28.6,Heavy Rain
919798,402110,2024-10-11,31.7,3.3,57.2,52.9,Rain
919799,403074,2024-04-13,30.6,1.3,75.8,33.1,Cloudy
919800,401172,2024-11-20,24.9,6.4,65.9,4.6,Rain
919801,403890,2024-04-14,22.5,1.8,42.0,10.0,Haze
919802,403330,2026-05-04,41.3,0.6,80.7,11.9,Heavy Rain
919803,404601,2025-09-25,21.8,34.8,75.2,23.6,Storm
919804,401981,2025-05-14,22.1,9.5,83.0,0.9,Haze
919805,403760,2024-01-03,31.5,7.7,46.4,14.0,Haze
919806,403273,2024-08-24,23.4,4.9,42.1,43.2,Clear
919807,401027,2026-07-06,14.2,0.9,66.6,9.4,Haze
919808,400921,2025-11-05,24.4,5.1,57.6,20.0,Heavy Rain
919809,401625,2024-02-11,20.5,12.3,58.6,12.5,Clear
919810,403658,2025-01-22,16.9,1.0,88.8,53.5,Storm
919811,401550,2026-02-02,19.4,14.1,50.1,4.9,Cloudy
919812,404465,2025-01-02,40.3,9.8,66.3,2.3,Haze
919813,402692,2024-11-04,14.7,3.6,64.6,20.7,Rain
919814,401218,2024-08-20,35.7,13.6,50.7,8.1,Heavy Rain
919816,402243,2024-06-04,21.1,0.5,67.7,22.3,Haze
919817,404101,2025-09-11,21.3,14.8,56.8,23.5,Haze
919818,400836,2026-01-05,34.6,6.8,63.3,3.0,Clear
919819,404403,2025-10-28,20.2,14.3,68.2,12.3,Clear
919820,404167,2025-02-17,28.8,8.3,72.9,3.1,Rain
919821,403076,2024-04-30,12.6,13.8,63.4,3.9,Clear
919822,402794,2026-05-27,8.6,2.2,57.6,21.4,Rain
919823,402668,2025-07-28,8.3,15.9,65.1,13.0,Rain
919824,404183,2025-05-24,38.3,1.6,59.3,4.7,Cloudy
919825,404500,2024-09-25,23.3,12.2,57.3,42.0,Rain
919826,402832,2024-12-03,28.5,8.1,74.9,8.3,Clear
919827,403890,2026-03-23,23.7,2.7,54.6,15.4,Storm
919828,401042,2025-07-31,24.4,11.7,65.5,4.7,Haze
919829,403033,2024-11-23,31.3,2.5,93.5,10.8,Storm
919830,402695,2025-04-14,32.9,4.2,66.7,3.3,Rain
919831,404379,2026-03-18,18.0,1.8,61.1,10.9,Cloudy
919832,400864,2024-03-08,23.2,3.9,71.7,2.6,Rain
919833,401256,2026-05-19,37.9,0.6,59.0,14.6,Haze
919834,400150,2024-02-02,25.5,1.1,42.0,41.9,Haze
919835,400906,2025-05-08,18.0,14.9,63.1,2.0,Haze
919836,402517,2024-07-09,37.7,1.3,78.2,2.7,Clear
919837,400623,2024-01-14,23.3,16.2,52.6,0.5,Storm
919838,403173,2024-03-24,35.1,12.3,47.0,13.1,Haze
919839,404350,2025-07-22,15.9,0.5,68.0,10.4,Rain
919840,401318,2025-10-17,47.0,13.0,46.9,4.0,Haze
919841,400957,2025-01-26,16.4,3.0,59.4,8.6,Haze
919842,403403,2025-10-03,20.5,23.7,82.9,8.1,Haze
919843,402854,2025-01-30,19.2,21.3,59.2,33.3,Storm
919844,404488,2025-08-25,24.2,6.9,82.1,1.8,Heavy Rain
919845,403718,2024-02-03,15.7,4.0,56.6,10.8,Clear
919846,400663,2024-07-22,27.4,26.5,65.9,2.9,Storm
919847,402837,2025-08-04,27.8,1.0,31.9,39.0,Cloudy
919848,404025,2026-05-06,15.5,0.3,40.2,98.9,Storm
919849,403234,2025-08-03,27.0,27.6,53.0,11.6,Rain
919850,404657,2026-05-12,9.1,14.6,49.8,18.0,Heavy Rain
919851,401720,2025-09-17,17.6,2.6,49.5,23.4,Rain
919852,401203,2026-02-02,49.0,7.1,48.3,3.6,Heavy Rain
919853,400624,2025-11-08,27.6,5.5,65.3,10.9,Clear
919854,401045,2025-04-22,38.5,5.3,76.1,34.9,Cloudy
919855,403189,2024-06-18,26.8,10.1,94.7,3.0,Cloudy
919856,404395,2026-03-11,47.0,8.7,64.3,26.9,Cloudy
919857,402491,2024-06-23,26.4,5.5,65.3,8.2,Haze
919858,401311,2024-10-31,32.1,18.1,57.3,23.3,Heavy Rain
919859,400233,2026-03-19,33.1,2.6,92.2,4.7,Clear
919860,404221,2025-02-13,31.7,0.5,82.3,0.2,Haze
919861,402822,2025-12-31,31.0,12.2,72.5,13.2,Clear
919862,401200,2024-06-08,29.7,8.3,66.8,10.4,Heavy Rain
919863,401211,2025-09-27,28.3,8.8,91.4,11.6,Clear
919864,400312,2026-06-09,5.2,15.4,74.9,1.4,Rain
919865,403992,2024-08-26,28.3,21.5,76.8,21.2,Rain
919866,402200,2025-08-02,21.9,1.1,64.3,33.0,Clear
919867,401650,2025-10-08,26.9,13.6,81.6,9.2,Heavy Rain
919868,401415,2024-08-24,48.2,2.3,68.5,12.3,Cloudy
919869,401012,2026-05-08,25.8,3.3,26.6,4.4,Rain
919871,400468,2025-05-18,27.3,12.9,85.2,18.4,Cloudy
919872,404590,2024-01-26,25.8,20.5,66.3,25.0,Heavy Rain
919873,400261,2026-03-04,27.6,3.4,71.7,25.9,Heavy Rain
919874,401216,2025-01-25,5.2,18.5,69.0,4.9,Haze
919875,402905,2024-01-14,38.0,10.4,68.2,9.4,Cloudy
919876,400802,2024-06-01,30.9,5.6,62.3,13.0,Storm
919877,401361,2025-10-30,22.8,2.7,30.4,3.6,Haze
919878,404472,2025-04-09,29.6,7.7,80.8,6.0,Haze
919879,402099,2024-02-05,19.6,7.3,90.9,4.6,Storm
919880,401561,2024-09-11,10.7,1.4,62.8,15.4,Haze
919881,404397,2026-05-18,24.3,4.2,58.1,54.5,Haze
919882,400890,2024-02-07,13.9,5.5,87.2,1.2,Haze
919883,401018,2026-03-11,38.2,1.6,72.0,17.1,Clear
919884,400428,2024-05-13,11.4,12.9,60.1,19.8,Haze
919885,400784,2025-04-21,33.2,7.8,70.3,10.9,Haze
919886,400516,2026-04-24,35.1,3.3,89.5,13.6,Cloudy
919887,404584,2025-09-18,27.3,0.6,64.3,1.3,Haze
919888,403281,2025-02-13,15.3,1.6,40.8,13.3,Haze
919889,404489,2025-08-01,17.8,0.2,54.3,8.6,Clear
919890,401046,2024-04-02,11.8,9.0,57.0,0.1,Heavy Rain
919891,401207,2024-03-24,29.3,5.2,75.1,10.1,Heavy Rain
919892,401083,2025-10-22,22.7,1.0,64.3,34.1,Clear
919893,400368,2026-03-08,36.9,13.3,50.4,7.1,Haze
919895,401366,2024-09-21,31.6,20.2,55.2,2.3,Storm
919896,400457,2024-01-26,27.0,2.4,83.5,2.3,Heavy Rain
919897,401806,2025-05-14,20.3,5.6,53.9,12.9,Clear
919899,400576,2026-01-08,28.9,1.1,47.5,2.8,Storm
919900,404062,2024-04-10,16.0,4.3,32.4,1.2,Clear
919901,402970,2024-03-24,19.5,24.4,79.6,7.8,Clear
919902,400902,2026-07-04,26.3,1.8,65.7,42.3,Cloudy
919903,404671,2025-03-09,8.0,2.7,84.5,16.7,Cloudy
919904,404419,2026-04-14,25.6,3.6,94.5,3.5,Heavy Rain
919905,404498,2024-11-29,22.8,4.2,75.0,40.7,Heavy Rain
919906,402447,2026-06-18,21.8,1.9,63.6,7.1,Clear
919907,403614,2026-01-05,24.0,3.7,31.2,11.0,Heavy Rain
919908,401490,2024-07-22,30.5,8.2,93.0,4.5,Heavy Rain
919909,400572,2026-01-15,26.5,1.2,46.4,0.4,Storm
919910,404541,2025-10-02,28.9,15.6,59.1,18.5,Rain
919911,403931,2024-03-25,29.7,22.6,70.2,22.8,Storm
919912,404071,2025-07-25,39.7,2.9,55.8,8.3,Rain
919913,401348,2024-07-21,41.0,1.6,66.1,8.4,Heavy Rain
919914,401232,2025-08-16,27.4,0.2,49.7,4.1,Storm
919915,401612,2025-10-22,25.6,21.6,45.4,10.6,Storm
919916,402828,2026-01-11,26.5,1.6,56.8,34.6,Storm
919917,404202,2025-07-25,29.7,8.3,81.3,10.3,Haze
919918,403182,2026-04-30,29.6,1.6,97.7,4.4,Cloudy
919919,404751,2025-04-13,31.3,14.5,49.1,3.8,Clear
919920,401330,2026-02-02,20.7,1.1,50.7,23.2,Storm
919921,404028,2026-06-25,23.5,34.6,67.1,70.8,Rain
919922,404623,2025-07-05,31.1,5.7,63.4,30.4,Cloudy
919923,402567,2025-07-03,15.3,16.4,75.7,3.2,Heavy Rain
919924,401252,2024-03-05,43.0,4.3,44.6,17.6,Clear
919925,401791,2024-05-29,37.6,5.5,73.3,15.0,Clear
919926,404099,2025-02-18,31.0,0.6,67.6,6.7,Clear
919927,401607,2024-01-16,28.6,1.5,52.8,17.1,Rain
919928,401940,2026-05-11,40.1,19.5,61.6,6.6,Cloudy
919929,403155,2026-03-28,28.5,5.2,78.8,3.2,Clear
919930,403744,2024-07-19,29.5,4.0,74.8,41.6,Heavy Rain
919931,404885,2024-11-29,26.6,18.4,24.0,14.4,Cloudy
919933,403268,2025-09-04,26.7,4.2,51.3,5.0,Storm
919934,400336,2026-06-15,33.5,7.3,46.2,31.4,Clear
919935,401569,2024-09-01,21.5,4.4,47.3,33.0,Haze
919936,401121,2026-02-04,32.2,6.0,66.4,7.4,Clear
919937,400684,2025-01-26,27.0,22.4,80.0,1.9,Haze
919938,403276,2025-04-03,39.9,5.6,90.4,0.4,Rain
919939,400325,2025-08-28,24.1,2.2,82.2,1.4,Clear
919940,401168,2026-02-16,13.7,0.9,93.3,22.8,Heavy Rain
919941,403283,2024-02-19,32.9,25.7,51.9,7.8,Haze
919942,404420,2025-05-08,20.6,2.2,55.9,3.0,Heavy Rain
919943,401814,2025-01-18,22.7,3.1,69.5,3.0,Storm
919944,403683,2026-01-02,34.9,3.4,60.9,9.4,Haze
919945,400029,2024-07-27,42.2,8.9,68.4,8.6,Storm
919946,403926,2025-02-08,19.9,6.5,53.0,12.1,Clear
919947,403119,2026-02-22,27.6,4.7,55.2,2.7,Heavy Rain
919948,401288,2024-08-29,30.6,7.3,70.5,46.9,Rain
919949,402104,2024-02-07,33.7,15.2,76.2,9.3,Cloudy
919950,402702,2025-12-28,24.0,16.4,77.4,27.7,Rain
919951,403707,2026-01-21,47.2,0.1,89.9,11.6,Clear
919952,402525,2024-04-20,31.0,8.5,89.6,5.6,Haze
919954,400017,2024-03-06,16.0,6.2,50.1,3.4,Storm
919955,403193,2026-05-02,30.8,4.1,63.3,5.8,Rain
919956,401947,2025-06-12,28.9,7.1,59.3,22.3,Rain
919957,402519,2026-06-25,35.1,0.7,28.5,15.8,Storm
919958,404750,2025-09-02,20.4,10.7,72.0,13.0,Storm
919959,403071,2025-03-11,40.0,1.4,46.0,1.9,Storm
919960,402148,2024-11-11,20.0,12.5,56.7,8.4,Haze
919961,404491,2024-06-03,18.1,10.2,80.7,5.3,Rain
919962,403811,2024-09-20,27.0,0.6,50.4,8.4,Heavy Rain
919963,402174,2024-08-06,27.9,13.9,53.3,3.5,Cloudy
919964,404839,2025-03-05,20.4,3.5,52.2,20.9,Rain
919965,403999,2024-09-03,16.5,3.4,89.7,2.3,Cloudy
919966,401285,2024-05-31,21.6,0.2,55.1,5.0,Storm
919967,404049,2025-11-01,27.8,4.4,54.4,0.3,Clear
919968,401465,2024-01-11,21.1,6.4,72.4,28.6,Haze
919969,403908,2025-06-26,12.0,3.5,58.2,8.8,Haze
919970,400420,2024-09-27,20.7,5.9,70.5,2.5,Storm
919971,403281,2024-08-20,34.4,3.7,84.9,13.5,Clear
919972,404091,2024-09-20,22.0,2.9,41.0,20.3,Cloudy
919973,403611,2026-06-18,30.0,16.4,92.0,15.6,Storm
919974,401531,2025-10-13,39.9,34.8,51.2,21.0,Clear
919975,403752,2024-09-25,32.5,7.3,38.1,22.6,Rain
919976,404047,2024-04-27,16.6,4.3,33.7,6.1,Clear
919977,404426,2025-10-24,18.6,2.6,59.2,6.1,Clear
919978,402355,2025-11-08,26.9,10.7,57.0,29.7,Cloudy
919979,401883,2024-08-19,25.1,5.5,73.2,0.0,Storm
919980,400742,2024-08-03,24.8,8.1,83.6,3.7,Haze
919981,402874,2024-07-01,22.5,3.0,68.3,35.2,Haze
919982,403757,2025-04-01,29.0,1.1,92.3,2.0,Rain
919983,400337,2026-01-29,29.8,1.6,61.7,1.1,Rain
919984,402151,2025-08-08,25.5,3.0,64.2,6.1,Rain
919985,403233,2024-06-18,33.0,0.4,77.5,54.8,Rain
919986,403968,2025-05-02,20.1,8.0,64.7,16.0,Rain
919987,404857,2024-05-01,28.7,9.9,65.5,0.5,Haze
919988,400410,2025-12-31,27.7,13.3,52.9,9.3,Haze
919989,402349,2024-09-18,9.2,2.9,43.6,0.6,Haze
919990,402013,2024-08-22,31.4,5.1,64.7,0.2,Storm
919991,402308,2024-11-01,33.5,11.5,31.8,5.2,Haze
919992,400053,2026-04-15,34.1,0.8,79.5,15.7,Storm
919993,403178,2024-05-03,45.7,7.4,58.1,2.6,Cloudy
919994,403327,2024-07-23,12.0,1.4,72.1,33.9,Rain
919995,402249,2025-08-24,12.8,13.9,73.3,3.7,Storm
919996,400901,2026-02-12,26.0,6.9,45.7,1.1,Rain
919997,400935,2024-07-21,15.8,21.3,54.7,5.0,Rain
919998,400182,2025-10-15,23.7,1.5,55.9,6.8,Clear
919999,401881,2024-03-08,40.2,2.6,53.2,1.3,Heavy Rain
920000,403819,2025-11-12,14.3,3.4,64.3,3.3,Heavy Rain
