event_id,event_code,event_name,category_id,venue_id,organizer_id,event_date,start_time,end_time,expected_attendance,base_ticket_price,event_status
400001,EVT-400001,Event_400001,3,200264,301068,2025-02-15,18:00,21:00,46418,7600.155000000001,Completed
400002,EVT-400002,Event_400002,6,200357,301074,2024-02-15,11:00,15:00,37906,7600.155000000001,Completed
400003,EVT-400003,Event_400003,12,200156,300172,2024-04-07,14:00,18:00,34336,11192.53,Completed
400004,EVT-400004,Event_400004,12,200134,301089,2026-04-23,10:00,12:00,60883,3046.74,Scheduled
400005,EVT-400005,Event_400005,7,200436,300675,2026-03-15,20:00,21:00,64050,12739.66,Completed
400006,EVT-400006,Event_400006,5,200059,300939,2025-09-21,18:00,19:00,6672,12103.59,Cancelled
400007,EVT-400007,Event_400007,7,200474,301819,2025-03-27,10:00,16:00,64810,440.68,Scheduled
400008,EVT-400008,Event_400008,8,200064,300204,2025-04-08,16:00,17:00,67047,3363.82,Completed
400009,EVT-400009,Event_400009,7,200257,300126,2025-10-19,10:00,13:00,50854,8424.57,Scheduled
400010,EVT-400010,Event_400010,14,200389,301982,2024-01-08,09:00,11:00,34323,14976.86,Scheduled
400011,EVT-400011,Event_400011,14,200054,300738,2026-02-06,14:00,17:00,200000,4407.87,Completed
400012,EVT-400012,Event_400012,14,200187,300585,2024-05-16,18:00,20:00,62914,4502.6,Completed
400013,EVT-400013,Event_400013,1,200099,301231,2024-05-28,14:00,15:00,56150,5145.7,Completed
400014,EVT-400014,Event_400014,9,200047,301204,2025-12-09,10:00,12:00,25119,7433.41,Postponed
400015,EVT-400015,Event_400015,7,200229,300116,2025-05-05,20:00,21:00,7673,7600.155000000001,Completed
400016,EVT-400016,Event_400016,10,200313,300981,2026-05-30,11:00,15:00,63409,10725.75,Completed
400017,EVT-400017,Event_400017,1,200381,300125,2025-12-15,09:00,11:00,40132,13338.85,Completed
400018,EVT-400018,Event_400018,6,200128,301345,2025-10-13,16:00,19:00,59749,13953.71,Cancelled
400019,EVT-400019,Event_400019,4,200319,301279,2024-04-22,18:00,22:00,56945,13638.49,Scheduled
400021,EVT-400021,Event_400021,9,200132,300544,2025-02-22,19:00,22:00,60630,5375.36,Scheduled
400023,EVT-400023,Event_400023,3,200268,300056,2024-05-21,09:00,13:00,59254,10261.63,Completed
400024,EVT-400024,Event_400024,12,200064,301212,2025-01-11,19:00,00:00,16468,5366.47,Completed
400025,EVT-400025,Event_400025,14,200145,301854,2026-06-12,09:00,15:00,24323,4281.77,Completed
400026,EVT-400026,Event_400026,3,200410,300880,2024-11-15,16:00,20:00,17428,880.13,Completed
400027,EVT-400027,Event_400027,14,200135,301444,2025-02-10,14:00,20:00,27459,6681.63,Completed
400028,EVT-400028,Event_400028,7,200040,301958,2026-01-20,14:00,20:00,64997,10745.88,Scheduled
400029,EVT-400029,Event_400029,5,200331,301886,2025-10-23,11:00,15:00,59439,866.62,Completed
400030,EVT-400030,Event_400030,15,200021,300846,2026-01-23,09:00,13:00,32193,9251.3,Postponed
400031,EVT-400031,Event_400031,7,200197,300689,2026-03-29,14:00,18:00,417,1515.27,Completed
400032,EVT-400032,Event_400032,1,200038,300904,2026-01-06,19:00,21:00,17522,4484.88,Completed
400033,EVT-400033,Event_400033,6,200094,300980,2026-02-17,18:00,00:00,22820,2359.82,Postponed
400034,EVT-400034,Event_400034,6,200500,301774,2025-06-03,16:00,17:00,49808,1403.11,Completed
400035,EVT-400035,Event_400035,2,200450,300913,2025-05-11,09:00,12:00,200000,11294.7,Completed
400036,EVT-400036,Event_400036,5,200484,300082,2026-04-14,10:00,15:00,64554,10357.58,Completed
400037,EVT-400037,Event_400037,5,200108,301094,2024-07-28,09:00,14:00,69961,5129.43,Completed
400038,EVT-400038,Event_400038,7,200073,300467,2025-06-29,16:00,20:00,35567,6634.58,Scheduled
400039,EVT-400039,Event_400039,6,200427,300885,2026-05-10,19:00,01:00,22513,4146.23,Completed
400040,EVT-400040,Event_400040,5,200365,300516,2025-10-28,10:00,11:00,1942,7600.155000000001,Scheduled
400041,EVT-400041,Event_400041,4,200148,301708,2024-02-03,14:00,17:00,34792,5193.81,Scheduled
400042,EVT-400042,Event_400042,12,200167,300802,2025-03-21,16:00,19:00,18454,11884.12,Cancelled
400043,EVT-400043,Event_400043,1,200083,300408,2026-06-01,14:00,15:00,47128,4781.77,Completed
400044,EVT-400044,Event_400044,13,200188,301786,2024-07-14,14:00,15:00,54532,11709.94,Cancelled
400045,EVT-400045,Event_400045,9,200161,300189,2026-01-11,16:00,19:00,65480,1780.85,Completed
400046,EVT-400046,Event_400046,12,200439,301251,2025-02-21,09:00,12:00,49365,8050.77,Completed
400047,EVT-400047,Event_400047,13,200244,301168,2025-10-12,09:00,14:00,31215,13435.7,Completed
400048,EVT-400048,Event_400048,11,200117,300413,2024-11-26,19:00,01:00,66438,7224.96,Postponed
400049,EVT-400049,Event_400049,4,200015,300091,2025-08-10,18:00,20:00,200000,8549.01,Completed
400050,EVT-400050,Event_400050,15,200116,301428,2024-02-29,20:00,22:00,12870,4054.95,Cancelled
400051,EVT-400051,Event_400051,7,200459,300357,2026-04-18,20:00,02:00,13436,11860.61,Scheduled
400052,EVT-400052,Event_400052,11,200128,301236,2026-04-30,19:00,01:00,17440,6005.08,Completed
400053,EVT-400053,Event_400053,3,200140,300738,2025-08-16,20:00,01:00,10503,11812.59,Completed
400054,EVT-400054,Event_400054,6,200316,301955,2025-09-26,20:00,23:00,36760,11186.42,Completed
400055,EVT-400055,Event_400055,7,200097,300237,2026-04-15,10:00,12:00,52882,11894.83,Scheduled
400056,EVT-400056,Event_400056,7,200157,301270,2025-10-17,10:00,13:00,29850,271.94,Completed
400057,EVT-400057,Event_400057,8,200084,300279,2024-03-23,11:00,13:00,56034,573.06,Completed
400058,EVT-400058,Event_400058,11,200416,301769,2026-06-16,19:00,21:00,38309,6821.59,Scheduled
400059,EVT-400059,Event_400059,9,200060,300550,2025-09-14,09:00,11:00,25240,12784.91,Scheduled
400060,EVT-400060,Event_400060,10,200200,301966,2025-09-23,16:00,17:00,41773,10843.38,Completed
400061,EVT-400061,Event_400061,11,200183,301315,2024-09-22,19:00,00:00,55395,7600.155000000001,Completed
400062,EVT-400062,Event_400062,9,200111,301997,2025-08-01,18:00,21:00,41396,4191.6,Completed
400063,EVT-400063,Event_400063,9,200087,300807,2024-11-01,20:00,22:00,44282,1349.63,Postponed
400064,EVT-400064,Event_400064,14,200255,300903,2026-05-24,11:00,15:00,10547,13176.64,Completed
400065,EVT-400065,Event_400065,2,200091,300065,2025-07-02,09:00,14:00,19161,4988.51,Completed
400066,EVT-400066,Event_400066,1,200133,301469,2025-06-22,09:00,12:00,67192,1223.88,Completed
400067,EVT-400067,Event_400067,3,200059,300852,2024-03-11,18:00,00:00,11232,13698.94,Cancelled
400068,EVT-400068,Event_400068,11,200155,300991,2024-08-01,09:00,13:00,65924,208.89,Completed
400069,EVT-400069,Event_400069,12,200186,300697,2024-09-25,20:00,01:00,63506,11552.87,Completed
400070,EVT-400070,Event_400070,14,200006,300902,2024-04-21,18:00,00:00,54550,13570.28,Completed
400071,EVT-400071,Event_400071,12,200274,301390,2025-06-17,16:00,19:00,40138,13328.59,Scheduled
400072,EVT-400072,Event_400072,2,200284,301643,2025-08-16,14:00,19:00,42083,6909.1,Completed
400073,EVT-400073,Event_400073,4,200429,300331,2024-03-27,19:00,01:00,44890,3180.24,Cancelled
400074,EVT-400074,Event_400074,1,200108,301057,2026-05-10,11:00,13:00,26476,6421.25,Completed
400075,EVT-400075,Event_400075,12,200193,301000,2024-05-04,16:00,18:00,45468,9680.81,Completed
400076,EVT-400076,Event_400076,13,200303,300410,2024-05-06,11:00,14:00,55871,5603.4,Scheduled
400077,EVT-400077,Event_400077,12,200426,300940,2024-01-24,09:00,13:00,18069,8198.13,Scheduled
400078,EVT-400078,Event_400078,1,200244,301232,2025-01-23,20:00,23:00,7724,4294.52,Completed
400079,EVT-400079,Event_400079,5,200444,301449,2024-10-24,11:00,13:00,50884,658.24,Completed
400080,EVT-400080,Event_400080,5,200308,301780,2025-09-25,11:00,13:00,45321,3445.8,Completed
400081,EVT-400081,Event_400081,15,200088,300310,2025-03-22,14:00,18:00,40319,4737.36,Completed
400082,EVT-400082,Event_400082,9,200400,300630,2024-08-30,19:00,23:00,67048,5982.17,Scheduled
400083,EVT-400083,Event_400083,13,200274,300200,2024-02-14,14:00,16:00,3571,3620.39,Completed
400084,EVT-400084,Event_400084,2,200065,300284,2025-05-13,18:00,20:00,45720,13191.88,Completed
400085,EVT-400085,Event_400085,4,200302,300436,2025-12-29,16:00,22:00,41636,7600.155000000001,Completed
400086,EVT-400086,Event_400086,15,200328,300488,2025-01-01,11:00,16:00,16325,3465.62,Completed
400087,EVT-400087,Event_400087,2,200225,300177,2026-05-18,18:00,19:00,15217,8438.61,Cancelled
400088,EVT-400088,Event_400088,11,200046,301740,2025-02-26,11:00,14:00,61600,12182.58,Completed
400090,EVT-400090,Event_400090,6,200238,301855,2025-07-13,10:00,12:00,243,7959.62,Completed
400091,EVT-400091,Event_400091,4,200413,301720,2024-03-12,18:00,20:00,28861,2359.38,Completed
400092,EVT-400092,Event_400092,7,200251,301063,2024-01-22,16:00,22:00,30709,12419.63,Scheduled
400093,EVT-400093,Event_400093,7,200183,300189,2026-01-15,11:00,16:00,32326,4053.25,Completed
400094,EVT-400094,Event_400094,5,200460,301428,2025-02-24,14:00,20:00,64959,1162.61,Scheduled
400095,EVT-400095,Event_400095,2,200406,301074,2024-06-11,16:00,22:00,60574,7600.155000000001,Completed
400096,EVT-400096,Event_400096,2,200335,301672,2025-06-20,14:00,17:00,4584,8169.98,Completed
400097,EVT-400097,Event_400097,6,200057,301886,2025-09-23,18:00,22:00,2146,10805.51,Completed
400098,EVT-400098,Event_400098,7,200197,300155,2025-06-22,10:00,14:00,8866,5420.75,Completed
400099,EVT-400099,Event_400099,5,200271,301235,2026-01-05,09:00,13:00,69826,3369.46,Completed
400100,EVT-400100,Event_400100,15,200443,301267,2026-05-06,11:00,14:00,4434,7907.31,Completed
400101,EVT-400101,Event_400101,10,200390,301569,2025-12-27,16:00,21:00,861,14876.01,Completed
400103,EVT-400103,Event_400103,5,200059,301156,2026-04-14,11:00,15:00,63341,2761.55,Completed
400104,EVT-400104,Event_400104,12,200328,300717,2024-04-14,16:00,20:00,200000,7055.43,Cancelled
400105,EVT-400105,Event_400105,14,200073,301509,2025-12-18,10:00,13:00,8482,13923.65,Completed
400106,EVT-400106,Event_400106,8,200374,300079,2024-09-26,16:00,21:00,62973,4758.02,Completed
400107,EVT-400107,Event_400107,15,200421,301964,2024-12-23,09:00,11:00,37749,14069.45,Completed
400108,EVT-400108,Event_400108,13,200302,301772,2026-02-15,11:00,13:00,35631,7682.89,Completed
400109,EVT-400109,Event_400109,7,200445,301098,2025-03-31,10:00,14:00,66285,9087.04,Completed
400110,EVT-400110,Event_400110,6,200498,300254,2024-10-04,09:00,12:00,65420,7189.35,Completed
400111,EVT-400111,Event_400111,6,200061,300607,2024-05-06,14:00,17:00,34753,629.88,Completed
400112,EVT-400112,Event_400112,8,200100,300455,2024-07-05,20:00,22:00,2925,4625.17,Completed
400113,EVT-400113,Event_400113,12,200203,301831,2025-11-01,20:00,22:00,35456,5909.29,Scheduled
400114,EVT-400114,Event_400114,5,200376,301149,2026-03-10,11:00,16:00,22001,6281.92,Completed
400115,EVT-400115,Event_400115,1,200432,301001,2024-11-14,18:00,00:00,56132,6958.46,Completed
400116,EVT-400116,Event_400116,6,200322,301814,2025-11-15,09:00,12:00,15931,9996.13,Completed
400117,EVT-400117,Event_400117,13,200066,300431,2026-05-09,14:00,20:00,31887,9722.44,Completed
400118,EVT-400118,Event_400118,2,200445,300978,2024-05-26,16:00,18:00,4596,13807.37,Cancelled
400119,EVT-400119,Event_400119,3,200205,301481,2025-11-02,09:00,11:00,36413,14515.29,Completed
400120,EVT-400120,Event_400120,15,200195,301143,2026-01-01,19:00,00:00,48353,8333.3,Completed
400121,EVT-400121,Event_400121,12,200345,301867,2025-10-17,09:00,13:00,54846,5706.84,Scheduled
400122,EVT-400122,Event_400122,6,200051,301252,2025-09-15,19:00,22:00,55604,6797.86,Postponed
400123,EVT-400123,Event_400123,10,200281,301681,2025-01-19,10:00,15:00,37538,6675.65,Completed
400124,EVT-400124,Event_400124,2,200102,301703,2026-05-05,10:00,13:00,50185,6455.45,Cancelled
400125,EVT-400125,Event_400125,11,200052,301689,2025-09-13,20:00,21:00,43003,7600.155000000001,Postponed
400126,EVT-400126,Event_400126,13,200355,301154,2024-02-01,09:00,15:00,11581,6904.01,Completed
400127,EVT-400127,Event_400127,9,200175,300550,2025-07-26,19:00,23:00,36779,7600.155000000001,Completed
400128,EVT-400128,Event_400128,7,200081,301521,2024-10-12,10:00,14:00,19700,8514.6,Scheduled
400129,EVT-400129,Event_400129,7,200190,301840,2024-07-21,09:00,14:00,200000,1601.86,Completed
400130,EVT-400130,Event_400130,6,200321,301821,2025-10-29,20:00,01:00,1265,2294.59,Cancelled
400131,EVT-400131,Event_400131,2,200280,300007,2024-07-21,11:00,12:00,59056,8009.26,Completed
400132,EVT-400132,Event_400132,8,200100,300257,2025-12-15,10:00,15:00,56827,4867.18,Completed
400133,EVT-400133,Event_400133,13,200440,300061,2025-09-29,10:00,15:00,14291,11617.93,Completed
400134,EVT-400134,Event_400134,6,200412,300556,2024-04-21,09:00,10:00,51533,4259.44,Scheduled
400135,EVT-400135,Event_400135,15,200130,301800,2025-01-23,16:00,22:00,490,14285.53,Completed
400137,EVT-400137,Event_400137,13,200128,301567,2024-12-10,14:00,16:00,6154,8699.66,Postponed
400138,EVT-400138,Event_400138,14,200158,300732,2026-04-13,14:00,18:00,68584,9185.65,Completed
400139,EVT-400139,Event_400139,14,200466,301368,2024-02-02,11:00,13:00,48323,12989.9,Completed
400140,EVT-400140,Event_400140,7,200118,300482,2024-07-06,11:00,13:00,50742,6420.84,Completed
400141,EVT-400141,Event_400141,9,200055,301097,2024-02-17,11:00,16:00,23185,5355.45,Scheduled
400142,EVT-400142,Event_400142,4,200033,301830,2024-05-21,20:00,00:00,1577,7600.155000000001,Scheduled
400143,EVT-400143,Event_400143,6,200132,301408,2025-01-19,20:00,21:00,19962,8780.05,Completed
400144,EVT-400144,Event_400144,10,200214,300002,2026-04-19,20:00,21:00,47673,4574.22,Completed
400145,EVT-400145,Event_400145,7,200461,300794,2025-07-20,20:00,02:00,65244,371.64,Completed
400146,EVT-400146,Event_400146,4,200384,301805,2026-06-10,19:00,20:00,200000,3046.37,Completed
400147,EVT-400147,Event_400147,5,200187,300144,2024-04-29,09:00,15:00,68576,13229.21,Completed
400148,EVT-400148,Event_400148,4,200416,301620,2025-11-05,16:00,19:00,23132,4659.54,Completed
400149,EVT-400149,Event_400149,4,200381,300886,2025-01-26,19:00,20:00,24158,9561.48,Scheduled
400150,EVT-400150,Event_400150,8,200432,301868,2024-01-12,16:00,20:00,63499,2859.38,Scheduled
400151,EVT-400151,Event_400151,11,200037,300635,2025-06-12,19:00,01:00,43230,2045.11,Completed
400152,EVT-400152,Event_400152,5,200262,301820,2024-06-25,16:00,22:00,53717,9989.67,Completed
400153,EVT-400153,Event_400153,6,200263,300504,2024-02-27,11:00,14:00,41712,5280.14,Scheduled
400154,EVT-400154,Event_400154,6,200199,301687,2026-01-24,11:00,12:00,36609,8066.84,Completed
400156,EVT-400156,Event_400156,9,200473,301628,2024-11-27,16:00,20:00,39468,3017.81,Cancelled
400157,EVT-400157,Event_400157,4,200413,301271,2025-09-30,09:00,11:00,2981,6531.26,Completed
400158,EVT-400158,Event_400158,14,200364,301895,2024-09-25,14:00,18:00,30220,779.45,Postponed
400159,EVT-400159,Event_400159,15,200350,300321,2025-05-23,20:00,00:00,31384,12454.47,Cancelled
400160,EVT-400160,Event_400160,12,200120,300232,2024-12-05,09:00,12:00,16316,8713.06,Completed
400161,EVT-400161,Event_400161,6,200381,301275,2024-12-09,09:00,12:00,53714,11054.74,Scheduled
400162,EVT-400162,Event_400162,14,200249,301484,2024-12-02,20:00,00:00,13727,9160.53,Scheduled
400163,EVT-400163,Event_400163,15,200080,300531,2025-02-14,10:00,15:00,7383,12223.25,Completed
400164,EVT-400164,Event_400164,9,200111,300971,2024-06-21,09:00,12:00,33129,6898.86,Cancelled
400166,EVT-400166,Event_400166,3,200403,301298,2025-10-24,10:00,13:00,35294,3669.35,Completed
400167,EVT-400167,Event_400167,10,200173,300981,2026-05-11,20:00,23:00,45500,13889.15,Completed
400168,EVT-400168,Event_400168,15,200278,301558,2026-05-22,09:00,14:00,37930,13768.12,Postponed
400169,EVT-400169,Event_400169,5,200455,301437,2026-04-02,10:00,14:00,34534,6896.35,Scheduled
400170,EVT-400170,Event_400170,8,200181,301278,2025-07-13,14:00,18:00,10642,3669.93,Cancelled
400171,EVT-400171,Event_400171,9,200329,301340,2024-12-08,11:00,15:00,6081,14603.71,Completed
400172,EVT-400172,Event_400172,1,200299,300681,2026-04-02,20:00,02:00,59032,1935.35,Scheduled
400173,EVT-400173,Event_400173,2,200428,301373,2025-08-29,18:00,22:00,52579,10532.07,Completed
400174,EVT-400174,Event_400174,5,200286,301434,2025-06-10,10:00,12:00,25195,13825.49,Scheduled
400175,EVT-400175,Event_400175,14,200225,300470,2025-08-06,20:00,21:00,4071,3924.32,Completed
400176,EVT-400176,Event_400176,14,200083,301570,2026-06-14,09:00,14:00,48392,11728.69,Completed
400177,EVT-400177,Event_400177,11,200375,300878,2025-07-24,14:00,16:00,27758,816.68,Completed
400179,EVT-400179,Event_400179,11,200062,301775,2024-06-01,18:00,23:00,30386,4715.29,Completed
400180,EVT-400180,Event_400180,14,200433,301164,2025-04-18,11:00,15:00,11122,9129.62,Scheduled
400181,EVT-400181,Event_400181,8,200122,300257,2024-12-06,18:00,00:00,17904,5415.71,Scheduled
400182,EVT-400182,Event_400182,4,200011,301332,2025-09-27,11:00,15:00,62652,7600.155000000001,Completed
400183,EVT-400183,Event_400183,8,200161,300324,2026-06-09,20:00,02:00,35686,14997.6,Cancelled
400184,EVT-400184,Event_400184,1,200073,300574,2025-03-02,14:00,17:00,15835,12950.42,Completed
400185,EVT-400185,Event_400185,9,200282,301299,2025-08-14,09:00,12:00,200000,4169.5,Completed
400186,EVT-400186,Event_400186,13,200349,301535,2024-06-01,20:00,00:00,59317,10648.63,Completed
400187,EVT-400187,Event_400187,12,200221,300166,2024-03-14,18:00,23:00,22961,9709.31,Scheduled
400188,EVT-400188,Event_400188,8,200191,300948,2026-04-24,10:00,14:00,37800,9052.34,Completed
400189,EVT-400189,Event_400189,9,200485,300817,2026-04-21,14:00,20:00,33677,7345.65,Completed
400190,EVT-400190,Event_400190,13,200494,301721,2025-12-11,18:00,20:00,35615,9129.95,Scheduled
400191,EVT-400191,Event_400191,10,200011,301857,2024-05-10,14:00,18:00,61024,1695.4,Completed
400192,EVT-400192,Event_400192,12,200278,300146,2025-11-08,19:00,20:00,26272,943.54,Completed
400193,EVT-400193,Event_400193,1,200181,301691,2025-10-01,16:00,22:00,13008,13460.81,Cancelled
400194,EVT-400194,Event_400194,6,200490,300020,2025-03-07,18:00,23:00,50386,3334.92,Cancelled
400195,EVT-400195,Event_400195,13,200449,300484,2025-01-28,10:00,16:00,47634,1866.38,Scheduled
400196,EVT-400196,Event_400196,7,200339,300820,2026-05-11,20:00,01:00,6494,695.69,Completed
400197,EVT-400197,Event_400197,4,200121,300968,2024-02-12,10:00,13:00,200000,6524.91,Completed
400198,EVT-400198,Event_400198,1,200143,300361,2025-08-11,14:00,15:00,39911,12257.35,Completed
400199,EVT-400199,Event_400199,3,200487,301502,2024-07-10,19:00,01:00,27215,1542.08,Completed
400200,EVT-400200,Event_400200,6,200411,300615,2024-05-22,18:00,23:00,47000,6520.02,Scheduled
400201,EVT-400201,Event_400201,15,200116,300592,2025-06-27,20:00,21:00,60390,9306.3,Completed
400202,EVT-400202,Event_400202,7,200471,301389,2026-03-23,10:00,14:00,6313,7066.75,Scheduled
400204,EVT-400204,Event_400204,2,200176,300623,2025-07-15,19:00,20:00,67408,1985.71,Cancelled
400205,EVT-400205,Event_400205,11,200257,301459,2025-06-11,09:00,11:00,3523,8873.47,Scheduled
400206,EVT-400206,Event_400206,15,200337,301263,2024-10-11,14:00,19:00,44787,14086.25,Completed
400207,EVT-400207,Event_400207,12,200198,300783,2025-08-23,18:00,00:00,2858,11876.57,Completed
400208,EVT-400208,Event_400208,1,200351,300933,2024-11-04,16:00,20:00,56014,1060.71,Completed
400209,EVT-400209,Event_400209,11,200220,300454,2025-07-04,19:00,21:00,60758,2580.15,Completed
400210,EVT-400210,Event_400210,13,200497,300550,2025-04-09,16:00,20:00,44265,13223.63,Scheduled
400211,EVT-400211,Event_400211,15,200036,301418,2026-03-16,14:00,17:00,57981,11076.29,Completed
400213,EVT-400213,Event_400213,14,200281,301560,2026-03-26,20:00,22:00,53179,3706.96,Completed
400214,EVT-400214,Event_400214,14,200190,301195,2025-01-02,10:00,11:00,68363,8015.12,Completed
400215,EVT-400215,Event_400215,11,200023,300071,2025-08-29,18:00,19:00,51393,10564.11,Cancelled
400216,EVT-400216,Event_400216,5,200159,301391,2025-12-15,18:00,20:00,2862,4179.22,Completed
400217,EVT-400217,Event_400217,7,200142,301200,2024-04-15,09:00,12:00,56263,2620.94,Postponed
400218,EVT-400218,Event_400218,15,200399,300379,2024-05-03,09:00,14:00,32602,10504.41,Completed
400219,EVT-400219,Event_400219,8,200474,300046,2024-12-16,18:00,22:00,26661,8168.14,Completed
400220,EVT-400220,Event_400220,2,200461,300504,2025-12-04,16:00,18:00,15700,13754.0,Completed
400221,EVT-400221,Event_400221,10,200295,301336,2024-03-29,10:00,16:00,43633,8496.16,Completed
400222,EVT-400222,Event_400222,11,200460,300729,2025-11-26,14:00,16:00,69394,1299.78,Completed
400224,EVT-400224,Event_400224,10,200446,300299,2024-11-13,14:00,18:00,39236,11694.97,Completed
400225,EVT-400225,Event_400225,11,200018,300478,2024-10-04,16:00,17:00,52223,7710.67,Completed
400226,EVT-400226,Event_400226,6,200099,301707,2024-04-02,20:00,22:00,51378,11566.62,Completed
400227,EVT-400227,Event_400227,14,200349,300341,2025-04-28,18:00,21:00,51225,14851.26,Completed
400228,EVT-400228,Event_400228,9,200139,300720,2025-06-24,11:00,17:00,30516,6724.28,Postponed
400229,EVT-400229,Event_400229,13,200019,301922,2024-04-12,14:00,20:00,56287,4114.75,Completed
400230,EVT-400230,Event_400230,15,200097,301041,2025-07-14,19:00,00:00,67200,14854.52,Scheduled
400231,EVT-400231,Event_400231,14,200235,301218,2024-07-17,14:00,16:00,28389,4243.26,Completed
400232,EVT-400232,Event_400232,11,200187,300762,2024-05-28,18:00,19:00,15227,12672.92,Cancelled
400233,EVT-400233,Event_400233,7,200060,300754,2024-03-20,09:00,14:00,21082,1545.96,Completed
400234,EVT-400234,Event_400234,13,200219,300764,2025-07-17,14:00,18:00,51338,2058.63,Scheduled
400235,EVT-400235,Event_400235,3,200364,300535,2024-05-10,16:00,21:00,200000,3000.01,Scheduled
400236,EVT-400236,Event_400236,15,200164,300142,2026-01-12,18:00,00:00,22817,9907.44,Completed
400237,EVT-400237,Event_400237,4,200244,300942,2024-03-22,20:00,01:00,68340,8524.95,Completed
400238,EVT-400238,Event_400238,5,200124,300272,2026-02-22,11:00,14:00,3652,14857.83,Completed
400239,EVT-400239,Event_400239,8,200476,300026,2026-03-04,18:00,21:00,36858,1771.85,Scheduled
400240,EVT-400240,Event_400240,10,200062,301485,2024-06-14,20:00,22:00,67349,11193.39,Completed
400241,EVT-400241,Event_400241,2,200049,301310,2025-09-06,16:00,18:00,57187,2897.91,Completed
400242,EVT-400242,Event_400242,1,200365,300575,2025-07-08,19:00,20:00,63695,14673.33,Completed
400243,EVT-400243,Event_400243,10,200286,300333,2025-04-03,16:00,21:00,64393,13197.94,Postponed
400245,EVT-400245,Event_400245,6,200472,301316,2026-03-11,10:00,13:00,31358,4177.6,Scheduled
400246,EVT-400246,Event_400246,8,200147,301984,2024-06-20,09:00,15:00,60840,8136.16,Completed
400247,EVT-400247,Event_400247,14,200418,301639,2024-06-04,18:00,23:00,2404,14217.91,Completed
400248,EVT-400248,Event_400248,4,200179,301777,2024-03-23,20:00,21:00,12766,9420.39,Completed
400249,EVT-400249,Event_400249,3,200459,300458,2025-04-06,10:00,13:00,2990,6930.54,Completed
400250,EVT-400250,Event_400250,15,200102,301620,2024-04-18,14:00,16:00,53866,3009.77,Completed
400251,EVT-400251,Event_400251,2,200279,300043,2024-04-29,14:00,16:00,14266,3753.94,Completed
400252,EVT-400252,Event_400252,12,200390,300822,2025-04-15,20:00,00:00,50930,3882.13,Postponed
400253,EVT-400253,Event_400253,6,200445,300167,2024-11-14,19:00,23:00,6771,14071.64,Completed
400255,EVT-400255,Event_400255,1,200466,301930,2025-10-18,10:00,15:00,17205,4434.84,Cancelled
400256,EVT-400256,Event_400256,15,200235,301699,2024-10-31,09:00,11:00,17141,12790.12,Postponed
400257,EVT-400257,Event_400257,3,200145,300413,2025-12-06,18:00,00:00,11529,14250.03,Completed
400258,EVT-400258,Event_400258,9,200389,301376,2026-02-23,10:00,13:00,60639,5905.58,Postponed
400259,EVT-400259,Event_400259,6,200175,301756,2024-08-30,10:00,13:00,36368,8660.26,Scheduled
400260,EVT-400260,Event_400260,3,200442,301678,2025-06-10,10:00,11:00,62211,13739.17,Completed
400261,EVT-400261,Event_400261,7,200367,301940,2026-02-03,11:00,16:00,5765,2263.26,Scheduled
400262,EVT-400262,Event_400262,12,200113,301465,2024-02-03,20:00,21:00,38083,10569.46,Postponed
400263,EVT-400263,Event_400263,4,200163,300404,2024-09-12,10:00,12:00,54918,1019.2,Completed
400264,EVT-400264,Event_400264,8,200256,301221,2026-01-29,14:00,15:00,37326,5876.5,Scheduled
400265,EVT-400265,Event_400265,9,200058,300164,2024-04-29,09:00,15:00,46912,1866.8,Completed
400266,EVT-400266,Event_400266,8,200374,301151,2024-03-30,14:00,15:00,68812,237.05,Scheduled
400267,EVT-400267,Event_400267,7,200348,300035,2024-03-10,14:00,16:00,9196,3456.85,Cancelled
400268,EVT-400268,Event_400268,14,200156,301180,2025-09-06,14:00,20:00,69894,9710.02,Completed
400269,EVT-400269,Event_400269,2,200391,300716,2025-01-09,14:00,15:00,17393,4427.0,Completed
400270,EVT-400270,Event_400270,5,200234,301532,2024-02-12,10:00,12:00,11164,9280.96,Completed
400271,EVT-400271,Event_400271,3,200478,300567,2024-04-28,16:00,19:00,11897,1029.42,Completed
400272,EVT-400272,Event_400272,8,200437,300258,2026-06-13,11:00,17:00,23133,2503.29,Postponed
400273,EVT-400273,Event_400273,13,200261,300729,2025-01-10,14:00,19:00,52826,8707.25,Scheduled
400274,EVT-400274,Event_400274,6,200405,300310,2026-04-19,19:00,00:00,21756,5846.39,Postponed
400275,EVT-400275,Event_400275,9,200159,301497,2024-06-03,18:00,20:00,25838,7600.155000000001,Scheduled
400276,EVT-400276,Event_400276,3,200495,301120,2025-07-01,20:00,01:00,62017,7600.46,Completed
400277,EVT-400277,Event_400277,11,200155,300595,2026-01-13,11:00,17:00,8112,11635.18,Scheduled
400278,EVT-400278,Event_400278,10,200061,300224,2026-01-09,19:00,23:00,64236,6806.06,Completed
400279,EVT-400279,Event_400279,6,200119,300885,2025-06-07,14:00,16:00,66639,11991.91,Completed
400280,EVT-400280,Event_400280,13,200091,301875,2024-08-25,18:00,22:00,57869,8586.85,Completed
400281,EVT-400281,Event_400281,7,200367,301291,2024-06-02,14:00,19:00,30002,12422.18,Postponed
400282,EVT-400282,Event_400282,6,200223,301376,2024-04-03,09:00,15:00,46348,8402.78,Scheduled
400283,EVT-400283,Event_400283,2,200037,301398,2026-04-19,10:00,14:00,57581,9286.46,Scheduled
400284,EVT-400284,Event_400284,6,200077,301824,2024-06-15,20:00,23:00,5374,14549.14,Cancelled
400285,EVT-400285,Event_400285,9,200311,300708,2026-05-10,14:00,19:00,1143,6165.64,Cancelled
400286,EVT-400286,Event_400286,4,200008,300653,2025-02-24,11:00,12:00,32093,764.09,Completed
400287,EVT-400287,Event_400287,15,200119,301953,2024-06-23,19:00,22:00,6874,14314.23,Postponed
400288,EVT-400288,Event_400288,4,200069,300732,2025-10-06,16:00,20:00,8321,7600.155000000001,Scheduled
400289,EVT-400289,Event_400289,2,200138,300130,2025-12-21,18:00,20:00,64124,2924.91,Completed
400290,EVT-400290,Event_400290,13,200134,301048,2025-04-02,20:00,01:00,28926,3718.6,Completed
400291,EVT-400291,Event_400291,12,200048,300305,2024-01-30,16:00,18:00,40376,5309.68,Cancelled
400292,EVT-400292,Event_400292,5,200015,300179,2024-07-14,11:00,13:00,12002,7139.05,Completed
400293,EVT-400293,Event_400293,11,200122,300787,2024-01-10,10:00,13:00,61075,12571.78,Scheduled
400294,EVT-400294,Event_400294,10,200127,301092,2025-11-06,14:00,15:00,14118,2049.72,Scheduled
400295,EVT-400295,Event_400295,5,200338,300532,2025-12-30,11:00,12:00,39296,9851.64,Scheduled
400296,EVT-400296,Event_400296,13,200132,300698,2024-04-02,20:00,01:00,12376,8157.42,Postponed
400297,EVT-400297,Event_400297,5,200326,300893,2024-05-22,16:00,18:00,64320,13388.32,Completed
400298,EVT-400298,Event_400298,13,200309,301897,2026-04-27,19:00,23:00,53110,9497.76,Completed
400299,EVT-400299,Event_400299,13,200029,301614,2024-01-03,10:00,13:00,51063,8603.26,Completed
400300,EVT-400300,Event_400300,1,200430,300830,2024-04-19,10:00,15:00,13661,3012.68,Completed
400301,EVT-400301,Event_400301,11,200317,301066,2024-05-17,16:00,22:00,24727,5405.38,Scheduled
400302,EVT-400302,Event_400302,9,200133,301138,2026-03-09,09:00,15:00,39515,6317.62,Scheduled
400303,EVT-400303,Event_400303,4,200313,301850,2024-02-20,14:00,19:00,64137,13641.37,Completed
400304,EVT-400304,Event_400304,1,200062,300063,2026-06-20,09:00,11:00,4675,2965.7,Scheduled
400305,EVT-400305,Event_400305,10,200160,301824,2025-11-16,16:00,21:00,62164,9402.71,Completed
400306,EVT-400306,Event_400306,15,200089,300664,2024-09-13,18:00,22:00,32695,12805.04,Cancelled
400307,EVT-400307,Event_400307,14,200130,301110,2026-05-12,18:00,00:00,3549,12278.68,Completed
400308,EVT-400308,Event_400308,15,200357,301328,2025-05-16,09:00,10:00,24586,8805.69,Scheduled
400309,EVT-400309,Event_400309,8,200030,300713,2024-08-22,14:00,15:00,21432,943.22,Completed
400310,EVT-400310,Event_400310,6,200033,300413,2024-10-13,18:00,20:00,68242,5396.25,Completed
400311,EVT-400311,Event_400311,6,200431,301218,2026-04-24,09:00,10:00,45629,11163.38,Completed
400312,EVT-400312,Event_400312,5,200185,301356,2024-11-15,19:00,00:00,44013,254.56,Completed
400313,EVT-400313,Event_400313,15,200461,301972,2025-04-14,19:00,01:00,24712,5015.03,Scheduled
400314,EVT-400314,Event_400314,10,200239,300528,2025-12-12,16:00,19:00,19721,6696.42,Completed
400315,EVT-400315,Event_400315,13,200384,300316,2026-03-17,09:00,11:00,61806,1201.11,Completed
400316,EVT-400316,Event_400316,8,200016,300367,2025-12-27,09:00,14:00,50990,7600.155000000001,Completed
400317,EVT-400317,Event_400317,5,200083,300534,2025-11-06,18:00,22:00,40029,12425.88,Scheduled
400319,EVT-400319,Event_400319,13,200450,300745,2024-11-18,19:00,20:00,24736,7402.72,Scheduled
400320,EVT-400320,Event_400320,9,200079,301281,2024-05-17,20:00,21:00,31982,7126.76,Scheduled
400321,EVT-400321,Event_400321,3,200454,300586,2025-12-25,18:00,19:00,45730,6151.24,Completed
400322,EVT-400322,Event_400322,6,200249,300137,2025-08-03,19:00,00:00,41731,5696.26,Postponed
400323,EVT-400323,Event_400323,10,200039,300763,2025-11-11,11:00,14:00,45472,10540.69,Cancelled
400324,EVT-400324,Event_400324,9,200349,300289,2025-06-21,20:00,00:00,27591,11161.67,Completed
400325,EVT-400325,Event_400325,14,200367,300208,2025-08-12,16:00,20:00,8516,6815.03,Completed
400326,EVT-400326,Event_400326,4,200245,300863,2024-09-12,14:00,17:00,28046,7320.65,Scheduled
400327,EVT-400327,Event_400327,8,200339,300284,2025-01-05,18:00,00:00,30922,13908.78,Scheduled
400328,EVT-400328,Event_400328,6,200382,300418,2026-02-09,09:00,13:00,13573,4513.25,Completed
400329,EVT-400329,Event_400329,15,200493,301837,2025-06-10,10:00,12:00,30981,4690.33,Completed
400330,EVT-400330,Event_400330,6,200233,300286,2025-08-16,11:00,12:00,48483,7600.155000000001,Completed
400331,EVT-400331,Event_400331,1,200397,300550,2026-03-18,18:00,22:00,22359,7392.84,Completed
400332,EVT-400332,Event_400332,6,200230,300478,2025-01-10,20:00,00:00,64525,9857.79,Completed
400333,EVT-400333,Event_400333,4,200017,300489,2024-12-27,20:00,21:00,4559,6187.72,Postponed
400334,EVT-400334,Event_400334,11,200334,301189,2024-01-06,09:00,14:00,32419,1543.62,Completed
400335,EVT-400335,Event_400335,2,200391,301094,2026-06-08,20:00,23:00,53393,9236.5,Completed
400336,EVT-400336,Event_400336,12,200415,300722,2025-12-05,16:00,21:00,55781,10885.93,Completed
400337,EVT-400337,Event_400337,1,200107,301079,2024-06-28,09:00,11:00,12051,3972.95,Scheduled
400338,EVT-400338,Event_400338,3,200460,300404,2024-01-15,20:00,01:00,54369,7887.69,Postponed
400339,EVT-400339,Event_400339,2,200494,301767,2025-11-04,14:00,18:00,48022,10197.21,Postponed
400340,EVT-400340,Event_400340,9,200381,301305,2026-01-31,18:00,00:00,68577,14839.52,Completed
400342,EVT-400342,Event_400342,15,200393,301653,2025-06-04,16:00,18:00,56967,13724.96,Completed
400343,EVT-400343,Event_400343,2,200480,301340,2025-01-20,09:00,10:00,43034,10195.36,Scheduled
400344,EVT-400344,Event_400344,8,200269,300637,2025-05-03,10:00,12:00,27748,14463.8,Completed
400345,EVT-400345,Event_400345,8,200465,300027,2024-08-08,09:00,11:00,61569,4036.96,Scheduled
400346,EVT-400346,Event_400346,8,200173,301549,2025-01-22,16:00,21:00,62369,14846.39,Scheduled
400347,EVT-400347,Event_400347,4,200457,301418,2026-03-01,09:00,10:00,66746,11418.56,Completed
400348,EVT-400348,Event_400348,5,200399,300424,2024-09-09,16:00,18:00,1616,7600.155000000001,Cancelled
400349,EVT-400349,Event_400349,13,200203,300551,2025-02-28,16:00,17:00,25882,3925.93,Postponed
400350,EVT-400350,Event_400350,9,200200,301247,2024-04-11,09:00,11:00,48576,741.33,Postponed
400351,EVT-400351,Event_400351,9,200185,301968,2024-03-20,11:00,14:00,54095,7599.85,Scheduled
400352,EVT-400352,Event_400352,6,200489,301859,2024-04-16,18:00,19:00,58633,13424.2,Scheduled
400353,EVT-400353,Event_400353,3,200453,301071,2025-06-06,14:00,16:00,52480,5373.43,Cancelled
400354,EVT-400354,Event_400354,14,200416,301320,2024-11-24,18:00,21:00,32057,642.62,Completed
400355,EVT-400355,Event_400355,6,200095,301668,2024-01-17,11:00,13:00,65914,10199.16,Postponed
400356,EVT-400356,Event_400356,12,200153,300687,2024-10-16,14:00,19:00,67141,13196.82,Completed
400357,EVT-400357,Event_400357,9,200468,301677,2024-10-20,16:00,18:00,39104,14045.36,Postponed
400358,EVT-400358,Event_400358,3,200060,300456,2026-06-25,19:00,20:00,200000,9566.82,Cancelled
400359,EVT-400359,Event_400359,9,200413,300168,2024-01-05,14:00,20:00,41348,6477.63,Completed
400360,EVT-400360,Event_400360,8,200304,300036,2025-06-11,16:00,17:00,58310,4059.32,Cancelled
400361,EVT-400361,Event_400361,4,200361,301874,2025-04-15,18:00,22:00,42806,1086.18,Scheduled
400362,EVT-400362,Event_400362,8,200402,301068,2024-11-30,20:00,01:00,10299,9324.16,Postponed
400363,EVT-400363,Event_400363,5,200022,301146,2024-04-20,11:00,12:00,44533,2601.24,Completed
400365,EVT-400365,Event_400365,12,200278,301327,2024-10-09,10:00,13:00,58339,11353.12,Completed
400366,EVT-400366,Event_400366,9,200369,301451,2025-10-21,09:00,10:00,36097,13203.7,Completed
400367,EVT-400367,Event_400367,7,200492,301392,2025-02-03,09:00,11:00,51004,7984.64,Postponed
400368,EVT-400368,Event_400368,8,200162,300053,2024-11-22,20:00,23:00,42818,7297.96,Scheduled
400369,EVT-400369,Event_400369,2,200100,300623,2024-01-08,20:00,22:00,61676,12858.41,Completed
400370,EVT-400370,Event_400370,15,200319,301878,2026-06-12,19:00,21:00,18746,5829.53,Completed
400371,EVT-400371,Event_400371,7,200011,301486,2025-06-27,16:00,18:00,63647,4292.13,Completed
400372,EVT-400372,Event_400372,1,200155,301543,2024-03-24,14:00,17:00,16395,9686.19,Postponed
400373,EVT-400373,Event_400373,1,200385,301537,2024-08-28,19:00,00:00,42160,7433.56,Completed
400374,EVT-400374,Event_400374,3,200255,301642,2026-04-21,09:00,15:00,22770,7600.155000000001,Completed
400375,EVT-400375,Event_400375,9,200449,301426,2024-07-01,19:00,20:00,55801,7600.155000000001,Completed
400376,EVT-400376,Event_400376,2,200445,300683,2025-01-09,18:00,20:00,22014,7600.155000000001,Completed
400377,EVT-400377,Event_400377,9,200026,300523,2025-05-17,18:00,00:00,34109,11799.4,Completed
400378,EVT-400378,Event_400378,15,200479,300983,2025-08-05,18:00,00:00,40266,5425.96,Completed
400379,EVT-400379,Event_400379,6,200477,301672,2024-11-21,14:00,15:00,14646,1385.25,Postponed
400380,EVT-400380,Event_400380,11,200289,301899,2025-10-19,11:00,15:00,29690,12347.83,Completed
400381,EVT-400381,Event_400381,12,200123,300770,2024-08-03,16:00,21:00,62022,7150.88,Completed
400382,EVT-400382,Event_400382,5,200199,300901,2024-04-17,18:00,00:00,28082,10899.41,Cancelled
400383,EVT-400383,Event_400383,14,200450,301441,2024-04-05,20:00,21:00,521,14362.55,Completed
400384,EVT-400384,Event_400384,11,200022,300974,2025-10-22,19:00,23:00,57288,461.2,Cancelled
400385,EVT-400385,Event_400385,9,200053,301054,2025-09-03,10:00,12:00,11615,5950.12,Completed
400386,EVT-400386,Event_400386,9,200204,301003,2024-12-29,11:00,16:00,57379,7649.78,Completed
400387,EVT-400387,Event_400387,14,200091,301482,2025-06-17,11:00,17:00,11668,10880.43,Completed
400388,EVT-400388,Event_400388,13,200014,300589,2024-08-06,10:00,13:00,66494,13967.0,Completed
400389,EVT-400389,Event_400389,6,200137,300920,2025-07-03,09:00,14:00,61323,5211.58,Scheduled
400390,EVT-400390,Event_400390,4,200245,301076,2025-02-20,10:00,11:00,12738,14325.21,Scheduled
400391,EVT-400391,Event_400391,15,200381,301864,2025-05-20,10:00,12:00,30134,2068.13,Completed
400392,EVT-400392,Event_400392,4,200154,301552,2024-04-20,16:00,19:00,67457,9351.01,Scheduled
400393,EVT-400393,Event_400393,2,200363,301942,2025-09-24,11:00,15:00,22638,12794.07,Postponed
400394,EVT-400394,Event_400394,12,200334,301025,2024-12-09,16:00,21:00,61131,10179.03,Scheduled
400395,EVT-400395,Event_400395,13,200039,300850,2026-06-20,11:00,17:00,48144,4350.84,Completed
400396,EVT-400396,Event_400396,3,200031,300920,2024-10-30,11:00,16:00,44276,14829.37,Scheduled
400397,EVT-400397,Event_400397,4,200471,300031,2024-04-01,18:00,21:00,21387,14102.22,Completed
400398,EVT-400398,Event_400398,12,200486,300126,2024-03-08,19:00,22:00,57142,12537.53,Completed
400399,EVT-400399,Event_400399,9,200427,300472,2024-01-29,10:00,16:00,40408,14862.24,Scheduled
400400,EVT-400400,Event_400400,5,200341,301179,2026-03-01,11:00,17:00,44120,6615.55,Completed
400401,EVT-400401,Event_400401,13,200059,301323,2026-04-26,09:00,12:00,52772,8121.16,Completed
400402,EVT-400402,Event_400402,5,200082,300123,2025-06-12,16:00,18:00,10284,7907.45,Completed
400403,EVT-400403,Event_400403,15,200313,300964,2024-05-14,10:00,12:00,65215,10336.91,Cancelled
400404,EVT-400404,Event_400404,12,200286,300147,2026-05-13,10:00,11:00,61605,6798.26,Completed
400405,EVT-400405,Event_400405,10,200393,301162,2024-06-05,11:00,13:00,15276,13322.38,Completed
400406,EVT-400406,Event_400406,8,200178,300210,2024-03-21,16:00,21:00,3266,4863.64,Completed
400407,EVT-400407,Event_400407,10,200394,301812,2025-02-04,16:00,22:00,1811,1054.08,Cancelled
400408,EVT-400408,Event_400408,10,200084,301824,2026-02-21,16:00,17:00,69244,7876.32,Completed
400409,EVT-400409,Event_400409,14,200222,300956,2026-01-07,09:00,14:00,13469,14282.57,Completed
400410,EVT-400410,Event_400410,5,200227,301756,2025-11-14,18:00,19:00,9930,635.89,Completed
400411,EVT-400411,Event_400411,11,200481,301679,2025-06-03,14:00,18:00,25418,7697.47,Completed
400412,EVT-400412,Event_400412,8,200265,301101,2025-01-12,18:00,21:00,2618,3404.04,Cancelled
400413,EVT-400413,Event_400413,4,200333,301121,2026-02-01,19:00,22:00,49503,9029.58,Completed
400414,EVT-400414,Event_400414,5,200387,300488,2024-09-19,20:00,01:00,21220,4154.93,Completed
400415,EVT-400415,Event_400415,8,200032,301397,2025-02-10,20:00,01:00,42903,13890.89,Completed
400416,EVT-400416,Event_400416,6,200468,301239,2026-03-29,16:00,19:00,14587,558.73,Completed
400417,EVT-400417,Event_400417,7,200125,300473,2025-02-22,18:00,19:00,61603,1111.64,Completed
400418,EVT-400418,Event_400418,11,200198,301768,2025-09-22,10:00,14:00,56826,5650.53,Completed
400419,EVT-400419,Event_400419,15,200453,300529,2024-12-05,20:00,02:00,32832,7600.155000000001,Completed
400420,EVT-400420,Event_400420,15,200444,301245,2024-12-21,19:00,01:00,36006,7091.56,Completed
400421,EVT-400421,Event_400421,4,200378,301848,2025-11-30,09:00,13:00,34545,7600.155000000001,Completed
400422,EVT-400422,Event_400422,11,200174,300774,2024-10-03,19:00,23:00,200000,10106.7,Completed
400423,EVT-400423,Event_400423,8,200099,301258,2025-09-22,10:00,16:00,16537,11043.4,Scheduled
400424,EVT-400424,Event_400424,13,200499,300298,2024-12-17,20:00,00:00,33027,13508.25,Completed
400425,EVT-400425,Event_400425,8,200226,300662,2024-05-26,16:00,18:00,25382,8632.93,Scheduled
400426,EVT-400426,Event_400426,8,200134,300375,2024-11-25,19:00,22:00,49137,399.28,Postponed
400427,EVT-400427,Event_400427,3,200184,300617,2024-08-18,16:00,20:00,25120,9921.15,Scheduled
400428,EVT-400428,Event_400428,6,200090,301698,2025-03-27,10:00,12:00,46086,4370.42,Completed
400429,EVT-400429,Event_400429,3,200488,300106,2026-06-10,14:00,18:00,63143,10606.46,Completed
400430,EVT-400430,Event_400430,1,200320,301499,2024-01-19,14:00,17:00,50134,14592.68,Scheduled
400431,EVT-400431,Event_400431,12,200218,301487,2025-01-21,20:00,01:00,64662,12111.57,Completed
400432,EVT-400432,Event_400432,10,200478,300588,2025-07-28,18:00,22:00,4979,14654.49,Postponed
400434,EVT-400434,Event_400434,9,200422,300019,2024-06-06,10:00,15:00,65336,12889.42,Completed
400435,EVT-400435,Event_400435,12,200327,300742,2026-02-06,18:00,22:00,7368,6039.81,Postponed
400436,EVT-400436,Event_400436,5,200214,301229,2025-10-19,19:00,00:00,56832,7600.155000000001,Completed
400437,EVT-400437,Event_400437,9,200230,300514,2025-05-14,10:00,12:00,38826,14247.25,Completed
400438,EVT-400438,Event_400438,4,200072,301898,2024-12-12,18:00,22:00,69779,3296.13,Completed
400440,EVT-400440,Event_400440,8,200450,300936,2024-05-04,14:00,16:00,63715,8516.17,Cancelled
400441,EVT-400441,Event_400441,11,200405,301510,2025-02-14,09:00,12:00,50648,7859.18,Scheduled
400442,EVT-400442,Event_400442,4,200276,301951,2025-07-26,09:00,12:00,11659,4316.9,Postponed
400443,EVT-400443,Event_400443,5,200328,300269,2024-01-28,11:00,15:00,43920,9767.79,Completed
400444,EVT-400444,Event_400444,9,200064,300857,2024-01-23,11:00,13:00,35547,3651.51,Completed
400445,EVT-400445,Event_400445,9,200055,300217,2026-04-23,09:00,11:00,23544,3677.88,Completed
400446,EVT-400446,Event_400446,6,200003,301499,2024-06-21,11:00,15:00,11474,3215.81,Completed
400447,EVT-400447,Event_400447,8,200350,301515,2024-02-19,16:00,17:00,26155,6659.11,Scheduled
400448,EVT-400448,Event_400448,1,200139,301316,2024-12-24,18:00,00:00,23863,5691.9,Completed
400449,EVT-400449,Event_400449,12,200374,301977,2024-06-22,20:00,00:00,66290,4697.61,Scheduled
400450,EVT-400450,Event_400450,7,200334,301580,2024-02-17,10:00,16:00,29114,6273.17,Completed
400451,EVT-400451,Event_400451,10,200260,301630,2024-01-26,14:00,19:00,200000,8789.43,Completed
400452,EVT-400452,Event_400452,13,200099,300214,2024-10-08,11:00,17:00,51160,8184.63,Postponed
400453,EVT-400453,Event_400453,12,200210,301650,2024-07-09,11:00,14:00,13887,5259.44,Cancelled
400454,EVT-400454,Event_400454,4,200480,300704,2024-05-30,18:00,00:00,61708,9142.84,Completed
400455,EVT-400455,Event_400455,9,200202,301292,2024-02-01,09:00,13:00,18996,7600.155000000001,Completed
400456,EVT-400456,Event_400456,10,200288,300678,2025-07-03,19:00,23:00,66061,11271.67,Completed
400457,EVT-400457,Event_400457,12,200192,301648,2024-02-12,20:00,02:00,12020,3417.37,Completed
400458,EVT-400458,Event_400458,6,200171,300106,2026-01-14,14:00,15:00,24286,6630.3,Completed
400459,EVT-400459,Event_400459,15,200245,300696,2024-04-15,11:00,12:00,48761,5862.12,Completed
400460,EVT-400460,Event_400460,13,200305,301060,2025-06-25,16:00,17:00,10504,2751.9,Completed
400461,EVT-400461,Event_400461,14,200422,300874,2025-06-03,10:00,12:00,33321,9731.54,Completed
400462,EVT-400462,Event_400462,1,200261,301533,2024-07-27,18:00,23:00,61249,11263.97,Scheduled
400463,EVT-400463,Event_400463,2,200153,301146,2026-05-05,16:00,18:00,37149,4697.63,Completed
400464,EVT-400464,Event_400464,15,200171,301875,2026-04-16,16:00,19:00,8594,14678.89,Completed
400465,EVT-400465,Event_400465,9,200292,301750,2024-10-23,10:00,14:00,48765,7600.155000000001,Cancelled
400466,EVT-400466,Event_400466,3,200410,300312,2024-02-07,10:00,15:00,16169,12519.3,Scheduled
400467,EVT-400467,Event_400467,11,200041,300258,2024-06-01,19:00,23:00,3579,10409.17,Completed
400468,EVT-400468,Event_400468,13,200340,300818,2025-07-25,11:00,16:00,26724,10180.76,Postponed
400469,EVT-400469,Event_400469,6,200455,301011,2025-12-16,09:00,12:00,4803,7743.82,Completed
400470,EVT-400470,Event_400470,10,200001,301650,2025-09-20,10:00,11:00,39967,6128.99,Completed
400471,EVT-400471,Event_400471,9,200102,301107,2025-07-02,11:00,14:00,626,4590.55,Completed
400472,EVT-400472,Event_400472,3,200435,301151,2024-06-19,10:00,16:00,32656,13479.73,Scheduled
400473,EVT-400473,Event_400473,14,200077,301433,2024-04-02,11:00,13:00,17360,3486.63,Completed
400474,EVT-400474,Event_400474,2,200480,301267,2025-05-29,14:00,17:00,17668,3578.17,Postponed
400475,EVT-400475,Event_400475,3,200265,300906,2025-06-07,20:00,21:00,3788,8359.61,Completed
400476,EVT-400476,Event_400476,2,200402,301042,2024-02-08,10:00,12:00,22091,7600.155000000001,Postponed
400477,EVT-400477,Event_400477,10,200114,300707,2025-05-01,14:00,15:00,16958,12689.66,Completed
400478,EVT-400478,Event_400478,13,200132,301100,2024-06-05,19:00,22:00,43793,9897.73,Scheduled
400479,EVT-400479,Event_400479,3,200044,300700,2024-11-04,18:00,21:00,50583,5312.68,Completed
400480,EVT-400480,Event_400480,11,200248,301037,2024-08-26,14:00,15:00,36223,13244.09,Completed
400481,EVT-400481,Event_400481,11,200002,301957,2024-05-24,09:00,13:00,17390,5870.82,Completed
400482,EVT-400482,Event_400482,8,200457,301044,2025-02-28,16:00,19:00,28644,7132.28,Completed
400483,EVT-400483,Event_400483,4,200327,300405,2024-09-18,20:00,02:00,13377,6341.59,Completed
400484,EVT-400484,Event_400484,7,200359,300954,2025-01-08,10:00,14:00,56705,14644.65,Completed
400485,EVT-400485,Event_400485,5,200028,301224,2026-02-23,20:00,02:00,14418,10430.17,Scheduled
400486,EVT-400486,Event_400486,2,200401,301629,2026-01-19,11:00,15:00,67064,14194.93,Scheduled
400487,EVT-400487,Event_400487,8,200135,300398,2026-03-06,10:00,11:00,43268,10439.55,Completed
400489,EVT-400489,Event_400489,12,200481,300240,2026-03-16,19:00,23:00,61473,13665.76,Scheduled
400490,EVT-400490,Event_400490,15,200453,300279,2024-07-27,18:00,21:00,25715,11137.8,Cancelled
400492,EVT-400492,Event_400492,3,200021,301730,2024-10-31,20:00,21:00,53210,8780.46,Completed
400493,EVT-400493,Event_400493,11,200450,300761,2024-05-08,18:00,20:00,15523,3336.5,Postponed
400494,EVT-400494,Event_400494,11,200083,300135,2025-02-06,20:00,01:00,55276,5966.23,Completed
400495,EVT-400495,Event_400495,6,200351,301717,2025-06-06,10:00,14:00,34231,10164.25,Scheduled
400496,EVT-400496,Event_400496,11,200308,301200,2024-05-12,11:00,15:00,66895,6810.89,Completed
400497,EVT-400497,Event_400497,14,200359,301587,2025-09-30,09:00,14:00,200000,7071.53,Completed
400498,EVT-400498,Event_400498,7,200306,300946,2025-07-30,18:00,23:00,4159,11741.4,Completed
400499,EVT-400499,Event_400499,13,200325,301065,2026-04-04,14:00,16:00,15827,5103.63,Completed
400500,EVT-400500,Event_400500,9,200268,301000,2025-06-09,11:00,14:00,69265,1145.27,Completed
400501,EVT-400501,Event_400501,8,200377,301776,2025-11-02,19:00,21:00,32768,11232.68,Completed
400502,EVT-400502,Event_400502,9,200200,300353,2024-05-01,14:00,17:00,67813,9669.73,Completed
400503,EVT-400503,Event_400503,4,200099,300599,2025-04-05,11:00,13:00,706,6256.6,Scheduled
400504,EVT-400504,Event_400504,6,200318,300877,2024-01-17,14:00,20:00,11466,9908.97,Completed
400505,EVT-400505,Event_400505,5,200358,300980,2025-08-01,11:00,17:00,200000,9374.67,Scheduled
400506,EVT-400506,Event_400506,4,200425,301147,2024-12-19,18:00,21:00,61902,3532.42,Completed
400507,EVT-400507,Event_400507,2,200191,300022,2025-05-12,19:00,20:00,54431,8796.45,Scheduled
400508,EVT-400508,Event_400508,12,200336,301904,2025-02-18,20:00,00:00,200000,13137.17,Completed
400509,EVT-400509,Event_400509,8,200403,301947,2025-02-07,09:00,13:00,26952,6100.8,Completed
400510,EVT-400510,Event_400510,12,200024,301563,2026-02-13,20:00,00:00,41220,10755.14,Completed
400511,EVT-400511,Event_400511,11,200152,301361,2024-10-29,18:00,21:00,18788,3736.63,Scheduled
400512,EVT-400512,Event_400512,15,200038,301464,2025-03-30,09:00,14:00,65945,6825.93,Scheduled
400513,EVT-400513,Event_400513,11,200227,300876,2025-05-23,14:00,16:00,61030,1029.55,Scheduled
400514,EVT-400514,Event_400514,15,200038,300975,2024-11-07,18:00,19:00,31670,7600.155000000001,Completed
400515,EVT-400515,Event_400515,9,200452,300092,2025-06-02,11:00,12:00,39788,14201.01,Completed
400516,EVT-400516,Event_400516,3,200333,300842,2025-05-26,10:00,13:00,1414,4701.43,Completed
400517,EVT-400517,Event_400517,12,200177,301350,2025-10-21,20:00,22:00,19169,5934.47,Completed
400518,EVT-400518,Event_400518,2,200465,300030,2024-05-19,18:00,22:00,64933,7600.155000000001,Completed
400519,EVT-400519,Event_400519,1,200215,301703,2025-08-17,10:00,15:00,29292,14866.45,Completed
400520,EVT-400520,Event_400520,10,200385,300584,2025-11-09,18:00,22:00,35301,6381.37,Completed
400521,EVT-400521,Event_400521,15,200264,301769,2025-06-18,09:00,14:00,54220,2912.77,Scheduled
400522,EVT-400522,Event_400522,6,200279,300896,2026-05-15,10:00,13:00,40807,6093.82,Completed
400523,EVT-400523,Event_400523,8,200095,300949,2024-01-23,14:00,19:00,10898,1118.52,Scheduled
400524,EVT-400524,Event_400524,7,200399,300379,2024-04-27,09:00,12:00,16163,4849.56,Completed
400525,EVT-400525,Event_400525,10,200369,301545,2026-01-10,19:00,22:00,37795,5617.33,Scheduled
400526,EVT-400526,Event_400526,1,200433,301639,2025-04-17,10:00,14:00,53284,465.44,Scheduled
400527,EVT-400527,Event_400527,8,200020,300731,2025-09-05,09:00,14:00,21098,13799.56,Cancelled
400528,EVT-400528,Event_400528,3,200233,300745,2025-03-20,16:00,18:00,3543,11451.45,Completed
400529,EVT-400529,Event_400529,12,200102,301897,2024-03-04,10:00,14:00,15286,12174.94,Completed
400530,EVT-400530,Event_400530,9,200437,300420,2026-01-08,19:00,00:00,61383,7846.29,Completed
400531,EVT-400531,Event_400531,14,200356,301651,2024-06-18,09:00,14:00,36012,12080.56,Cancelled
400532,EVT-400532,Event_400532,13,200464,301780,2024-08-10,20:00,00:00,25457,4700.4,Completed
400533,EVT-400533,Event_400533,9,200498,301334,2024-02-24,19:00,01:00,33560,10531.94,Completed
400534,EVT-400534,Event_400534,10,200373,301949,2024-02-06,10:00,11:00,39649,9066.12,Postponed
400535,EVT-400535,Event_400535,14,200268,300002,2024-07-01,20:00,01:00,43439,13652.65,Scheduled
400536,EVT-400536,Event_400536,5,200363,300123,2026-01-02,19:00,21:00,200,11426.78,Cancelled
400537,EVT-400537,Event_400537,13,200032,301027,2025-10-12,20:00,21:00,50673,8473.91,Completed
400538,EVT-400538,Event_400538,4,200380,300424,2024-02-12,11:00,14:00,24721,8902.98,Scheduled
400539,EVT-400539,Event_400539,3,200016,300235,2024-12-12,18:00,00:00,46339,8362.15,Completed
400540,EVT-400540,Event_400540,9,200015,301499,2024-03-15,14:00,17:00,22711,10181.89,Cancelled
400541,EVT-400541,Event_400541,6,200208,301739,2024-06-06,18:00,23:00,19860,5853.68,Cancelled
400542,EVT-400542,Event_400542,10,200493,301153,2025-10-12,16:00,22:00,21137,7781.93,Completed
400543,EVT-400543,Event_400543,15,200004,300943,2026-05-19,14:00,16:00,17186,6873.71,Completed
400544,EVT-400544,Event_400544,1,200496,301697,2025-03-15,19:00,20:00,19856,5128.85,Cancelled
400545,EVT-400545,Event_400545,11,200187,301851,2026-05-14,19:00,23:00,66704,9559.88,Postponed
400546,EVT-400546,Event_400546,15,200332,301486,2024-09-26,10:00,15:00,20748,5812.14,Completed
400547,EVT-400547,Event_400547,5,200175,301865,2024-09-07,16:00,20:00,67933,12503.06,Scheduled
400548,EVT-400548,Event_400548,6,200047,301975,2025-06-26,14:00,17:00,22794,5083.19,Completed
400549,EVT-400549,Event_400549,7,200172,300599,2026-05-28,09:00,14:00,45901,10926.68,Scheduled
400550,EVT-400550,Event_400550,8,200045,301061,2024-05-31,11:00,13:00,9770,13913.88,Postponed
400551,EVT-400551,Event_400551,10,200419,301531,2024-12-11,19:00,22:00,38521,6183.97,Completed
400552,EVT-400552,Event_400552,9,200244,300529,2024-04-07,10:00,11:00,35717,14372.53,Completed
400553,EVT-400553,Event_400553,7,200436,301891,2025-05-23,20:00,23:00,33939,11146.68,Completed
400554,EVT-400554,Event_400554,14,200223,301574,2025-01-15,09:00,14:00,18165,4502.13,Cancelled
400555,EVT-400555,Event_400555,15,200152,300744,2024-04-21,16:00,18:00,57674,7145.43,Cancelled
400556,EVT-400556,Event_400556,8,200467,301385,2024-03-09,14:00,17:00,49586,1338.92,Completed
400557,EVT-400557,Event_400557,15,200303,301851,2024-01-09,11:00,17:00,35094,7600.155000000001,Completed
400558,EVT-400558,Event_400558,4,200433,300528,2025-11-23,09:00,10:00,59652,9324.47,Completed
400559,EVT-400559,Event_400559,10,200059,301650,2024-09-05,11:00,14:00,13469,8275.25,Completed
400560,EVT-400560,Event_400560,15,200157,300879,2024-04-12,20:00,00:00,60247,5182.9,Scheduled
400561,EVT-400561,Event_400561,6,200188,301860,2025-01-11,10:00,14:00,68846,12542.45,Completed
400562,EVT-400562,Event_400562,11,200082,300874,2025-04-01,19:00,23:00,44904,13878.89,Completed
400563,EVT-400563,Event_400563,13,200383,301507,2026-05-19,20:00,01:00,7318,11977.84,Completed
400564,EVT-400564,Event_400564,8,200011,301393,2025-03-10,18:00,22:00,17607,5583.68,Completed
400565,EVT-400565,Event_400565,13,200123,300792,2024-03-25,14:00,17:00,51185,10824.44,Completed
400566,EVT-400566,Event_400566,12,200458,300921,2024-05-28,20:00,23:00,43512,7600.155000000001,Completed
400567,EVT-400567,Event_400567,15,200248,300815,2026-06-08,09:00,14:00,63352,8097.07,Scheduled
400568,EVT-400568,Event_400568,11,200467,300298,2025-02-26,14:00,16:00,200000,13119.57,Completed
400569,EVT-400569,Event_400569,14,200107,301402,2025-08-05,10:00,11:00,60043,2212.08,Completed
400570,EVT-400570,Event_400570,15,200224,301777,2024-03-02,19:00,21:00,12462,9486.19,Completed
400571,EVT-400571,Event_400571,10,200078,300449,2025-02-05,14:00,16:00,57991,12305.18,Completed
400572,EVT-400572,Event_400572,13,200133,301077,2026-03-18,19:00,21:00,50672,7600.155000000001,Completed
400573,EVT-400573,Event_400573,5,200061,301977,2025-03-05,11:00,12:00,56766,12543.98,Completed
400574,EVT-400574,Event_400574,1,200466,300947,2025-06-03,20:00,02:00,200000,1883.59,Scheduled
400575,EVT-400575,Event_400575,11,200347,300021,2025-03-21,09:00,13:00,63727,2688.82,Completed
400576,EVT-400576,Event_400576,10,200296,301894,2026-01-06,18:00,21:00,27748,11352.75,Scheduled
400577,EVT-400577,Event_400577,4,200412,300311,2025-01-04,11:00,12:00,38816,3206.02,Completed
400578,EVT-400578,Event_400578,8,200431,300207,2024-08-09,19:00,20:00,32826,13682.71,Completed
400579,EVT-400579,Event_400579,7,200087,301974,2026-01-05,16:00,21:00,63927,13513.28,Completed
400580,EVT-400580,Event_400580,10,200373,301822,2025-12-27,14:00,16:00,46769,11334.07,Completed
400581,EVT-400581,Event_400581,15,200222,300880,2024-10-18,14:00,18:00,42436,3695.84,Completed
400582,EVT-400582,Event_400582,13,200274,301881,2025-08-31,18:00,22:00,60581,10805.3,Postponed
400583,EVT-400583,Event_400583,10,200361,301460,2024-07-30,14:00,15:00,35639,7600.155000000001,Completed
400584,EVT-400584,Event_400584,3,200275,300542,2025-03-10,09:00,12:00,49106,7416.74,Completed
400585,EVT-400585,Event_400585,4,200046,301255,2026-05-21,20:00,23:00,33177,1887.82,Postponed
400586,EVT-400586,Event_400586,8,200172,300154,2025-09-17,20:00,22:00,27893,13520.03,Completed
400587,EVT-400587,Event_400587,2,200352,300174,2026-04-29,18:00,00:00,43415,10960.56,Cancelled
400588,EVT-400588,Event_400588,11,200398,300359,2025-04-20,18:00,19:00,32751,13429.1,Completed
400589,EVT-400589,Event_400589,13,200029,301175,2025-09-03,10:00,13:00,11503,3395.94,Scheduled
400590,EVT-400590,Event_400590,12,200085,300112,2025-06-25,14:00,17:00,58385,6901.02,Completed
400591,EVT-400591,Event_400591,11,200036,300475,2026-06-16,18:00,23:00,67888,11411.25,Completed
400592,EVT-400592,Event_400592,1,200217,301298,2025-01-08,20:00,01:00,63834,12227.43,Completed
400593,EVT-400593,Event_400593,14,200071,301335,2025-07-07,14:00,20:00,60015,3605.41,Completed
400594,EVT-400594,Event_400594,5,200299,301181,2025-12-10,20:00,23:00,53512,2557.06,Completed
400596,EVT-400596,Event_400596,1,200167,301257,2025-03-20,19:00,01:00,20354,924.43,Scheduled
400597,EVT-400597,Event_400597,13,200321,301922,2026-03-29,09:00,12:00,12711,6469.93,Completed
400598,EVT-400598,Event_400598,15,200367,300838,2025-07-28,14:00,19:00,32638,4610.79,Scheduled
400599,EVT-400599,Event_400599,1,200228,301267,2024-10-26,10:00,12:00,51317,13946.8,Scheduled
400600,EVT-400600,Event_400600,15,200004,300104,2024-06-06,14:00,17:00,200000,14377.49,Completed
400601,EVT-400601,Event_400601,15,200403,301972,2024-05-22,10:00,13:00,7542,1474.63,Scheduled
400602,EVT-400602,Event_400602,12,200171,300345,2024-05-14,10:00,14:00,33269,1895.79,Scheduled
400603,EVT-400603,Event_400603,4,200024,301488,2025-04-05,11:00,13:00,21768,9149.65,Scheduled
400604,EVT-400604,Event_400604,10,200341,301550,2026-03-13,19:00,01:00,41514,3388.68,Completed
400605,EVT-400605,Event_400605,7,200115,301237,2024-06-18,16:00,19:00,25395,6049.12,Completed
400606,EVT-400606,Event_400606,14,200331,301333,2024-06-17,20:00,23:00,51257,5554.36,Completed
400607,EVT-400607,Event_400607,11,200269,300941,2024-04-09,18:00,00:00,43572,1491.49,Scheduled
400608,EVT-400608,Event_400608,3,200458,300104,2025-02-11,11:00,17:00,25981,8654.64,Completed
400609,EVT-400609,Event_400609,14,200372,300606,2025-01-05,19:00,01:00,26312,14403.44,Completed
400610,EVT-400610,Event_400610,9,200256,301449,2024-12-01,18:00,23:00,65498,4485.08,Completed
400611,EVT-400611,Event_400611,9,200212,300098,2025-03-09,16:00,17:00,26981,11069.32,Completed
400612,EVT-400612,Event_400612,9,200273,301386,2025-09-24,19:00,00:00,10087,8886.57,Completed
400613,EVT-400613,Event_400613,6,200269,301001,2024-03-19,18:00,20:00,68787,2742.88,Cancelled
400614,EVT-400614,Event_400614,15,200195,300471,2025-05-25,14:00,18:00,193,11744.26,Completed
400615,EVT-400615,Event_400615,8,200389,301694,2025-09-02,14:00,20:00,34058,7323.71,Completed
400617,EVT-400617,Event_400617,10,200331,300791,2025-09-15,11:00,15:00,48390,1014.53,Completed
400618,EVT-400618,Event_400618,14,200080,300664,2024-06-29,09:00,14:00,10416,7600.155000000001,Completed
400619,EVT-400619,Event_400619,13,200369,300960,2025-11-15,09:00,15:00,36496,4348.16,Completed
400620,EVT-400620,Event_400620,8,200183,300850,2026-04-23,20:00,01:00,49534,6949.93,Completed
400621,EVT-400621,Event_400621,8,200151,301533,2025-10-15,10:00,14:00,24509,7407.96,Completed
400622,EVT-400622,Event_400622,12,200173,301654,2024-06-23,14:00,15:00,68172,9206.77,Completed
400623,EVT-400623,Event_400623,6,200427,300571,2024-05-04,20:00,01:00,53672,12227.37,Scheduled
400624,EVT-400624,Event_400624,12,200130,300539,2026-06-21,20:00,22:00,21615,11204.23,Completed
400625,EVT-400625,Event_400625,12,200415,301457,2026-01-10,16:00,21:00,62372,4681.93,Completed
400626,EVT-400626,Event_400626,4,200079,300187,2025-01-30,10:00,12:00,68672,1905.24,Completed
400627,EVT-400627,Event_400627,14,200174,300232,2024-12-24,16:00,21:00,61153,8832.19,Cancelled
400628,EVT-400628,Event_400628,14,200028,301048,2025-03-01,16:00,20:00,57968,13087.4,Completed
400629,EVT-400629,Event_400629,14,200215,301324,2025-01-12,11:00,13:00,14192,8995.3,Completed
400630,EVT-400630,Event_400630,7,200492,301782,2026-04-01,20:00,21:00,27840,7360.98,Completed
400631,EVT-400631,Event_400631,1,200040,300146,2025-04-13,09:00,12:00,25033,2780.5,Completed
400632,EVT-400632,Event_400632,5,200466,301500,2025-07-18,20:00,23:00,1267,2925.16,Completed
400633,EVT-400633,Event_400633,11,200030,300760,2024-07-08,16:00,18:00,6098,5555.51,Completed
400634,EVT-400634,Event_400634,10,200192,300762,2025-05-11,19:00,21:00,65203,8675.66,Postponed
400635,EVT-400635,Event_400635,6,200353,300832,2024-02-06,19:00,22:00,11470,5696.62,Completed
400636,EVT-400636,Event_400636,15,200076,300125,2024-07-27,19:00,23:00,66480,5789.63,Completed
400637,EVT-400637,Event_400637,7,200235,301208,2025-01-29,19:00,00:00,2912,9392.8,Completed
400638,EVT-400638,Event_400638,8,200201,301888,2026-04-05,14:00,20:00,15717,3733.74,Completed
400639,EVT-400639,Event_400639,2,200406,301563,2025-02-11,09:00,14:00,40772,1345.58,Completed
400640,EVT-400640,Event_400640,11,200451,300545,2025-02-07,09:00,15:00,47842,10756.39,Completed
400641,EVT-400641,Event_400641,11,200087,301201,2025-09-03,19:00,00:00,61813,3917.32,Completed
400642,EVT-400642,Event_400642,15,200233,301980,2024-03-18,09:00,12:00,57573,9379.76,Completed
400643,EVT-400643,Event_400643,10,200096,300588,2025-01-03,20:00,23:00,32731,13595.7,Completed
400644,EVT-400644,Event_400644,14,200157,301631,2024-06-27,14:00,19:00,50194,6668.47,Completed
400645,EVT-400645,Event_400645,15,200130,301762,2025-10-02,20:00,02:00,51942,1341.24,Completed
400646,EVT-400646,Event_400646,15,200198,301536,2026-04-25,19:00,23:00,26308,8197.44,Completed
400647,EVT-400647,Event_400647,14,200125,300057,2026-01-03,19:00,20:00,54267,6731.08,Scheduled
400648,EVT-400648,Event_400648,1,200238,300740,2024-09-15,09:00,10:00,52612,12408.64,Completed
400649,EVT-400649,Event_400649,3,200273,300676,2024-10-15,09:00,15:00,21540,9159.49,Completed
400650,EVT-400650,Event_400650,1,200185,301337,2024-08-18,11:00,16:00,10064,10136.61,Cancelled
400651,EVT-400651,Event_400651,12,200277,300806,2026-01-02,16:00,21:00,47393,13339.17,Completed
400652,EVT-400652,Event_400652,9,200447,301808,2026-05-12,14:00,18:00,45216,11228.4,Scheduled
400654,EVT-400654,Event_400654,1,200491,301027,2024-03-09,09:00,15:00,35112,6101.5,Completed
400655,EVT-400655,Event_400655,2,200269,300626,2026-06-18,11:00,15:00,59916,2752.62,Completed
400656,EVT-400656,Event_400656,6,200296,300610,2025-08-01,09:00,10:00,50673,10705.16,Completed
400657,EVT-400657,Event_400657,4,200456,300442,2024-02-19,16:00,17:00,54714,5215.97,Scheduled
400658,EVT-400658,Event_400658,7,200191,301309,2025-07-29,20:00,02:00,57213,7884.06,Completed
400659,EVT-400659,Event_400659,2,200233,301060,2024-06-09,11:00,14:00,6126,10462.58,Completed
400660,EVT-400660,Event_400660,2,200318,301084,2024-06-23,14:00,19:00,2287,312.9,Completed
400661,EVT-400661,Event_400661,11,200304,301117,2026-01-12,20:00,23:00,41754,885.76,Scheduled
400662,EVT-400662,Event_400662,3,200437,301177,2025-02-15,11:00,12:00,58076,5314.78,Scheduled
400663,EVT-400663,Event_400663,11,200361,300690,2024-12-04,09:00,12:00,34835,8802.96,Scheduled
400664,EVT-400664,Event_400664,11,200146,301927,2024-01-06,10:00,12:00,51537,2220.94,Scheduled
400665,EVT-400665,Event_400665,11,200471,300291,2025-04-07,11:00,13:00,54985,500.19,Completed
400666,EVT-400666,Event_400666,4,200056,301057,2024-03-19,14:00,15:00,59887,4486.01,Postponed
400667,EVT-400667,Event_400667,12,200476,300024,2024-04-25,09:00,11:00,55288,6733.59,Scheduled
400668,EVT-400668,Event_400668,12,200381,300789,2025-06-19,16:00,19:00,22668,6707.1,Completed
400669,EVT-400669,Event_400669,14,200066,301855,2025-06-11,14:00,17:00,45382,13092.71,Scheduled
400670,EVT-400670,Event_400670,10,200030,300511,2024-07-02,14:00,15:00,43156,7370.28,Completed
400671,EVT-400671,Event_400671,5,200088,300551,2024-08-14,18:00,00:00,36584,7076.89,Cancelled
400672,EVT-400672,Event_400672,2,200214,301300,2024-08-19,14:00,18:00,40854,1811.49,Cancelled
400673,EVT-400673,Event_400673,6,200078,301130,2024-05-01,16:00,19:00,36939,7600.155000000001,Completed
400674,EVT-400674,Event_400674,10,200432,300525,2024-01-16,20:00,01:00,200000,14548.54,Completed
400675,EVT-400675,Event_400675,6,200042,300723,2026-03-28,09:00,14:00,2988,3929.51,Cancelled
400676,EVT-400676,Event_400676,14,200032,301015,2026-02-10,11:00,16:00,34595,12775.85,Completed
400677,EVT-400677,Event_400677,10,200350,300652,2025-05-02,20:00,23:00,200000,9975.74,Scheduled
400678,EVT-400678,Event_400678,3,200381,300347,2024-02-24,20:00,00:00,23618,10324.94,Completed
400679,EVT-400679,Event_400679,5,200297,301492,2025-11-18,18:00,22:00,10253,3773.29,Scheduled
400680,EVT-400680,Event_400680,1,200257,300161,2026-05-14,14:00,19:00,17353,5077.6,Completed
400681,EVT-400681,Event_400681,15,200087,301648,2026-04-06,19:00,21:00,54933,1727.12,Completed
400682,EVT-400682,Event_400682,11,200389,300983,2024-04-20,14:00,18:00,39908,3414.37,Completed
400683,EVT-400683,Event_400683,9,200246,300841,2025-05-24,10:00,16:00,39215,9339.33,Cancelled
400684,EVT-400684,Event_400684,4,200164,300493,2024-11-28,11:00,13:00,51148,7334.86,Cancelled
400685,EVT-400685,Event_400685,14,200405,301700,2024-04-28,14:00,20:00,21081,14839.79,Completed
400686,EVT-400686,Event_400686,5,200008,301890,2026-06-11,18:00,23:00,62359,6625.34,Postponed
400687,EVT-400687,Event_400687,3,200301,300067,2026-03-07,19:00,22:00,708,14593.24,Completed
400688,EVT-400688,Event_400688,8,200321,301574,2024-09-19,18:00,21:00,21472,7600.155000000001,Scheduled
400689,EVT-400689,Event_400689,10,200058,300578,2026-04-01,14:00,20:00,13409,6387.18,Cancelled
400690,EVT-400690,Event_400690,15,200477,300055,2024-04-28,16:00,21:00,24348,10463.77,Postponed
400691,EVT-400691,Event_400691,5,200392,301951,2025-06-20,20:00,01:00,20792,11440.46,Completed
400692,EVT-400692,Event_400692,4,200183,300894,2024-11-13,14:00,20:00,37225,6122.84,Scheduled
400693,EVT-400693,Event_400693,10,200071,300307,2026-02-08,16:00,22:00,18069,13618.84,Completed
400694,EVT-400694,Event_400694,13,200168,300415,2026-04-28,18:00,20:00,32017,12421.06,Scheduled
400695,EVT-400695,Event_400695,5,200023,301930,2026-04-25,14:00,16:00,34105,3448.33,Scheduled
400696,EVT-400696,Event_400696,11,200149,301195,2026-05-06,20:00,00:00,22904,14701.04,Completed
400697,EVT-400697,Event_400697,5,200425,300340,2026-03-10,20:00,02:00,22976,570.27,Completed
400698,EVT-400698,Event_400698,4,200142,300290,2024-04-07,10:00,14:00,58194,248.47,Completed
400699,EVT-400699,Event_400699,13,200491,301074,2025-11-11,19:00,23:00,15256,7600.155000000001,Completed
400700,EVT-400700,Event_400700,2,200247,300678,2024-08-17,19:00,00:00,59132,10264.69,Completed
400701,EVT-400701,Event_400701,6,200079,301086,2025-06-04,14:00,18:00,58017,10627.97,Completed
400702,EVT-400702,Event_400702,4,200358,301939,2024-03-13,11:00,12:00,39458,5288.18,Scheduled
400703,EVT-400703,Event_400703,7,200235,300773,2024-11-11,16:00,22:00,56003,1972.68,Scheduled
400704,EVT-400704,Event_400704,14,200369,301364,2024-10-21,10:00,11:00,3846,8072.74,Completed
400705,EVT-400705,Event_400705,2,200129,300387,2024-11-28,09:00,12:00,37086,6284.37,Postponed
400706,EVT-400706,Event_400706,6,200248,300368,2026-04-27,18:00,00:00,19281,7499.88,Completed
400707,EVT-400707,Event_400707,14,200494,301094,2024-09-01,18:00,20:00,62136,7600.155000000001,Postponed
400708,EVT-400708,Event_400708,10,200480,301983,2024-10-06,16:00,21:00,16683,8009.5,Completed
400709,EVT-400709,Event_400709,7,200077,301099,2024-03-22,20:00,21:00,60252,11077.8,Completed
400710,EVT-400710,Event_400710,15,200480,301323,2025-03-29,10:00,15:00,63151,7711.24,Completed
400711,EVT-400711,Event_400711,4,200060,301976,2024-10-22,16:00,20:00,21434,6898.51,Cancelled
400712,EVT-400712,Event_400712,15,200377,301637,2026-05-11,18:00,20:00,63319,5834.67,Completed
400713,EVT-400713,Event_400713,9,200365,300982,2025-10-18,10:00,13:00,7079,11041.98,Completed
400714,EVT-400714,Event_400714,9,200031,300130,2025-06-22,10:00,14:00,65579,8190.05,Completed
400715,EVT-400715,Event_400715,9,200153,301583,2024-06-03,16:00,21:00,113,228.69,Completed
400716,EVT-400716,Event_400716,8,200353,300370,2025-03-14,11:00,16:00,13772,7966.24,Completed
400717,EVT-400717,Event_400717,10,200352,301623,2024-07-27,09:00,14:00,40578,7600.155000000001,Completed
400718,EVT-400718,Event_400718,15,200369,300717,2026-02-26,10:00,15:00,58698,10233.52,Completed
400719,EVT-400719,Event_400719,15,200254,300193,2024-01-17,20:00,21:00,48142,10513.84,Postponed
400720,EVT-400720,Event_400720,5,200328,301136,2024-01-24,16:00,17:00,59657,9178.04,Completed
400721,EVT-400721,Event_400721,6,200374,301865,2024-10-21,10:00,16:00,1229,7600.155000000001,Completed
400722,EVT-400722,Event_400722,2,200487,300904,2025-06-10,09:00,11:00,200000,9786.53,Cancelled
400723,EVT-400723,Event_400723,8,200292,301579,2025-12-06,20:00,22:00,2585,9423.87,Scheduled
400724,EVT-400724,Event_400724,9,200267,301091,2025-02-10,11:00,14:00,7103,547.13,Completed
400725,EVT-400725,Event_400725,7,200228,300058,2025-01-07,11:00,12:00,5190,5358.47,Completed
400726,EVT-400726,Event_400726,13,200495,301731,2026-03-04,14:00,15:00,37623,6377.73,Cancelled
400727,EVT-400727,Event_400727,12,200118,301021,2024-10-05,16:00,18:00,21103,3638.06,Completed
400728,EVT-400728,Event_400728,11,200118,301349,2026-03-07,09:00,10:00,5503,6873.74,Completed
400729,EVT-400729,Event_400729,4,200350,301792,2024-10-25,09:00,13:00,29797,12829.29,Postponed
400730,EVT-400730,Event_400730,10,200162,301851,2025-02-17,09:00,14:00,67483,11612.69,Cancelled
400731,EVT-400731,Event_400731,8,200303,300087,2026-01-18,19:00,00:00,62424,2992.8,Completed
400732,EVT-400732,Event_400732,11,200142,301946,2024-08-17,16:00,19:00,12346,648.93,Completed
400733,EVT-400733,Event_400733,10,200112,301320,2026-05-05,11:00,13:00,32046,5881.51,Completed
400735,EVT-400735,Event_400735,1,200092,300363,2025-04-21,20:00,22:00,67292,11471.65,Postponed
400736,EVT-400736,Event_400736,9,200149,301546,2024-06-20,20:00,02:00,41370,4686.68,Scheduled
400737,EVT-400737,Event_400737,7,200134,301826,2024-03-30,14:00,17:00,6021,7600.155000000001,Completed
400738,EVT-400738,Event_400738,9,200166,301175,2026-04-13,20:00,23:00,51970,8456.51,Completed
400739,EVT-400739,Event_400739,10,200239,300808,2025-09-05,10:00,16:00,16509,12320.02,Completed
400740,EVT-400740,Event_400740,4,200497,300137,2024-12-01,16:00,21:00,65658,7600.155000000001,Completed
400741,EVT-400741,Event_400741,12,200279,300088,2025-09-21,10:00,11:00,13166,2082.31,Completed
400742,EVT-400742,Event_400742,9,200467,300773,2025-07-25,09:00,12:00,5336,5474.9,Completed
400743,EVT-400743,Event_400743,15,200275,300943,2024-01-15,09:00,15:00,18295,10485.3,Completed
400744,EVT-400744,Event_400744,6,200459,301219,2025-07-17,14:00,16:00,69727,3007.88,Scheduled
400745,EVT-400745,Event_400745,11,200269,300365,2026-02-08,18:00,23:00,15507,8807.12,Cancelled
400746,EVT-400746,Event_400746,10,200293,301520,2024-04-03,20:00,02:00,31228,466.35,Completed
400747,EVT-400747,Event_400747,13,200182,300328,2024-07-01,10:00,14:00,64348,13827.62,Completed
400748,EVT-400748,Event_400748,1,200264,301701,2024-02-24,20:00,21:00,22681,10721.62,Completed
400749,EVT-400749,Event_400749,12,200428,300568,2025-06-04,19:00,01:00,66753,7600.155000000001,Completed
400750,EVT-400750,Event_400750,9,200207,300721,2025-07-07,10:00,16:00,18747,10062.23,Scheduled
400751,EVT-400751,Event_400751,11,200053,301859,2024-08-17,20:00,00:00,16337,6920.19,Completed
400752,EVT-400752,Event_400752,7,200426,301972,2024-10-24,20:00,00:00,6849,7600.155000000001,Scheduled
400753,EVT-400753,Event_400753,12,200255,301382,2024-10-23,16:00,21:00,14288,2419.97,Completed
400754,EVT-400754,Event_400754,10,200439,301779,2024-05-07,18:00,21:00,28949,5895.9,Postponed
400755,EVT-400755,Event_400755,13,200112,301368,2025-11-10,14:00,15:00,25902,9817.49,Completed
400756,EVT-400756,Event_400756,10,200120,301497,2025-02-25,19:00,01:00,66612,2205.62,Completed
400757,EVT-400757,Event_400757,3,200046,300474,2024-12-03,11:00,14:00,5159,6935.89,Completed
400758,EVT-400758,Event_400758,2,200089,300077,2026-04-09,18:00,20:00,42516,6432.48,Completed
400759,EVT-400759,Event_400759,9,200427,300491,2025-03-21,19:00,20:00,10999,8223.2,Completed
400761,EVT-400761,Event_400761,2,200203,301702,2025-10-27,11:00,12:00,48512,1752.45,Completed
400762,EVT-400762,Event_400762,12,200138,300430,2024-03-20,14:00,19:00,37984,10055.47,Completed
400763,EVT-400763,Event_400763,12,200277,301215,2024-10-10,09:00,11:00,10954,12744.18,Completed
400764,EVT-400764,Event_400764,13,200109,300358,2024-02-23,14:00,17:00,69209,7600.155000000001,Completed
400765,EVT-400765,Event_400765,9,200465,301321,2026-05-15,18:00,22:00,13022,4474.26,Completed
400766,EVT-400766,Event_400766,15,200126,301932,2026-06-16,20:00,23:00,49764,4343.32,Completed
400767,EVT-400767,Event_400767,2,200210,301072,2026-02-11,16:00,22:00,9505,11708.74,Scheduled
400768,EVT-400768,Event_400768,13,200317,301718,2025-08-14,18:00,19:00,10872,5007.53,Completed
400769,EVT-400769,Event_400769,9,200270,301049,2024-11-30,14:00,17:00,21538,2986.0,Scheduled
400770,EVT-400770,Event_400770,15,200209,301498,2026-06-26,09:00,14:00,50227,13308.96,Postponed
400771,EVT-400771,Event_400771,3,200182,300026,2025-11-15,20:00,21:00,39638,906.28,Completed
400772,EVT-400772,Event_400772,13,200265,301299,2024-03-28,16:00,20:00,36374,4674.31,Scheduled
400773,EVT-400773,Event_400773,2,200494,300470,2025-07-21,09:00,13:00,55709,14593.17,Completed
400774,EVT-400774,Event_400774,14,200340,301861,2024-09-24,09:00,15:00,25522,2875.92,Scheduled
400775,EVT-400775,Event_400775,11,200402,301933,2024-11-24,19:00,00:00,69444,11432.84,Completed
400776,EVT-400776,Event_400776,11,200439,300454,2024-02-18,10:00,16:00,68712,377.23,Completed
400777,EVT-400777,Event_400777,11,200050,301646,2024-08-06,19:00,20:00,29517,7600.155000000001,Completed
400778,EVT-400778,Event_400778,9,200427,301688,2026-06-22,16:00,17:00,19452,13056.11,Cancelled
400780,EVT-400780,Event_400780,10,200291,300650,2024-05-11,10:00,14:00,27104,5906.19,Completed
400781,EVT-400781,Event_400781,5,200008,300073,2024-05-13,19:00,01:00,4414,10388.59,Completed
400782,EVT-400782,Event_400782,10,200261,301593,2025-05-03,20:00,21:00,17250,8001.15,Cancelled
400783,EVT-400783,Event_400783,11,200322,301777,2024-09-24,11:00,12:00,20331,10797.71,Completed
400784,EVT-400784,Event_400784,2,200051,301169,2025-01-04,11:00,14:00,54028,8019.17,Scheduled
400785,EVT-400785,Event_400785,12,200287,300163,2026-03-27,20:00,00:00,59720,13273.35,Scheduled
400786,EVT-400786,Event_400786,2,200200,301266,2024-03-26,19:00,21:00,51476,2419.56,Completed
400787,EVT-400787,Event_400787,7,200024,300490,2025-03-24,14:00,15:00,31752,11302.66,Completed
400788,EVT-400788,Event_400788,12,200456,301144,2025-10-07,11:00,17:00,19268,10469.81,Cancelled
400789,EVT-400789,Event_400789,1,200054,300662,2024-03-16,20:00,23:00,3052,13438.05,Cancelled
400790,EVT-400790,Event_400790,4,200372,301189,2026-03-21,19:00,00:00,26122,11744.38,Completed
400791,EVT-400791,Event_400791,1,200006,301101,2024-03-02,10:00,15:00,32028,7002.83,Completed
400792,EVT-400792,Event_400792,14,200011,300604,2025-08-28,16:00,22:00,43688,7600.155000000001,Completed
400793,EVT-400793,Event_400793,5,200312,300937,2024-04-12,14:00,16:00,47007,12831.77,Scheduled
400794,EVT-400794,Event_400794,12,200055,300252,2026-05-17,16:00,20:00,200000,4361.12,Completed
400795,EVT-400795,Event_400795,4,200477,300824,2025-05-10,11:00,14:00,16825,3638.72,Cancelled
400796,EVT-400796,Event_400796,9,200007,301437,2024-06-08,10:00,12:00,12137,13140.85,Completed
400797,EVT-400797,Event_400797,15,200459,300419,2026-01-11,19:00,23:00,46025,5848.64,Completed
400798,EVT-400798,Event_400798,3,200241,300593,2024-04-18,10:00,15:00,9669,11022.99,Completed
400799,EVT-400799,Event_400799,7,200443,301010,2025-06-01,19:00,23:00,45104,1386.22,Scheduled
400800,EVT-400800,Event_400800,9,200149,300390,2026-04-04,11:00,12:00,35878,8292.8,Completed
400801,EVT-400801,Event_400801,1,200149,300892,2024-03-16,16:00,19:00,57959,8227.92,Completed
400802,EVT-400802,Event_400802,12,200039,300735,2025-08-27,10:00,16:00,47571,409.31,Completed
400803,EVT-400803,Event_400803,13,200098,300249,2024-02-13,14:00,15:00,38285,7600.155000000001,Scheduled
400804,EVT-400804,Event_400804,3,200376,300044,2026-02-09,14:00,17:00,47261,12449.94,Completed
400805,EVT-400805,Event_400805,7,200250,301084,2026-02-20,09:00,14:00,56384,1522.43,Cancelled
400806,EVT-400806,Event_400806,3,200262,301132,2025-10-06,10:00,14:00,42791,12629.42,Completed
400807,EVT-400807,Event_400807,8,200399,301836,2024-12-31,18:00,21:00,15540,14419.48,Completed
400808,EVT-400808,Event_400808,15,200018,300972,2026-04-01,10:00,14:00,62188,13040.88,Postponed
400809,EVT-400809,Event_400809,11,200461,301303,2026-01-30,16:00,21:00,46511,1228.11,Completed
400810,EVT-400810,Event_400810,15,200285,301839,2024-10-01,11:00,17:00,29942,3412.87,Completed
400811,EVT-400811,Event_400811,15,200285,301850,2024-05-07,16:00,21:00,67241,10242.87,Completed
400812,EVT-400812,Event_400812,14,200451,300316,2025-11-24,18:00,22:00,27383,5218.89,Scheduled
400813,EVT-400813,Event_400813,5,200475,301346,2024-10-12,20:00,01:00,1416,7598.53,Scheduled
400814,EVT-400814,Event_400814,2,200136,301813,2024-03-17,11:00,14:00,14377,4336.97,Completed
400815,EVT-400815,Event_400815,5,200096,301952,2024-06-04,11:00,12:00,23705,10436.66,Postponed
400816,EVT-400816,Event_400816,14,200320,300131,2025-05-01,20:00,21:00,37433,10203.87,Completed
400817,EVT-400817,Event_400817,3,200153,300392,2024-12-20,16:00,21:00,34573,13051.4,Cancelled
400818,EVT-400818,Event_400818,8,200092,301510,2025-01-24,20:00,21:00,35685,10594.5,Scheduled
400819,EVT-400819,Event_400819,13,200193,301344,2025-12-22,18:00,19:00,49388,2618.98,Scheduled
400820,EVT-400820,Event_400820,3,200400,301010,2025-02-22,10:00,16:00,62373,11452.98,Completed
400821,EVT-400821,Event_400821,13,200418,300989,2024-04-13,09:00,13:00,20548,8382.33,Completed
400822,EVT-400822,Event_400822,3,200147,300838,2025-06-17,18:00,21:00,69699,7600.155000000001,Completed
400823,EVT-400823,Event_400823,7,200180,300410,2026-04-17,18:00,21:00,27093,11409.56,Scheduled
400824,EVT-400824,Event_400824,13,200262,301772,2025-06-05,18:00,21:00,66692,2245.98,Completed
400825,EVT-400825,Event_400825,1,200431,300684,2025-07-30,11:00,13:00,46958,2907.62,Scheduled
400826,EVT-400826,Event_400826,4,200045,300524,2025-08-21,20:00,02:00,65134,1292.9,Cancelled
400827,EVT-400827,Event_400827,14,200323,300563,2024-06-29,10:00,11:00,23739,11522.25,Scheduled
400828,EVT-400828,Event_400828,8,200368,300634,2025-10-11,16:00,21:00,22736,2121.3,Cancelled
400830,EVT-400830,Event_400830,10,200264,301887,2026-03-12,11:00,13:00,17099,10347.03,Completed
400831,EVT-400831,Event_400831,15,200230,300006,2024-12-17,14:00,19:00,42589,11315.1,Completed
400832,EVT-400832,Event_400832,11,200422,301820,2024-03-24,10:00,12:00,8390,5033.83,Completed
400833,EVT-400833,Event_400833,15,200249,300429,2024-09-14,11:00,14:00,30754,4606.1,Completed
400834,EVT-400834,Event_400834,4,200495,301514,2026-04-29,09:00,10:00,10391,4661.77,Completed
400835,EVT-400835,Event_400835,6,200274,301348,2026-03-20,16:00,18:00,10908,11471.31,Completed
400836,EVT-400836,Event_400836,7,200215,301508,2025-04-06,19:00,23:00,27029,7921.59,Completed
400837,EVT-400837,Event_400837,5,200144,301791,2024-02-02,14:00,20:00,37966,12433.39,Completed
400838,EVT-400838,Event_400838,3,200177,300247,2025-02-03,16:00,20:00,30953,14043.11,Completed
400839,EVT-400839,Event_400839,13,200048,301441,2025-02-06,19:00,01:00,42837,7396.01,Completed
400840,EVT-400840,Event_400840,14,200167,300024,2026-03-16,14:00,15:00,59651,678.58,Completed
400841,EVT-400841,Event_400841,5,200331,300198,2025-05-03,19:00,00:00,66182,6304.8,Postponed
400842,EVT-400842,Event_400842,10,200437,300916,2025-12-30,19:00,01:00,26493,3192.56,Completed
400843,EVT-400843,Event_400843,6,200013,301173,2026-01-18,16:00,20:00,37524,9250.02,Scheduled
400844,EVT-400844,Event_400844,6,200336,300542,2026-02-22,18:00,23:00,31312,454.01,Completed
400845,EVT-400845,Event_400845,4,200291,300049,2025-11-29,11:00,15:00,34676,1198.79,Completed
400846,EVT-400846,Event_400846,7,200483,300427,2024-05-15,18:00,20:00,14856,13678.0,Completed
400847,EVT-400847,Event_400847,13,200021,301505,2025-08-14,20:00,22:00,30983,11082.18,Completed
400848,EVT-400848,Event_400848,11,200308,300591,2024-06-06,20:00,00:00,36400,5240.71,Scheduled
400849,EVT-400849,Event_400849,4,200145,300387,2026-01-10,18:00,20:00,14883,7600.155000000001,Completed
400850,EVT-400850,Event_400850,10,200178,300098,2024-07-29,18:00,20:00,66117,1602.4,Scheduled
400851,EVT-400851,Event_400851,2,200488,300709,2025-12-08,09:00,13:00,17422,13041.51,Scheduled
400852,EVT-400852,Event_400852,10,200374,301700,2025-04-14,18:00,00:00,34388,6809.68,Completed
400853,EVT-400853,Event_400853,12,200441,301527,2024-03-14,11:00,14:00,37540,316.57,Postponed
400854,EVT-400854,Event_400854,11,200488,301304,2026-05-19,18:00,19:00,26464,5950.96,Scheduled
400855,EVT-400855,Event_400855,5,200286,301403,2025-01-01,14:00,18:00,6279,2810.18,Completed
400856,EVT-400856,Event_400856,9,200403,301626,2024-08-16,14:00,19:00,53724,11492.35,Completed
400857,EVT-400857,Event_400857,1,200305,301660,2024-12-25,19:00,20:00,16842,8093.18,Completed
400859,EVT-400859,Event_400859,13,200163,301380,2024-11-02,18:00,20:00,45730,1801.4,Scheduled
400860,EVT-400860,Event_400860,2,200164,301814,2025-02-07,11:00,16:00,9175,3117.97,Scheduled
400861,EVT-400861,Event_400861,9,200294,301847,2026-06-11,10:00,16:00,9121,4505.13,Completed
400862,EVT-400862,Event_400862,4,200222,300949,2024-01-11,19:00,21:00,22063,12200.99,Completed
400863,EVT-400863,Event_400863,5,200285,300203,2025-04-01,14:00,15:00,3368,892.51,Completed
400864,EVT-400864,Event_400864,9,200185,301583,2024-11-09,20:00,01:00,17991,7600.155000000001,Cancelled
400865,EVT-400865,Event_400865,9,200443,300132,2026-01-27,11:00,14:00,4892,4462.54,Completed
400866,EVT-400866,Event_400866,2,200190,301091,2025-02-21,09:00,15:00,7054,3176.75,Scheduled
400867,EVT-400867,Event_400867,10,200057,301740,2025-12-24,18:00,00:00,34202,7498.47,Cancelled
400868,EVT-400868,Event_400868,11,200457,301383,2025-09-01,18:00,21:00,59175,2556.11,Scheduled
400869,EVT-400869,Event_400869,4,200344,300560,2026-05-14,10:00,13:00,55578,1504.84,Completed
400870,EVT-400870,Event_400870,1,200212,300345,2025-03-03,20:00,23:00,28899,4807.58,Scheduled
400871,EVT-400871,Event_400871,14,200348,300471,2024-07-13,19:00,23:00,42504,10581.52,Completed
400872,EVT-400872,Event_400872,3,200010,301975,2026-06-18,20:00,00:00,56837,5677.51,Completed
400873,EVT-400873,Event_400873,3,200429,300567,2025-07-29,19:00,23:00,58903,9240.43,Cancelled
400874,EVT-400874,Event_400874,1,200287,301197,2024-11-22,11:00,12:00,32596,10803.3,Completed
400875,EVT-400875,Event_400875,15,200410,301657,2024-04-26,16:00,17:00,47986,7600.155000000001,Completed
400876,EVT-400876,Event_400876,5,200066,301593,2024-09-23,11:00,12:00,1018,4229.86,Completed
400877,EVT-400877,Event_400877,13,200429,301519,2025-06-14,11:00,13:00,44979,9796.83,Completed
400878,EVT-400878,Event_400878,1,200446,301238,2024-04-07,11:00,16:00,26472,13009.04,Completed
400879,EVT-400879,Event_400879,15,200185,301180,2025-07-07,19:00,20:00,2384,12162.77,Completed
400880,EVT-400880,Event_400880,2,200096,300646,2026-02-08,09:00,13:00,38042,8888.41,Scheduled
400881,EVT-400881,Event_400881,9,200075,300022,2026-05-22,09:00,10:00,5742,10858.62,Scheduled
400882,EVT-400882,Event_400882,14,200156,300165,2025-03-16,11:00,17:00,34833,4399.75,Completed
400883,EVT-400883,Event_400883,15,200175,301570,2024-01-31,09:00,15:00,7665,4983.86,Scheduled
400884,EVT-400884,Event_400884,5,200281,300385,2025-02-17,19:00,23:00,30406,7600.155000000001,Completed
400885,EVT-400885,Event_400885,7,200347,301175,2025-02-28,11:00,16:00,65724,9971.15,Completed
400886,EVT-400886,Event_400886,13,200281,301643,2024-10-22,14:00,16:00,67684,926.87,Completed
400887,EVT-400887,Event_400887,11,200310,301196,2024-05-10,09:00,13:00,23155,9207.81,Completed
400888,EVT-400888,Event_400888,10,200327,300559,2025-11-04,19:00,00:00,8340,14908.71,Completed
400889,EVT-400889,Event_400889,7,200151,301464,2024-10-06,11:00,15:00,37733,7600.155000000001,Completed
400890,EVT-400890,Event_400890,7,200454,301809,2026-05-30,18:00,00:00,44116,13447.17,Completed
400891,EVT-400891,Event_400891,14,200222,301148,2025-10-15,18:00,22:00,14249,8823.09,Scheduled
400892,EVT-400892,Event_400892,9,200365,301558,2024-09-12,18:00,19:00,41955,10632.62,Completed
400893,EVT-400893,Event_400893,14,200389,301665,2025-07-12,09:00,12:00,67336,13401.18,Scheduled
400894,EVT-400894,Event_400894,9,200052,300234,2025-02-10,11:00,13:00,9251,939.84,Completed
400895,EVT-400895,Event_400895,14,200433,300059,2026-02-03,18:00,23:00,18497,13922.14,Completed
400896,EVT-400896,Event_400896,14,200002,300975,2025-05-30,11:00,16:00,42615,2880.68,Cancelled
400897,EVT-400897,Event_400897,8,200211,300901,2025-01-23,10:00,13:00,13211,1808.15,Scheduled
400898,EVT-400898,Event_400898,15,200481,301116,2026-03-30,19:00,23:00,18626,7955.0,Completed
400899,EVT-400899,Event_400899,11,200412,300751,2024-12-07,09:00,10:00,19882,5402.48,Scheduled
400900,EVT-400900,Event_400900,2,200363,300680,2025-09-09,20:00,22:00,30742,12285.04,Completed
400901,EVT-400901,Event_400901,10,200008,300283,2024-11-15,09:00,12:00,66084,14863.69,Scheduled
400902,EVT-400902,Event_400902,15,200032,301616,2024-04-20,14:00,19:00,28807,2920.34,Completed
400903,EVT-400903,Event_400903,13,200404,300986,2024-01-10,09:00,14:00,35267,12712.06,Completed
400904,EVT-400904,Event_400904,5,200421,301242,2026-03-02,10:00,12:00,56587,12631.53,Scheduled
400905,EVT-400905,Event_400905,12,200345,301633,2025-07-04,20:00,01:00,67290,13650.42,Completed
400906,EVT-400906,Event_400906,15,200023,301964,2025-11-04,19:00,00:00,16812,7984.41,Scheduled
400907,EVT-400907,Event_400907,9,200127,301468,2024-01-29,14:00,19:00,54262,4958.88,Postponed
400908,EVT-400908,Event_400908,12,200469,300655,2025-01-15,14:00,17:00,37593,14715.4,Completed
400909,EVT-400909,Event_400909,1,200115,300638,2024-04-24,14:00,18:00,46886,5700.15,Completed
400910,EVT-400910,Event_400910,9,200065,300471,2025-08-18,09:00,13:00,26915,7600.155000000001,Completed
400911,EVT-400911,Event_400911,15,200358,301095,2024-08-06,14:00,20:00,38201,12151.44,Scheduled
400912,EVT-400912,Event_400912,7,200302,300134,2024-03-08,14:00,18:00,17885,706.5,Completed
400913,EVT-400913,Event_400913,2,200271,300224,2026-06-24,18:00,21:00,63511,11947.98,Completed
400914,EVT-400914,Event_400914,13,200414,300592,2025-10-08,10:00,13:00,51511,9268.82,Completed
400915,EVT-400915,Event_400915,8,200445,300181,2025-12-26,16:00,20:00,19926,12688.83,Completed
400916,EVT-400916,Event_400916,11,200042,300601,2024-01-12,19:00,23:00,10595,4509.74,Cancelled
400917,EVT-400917,Event_400917,12,200290,300798,2025-07-02,20:00,23:00,5709,14821.55,Completed
400918,EVT-400918,Event_400918,3,200420,301932,2025-03-02,16:00,17:00,28916,5347.35,Scheduled
400919,EVT-400919,Event_400919,10,200156,300633,2026-01-22,10:00,15:00,54634,9011.79,Completed
400920,EVT-400920,Event_400920,12,200288,300981,2025-12-11,16:00,19:00,39520,2453.61,Cancelled
400921,EVT-400921,Event_400921,9,200245,300546,2024-10-20,10:00,11:00,45038,6722.68,Cancelled
400922,EVT-400922,Event_400922,8,200149,300410,2026-03-17,10:00,14:00,47899,4600.15,Cancelled
400923,EVT-400923,Event_400923,11,200200,300859,2026-06-10,18:00,22:00,56004,9436.53,Completed
400924,EVT-400924,Event_400924,6,200293,300033,2024-09-07,20:00,00:00,412,13571.8,Postponed
400925,EVT-400925,Event_400925,3,200423,300453,2024-12-24,18:00,20:00,20863,7364.63,Completed
400926,EVT-400926,Event_400926,6,200430,300536,2026-04-09,09:00,14:00,12644,14621.58,Completed
400927,EVT-400927,Event_400927,6,200149,301990,2025-08-26,20:00,02:00,8354,8573.0,Completed
400928,EVT-400928,Event_400928,3,200327,300260,2024-10-13,16:00,22:00,9584,7600.155000000001,Completed
400929,EVT-400929,Event_400929,14,200342,300199,2025-08-25,10:00,15:00,34189,11688.15,Scheduled
400930,EVT-400930,Event_400930,9,200429,301551,2026-03-09,11:00,17:00,2247,1666.46,Completed
400931,EVT-400931,Event_400931,11,200132,300894,2026-05-04,10:00,14:00,27050,9300.64,Postponed
400932,EVT-400932,Event_400932,8,200462,300696,2024-07-30,16:00,17:00,54902,3885.33,Completed
400933,EVT-400933,Event_400933,12,200485,300141,2026-02-04,20:00,00:00,18432,14376.8,Postponed
400934,EVT-400934,Event_400934,8,200116,300847,2024-08-29,18:00,00:00,10120,3272.28,Completed
400935,EVT-400935,Event_400935,10,200410,300804,2024-06-05,18:00,23:00,49393,8940.72,Completed
400936,EVT-400936,Event_400936,4,200063,300906,2026-02-09,10:00,12:00,61761,11293.16,Cancelled
400937,EVT-400937,Event_400937,11,200477,300930,2026-01-04,18:00,23:00,23049,6759.96,Scheduled
400938,EVT-400938,Event_400938,8,200366,301845,2024-09-18,19:00,21:00,56996,14990.57,Scheduled
400939,EVT-400939,Event_400939,2,200193,301094,2024-01-01,09:00,14:00,69735,4336.45,Cancelled
400940,EVT-400940,Event_400940,9,200075,300403,2026-01-07,09:00,12:00,54960,3080.51,Scheduled
400941,EVT-400941,Event_400941,14,200348,301327,2024-05-16,16:00,20:00,5049,3956.68,Completed
400942,EVT-400942,Event_400942,13,200412,301627,2025-02-11,09:00,12:00,19470,12790.04,Scheduled
400943,EVT-400943,Event_400943,10,200297,300346,2025-07-06,18:00,21:00,38577,10121.39,Completed
400944,EVT-400944,Event_400944,3,200417,300027,2026-05-17,18:00,19:00,31923,8588.56,Completed
400945,EVT-400945,Event_400945,11,200132,300347,2025-10-23,09:00,11:00,48591,4479.15,Cancelled
400946,EVT-400946,Event_400946,9,200477,301928,2026-06-11,10:00,15:00,53015,7600.155000000001,Completed
400947,EVT-400947,Event_400947,8,200147,300173,2026-05-20,11:00,14:00,2642,8131.71,Completed
400948,EVT-400948,Event_400948,13,200381,301458,2025-09-20,10:00,14:00,56963,8358.34,Completed
400949,EVT-400949,Event_400949,7,200085,301121,2025-01-24,14:00,19:00,40692,4125.16,Cancelled
400950,EVT-400950,Event_400950,12,200466,301474,2024-05-13,14:00,17:00,3540,13187.68,Completed
400951,EVT-400951,Event_400951,13,200187,301132,2026-05-31,09:00,15:00,67555,8348.28,Scheduled
400952,EVT-400952,Event_400952,2,200355,300569,2025-08-10,16:00,17:00,56988,7061.06,Completed
400953,EVT-400953,Event_400953,2,200055,300381,2026-02-24,11:00,15:00,26638,12796.16,Cancelled
400954,EVT-400954,Event_400954,13,200364,301103,2024-10-12,09:00,10:00,18988,712.5,Completed
400955,EVT-400955,Event_400955,7,200099,300222,2025-07-18,19:00,21:00,69439,8018.85,Completed
400956,EVT-400956,Event_400956,5,200445,300792,2026-03-15,18:00,19:00,55191,10954.48,Completed
400957,EVT-400957,Event_400957,2,200114,300540,2024-01-17,19:00,01:00,62900,11733.85,Completed
400958,EVT-400958,Event_400958,1,200424,301024,2024-12-05,10:00,13:00,6410,5592.22,Postponed
400961,EVT-400961,Event_400961,13,200436,301715,2024-11-08,14:00,20:00,15903,6927.1,Scheduled
400962,EVT-400962,Event_400962,10,200499,301892,2026-04-13,16:00,20:00,52442,12150.1,Scheduled
400963,EVT-400963,Event_400963,1,200369,301502,2025-02-19,09:00,14:00,8178,14454.75,Scheduled
400964,EVT-400964,Event_400964,10,200356,301353,2024-07-26,14:00,20:00,16209,1369.81,Scheduled
400965,EVT-400965,Event_400965,12,200443,300840,2024-03-28,09:00,13:00,59095,14626.72,Cancelled
400966,EVT-400966,Event_400966,9,200253,301540,2026-01-10,16:00,19:00,58212,7563.84,Completed
400967,EVT-400967,Event_400967,8,200259,300864,2026-04-30,10:00,12:00,47734,5092.06,Completed
400968,EVT-400968,Event_400968,3,200492,301989,2024-12-24,19:00,01:00,44970,10057.93,Postponed
400969,EVT-400969,Event_400969,2,200073,300285,2026-05-08,18:00,19:00,44873,1043.55,Scheduled
400970,EVT-400970,Event_400970,6,200433,301958,2025-04-24,16:00,18:00,7908,3943.04,Completed
400971,EVT-400971,Event_400971,7,200285,301143,2026-04-04,14:00,16:00,34064,12755.79,Completed
400972,EVT-400972,Event_400972,2,200118,301169,2025-11-07,19:00,01:00,59454,2181.29,Completed
400973,EVT-400973,Event_400973,14,200042,300550,2026-06-19,19:00,22:00,13093,4100.37,Completed
400974,EVT-400974,Event_400974,11,200236,301259,2024-10-13,11:00,14:00,24495,10491.35,Scheduled
400976,EVT-400976,Event_400976,2,200364,300254,2024-03-12,20:00,22:00,33171,2312.25,Scheduled
400977,EVT-400977,Event_400977,12,200477,301755,2024-12-12,19:00,20:00,14782,8007.35,Completed
400978,EVT-400978,Event_400978,8,200410,300043,2024-10-12,18:00,22:00,56673,2227.61,Postponed
400979,EVT-400979,Event_400979,15,200171,301376,2025-12-16,16:00,19:00,15528,1152.58,Postponed
400980,EVT-400980,Event_400980,4,200019,300472,2024-10-21,18:00,23:00,160,8461.98,Completed
400981,EVT-400981,Event_400981,13,200284,300362,2025-01-24,18:00,19:00,22312,1045.9,Completed
400982,EVT-400982,Event_400982,10,200285,300968,2025-03-11,20:00,23:00,63945,10170.1,Completed
400983,EVT-400983,Event_400983,7,200234,301339,2024-03-14,14:00,16:00,4844,7600.155000000001,Completed
400984,EVT-400984,Event_400984,5,200478,300614,2024-05-13,18:00,20:00,42505,6520.56,Completed
400985,EVT-400985,Event_400985,5,200256,301737,2024-09-18,18:00,19:00,34096,9811.05,Scheduled
400986,EVT-400986,Event_400986,9,200021,301446,2024-07-03,14:00,17:00,59201,11081.5,Cancelled
400987,EVT-400987,Event_400987,15,200006,301992,2025-11-22,20:00,22:00,54286,7600.155000000001,Scheduled
400988,EVT-400988,Event_400988,15,200402,301679,2024-03-11,14:00,16:00,1679,14621.93,Completed
400989,EVT-400989,Event_400989,13,200135,301104,2025-09-23,20:00,21:00,47504,4278.71,Completed
400990,EVT-400990,Event_400990,9,200237,300478,2024-05-19,10:00,13:00,15777,7600.155000000001,Completed
400991,EVT-400991,Event_400991,12,200167,301494,2026-02-23,10:00,12:00,8743,11814.1,Completed
400992,EVT-400992,Event_400992,2,200030,300870,2025-05-02,18:00,21:00,64314,6643.47,Scheduled
400993,EVT-400993,Event_400993,4,200031,300778,2024-09-26,19:00,23:00,65385,7671.15,Scheduled
400994,EVT-400994,Event_400994,9,200286,301766,2025-07-19,19:00,23:00,25291,5950.43,Completed
400995,EVT-400995,Event_400995,15,200101,301203,2025-08-06,09:00,12:00,9208,13621.72,Scheduled
400996,EVT-400996,Event_400996,15,200151,300948,2024-04-10,14:00,17:00,45207,9989.55,Scheduled
400997,EVT-400997,Event_400997,7,200494,301860,2024-11-23,18:00,23:00,200000,358.55,Scheduled
400998,EVT-400998,Event_400998,4,200331,301702,2024-01-01,10:00,16:00,57358,12698.67,Scheduled
400999,EVT-400999,Event_400999,10,200111,300462,2025-10-22,18:00,19:00,61845,8805.22,Cancelled
401000,EVT-401000,Event_401000,7,200120,301965,2025-04-01,09:00,10:00,29417,14970.62,Completed
401001,EVT-401001,Event_401001,12,200073,301683,2025-09-13,19:00,22:00,46800,4851.77,Completed
401002,EVT-401002,Event_401002,7,200085,301039,2025-06-24,18:00,20:00,58571,10529.34,Scheduled
401003,EVT-401003,Event_401003,10,200128,301586,2024-08-07,09:00,14:00,10412,4608.87,Completed
401004,EVT-401004,Event_401004,9,200155,300135,2024-06-28,11:00,13:00,23593,4093.23,Completed
401005,EVT-401005,Event_401005,15,200477,300949,2025-10-12,11:00,15:00,54360,5043.65,Completed
401006,EVT-401006,Event_401006,6,200467,300837,2025-11-13,11:00,13:00,58433,10105.59,Completed
401007,EVT-401007,Event_401007,5,200113,300682,2025-02-17,19:00,01:00,33461,9599.66,Completed
401008,EVT-401008,Event_401008,14,200272,300538,2024-03-28,11:00,17:00,66499,3353.44,Completed
401009,EVT-401009,Event_401009,7,200401,301613,2025-12-27,16:00,19:00,19677,2680.81,Completed
401010,EVT-401010,Event_401010,3,200276,301071,2024-04-01,19:00,23:00,5621,5988.19,Scheduled
401011,EVT-401011,Event_401011,12,200235,300762,2025-07-23,10:00,13:00,18051,14598.37,Completed
401012,EVT-401012,Event_401012,9,200199,301564,2025-11-27,10:00,12:00,200000,14294.19,Cancelled
401014,EVT-401014,Event_401014,11,200398,300759,2024-04-23,09:00,11:00,19892,3439.03,Completed
401015,EVT-401015,Event_401015,6,200015,301731,2024-03-10,20:00,23:00,17093,3924.32,Scheduled
401016,EVT-401016,Event_401016,5,200287,301981,2025-08-02,09:00,12:00,59817,4746.44,Completed
401017,EVT-401017,Event_401017,2,200075,301158,2026-03-04,16:00,19:00,68480,2232.2,Completed
401018,EVT-401018,Event_401018,13,200191,300553,2024-02-10,10:00,14:00,2432,13520.15,Completed
401019,EVT-401019,Event_401019,1,200214,300716,2024-03-05,11:00,13:00,68892,5702.6,Completed
401020,EVT-401020,Event_401020,6,200353,300193,2024-10-18,16:00,20:00,7841,14340.72,Completed
401021,EVT-401021,Event_401021,3,200140,300336,2024-11-07,20:00,01:00,60794,11907.96,Completed
401022,EVT-401022,Event_401022,12,200358,301523,2024-11-18,11:00,17:00,63102,1411.9,Completed
401023,EVT-401023,Event_401023,5,200388,300348,2026-04-21,16:00,21:00,58584,7600.155000000001,Completed
401024,EVT-401024,Event_401024,2,200329,300406,2025-06-07,11:00,15:00,67800,218.48,Completed
401025,EVT-401025,Event_401025,12,200076,301459,2024-08-20,18:00,20:00,2775,13661.85,Completed
401026,EVT-401026,Event_401026,14,200151,301900,2026-04-28,10:00,16:00,7471,9074.34,Cancelled
401027,EVT-401027,Event_401027,6,200476,301007,2025-08-27,19:00,00:00,27363,14354.37,Cancelled
401028,EVT-401028,Event_401028,1,200424,301862,2026-01-26,14:00,19:00,41549,4805.01,Completed
401029,EVT-401029,Event_401029,3,200146,300348,2024-11-18,09:00,14:00,54088,3558.94,Completed
401030,EVT-401030,Event_401030,3,200065,301407,2024-03-14,19:00,21:00,28910,10786.68,Completed
401031,EVT-401031,Event_401031,3,200167,300349,2024-07-07,16:00,18:00,18643,3472.75,Completed
401032,EVT-401032,Event_401032,10,200381,301476,2025-12-07,10:00,15:00,27968,8011.24,Completed
401033,EVT-401033,Event_401033,2,200140,300960,2025-07-22,09:00,10:00,31859,5032.75,Cancelled
401034,EVT-401034,Event_401034,13,200443,301656,2026-03-10,16:00,21:00,14366,3459.71,Completed
401035,EVT-401035,Event_401035,8,200247,301901,2024-09-23,10:00,11:00,47965,11747.34,Completed
401036,EVT-401036,Event_401036,4,200464,300546,2025-03-24,14:00,18:00,13845,2937.69,Scheduled
401037,EVT-401037,Event_401037,6,200168,300057,2025-04-14,10:00,16:00,36057,10967.88,Completed
401038,EVT-401038,Event_401038,14,200072,301674,2025-07-17,11:00,17:00,34749,12416.34,Cancelled
401039,EVT-401039,Event_401039,10,200312,301131,2026-06-26,11:00,16:00,30799,6882.26,Completed
401040,EVT-401040,Event_401040,6,200358,301678,2024-02-15,10:00,15:00,66132,14851.95,Completed
401041,EVT-401041,Event_401041,13,200324,300073,2024-09-17,20:00,01:00,56341,9928.38,Completed
401042,EVT-401042,Event_401042,10,200095,300491,2024-04-08,10:00,12:00,58649,12153.11,Completed
401043,EVT-401043,Event_401043,13,200056,301626,2025-05-22,11:00,13:00,35577,14000.42,Scheduled
401044,EVT-401044,Event_401044,4,200447,300937,2026-06-21,14:00,20:00,16978,1545.66,Completed
401045,EVT-401045,Event_401045,13,200050,301579,2025-12-27,16:00,19:00,63585,7542.63,Postponed
401046,EVT-401046,Event_401046,8,200085,300418,2025-03-25,19:00,22:00,36513,8607.84,Scheduled
401047,EVT-401047,Event_401047,12,200094,300481,2026-01-20,11:00,12:00,5504,11257.99,Completed
401048,EVT-401048,Event_401048,4,200081,301502,2024-01-10,20:00,22:00,19543,10748.92,Completed
401049,EVT-401049,Event_401049,6,200053,301639,2024-06-27,20:00,22:00,20942,1797.43,Completed
401050,EVT-401050,Event_401050,7,200226,300958,2025-11-07,19:00,20:00,200000,4084.6,Cancelled
401051,EVT-401051,Event_401051,9,200185,301446,2026-03-15,10:00,13:00,50164,3725.1,Completed
401052,EVT-401052,Event_401052,13,200037,300062,2025-07-26,19:00,01:00,55802,676.16,Completed
401053,EVT-401053,Event_401053,8,200207,301017,2024-05-23,16:00,18:00,31761,8273.53,Scheduled
401054,EVT-401054,Event_401054,10,200264,301314,2025-06-18,11:00,17:00,48893,13001.12,Completed
401055,EVT-401055,Event_401055,9,200361,300985,2025-11-21,11:00,13:00,57772,7600.155000000001,Scheduled
401056,EVT-401056,Event_401056,1,200254,300328,2024-03-11,14:00,19:00,62261,13209.22,Completed
401057,EVT-401057,Event_401057,9,200249,301126,2025-12-09,10:00,15:00,9239,8986.58,Completed
401058,EVT-401058,Event_401058,11,200186,301551,2024-03-27,20:00,00:00,45412,4020.59,Scheduled
401059,EVT-401059,Event_401059,11,200439,300049,2026-01-11,10:00,12:00,22825,11370.92,Postponed
401060,EVT-401060,Event_401060,13,200067,300416,2025-02-05,10:00,15:00,42722,13145.36,Completed
401061,EVT-401061,Event_401061,10,200207,300129,2024-02-26,20:00,23:00,11869,13771.94,Completed
401062,EVT-401062,Event_401062,7,200186,300946,2024-07-25,19:00,01:00,43682,10674.69,Completed
401063,EVT-401063,Event_401063,8,200294,301158,2025-12-07,14:00,19:00,38556,3576.22,Completed
401064,EVT-401064,Event_401064,7,200314,300625,2024-03-29,16:00,17:00,10406,11565.04,Postponed
401065,EVT-401065,Event_401065,10,200500,300556,2024-10-21,20:00,21:00,20255,5094.98,Completed
401066,EVT-401066,Event_401066,14,200486,300834,2025-07-20,14:00,15:00,23695,7340.23,Completed
401067,EVT-401067,Event_401067,11,200289,300475,2026-05-05,10:00,15:00,32933,7600.155000000001,Postponed
401069,EVT-401069,Event_401069,2,200232,300701,2025-02-24,16:00,18:00,6397,2044.11,Scheduled
401070,EVT-401070,Event_401070,12,200288,301562,2025-02-19,10:00,14:00,12328,4950.36,Completed
401071,EVT-401071,Event_401071,11,200388,300065,2026-03-29,14:00,16:00,6889,8902.66,Completed
401072,EVT-401072,Event_401072,11,200224,301176,2024-08-14,10:00,14:00,40876,7969.27,Completed
401073,EVT-401073,Event_401073,2,200177,301002,2026-03-29,16:00,22:00,64401,397.6,Scheduled
401074,EVT-401074,Event_401074,8,200031,301709,2024-12-16,14:00,19:00,45954,8690.83,Completed
401075,EVT-401075,Event_401075,11,200254,301860,2026-03-07,16:00,19:00,65402,7620.65,Completed
401076,EVT-401076,Event_401076,13,200421,301474,2024-08-08,11:00,16:00,36101,11414.07,Completed
401077,EVT-401077,Event_401077,8,200217,301343,2025-12-10,16:00,20:00,59745,10663.76,Completed
401078,EVT-401078,Event_401078,12,200038,301210,2025-07-09,09:00,10:00,56117,12447.43,Completed
401079,EVT-401079,Event_401079,3,200109,300411,2025-02-19,20:00,23:00,59783,5648.07,Completed
401080,EVT-401080,Event_401080,8,200202,300333,2024-09-02,09:00,14:00,28505,2570.94,Postponed
401081,EVT-401081,Event_401081,11,200342,301607,2024-09-20,18:00,00:00,63969,7816.39,Completed
401082,EVT-401082,Event_401082,6,200110,300284,2025-06-19,11:00,17:00,3829,11833.12,Completed
401083,EVT-401083,Event_401083,8,200387,300025,2025-10-20,10:00,12:00,13619,10892.09,Cancelled
401084,EVT-401084,Event_401084,3,200366,300403,2024-10-23,19:00,01:00,27319,11728.78,Scheduled
401085,EVT-401085,Event_401085,2,200446,300289,2025-01-27,20:00,02:00,43138,7098.69,Cancelled
401086,EVT-401086,Event_401086,1,200402,301659,2025-03-19,20:00,02:00,52506,8198.57,Scheduled
401087,EVT-401087,Event_401087,6,200210,300343,2025-08-07,18:00,00:00,44230,7747.28,Scheduled
401088,EVT-401088,Event_401088,12,200476,301320,2025-11-24,10:00,14:00,32128,1310.82,Completed
401089,EVT-401089,Event_401089,7,200282,301129,2026-05-20,20:00,00:00,4900,13943.32,Completed
401090,EVT-401090,Event_401090,10,200323,301354,2025-02-17,14:00,18:00,33877,7542.56,Completed
401091,EVT-401091,Event_401091,13,200071,301828,2024-12-21,10:00,15:00,53481,10876.26,Postponed
401092,EVT-401092,Event_401092,6,200336,300115,2025-04-20,18:00,19:00,49613,11154.34,Completed
401093,EVT-401093,Event_401093,15,200180,301660,2024-04-18,14:00,15:00,17956,5183.26,Scheduled
401094,EVT-401094,Event_401094,9,200063,300301,2025-04-04,09:00,11:00,2781,11551.32,Scheduled
401095,EVT-401095,Event_401095,7,200145,300187,2024-08-10,11:00,15:00,39609,8607.36,Completed
401096,EVT-401096,Event_401096,10,200171,301783,2024-01-15,18:00,20:00,603,1723.6,Cancelled
401097,EVT-401097,Event_401097,15,200067,300322,2025-02-03,19:00,01:00,47242,8446.54,Completed
401098,EVT-401098,Event_401098,14,200099,301170,2024-06-18,16:00,20:00,58106,4738.45,Completed
401099,EVT-401099,Event_401099,6,200408,301564,2025-01-15,19:00,22:00,200000,14933.02,Completed
401100,EVT-401100,Event_401100,1,200101,301853,2025-10-03,20:00,21:00,41858,2236.41,Cancelled
401101,EVT-401101,Event_401101,13,200097,301998,2024-08-05,19:00,23:00,19742,13882.75,Cancelled
401103,EVT-401103,Event_401103,13,200313,300330,2024-12-27,16:00,21:00,46044,7600.155000000001,Completed
401104,EVT-401104,Event_401104,3,200339,301029,2024-12-05,11:00,12:00,22465,7578.69,Completed
401105,EVT-401105,Event_401105,12,200421,300809,2024-06-30,11:00,17:00,67957,7778.26,Completed
401106,EVT-401106,Event_401106,2,200121,300204,2024-04-27,09:00,12:00,56312,11270.19,Completed
401107,EVT-401107,Event_401107,2,200483,300874,2024-04-25,20:00,21:00,14993,5317.92,Completed
401108,EVT-401108,Event_401108,2,200285,301005,2025-01-30,11:00,14:00,18616,13452.01,Completed
401109,EVT-401109,Event_401109,14,200261,300484,2026-06-04,20:00,22:00,59104,7976.47,Cancelled
401110,EVT-401110,Event_401110,15,200467,300322,2025-03-27,19:00,20:00,17494,14827.01,Postponed
401111,EVT-401111,Event_401111,13,200433,300209,2025-01-04,19:00,00:00,20775,1677.71,Completed
401112,EVT-401112,Event_401112,2,200146,301540,2026-02-17,19:00,01:00,32549,11461.45,Completed
401113,EVT-401113,Event_401113,13,200355,300200,2024-02-15,09:00,15:00,55286,2164.05,Completed
401114,EVT-401114,Event_401114,4,200224,300153,2024-09-07,19:00,00:00,37235,6125.73,Completed
401115,EVT-401115,Event_401115,6,200470,300384,2024-07-16,14:00,17:00,61524,14261.51,Completed
401116,EVT-401116,Event_401116,5,200037,301234,2025-09-13,19:00,23:00,19508,10919.17,Completed
401117,EVT-401117,Event_401117,15,200495,300921,2026-02-09,11:00,17:00,2037,1899.18,Completed
401118,EVT-401118,Event_401118,15,200453,301033,2025-01-22,18:00,20:00,200000,246.31,Completed
401119,EVT-401119,Event_401119,12,200257,301049,2024-04-07,18:00,23:00,51707,8213.24,Completed
401120,EVT-401120,Event_401120,2,200346,300395,2024-06-03,09:00,12:00,66713,293.08,Completed
401121,EVT-401121,Event_401121,6,200072,300905,2024-12-23,14:00,17:00,25477,3832.44,Postponed
401122,EVT-401122,Event_401122,6,200383,300950,2024-05-29,10:00,14:00,11820,13554.7,Scheduled
401123,EVT-401123,Event_401123,9,200065,300685,2025-12-04,16:00,20:00,59743,12176.48,Completed
401124,EVT-401124,Event_401124,10,200359,300542,2024-10-09,11:00,14:00,23449,14569.05,Postponed
401125,EVT-401125,Event_401125,1,200282,301234,2024-04-26,14:00,20:00,10985,5162.09,Scheduled
401126,EVT-401126,Event_401126,11,200349,301322,2025-08-09,10:00,15:00,52093,1371.3,Completed
401127,EVT-401127,Event_401127,1,200493,301592,2026-01-13,14:00,16:00,56156,3870.44,Completed
401128,EVT-401128,Event_401128,15,200078,301125,2024-12-09,19:00,23:00,58033,8854.33,Completed
401129,EVT-401129,Event_401129,5,200374,301622,2025-09-24,09:00,11:00,26336,4072.13,Completed
401132,EVT-401132,Event_401132,11,200036,300972,2024-10-09,19:00,23:00,65090,13025.22,Completed
401133,EVT-401133,Event_401133,2,200352,301825,2025-12-24,14:00,15:00,57218,6038.4,Scheduled
401134,EVT-401134,Event_401134,6,200065,301137,2024-07-18,18:00,20:00,22108,9014.88,Scheduled
401135,EVT-401135,Event_401135,5,200316,300080,2026-04-06,14:00,16:00,35737,9409.36,Completed
401136,EVT-401136,Event_401136,3,200471,301294,2024-12-06,14:00,19:00,37145,11199.37,Completed
401137,EVT-401137,Event_401137,12,200239,300396,2024-09-19,14:00,20:00,26249,2177.14,Completed
401138,EVT-401138,Event_401138,5,200048,300811,2026-05-15,19:00,20:00,68153,6801.63,Completed
401139,EVT-401139,Event_401139,8,200140,301724,2025-11-26,16:00,20:00,14400,4702.99,Cancelled
401140,EVT-401140,Event_401140,14,200292,300626,2026-01-30,19:00,22:00,10886,4910.87,Completed
401141,EVT-401141,Event_401141,8,200230,300728,2024-12-19,10:00,14:00,16450,1500.87,Postponed
401142,EVT-401142,Event_401142,15,200485,301050,2024-10-30,19:00,01:00,21574,746.17,Cancelled
401143,EVT-401143,Event_401143,15,200365,300056,2025-09-20,10:00,16:00,3921,4541.01,Scheduled
401144,EVT-401144,Event_401144,4,200144,301166,2024-02-12,20:00,02:00,69413,6305.68,Completed
401145,EVT-401145,Event_401145,12,200420,300134,2024-10-03,11:00,15:00,63456,12615.7,Scheduled
401147,EVT-401147,Event_401147,10,200464,300773,2025-02-16,20:00,00:00,10338,1388.43,Completed
401148,EVT-401148,Event_401148,1,200394,301713,2026-05-16,19:00,01:00,51136,7600.155000000001,Completed
401149,EVT-401149,Event_401149,10,200353,300550,2024-05-18,11:00,17:00,200000,10702.6,Scheduled
401150,EVT-401150,Event_401150,15,200408,300865,2025-05-22,09:00,12:00,34680,8764.4,Completed
401151,EVT-401151,Event_401151,9,200361,301141,2025-04-06,20:00,00:00,35397,9967.32,Completed
401152,EVT-401152,Event_401152,13,200184,300849,2024-04-04,14:00,17:00,54145,6461.81,Postponed
401153,EVT-401153,Event_401153,11,200478,300002,2025-01-05,10:00,14:00,52997,12770.93,Postponed
401154,EVT-401154,Event_401154,14,200127,301551,2026-06-21,16:00,21:00,51599,443.25,Completed
401155,EVT-401155,Event_401155,3,200369,301961,2024-02-01,16:00,21:00,3101,10343.95,Completed
401156,EVT-401156,Event_401156,9,200458,301701,2026-03-31,18:00,00:00,33499,11202.54,Completed
401157,EVT-401157,Event_401157,5,200037,301372,2025-05-08,14:00,17:00,39345,13610.99,Cancelled
401158,EVT-401158,Event_401158,5,200149,301507,2024-10-26,11:00,13:00,69610,674.4,Completed
401159,EVT-401159,Event_401159,8,200361,301386,2025-10-10,11:00,14:00,45334,946.8,Scheduled
401160,EVT-401160,Event_401160,2,200244,300858,2024-01-21,14:00,19:00,46238,7600.155000000001,Scheduled
401161,EVT-401161,Event_401161,4,200116,301382,2025-10-17,11:00,14:00,64706,8392.16,Completed
401162,EVT-401162,Event_401162,6,200035,300487,2026-02-06,14:00,15:00,36851,8037.65,Completed
401163,EVT-401163,Event_401163,3,200139,300171,2026-02-15,16:00,21:00,12383,4109.67,Completed
401164,EVT-401164,Event_401164,1,200287,301546,2025-01-14,20:00,01:00,69714,6742.33,Scheduled
401165,EVT-401165,Event_401165,6,200015,300725,2024-02-11,18:00,23:00,28438,9930.5,Postponed
401166,EVT-401166,Event_401166,4,200183,301100,2026-01-31,18:00,19:00,32508,14276.05,Completed
401167,EVT-401167,Event_401167,3,200313,301346,2025-09-24,18:00,20:00,22280,12490.63,Completed
401168,EVT-401168,Event_401168,5,200092,300683,2026-05-09,19:00,22:00,32093,5924.99,Completed
401169,EVT-401169,Event_401169,14,200375,300327,2024-12-27,20:00,21:00,39640,1737.66,Completed
401170,EVT-401170,Event_401170,10,200056,301533,2025-02-21,14:00,17:00,63555,7666.61,Scheduled
401171,EVT-401171,Event_401171,1,200003,301054,2025-11-05,14:00,19:00,43459,5970.68,Completed
401172,EVT-401172,Event_401172,1,200413,300932,2026-06-09,18:00,19:00,62146,8343.33,Completed
401173,EVT-401173,Event_401173,1,200294,301713,2024-05-18,19:00,20:00,52424,12333.87,Completed
401174,EVT-401174,Event_401174,15,200325,301548,2024-12-29,20:00,02:00,66117,7600.155000000001,Postponed
401175,EVT-401175,Event_401175,2,200089,300005,2025-07-26,16:00,18:00,57308,6527.47,Completed
401176,EVT-401176,Event_401176,14,200429,300394,2025-05-31,14:00,17:00,16453,2255.1,Completed
401177,EVT-401177,Event_401177,6,200313,300786,2025-02-09,10:00,14:00,26746,4475.62,Completed
401178,EVT-401178,Event_401178,3,200056,300219,2025-10-03,10:00,11:00,54009,6730.81,Scheduled
401179,EVT-401179,Event_401179,5,200190,300354,2025-06-29,14:00,16:00,3917,13885.27,Completed
401180,EVT-401180,Event_401180,9,200498,300137,2024-06-02,18:00,00:00,64063,13411.11,Completed
401181,EVT-401181,Event_401181,14,200078,300669,2024-07-29,16:00,20:00,22437,10838.12,Completed
401182,EVT-401182,Event_401182,9,200085,301587,2025-07-13,14:00,19:00,8558,447.81,Completed
401183,EVT-401183,Event_401183,5,200310,300335,2025-05-31,11:00,14:00,2599,1142.74,Scheduled
401185,EVT-401185,Event_401185,15,200431,301078,2025-10-20,19:00,22:00,120,7266.17,Completed
401186,EVT-401186,Event_401186,12,200468,301597,2026-06-25,20:00,23:00,40708,5883.42,Scheduled
401187,EVT-401187,Event_401187,15,200307,300092,2024-10-27,18:00,00:00,50295,3658.45,Completed
401188,EVT-401188,Event_401188,4,200436,301032,2025-08-24,18:00,00:00,5259,11277.91,Completed
401189,EVT-401189,Event_401189,3,200022,301946,2025-11-22,09:00,10:00,37178,10094.1,Completed
401190,EVT-401190,Event_401190,7,200257,300665,2024-06-26,09:00,14:00,15216,13831.75,Scheduled
401191,EVT-401191,Event_401191,5,200451,301382,2026-06-26,20:00,22:00,58476,12976.11,Completed
401192,EVT-401192,Event_401192,5,200180,301648,2026-04-19,10:00,15:00,5526,10322.12,Cancelled
401193,EVT-401193,Event_401193,8,200176,301122,2025-11-18,10:00,16:00,17675,10731.43,Cancelled
401194,EVT-401194,Event_401194,7,200111,301494,2024-09-17,10:00,13:00,54503,4943.1,Completed
401195,EVT-401195,Event_401195,9,200434,300283,2025-05-20,16:00,19:00,23076,10984.1,Postponed
401196,EVT-401196,Event_401196,13,200258,301233,2024-04-10,09:00,10:00,52282,8110.23,Completed
401197,EVT-401197,Event_401197,9,200394,300697,2024-07-28,18:00,19:00,64146,1923.94,Completed
401198,EVT-401198,Event_401198,4,200134,301501,2026-01-28,16:00,21:00,66816,13111.0,Cancelled
401199,EVT-401199,Event_401199,9,200339,300624,2026-02-15,20:00,23:00,34874,6885.35,Scheduled
401200,EVT-401200,Event_401200,4,200126,300499,2025-11-05,11:00,14:00,200000,10671.81,Cancelled
401201,EVT-401201,Event_401201,6,200479,300952,2025-11-22,11:00,16:00,61494,543.74,Completed
401202,EVT-401202,Event_401202,7,200445,301870,2026-06-15,11:00,17:00,9191,562.5,Completed
401203,EVT-401203,Event_401203,11,200270,301289,2024-08-10,10:00,14:00,34948,12405.77,Completed
401204,EVT-401204,Event_401204,1,200178,301729,2026-04-04,14:00,16:00,65147,3348.25,Completed
401205,EVT-401205,Event_401205,1,200365,301301,2025-11-22,11:00,15:00,68356,14422.53,Scheduled
401206,EVT-401206,Event_401206,3,200119,300226,2024-03-04,20:00,00:00,54994,6630.47,Completed
401207,EVT-401207,Event_401207,7,200185,301229,2025-05-07,20:00,00:00,56472,1013.26,Completed
401208,EVT-401208,Event_401208,5,200224,300832,2024-06-25,19:00,20:00,31169,982.86,Completed
401209,EVT-401209,Event_401209,14,200480,301322,2024-12-17,10:00,12:00,10949,4100.0,Completed
401210,EVT-401210,Event_401210,13,200326,301120,2025-11-25,20:00,00:00,7138,13033.82,Completed
401211,EVT-401211,Event_401211,1,200495,301673,2024-05-09,18:00,21:00,43669,6407.48,Cancelled
401212,EVT-401212,Event_401212,8,200325,301754,2024-01-12,14:00,16:00,16041,13161.8,Completed
401213,EVT-401213,Event_401213,13,200003,300507,2025-08-19,19:00,23:00,59625,13515.78,Scheduled
401214,EVT-401214,Event_401214,15,200385,301452,2025-03-28,11:00,17:00,39762,1816.24,Completed
401215,EVT-401215,Event_401215,7,200108,300023,2024-07-19,14:00,20:00,35856,10165.06,Postponed
401216,EVT-401216,Event_401216,6,200329,300252,2024-03-25,10:00,14:00,10956,5201.16,Completed
401217,EVT-401217,Event_401217,14,200297,300566,2026-02-18,09:00,10:00,20902,13247.64,Completed
401218,EVT-401218,Event_401218,12,200423,300167,2024-06-18,19:00,20:00,8763,7457.52,Completed
401219,EVT-401219,Event_401219,2,200091,301043,2025-08-28,10:00,14:00,32494,7977.27,Completed
401220,EVT-401220,Event_401220,15,200495,301393,2024-06-05,14:00,15:00,3762,7600.155000000001,Completed
401221,EVT-401221,Event_401221,13,200440,300635,2026-05-01,14:00,15:00,13268,13263.75,Completed
401222,EVT-401222,Event_401222,9,200431,300817,2026-01-22,14:00,17:00,4252,10399.94,Scheduled
401223,EVT-401223,Event_401223,3,200394,301338,2025-01-05,14:00,17:00,24472,9204.21,Completed
401224,EVT-401224,Event_401224,9,200285,300155,2026-02-23,10:00,15:00,40801,9854.64,Completed
401225,EVT-401225,Event_401225,7,200336,300549,2025-10-16,18:00,19:00,8200,309.29,Completed
401226,EVT-401226,Event_401226,11,200493,300957,2025-08-06,20:00,21:00,27050,10904.26,Cancelled
401227,EVT-401227,Event_401227,12,200002,300891,2025-11-27,09:00,15:00,9521,14711.53,Scheduled
401228,EVT-401228,Event_401228,7,200209,301788,2026-01-29,20:00,02:00,8857,2827.24,Completed
401229,EVT-401229,Event_401229,10,200072,300740,2024-04-28,19:00,20:00,50283,5095.26,Completed
401230,EVT-401230,Event_401230,2,200127,300298,2025-08-14,14:00,16:00,26608,5870.65,Completed
401231,EVT-401231,Event_401231,10,200404,301163,2025-01-23,20:00,23:00,27348,3698.55,Postponed
401232,EVT-401232,Event_401232,10,200392,301000,2024-06-13,20:00,21:00,35620,7892.87,Scheduled
401233,EVT-401233,Event_401233,3,200461,300831,2026-02-24,20:00,02:00,63912,13134.08,Completed
401234,EVT-401234,Event_401234,2,200337,300409,2026-06-28,14:00,18:00,33878,9711.88,Scheduled
401235,EVT-401235,Event_401235,14,200356,301880,2025-08-31,20:00,23:00,54832,6154.34,Cancelled
401236,EVT-401236,Event_401236,9,200192,301574,2024-04-30,19:00,21:00,63423,14587.54,Completed
401237,EVT-401237,Event_401237,6,200243,300214,2026-06-15,10:00,13:00,54985,6763.92,Completed
401239,EVT-401239,Event_401239,15,200390,301463,2024-12-19,20:00,01:00,44139,4058.26,Scheduled
401240,EVT-401240,Event_401240,4,200320,300991,2025-11-08,14:00,17:00,56294,7600.155000000001,Completed
401241,EVT-401241,Event_401241,6,200147,300674,2024-12-04,11:00,14:00,37056,3222.72,Completed
401242,EVT-401242,Event_401242,9,200023,301562,2024-06-16,14:00,20:00,16528,12572.81,Postponed
401243,EVT-401243,Event_401243,5,200325,300614,2026-05-08,10:00,13:00,63460,12617.11,Scheduled
401244,EVT-401244,Event_401244,6,200065,300571,2024-10-26,16:00,18:00,30327,9413.94,Cancelled
401245,EVT-401245,Event_401245,14,200494,301363,2026-04-11,16:00,18:00,9914,7600.155000000001,Cancelled
401246,EVT-401246,Event_401246,9,200470,300509,2024-11-15,20:00,22:00,50599,11380.27,Scheduled
401247,EVT-401247,Event_401247,12,200076,300523,2025-03-13,19:00,23:00,12945,5618.32,Postponed
401248,EVT-401248,Event_401248,6,200068,301109,2025-11-16,14:00,16:00,35323,8983.91,Scheduled
401249,EVT-401249,Event_401249,11,200168,301839,2025-03-07,19:00,22:00,19162,7600.155000000001,Completed
401250,EVT-401250,Event_401250,10,200020,301946,2024-03-26,14:00,19:00,59427,7600.155000000001,Scheduled
401251,EVT-401251,Event_401251,8,200320,300587,2025-02-01,11:00,16:00,50753,484.64,Completed
401252,EVT-401252,Event_401252,12,200386,300796,2024-05-15,18:00,22:00,17332,7773.28,Cancelled
401253,EVT-401253,Event_401253,9,200383,300135,2025-02-02,14:00,20:00,7934,3890.81,Completed
401254,EVT-401254,Event_401254,6,200220,300772,2026-04-02,16:00,19:00,22190,8708.58,Completed
401255,EVT-401255,Event_401255,9,200447,300382,2025-11-15,20:00,21:00,62190,7600.155000000001,Completed
401256,EVT-401256,Event_401256,10,200058,300557,2025-05-18,20:00,01:00,35002,11395.83,Completed
401257,EVT-401257,Event_401257,12,200204,300673,2024-03-18,19:00,23:00,19371,1636.86,Completed
401258,EVT-401258,Event_401258,8,200412,300270,2026-03-08,18:00,22:00,60147,7600.155000000001,Scheduled
401259,EVT-401259,Event_401259,7,200360,301965,2025-05-27,10:00,14:00,9538,5093.63,Completed
401260,EVT-401260,Event_401260,7,200349,301370,2025-07-14,14:00,20:00,200000,9177.71,Cancelled
401261,EVT-401261,Event_401261,3,200470,300718,2024-11-12,10:00,15:00,60511,4606.39,Completed
401262,EVT-401262,Event_401262,3,200182,301923,2025-04-25,10:00,13:00,56811,4769.11,Cancelled
401263,EVT-401263,Event_401263,9,200382,300347,2024-02-21,10:00,13:00,41715,6977.51,Postponed
401264,EVT-401264,Event_401264,11,200011,300890,2026-01-10,09:00,12:00,56206,5782.61,Completed
401265,EVT-401265,Event_401265,14,200298,301244,2025-07-10,18:00,19:00,48622,13494.34,Cancelled
401266,EVT-401266,Event_401266,3,200030,300479,2026-01-09,11:00,16:00,200000,11553.21,Scheduled
401267,EVT-401267,Event_401267,10,200357,301229,2024-05-18,19:00,20:00,11336,784.71,Postponed
401268,EVT-401268,Event_401268,13,200444,300898,2026-02-27,09:00,12:00,16818,8977.08,Scheduled
401269,EVT-401269,Event_401269,11,200031,301897,2026-04-06,10:00,11:00,65000,6903.62,Scheduled
401270,EVT-401270,Event_401270,13,200358,300640,2025-09-29,19:00,23:00,29468,13406.86,Cancelled
401271,EVT-401271,Event_401271,6,200414,300183,2024-05-03,14:00,20:00,22381,7600.155000000001,Completed
401272,EVT-401272,Event_401272,13,200266,300405,2024-09-17,11:00,13:00,18013,10063.93,Completed
401273,EVT-401273,Event_401273,3,200448,300180,2024-08-02,16:00,22:00,7665,7480.64,Completed
401274,EVT-401274,Event_401274,11,200209,300185,2025-08-20,11:00,12:00,37411,13519.56,Completed
401275,EVT-401275,Event_401275,10,200003,300111,2026-05-31,18:00,00:00,38634,7600.155000000001,Completed
401277,EVT-401277,Event_401277,15,200345,300032,2026-02-01,09:00,10:00,23048,12143.58,Postponed
401278,EVT-401278,Event_401278,10,200027,301663,2024-01-02,18:00,19:00,45468,2528.15,Scheduled
401279,EVT-401279,Event_401279,5,200412,301766,2025-04-24,14:00,16:00,51685,13165.9,Completed
401280,EVT-401280,Event_401280,9,200258,301647,2026-02-24,14:00,17:00,25064,594.14,Completed
401281,EVT-401281,Event_401281,13,200252,300664,2026-02-16,11:00,13:00,9135,6116.78,Completed
401282,EVT-401282,Event_401282,15,200319,301139,2026-01-21,11:00,12:00,30500,14546.43,Completed
401283,EVT-401283,Event_401283,6,200140,301742,2024-01-07,16:00,22:00,25169,11289.05,Completed
401284,EVT-401284,Event_401284,6,200425,301858,2026-04-07,14:00,19:00,11128,9678.53,Scheduled
401285,EVT-401285,Event_401285,3,200495,300489,2024-07-12,14:00,19:00,62825,13765.14,Scheduled
401286,EVT-401286,Event_401286,7,200382,300027,2024-08-02,10:00,12:00,23601,14124.93,Scheduled
401287,EVT-401287,Event_401287,4,200142,301197,2026-03-01,09:00,15:00,63150,6819.0,Completed
401288,EVT-401288,Event_401288,10,200369,300843,2024-09-20,18:00,00:00,66608,2070.31,Cancelled
401289,EVT-401289,Event_401289,15,200045,301306,2024-05-14,11:00,14:00,29203,12401.94,Scheduled
401290,EVT-401290,Event_401290,11,200261,301353,2025-07-23,19:00,20:00,12042,8830.29,Completed
401291,EVT-401291,Event_401291,3,200384,301598,2024-09-14,09:00,13:00,39448,13835.83,Completed
401292,EVT-401292,Event_401292,12,200045,300113,2025-08-13,10:00,11:00,50607,10996.15,Scheduled
401293,EVT-401293,Event_401293,14,200282,300944,2024-02-24,20:00,23:00,34480,11460.38,Completed
401294,EVT-401294,Event_401294,4,200428,300390,2024-01-01,14:00,18:00,22742,2029.93,Scheduled
401295,EVT-401295,Event_401295,7,200383,300202,2025-04-28,11:00,12:00,50425,10523.33,Scheduled
401296,EVT-401296,Event_401296,5,200431,300893,2026-01-28,18:00,20:00,10926,14555.51,Completed
401297,EVT-401297,Event_401297,4,200133,300970,2026-06-12,10:00,13:00,45098,6174.33,Cancelled
401298,EVT-401298,Event_401298,5,200346,301795,2024-02-05,16:00,17:00,26243,10314.29,Completed
401299,EVT-401299,Event_401299,7,200044,300902,2026-05-21,10:00,11:00,49627,6025.48,Completed
401300,EVT-401300,Event_401300,5,200488,301890,2024-08-27,16:00,20:00,26515,522.39,Completed
401301,EVT-401301,Event_401301,6,200171,300439,2024-06-10,16:00,17:00,30831,13123.64,Postponed
401302,EVT-401302,Event_401302,7,200117,301697,2024-09-20,09:00,13:00,58928,11767.17,Completed
401303,EVT-401303,Event_401303,4,200251,301653,2025-01-05,16:00,18:00,68224,1111.32,Completed
401304,EVT-401304,Event_401304,7,200081,300886,2024-01-01,14:00,16:00,65262,14348.83,Completed
401305,EVT-401305,Event_401305,10,200033,300735,2024-04-30,20:00,21:00,9144,11210.02,Completed
401306,EVT-401306,Event_401306,11,200152,300964,2024-09-24,19:00,22:00,9092,746.24,Completed
401307,EVT-401307,Event_401307,12,200241,301847,2025-01-28,16:00,18:00,7795,6333.02,Completed
401308,EVT-401308,Event_401308,4,200371,301551,2025-08-25,14:00,17:00,21683,9373.62,Completed
401309,EVT-401309,Event_401309,5,200314,301645,2025-04-18,11:00,14:00,38890,11928.68,Completed
401310,EVT-401310,Event_401310,7,200044,300445,2025-12-06,20:00,23:00,51836,7600.155000000001,Completed
401311,EVT-401311,Event_401311,12,200382,301717,2026-03-30,14:00,17:00,37031,7600.155000000001,Postponed
401313,EVT-401313,Event_401313,2,200242,301448,2025-09-25,14:00,20:00,30092,4813.29,Scheduled
401314,EVT-401314,Event_401314,2,200426,300791,2026-03-08,16:00,22:00,33791,13791.73,Completed
401315,EVT-401315,Event_401315,6,200147,300814,2025-09-09,10:00,13:00,27706,2273.73,Completed
401316,EVT-401316,Event_401316,15,200020,301065,2025-03-24,09:00,15:00,20641,9795.54,Completed
401317,EVT-401317,Event_401317,13,200425,300537,2024-06-08,09:00,14:00,44584,11200.29,Completed
401318,EVT-401318,Event_401318,1,200318,301756,2025-11-26,18:00,00:00,47574,14783.12,Completed
401319,EVT-401319,Event_401319,13,200230,300099,2024-04-29,14:00,17:00,51931,14129.24,Completed
401320,EVT-401320,Event_401320,14,200291,300917,2025-09-24,09:00,11:00,42146,10605.24,Postponed
401321,EVT-401321,Event_401321,5,200334,300120,2025-04-28,16:00,20:00,27971,9839.55,Cancelled
401322,EVT-401322,Event_401322,7,200044,300057,2026-06-28,20:00,02:00,53862,4879.79,Postponed
401323,EVT-401323,Event_401323,9,200384,301415,2025-03-16,20:00,21:00,3568,12597.6,Completed
401324,EVT-401324,Event_401324,14,200310,300116,2026-02-13,19:00,22:00,46868,5890.19,Completed
401325,EVT-401325,Event_401325,4,200194,300431,2024-12-04,18:00,23:00,11129,7404.59,Scheduled
401327,EVT-401327,Event_401327,13,200362,300070,2026-03-29,20:00,22:00,44075,11264.4,Completed
401328,EVT-401328,Event_401328,11,200408,301645,2024-04-22,10:00,16:00,45017,2539.62,Scheduled
401329,EVT-401329,Event_401329,15,200451,300469,2026-02-08,09:00,13:00,20419,7846.71,Completed
401330,EVT-401330,Event_401330,6,200155,301118,2025-05-02,16:00,17:00,2693,1381.76,Scheduled
401331,EVT-401331,Event_401331,6,200034,300535,2026-04-04,19:00,20:00,60928,4485.72,Completed
401332,EVT-401332,Event_401332,11,200072,301213,2025-03-23,10:00,15:00,65361,9975.89,Postponed
401333,EVT-401333,Event_401333,7,200160,300785,2024-08-30,10:00,11:00,2690,13747.22,Completed
401334,EVT-401334,Event_401334,12,200371,301195,2026-05-06,10:00,15:00,10810,1007.04,Completed
401335,EVT-401335,Event_401335,6,200415,301816,2024-04-28,20:00,01:00,34540,1156.03,Completed
401336,EVT-401336,Event_401336,7,200180,300879,2024-10-06,10:00,14:00,58224,5140.53,Scheduled
401337,EVT-401337,Event_401337,15,200084,300373,2026-04-06,09:00,12:00,125,4791.62,Completed
401338,EVT-401338,Event_401338,7,200326,301121,2025-07-31,10:00,11:00,40731,12320.85,Completed
401339,EVT-401339,Event_401339,14,200055,300180,2026-04-14,14:00,19:00,20810,4319.19,Completed
401340,EVT-401340,Event_401340,13,200440,301111,2025-05-10,18:00,23:00,28750,4378.92,Postponed
401341,EVT-401341,Event_401341,5,200269,301412,2025-10-07,18:00,20:00,13861,14812.66,Scheduled
401342,EVT-401342,Event_401342,13,200069,301600,2024-12-10,14:00,18:00,23507,11570.71,Completed
401343,EVT-401343,Event_401343,8,200377,301028,2025-06-30,16:00,19:00,55472,7128.66,Completed
401344,EVT-401344,Event_401344,6,200230,300933,2025-06-26,10:00,16:00,56988,13541.2,Completed
401345,EVT-401345,Event_401345,4,200206,300797,2026-04-10,11:00,13:00,20851,628.23,Completed
401346,EVT-401346,Event_401346,6,200432,300655,2026-02-27,16:00,20:00,54882,9980.91,Completed
401348,EVT-401348,Event_401348,11,200018,300525,2025-02-09,19:00,00:00,3948,4613.41,Completed
401349,EVT-401349,Event_401349,14,200338,300132,2024-01-08,16:00,19:00,57885,9977.88,Completed
401350,EVT-401350,Event_401350,8,200149,300619,2024-02-29,10:00,15:00,59276,11925.46,Cancelled
401352,EVT-401352,Event_401352,6,200454,301063,2026-03-11,11:00,13:00,31190,9985.07,Completed
401354,EVT-401354,Event_401354,5,200011,300722,2026-04-21,09:00,15:00,5592,14657.75,Completed
401355,EVT-401355,Event_401355,8,200031,300728,2025-02-07,14:00,20:00,30648,10784.42,Completed
401356,EVT-401356,Event_401356,10,200439,301584,2024-11-23,11:00,17:00,59335,13885.7,Completed
401357,EVT-401357,Event_401357,10,200133,301989,2026-02-23,09:00,14:00,54982,4939.19,Completed
401358,EVT-401358,Event_401358,13,200093,301723,2024-06-29,18:00,21:00,49226,7600.155000000001,Scheduled
401359,EVT-401359,Event_401359,3,200060,300015,2025-01-05,20:00,02:00,12096,4869.44,Completed
401360,EVT-401360,Event_401360,12,200081,301814,2025-07-02,10:00,11:00,63169,13347.03,Completed
401361,EVT-401361,Event_401361,3,200009,301721,2026-05-26,16:00,21:00,62541,252.3,Completed
401362,EVT-401362,Event_401362,8,200298,301123,2025-07-05,11:00,17:00,15685,5316.3,Scheduled
401363,EVT-401363,Event_401363,13,200040,301627,2025-03-18,10:00,11:00,46068,7093.72,Cancelled
401364,EVT-401364,Event_401364,6,200316,301390,2025-02-10,18:00,21:00,19306,3465.5,Completed
401365,EVT-401365,Event_401365,14,200052,300930,2026-01-16,20:00,02:00,62270,4412.83,Completed
401366,EVT-401366,Event_401366,13,200493,301171,2026-06-07,16:00,21:00,200000,4599.07,Completed
401367,EVT-401367,Event_401367,13,200013,301937,2024-05-02,18:00,20:00,16440,10905.95,Scheduled
401368,EVT-401368,Event_401368,3,200374,301574,2026-06-21,20:00,02:00,66006,7600.155000000001,Postponed
401369,EVT-401369,Event_401369,4,200452,301726,2025-12-19,11:00,15:00,18495,14823.87,Cancelled
401370,EVT-401370,Event_401370,15,200154,300831,2025-02-25,16:00,22:00,41768,11019.04,Completed
401371,EVT-401371,Event_401371,5,200062,301324,2026-06-23,14:00,18:00,48712,7600.155000000001,Scheduled
401372,EVT-401372,Event_401372,10,200432,301962,2025-03-13,20:00,01:00,66975,12354.54,Completed
401373,EVT-401373,Event_401373,15,200359,300032,2026-01-11,19:00,20:00,200000,2462.76,Completed
401374,EVT-401374,Event_401374,2,200335,300978,2025-09-22,11:00,13:00,42633,7617.45,Completed
401376,EVT-401376,Event_401376,11,200239,300826,2026-01-22,16:00,20:00,63186,6605.51,Scheduled
401377,EVT-401377,Event_401377,13,200095,300465,2025-11-05,10:00,16:00,31102,8796.6,Completed
401378,EVT-401378,Event_401378,8,200175,300898,2026-04-29,14:00,18:00,51458,14210.94,Scheduled
401379,EVT-401379,Event_401379,11,200334,301551,2025-10-07,09:00,13:00,9228,12796.22,Scheduled
401380,EVT-401380,Event_401380,14,200223,300022,2025-04-15,11:00,14:00,55517,12331.29,Scheduled
401381,EVT-401381,Event_401381,6,200499,301631,2025-08-17,16:00,19:00,18192,1642.99,Postponed
401383,EVT-401383,Event_401383,9,200169,301709,2026-01-13,09:00,12:00,12031,13675.06,Cancelled
401384,EVT-401384,Event_401384,2,200191,301619,2025-10-30,18:00,23:00,27665,486.81,Completed
401385,EVT-401385,Event_401385,2,200025,301326,2026-06-11,10:00,13:00,50093,11076.11,Completed
401386,EVT-401386,Event_401386,12,200475,301412,2024-09-09,16:00,22:00,29811,12433.8,Scheduled
401387,EVT-401387,Event_401387,4,200456,300100,2026-01-19,20:00,23:00,18391,3193.06,Cancelled
401388,EVT-401388,Event_401388,4,200447,301088,2026-06-19,16:00,17:00,9589,14709.15,Completed
401389,EVT-401389,Event_401389,9,200468,300623,2025-03-19,11:00,16:00,63023,11828.25,Completed
401391,EVT-401391,Event_401391,1,200245,301860,2025-03-23,14:00,15:00,64847,8880.89,Postponed
401392,EVT-401392,Event_401392,11,200436,300311,2025-07-17,20:00,00:00,7879,5017.48,Postponed
401393,EVT-401393,Event_401393,14,200135,301299,2025-11-13,20:00,00:00,55155,1408.12,Completed
401394,EVT-401394,Event_401394,12,200353,300161,2024-03-12,20:00,01:00,23087,1448.52,Completed
401395,EVT-401395,Event_401395,3,200117,300521,2026-06-19,11:00,17:00,45561,7330.39,Scheduled
401396,EVT-401396,Event_401396,13,200006,301625,2024-12-25,11:00,12:00,23215,10045.68,Completed
401397,EVT-401397,Event_401397,14,200046,300824,2026-01-15,16:00,20:00,9214,2077.9,Scheduled
401398,EVT-401398,Event_401398,7,200108,300475,2024-10-10,11:00,12:00,51807,224.63,Completed
401399,EVT-401399,Event_401399,14,200203,301087,2025-06-12,16:00,19:00,65946,10688.13,Completed
401400,EVT-401400,Event_401400,6,200482,300861,2025-03-31,20:00,23:00,28077,409.4,Completed
401401,EVT-401401,Event_401401,13,200347,301742,2026-05-11,10:00,14:00,54346,10976.49,Completed
401403,EVT-401403,Event_401403,15,200432,300478,2024-04-07,11:00,15:00,12956,379.81,Scheduled
401404,EVT-401404,Event_401404,13,200038,300460,2025-12-03,18:00,22:00,38157,13908.74,Completed
401405,EVT-401405,Event_401405,2,200349,301844,2025-08-30,16:00,21:00,3758,4338.52,Scheduled
401406,EVT-401406,Event_401406,14,200306,300090,2025-01-22,19:00,21:00,12769,390.82,Scheduled
401407,EVT-401407,Event_401407,14,200363,300517,2024-03-24,14:00,16:00,55839,14550.38,Completed
401408,EVT-401408,Event_401408,8,200498,300317,2024-11-11,20:00,00:00,51971,7875.55,Completed
401409,EVT-401409,Event_401409,4,200151,300148,2024-05-18,11:00,12:00,3562,13431.42,Completed
401410,EVT-401410,Event_401410,4,200329,301864,2025-11-17,18:00,21:00,19677,14725.88,Cancelled
401411,EVT-401411,Event_401411,7,200457,300377,2025-03-31,14:00,20:00,40013,3039.1,Postponed
401412,EVT-401412,Event_401412,4,200452,300521,2025-06-29,14:00,15:00,23250,6983.99,Completed
401413,EVT-401413,Event_401413,5,200387,300071,2024-04-22,10:00,16:00,39728,10668.18,Scheduled
401414,EVT-401414,Event_401414,10,200143,301068,2024-03-27,10:00,15:00,67741,6328.36,Completed
401415,EVT-401415,Event_401415,9,200400,300776,2026-02-13,20:00,01:00,43287,10493.6,Cancelled
401416,EVT-401416,Event_401416,14,200250,300317,2024-04-20,14:00,19:00,32983,1344.8,Completed
401417,EVT-401417,Event_401417,11,200098,301450,2025-07-28,20:00,01:00,22928,5413.0,Completed
401418,EVT-401418,Event_401418,9,200200,301664,2024-02-16,10:00,14:00,3619,8559.52,Completed
401419,EVT-401419,Event_401419,4,200408,301616,2025-02-06,11:00,14:00,48411,1063.4,Cancelled
401420,EVT-401420,Event_401420,3,200420,300494,2024-08-26,18:00,19:00,67123,7600.155000000001,Cancelled
401421,EVT-401421,Event_401421,13,200476,301205,2025-08-28,20:00,01:00,58218,624.39,Scheduled
401422,EVT-401422,Event_401422,1,200453,300811,2025-10-09,09:00,11:00,55797,2623.09,Completed
401423,EVT-401423,Event_401423,4,200246,301636,2025-09-08,11:00,13:00,11349,9151.97,Completed
401424,EVT-401424,Event_401424,1,200290,301555,2025-10-23,20:00,02:00,7863,10636.7,Completed
401425,EVT-401425,Event_401425,5,200360,301934,2026-04-25,16:00,22:00,30245,13157.17,Scheduled
401426,EVT-401426,Event_401426,1,200273,301159,2026-03-27,19:00,00:00,3478,10511.05,Completed
401427,EVT-401427,Event_401427,8,200406,301015,2024-05-25,19:00,01:00,57575,12953.71,Scheduled
401428,EVT-401428,Event_401428,6,200484,300852,2025-10-16,16:00,20:00,28391,13781.96,Completed
401429,EVT-401429,Event_401429,9,200401,301896,2024-03-12,10:00,14:00,2620,13640.9,Scheduled
401430,EVT-401430,Event_401430,15,200343,301999,2024-03-19,19:00,00:00,43374,12453.31,Completed
401431,EVT-401431,Event_401431,13,200419,300529,2024-09-17,20:00,01:00,49561,14554.18,Completed
401432,EVT-401432,Event_401432,10,200364,300825,2026-06-14,20:00,00:00,35389,8012.06,Postponed
401433,EVT-401433,Event_401433,2,200481,300985,2026-04-08,20:00,01:00,29653,6825.78,Completed
401434,EVT-401434,Event_401434,14,200309,301044,2025-08-22,14:00,16:00,66654,11587.84,Cancelled
401435,EVT-401435,Event_401435,13,200434,300402,2025-07-30,18:00,20:00,10062,6751.56,Completed
401436,EVT-401436,Event_401436,5,200170,300665,2024-03-21,10:00,12:00,34393,4765.44,Postponed
401437,EVT-401437,Event_401437,10,200244,300749,2026-04-07,20:00,02:00,41942,271.79,Completed
401438,EVT-401438,Event_401438,13,200235,300822,2024-11-14,16:00,22:00,62058,2878.8,Completed
401439,EVT-401439,Event_401439,3,200346,300150,2026-04-11,20:00,23:00,59523,2525.62,Completed
401440,EVT-401440,Event_401440,15,200475,301302,2024-10-13,11:00,13:00,63752,9016.34,Cancelled
401441,EVT-401441,Event_401441,6,200285,300258,2026-01-01,18:00,22:00,3937,14348.3,Completed
401442,EVT-401442,Event_401442,11,200180,301061,2024-06-10,19:00,23:00,60588,14131.02,Cancelled
401443,EVT-401443,Event_401443,5,200475,300467,2024-07-11,10:00,15:00,10053,9114.69,Scheduled
401444,EVT-401444,Event_401444,1,200077,301102,2025-02-16,11:00,15:00,45885,9077.37,Completed
401445,EVT-401445,Event_401445,1,200162,301588,2026-05-11,18:00,00:00,22144,556.6,Completed
401446,EVT-401446,Event_401446,10,200391,301655,2024-05-17,09:00,15:00,43130,9116.37,Completed
401447,EVT-401447,Event_401447,10,200140,301332,2026-03-31,14:00,16:00,51201,5569.71,Completed
401448,EVT-401448,Event_401448,15,200497,300997,2026-05-25,09:00,13:00,16136,13840.28,Scheduled
401449,EVT-401449,Event_401449,13,200106,301819,2025-06-21,16:00,18:00,26270,7637.93,Completed
401450,EVT-401450,Event_401450,14,200117,301520,2024-02-23,09:00,12:00,13974,13473.82,Completed
401451,EVT-401451,Event_401451,2,200146,300764,2024-05-24,10:00,14:00,42806,7600.155000000001,Completed
401452,EVT-401452,Event_401452,13,200014,301286,2026-05-27,19:00,20:00,15849,3468.87,Completed
401453,EVT-401453,Event_401453,8,200231,301978,2026-04-11,11:00,12:00,26738,5451.23,Completed
401454,EVT-401454,Event_401454,13,200130,300494,2025-01-08,16:00,21:00,16559,9069.43,Completed
401455,EVT-401455,Event_401455,10,200007,301065,2025-10-05,14:00,18:00,200000,14286.33,Scheduled
401456,EVT-401456,Event_401456,14,200072,301977,2026-01-21,09:00,12:00,15750,13833.9,Cancelled
401457,EVT-401457,Event_401457,6,200269,300585,2024-11-10,18:00,23:00,60392,1001.76,Completed
401458,EVT-401458,Event_401458,5,200036,301935,2026-06-19,20:00,01:00,53649,3850.96,Completed
401459,EVT-401459,Event_401459,12,200076,301461,2025-07-05,11:00,15:00,6972,7600.155000000001,Scheduled
401460,EVT-401460,Event_401460,1,200279,301893,2024-09-24,19:00,23:00,65948,7600.155000000001,Completed
401461,EVT-401461,Event_401461,9,200281,301191,2024-09-17,18:00,19:00,22960,8668.81,Cancelled
401462,EVT-401462,Event_401462,10,200172,301252,2025-03-30,09:00,14:00,60489,13742.66,Completed
401463,EVT-401463,Event_401463,1,200270,300737,2025-06-30,16:00,20:00,7071,7600.155000000001,Completed
401464,EVT-401464,Event_401464,15,200473,301020,2025-08-25,18:00,21:00,47491,7600.155000000001,Postponed
401465,EVT-401465,Event_401465,7,200408,301044,2025-04-21,19:00,22:00,39655,7996.53,Postponed
401466,EVT-401466,Event_401466,13,200434,300015,2024-01-09,10:00,14:00,58646,1442.25,Completed
401467,EVT-401467,Event_401467,3,200337,301705,2026-01-19,18:00,20:00,58314,2465.84,Scheduled
401468,EVT-401468,Event_401468,14,200018,300834,2025-02-07,20:00,02:00,7661,4949.57,Completed
401469,EVT-401469,Event_401469,4,200216,301981,2024-12-02,16:00,22:00,14823,11333.02,Scheduled
401470,EVT-401470,Event_401470,3,200433,301244,2026-05-04,18:00,19:00,62385,6554.55,Scheduled
401471,EVT-401471,Event_401471,9,200101,301456,2026-03-12,16:00,20:00,31709,6883.37,Scheduled
401472,EVT-401472,Event_401472,1,200463,301002,2026-06-02,11:00,15:00,32147,3409.67,Completed
401473,EVT-401473,Event_401473,5,200463,300780,2025-02-17,16:00,18:00,44019,11588.98,Cancelled
401474,EVT-401474,Event_401474,12,200378,301134,2026-01-10,09:00,12:00,25609,9287.54,Completed
401475,EVT-401475,Event_401475,7,200371,301575,2025-02-06,16:00,20:00,26439,6362.47,Completed
401476,EVT-401476,Event_401476,2,200161,300093,2026-01-15,11:00,15:00,14354,9685.13,Completed
401477,EVT-401477,Event_401477,3,200457,300839,2025-11-30,11:00,14:00,25682,4742.96,Scheduled
401478,EVT-401478,Event_401478,11,200258,301659,2024-11-14,09:00,10:00,56275,2812.04,Cancelled
401479,EVT-401479,Event_401479,8,200286,301783,2024-10-15,18:00,00:00,6114,12794.46,Completed
401480,EVT-401480,Event_401480,1,200051,301775,2025-10-27,14:00,20:00,59121,12989.76,Scheduled
401481,EVT-401481,Event_401481,4,200417,300425,2024-06-28,20:00,01:00,20839,1191.29,Completed
401482,EVT-401482,Event_401482,8,200222,300662,2025-04-21,18:00,20:00,42972,3578.09,Completed
401483,EVT-401483,Event_401483,8,200403,301581,2024-05-04,16:00,18:00,66523,14195.38,Completed
401484,EVT-401484,Event_401484,13,200189,300568,2025-01-01,09:00,12:00,59122,11525.15,Scheduled
401485,EVT-401485,Event_401485,13,200423,301893,2024-11-16,14:00,17:00,25450,5538.31,Completed
401486,EVT-401486,Event_401486,8,200139,300652,2026-04-27,10:00,12:00,33569,1183.18,Cancelled
401487,EVT-401487,Event_401487,11,200353,301361,2024-09-27,16:00,17:00,68724,9522.44,Completed
401488,EVT-401488,Event_401488,10,200297,301290,2025-07-08,10:00,15:00,51529,2733.61,Cancelled
401489,EVT-401489,Event_401489,3,200352,301133,2024-03-29,20:00,21:00,54782,8785.76,Completed
401490,EVT-401490,Event_401490,5,200391,301511,2024-03-07,14:00,16:00,51663,7609.71,Cancelled
401491,EVT-401491,Event_401491,2,200403,301246,2025-06-05,20:00,22:00,49026,14278.53,Postponed
401492,EVT-401492,Event_401492,7,200395,300868,2026-06-11,14:00,17:00,33636,9605.83,Completed
401493,EVT-401493,Event_401493,15,200364,300016,2024-04-07,10:00,12:00,7335,1939.72,Completed
401494,EVT-401494,Event_401494,10,200293,300195,2025-04-23,18:00,22:00,33323,1451.72,Cancelled
401496,EVT-401496,Event_401496,13,200016,300847,2025-05-15,18:00,00:00,65992,7711.69,Postponed
401497,EVT-401497,Event_401497,7,200024,300521,2024-07-25,20:00,00:00,27704,6485.57,Scheduled
401498,EVT-401498,Event_401498,15,200008,300337,2024-11-02,19:00,22:00,5971,5883.7,Completed
401500,EVT-401500,Event_401500,4,200418,301489,2025-07-07,16:00,17:00,32852,3283.54,Completed
401501,EVT-401501,Event_401501,14,200492,301536,2024-10-04,20:00,22:00,62400,14579.93,Completed
401502,EVT-401502,Event_401502,4,200498,301586,2024-02-23,18:00,22:00,16056,642.32,Scheduled
401503,EVT-401503,Event_401503,15,200252,300953,2026-03-29,20:00,02:00,9342,1236.83,Cancelled
401504,EVT-401504,Event_401504,8,200281,301867,2026-04-08,11:00,12:00,56343,8253.26,Postponed
401505,EVT-401505,Event_401505,11,200283,301036,2026-06-28,18:00,00:00,49755,1965.91,Completed
401506,EVT-401506,Event_401506,13,200301,301734,2024-04-25,19:00,22:00,41007,11712.97,Postponed
401507,EVT-401507,Event_401507,11,200462,300595,2025-01-13,14:00,16:00,52187,8755.52,Cancelled
401508,EVT-401508,Event_401508,3,200353,300352,2024-12-24,09:00,12:00,69486,14451.46,Completed
401509,EVT-401509,Event_401509,11,200079,301626,2026-02-09,18:00,21:00,68087,13348.79,Completed
401510,EVT-401510,Event_401510,4,200120,301857,2024-03-07,16:00,18:00,41175,8448.81,Completed
401511,EVT-401511,Event_401511,1,200455,301658,2025-08-06,19:00,23:00,22291,14142.95,Completed
401513,EVT-401513,Event_401513,12,200336,301528,2024-03-19,19:00,00:00,36961,1393.51,Scheduled
401514,EVT-401514,Event_401514,5,200185,301319,2026-03-23,14:00,18:00,68703,655.7,Completed
401515,EVT-401515,Event_401515,2,200301,301922,2025-05-04,18:00,22:00,8380,7600.155000000001,Completed
401516,EVT-401516,Event_401516,14,200099,301469,2025-12-24,19:00,01:00,25089,10694.99,Completed
401517,EVT-401517,Event_401517,15,200339,300327,2025-11-09,11:00,17:00,51611,7600.155000000001,Postponed
401518,EVT-401518,Event_401518,12,200321,300905,2024-03-02,16:00,17:00,14238,1347.81,Completed
401519,EVT-401519,Event_401519,14,200325,300986,2024-08-22,09:00,14:00,27448,1389.59,Completed
401520,EVT-401520,Event_401520,13,200061,301418,2026-03-13,16:00,17:00,58594,12129.48,Completed
401521,EVT-401521,Event_401521,8,200289,301317,2025-11-03,11:00,12:00,49886,6589.82,Completed
401522,EVT-401522,Event_401522,8,200333,300236,2024-06-24,14:00,17:00,63193,10855.05,Completed
401523,EVT-401523,Event_401523,10,200124,300906,2024-02-05,16:00,21:00,49717,11960.74,Completed
401524,EVT-401524,Event_401524,15,200262,300941,2026-06-05,11:00,14:00,25123,4793.04,Completed
401525,EVT-401525,Event_401525,2,200482,301010,2024-03-19,18:00,22:00,36460,4107.6,Scheduled
401526,EVT-401526,Event_401526,15,200422,300213,2024-12-02,19:00,00:00,36855,11153.5,Completed
401527,EVT-401527,Event_401527,8,200087,300149,2024-11-26,16:00,19:00,19163,8287.91,Scheduled
401528,EVT-401528,Event_401528,7,200131,300610,2026-06-28,09:00,15:00,64027,13004.49,Completed
401529,EVT-401529,Event_401529,2,200385,301674,2025-10-15,09:00,12:00,8593,4607.0,Completed
401530,EVT-401530,Event_401530,4,200401,301352,2025-11-22,10:00,11:00,39340,10080.64,Completed
401531,EVT-401531,Event_401531,14,200271,301884,2025-11-30,14:00,19:00,34258,7600.155000000001,Postponed
401532,EVT-401532,Event_401532,3,200419,300124,2024-07-10,09:00,13:00,11975,3508.72,Completed
401533,EVT-401533,Event_401533,13,200325,301007,2025-02-10,14:00,20:00,69960,9979.52,Scheduled
401534,EVT-401534,Event_401534,4,200104,301769,2025-03-13,10:00,16:00,23408,4170.17,Completed
401535,EVT-401535,Event_401535,1,200212,301613,2024-09-10,11:00,12:00,13796,10468.24,Scheduled
401536,EVT-401536,Event_401536,2,200186,300152,2025-05-26,16:00,18:00,16066,254.54,Cancelled
401537,EVT-401537,Event_401537,3,200203,301525,2024-09-24,20:00,21:00,20419,226.72,Scheduled
401538,EVT-401538,Event_401538,8,200284,300408,2024-03-04,19:00,22:00,60345,7600.155000000001,Completed
401540,EVT-401540,Event_401540,1,200141,300973,2026-04-18,11:00,14:00,57190,3825.71,Cancelled
401541,EVT-401541,Event_401541,1,200221,301998,2025-07-03,14:00,20:00,54085,9631.24,Completed
401542,EVT-401542,Event_401542,12,200483,300283,2024-08-19,10:00,11:00,40436,9251.88,Completed
401543,EVT-401543,Event_401543,6,200088,301423,2025-01-02,09:00,14:00,41418,12470.6,Completed
401544,EVT-401544,Event_401544,12,200195,301641,2026-03-31,09:00,15:00,21360,6428.18,Cancelled
401545,EVT-401545,Event_401545,12,200200,301756,2024-11-12,09:00,10:00,200000,5471.88,Completed
401546,EVT-401546,Event_401546,4,200486,301019,2025-02-11,09:00,12:00,45516,12756.0,Completed
401547,EVT-401547,Event_401547,9,200353,300055,2024-11-07,10:00,11:00,44709,7553.64,Completed
401548,EVT-401548,Event_401548,9,200465,300188,2026-04-30,20:00,02:00,34670,11368.06,Cancelled
401549,EVT-401549,Event_401549,4,200431,301778,2024-02-08,20:00,21:00,401,10363.98,Completed
401550,EVT-401550,Event_401550,5,200031,301489,2024-05-10,18:00,00:00,48608,7600.155000000001,Completed
401551,EVT-401551,Event_401551,1,200394,300736,2024-09-06,10:00,12:00,66217,13774.39,Scheduled
401552,EVT-401552,Event_401552,12,200004,301655,2024-04-12,20:00,23:00,69585,12347.2,Completed
401553,EVT-401553,Event_401553,5,200397,301627,2024-03-13,09:00,14:00,24156,10456.03,Completed
401554,EVT-401554,Event_401554,8,200035,301183,2026-02-19,18:00,21:00,56116,5847.91,Scheduled
401555,EVT-401555,Event_401555,8,200108,300620,2024-06-19,14:00,18:00,52114,14071.19,Completed
401556,EVT-401556,Event_401556,10,200445,300578,2024-12-29,10:00,12:00,57114,2098.04,Completed
401557,EVT-401557,Event_401557,15,200402,301812,2025-06-19,09:00,13:00,48947,10396.73,Completed
401558,EVT-401558,Event_401558,9,200276,300557,2024-11-03,18:00,19:00,41675,6489.68,Completed
401559,EVT-401559,Event_401559,12,200318,300089,2026-03-30,16:00,20:00,24989,13019.99,Cancelled
401560,EVT-401560,Event_401560,2,200212,300364,2026-04-23,11:00,15:00,54760,2077.9,Completed
401561,EVT-401561,Event_401561,5,200180,301302,2025-01-04,11:00,17:00,31736,8016.68,Completed
401562,EVT-401562,Event_401562,2,200174,300702,2025-06-17,09:00,14:00,58344,2160.22,Completed
401563,EVT-401563,Event_401563,10,200210,301953,2025-11-21,20:00,02:00,15702,3659.36,Postponed
401564,EVT-401564,Event_401564,8,200270,300865,2026-05-14,10:00,13:00,41791,12776.08,Completed
401565,EVT-401565,Event_401565,5,200308,300978,2025-02-26,10:00,15:00,37603,7151.2,Cancelled
401566,EVT-401566,Event_401566,4,200489,300566,2024-10-23,19:00,23:00,30032,6722.41,Completed
401567,EVT-401567,Event_401567,4,200370,301769,2025-08-31,14:00,17:00,2996,3848.83,Completed
401568,EVT-401568,Event_401568,6,200244,301626,2025-07-02,11:00,13:00,48700,5205.68,Completed
401569,EVT-401569,Event_401569,13,200002,301683,2025-04-25,20:00,02:00,24479,542.79,Completed
401570,EVT-401570,Event_401570,8,200270,301849,2024-02-16,18:00,19:00,5418,14529.26,Completed
401571,EVT-401571,Event_401571,7,200479,300780,2026-04-25,14:00,19:00,48315,11889.92,Cancelled
401572,EVT-401572,Event_401572,2,200406,301177,2025-08-21,11:00,16:00,53247,14251.32,Completed
401574,EVT-401574,Event_401574,2,200313,301043,2025-11-30,14:00,20:00,65943,14968.09,Completed
401575,EVT-401575,Event_401575,6,200233,301075,2026-06-28,11:00,15:00,23230,1704.94,Cancelled
401576,EVT-401576,Event_401576,13,200263,300904,2026-01-06,10:00,15:00,56250,4029.24,Cancelled
401577,EVT-401577,Event_401577,4,200256,300328,2024-05-15,18:00,20:00,10908,272.37,Scheduled
401578,EVT-401578,Event_401578,9,200148,301513,2024-09-22,20:00,22:00,33129,13096.34,Scheduled
401579,EVT-401579,Event_401579,12,200158,301534,2026-05-02,19:00,22:00,44033,2877.45,Completed
401580,EVT-401580,Event_401580,10,200299,301001,2025-10-26,10:00,15:00,54277,14249.05,Completed
401581,EVT-401581,Event_401581,8,200071,300220,2026-04-12,10:00,11:00,62639,13448.47,Cancelled
401582,EVT-401582,Event_401582,3,200295,301322,2025-04-20,11:00,15:00,56876,6341.54,Scheduled
401583,EVT-401583,Event_401583,6,200445,300200,2024-02-23,20:00,21:00,43114,1762.55,Cancelled
401584,EVT-401584,Event_401584,10,200114,300407,2024-04-07,20:00,23:00,43437,7600.155000000001,Scheduled
401585,EVT-401585,Event_401585,1,200277,300304,2024-08-18,20:00,02:00,613,1091.98,Completed
401586,EVT-401586,Event_401586,2,200227,301305,2026-02-12,09:00,14:00,42832,10353.93,Completed
401587,EVT-401587,Event_401587,3,200319,300474,2025-10-12,18:00,19:00,49245,5748.6,Completed
401588,EVT-401588,Event_401588,11,200475,300192,2024-07-09,16:00,19:00,33959,7600.155000000001,Completed
401589,EVT-401589,Event_401589,2,200042,301554,2025-03-25,11:00,14:00,42719,6142.46,Completed
401590,EVT-401590,Event_401590,7,200425,301124,2024-11-26,18:00,19:00,53512,7380.96,Scheduled
401591,EVT-401591,Event_401591,9,200048,300306,2026-03-29,20:00,22:00,51689,10790.81,Completed
401592,EVT-401592,Event_401592,9,200189,301562,2025-05-18,10:00,12:00,57063,6904.33,Postponed
401593,EVT-401593,Event_401593,14,200396,301854,2026-02-26,16:00,18:00,34690,3416.87,Completed
401594,EVT-401594,Event_401594,5,200417,301156,2024-06-28,19:00,01:00,12532,9071.52,Scheduled
401595,EVT-401595,Event_401595,5,200211,300360,2025-11-07,20:00,21:00,68376,669.35,Completed
401596,EVT-401596,Event_401596,12,200244,300672,2025-02-18,16:00,21:00,934,12464.83,Scheduled
401597,EVT-401597,Event_401597,8,200376,301267,2024-11-05,14:00,20:00,33446,7600.155000000001,Completed
401598,EVT-401598,Event_401598,5,200155,301026,2026-03-20,09:00,13:00,56317,8734.92,Cancelled
401599,EVT-401599,Event_401599,2,200419,301315,2025-04-28,16:00,18:00,62781,2530.63,Completed
401600,EVT-401600,Event_401600,8,200432,300941,2024-07-19,19:00,21:00,66534,1543.91,Completed
401601,EVT-401601,Event_401601,15,200167,301452,2025-09-07,10:00,16:00,200000,9701.93,Completed
401602,EVT-401602,Event_401602,6,200319,300689,2024-10-06,09:00,12:00,26265,4899.63,Postponed
401603,EVT-401603,Event_401603,6,200484,301322,2025-05-12,18:00,22:00,9597,7197.83,Scheduled
401604,EVT-401604,Event_401604,11,200488,301816,2025-02-20,16:00,22:00,46104,12950.96,Completed
401605,EVT-401605,Event_401605,6,200094,301232,2024-01-29,20:00,21:00,48746,6659.95,Scheduled
401607,EVT-401607,Event_401607,4,200366,300591,2026-04-06,11:00,17:00,64466,7000.14,Cancelled
401608,EVT-401608,Event_401608,11,200231,301369,2024-06-07,20:00,21:00,33624,11594.5,Postponed
401609,EVT-401609,Event_401609,14,200004,301505,2026-01-22,14:00,19:00,11777,1892.56,Completed
401610,EVT-401610,Event_401610,4,200410,300728,2024-10-14,11:00,15:00,33818,2747.3,Completed
401611,EVT-401611,Event_401611,4,200229,301854,2025-02-14,14:00,16:00,35058,14622.35,Completed
401612,EVT-401612,Event_401612,6,200302,300415,2024-10-21,20:00,01:00,42967,7600.155000000001,Completed
401613,EVT-401613,Event_401613,3,200181,301221,2025-09-21,20:00,22:00,6776,12824.68,Scheduled
401614,EVT-401614,Event_401614,4,200440,301619,2026-02-01,19:00,21:00,831,5378.01,Completed
401615,EVT-401615,Event_401615,5,200437,301936,2026-06-12,11:00,16:00,16147,7600.155000000001,Completed
401616,EVT-401616,Event_401616,12,200024,300434,2024-01-29,09:00,10:00,69172,9016.31,Completed
401617,EVT-401617,Event_401617,1,200061,301831,2024-06-17,18:00,20:00,200000,5612.29,Cancelled
401618,EVT-401618,Event_401618,1,200287,300943,2024-12-11,11:00,12:00,69088,5037.57,Completed
401619,EVT-401619,Event_401619,4,200377,301018,2024-02-13,16:00,18:00,24078,1749.35,Cancelled
401620,EVT-401620,Event_401620,15,200296,300136,2025-11-17,14:00,18:00,46865,12100.07,Completed
401621,EVT-401621,Event_401621,1,200341,300433,2024-04-27,18:00,00:00,26104,3530.88,Postponed
401622,EVT-401622,Event_401622,2,200228,301536,2026-06-09,14:00,18:00,2076,2433.75,Completed
401623,EVT-401623,Event_401623,12,200335,301544,2024-09-28,09:00,15:00,43196,11719.09,Completed
401624,EVT-401624,Event_401624,1,200086,300039,2025-12-30,19:00,23:00,26957,2359.78,Scheduled
401625,EVT-401625,Event_401625,12,200087,300626,2026-06-21,11:00,14:00,24510,2026.16,Cancelled
401626,EVT-401626,Event_401626,9,200320,300771,2025-08-27,16:00,22:00,12356,12328.99,Completed
401627,EVT-401627,Event_401627,5,200370,300282,2025-08-12,19:00,01:00,19174,6727.48,Completed
401628,EVT-401628,Event_401628,2,200188,301372,2025-06-16,11:00,12:00,540,11021.03,Postponed
401629,EVT-401629,Event_401629,5,200298,301137,2025-07-08,19:00,22:00,46905,14151.32,Completed
401630,EVT-401630,Event_401630,4,200257,300981,2025-10-03,20:00,00:00,34731,13020.35,Postponed
401631,EVT-401631,Event_401631,14,200070,301155,2025-08-25,20:00,21:00,12916,8292.4,Completed
401632,EVT-401632,Event_401632,14,200396,300081,2025-06-25,14:00,17:00,24533,7425.13,Scheduled
401633,EVT-401633,Event_401633,14,200041,301057,2024-10-28,11:00,14:00,64571,6964.21,Completed
401634,EVT-401634,Event_401634,2,200373,301510,2024-07-23,09:00,15:00,41947,7146.51,Scheduled
401635,EVT-401635,Event_401635,13,200177,300729,2026-06-05,20:00,02:00,23006,6093.08,Completed
401636,EVT-401636,Event_401636,8,200360,301497,2026-01-23,18:00,23:00,10568,9706.32,Cancelled
401637,EVT-401637,Event_401637,15,200401,300373,2026-02-03,11:00,15:00,65895,6916.21,Scheduled
401638,EVT-401638,Event_401638,9,200408,301491,2024-08-19,19:00,20:00,31033,11404.95,Completed
401639,EVT-401639,Event_401639,3,200436,301969,2025-04-09,10:00,12:00,18882,513.48,Completed
401640,EVT-401640,Event_401640,6,200051,300707,2025-01-15,14:00,15:00,18377,9427.26,Completed
401641,EVT-401641,Event_401641,7,200096,301883,2024-07-02,18:00,19:00,58415,5062.9,Scheduled
401642,EVT-401642,Event_401642,9,200312,300440,2024-08-13,11:00,13:00,63079,12406.22,Completed
401643,EVT-401643,Event_401643,3,200189,301858,2025-10-13,10:00,16:00,30432,4756.7,Completed
401645,EVT-401645,Event_401645,11,200036,300348,2025-10-01,10:00,13:00,60089,6702.66,Completed
401646,EVT-401646,Event_401646,2,200334,301143,2025-04-13,20:00,23:00,18313,7600.155000000001,Cancelled
401647,EVT-401647,Event_401647,1,200257,301319,2024-08-30,09:00,15:00,42663,9033.05,Completed
401648,EVT-401648,Event_401648,8,200491,301764,2025-02-07,10:00,16:00,33756,3431.68,Completed
401649,EVT-401649,Event_401649,12,200143,301327,2025-04-02,19:00,22:00,59564,8536.42,Scheduled
401650,EVT-401650,Event_401650,2,200177,300389,2024-07-27,14:00,16:00,61478,11392.71,Completed
401651,EVT-401651,Event_401651,13,200160,301657,2026-05-13,11:00,17:00,42430,10876.99,Completed
401652,EVT-401652,Event_401652,5,200011,301726,2025-06-11,18:00,20:00,33418,11063.82,Cancelled
401653,EVT-401653,Event_401653,3,200304,300436,2024-11-15,19:00,23:00,8639,14607.32,Scheduled
401654,EVT-401654,Event_401654,4,200280,300121,2024-06-07,20:00,23:00,59784,3575.48,Completed
401655,EVT-401655,Event_401655,3,200335,301973,2025-02-17,10:00,13:00,60630,9357.17,Completed
401656,EVT-401656,Event_401656,7,200149,301218,2024-06-30,19:00,23:00,32316,827.29,Completed
401657,EVT-401657,Event_401657,5,200094,300468,2025-10-21,18:00,19:00,36946,390.33,Cancelled
401658,EVT-401658,Event_401658,2,200010,301413,2024-11-03,19:00,21:00,30544,2480.36,Cancelled
401659,EVT-401659,Event_401659,13,200385,300691,2025-10-08,10:00,11:00,67767,7922.9,Cancelled
401660,EVT-401660,Event_401660,8,200335,301253,2025-02-19,10:00,12:00,22270,12682.45,Scheduled
401661,EVT-401661,Event_401661,6,200338,301766,2025-02-18,14:00,15:00,25773,596.35,Completed
401662,EVT-401662,Event_401662,3,200395,301458,2024-05-02,19:00,01:00,55475,5572.44,Completed
401663,EVT-401663,Event_401663,8,200055,301098,2026-02-19,18:00,19:00,57453,7600.155000000001,Completed
401664,EVT-401664,Event_401664,2,200048,300339,2025-07-02,10:00,11:00,20949,296.82,Cancelled
401665,EVT-401665,Event_401665,3,200498,300299,2024-04-30,18:00,00:00,17730,3134.79,Completed
401666,EVT-401666,Event_401666,14,200460,301266,2026-01-30,19:00,23:00,54178,4364.66,Completed
401667,EVT-401667,Event_401667,14,200346,301316,2024-07-06,20:00,01:00,189,11786.16,Completed
401668,EVT-401668,Event_401668,14,200393,300040,2024-01-17,18:00,00:00,3945,14165.08,Completed
401669,EVT-401669,Event_401669,15,200420,300778,2024-06-29,19:00,01:00,18853,5148.53,Postponed
401670,EVT-401670,Event_401670,4,200135,301028,2024-03-30,11:00,16:00,12812,9421.39,Scheduled
401671,EVT-401671,Event_401671,2,200284,300566,2024-11-27,19:00,22:00,34577,14393.48,Completed
401672,EVT-401672,Event_401672,4,200336,300884,2025-02-07,14:00,16:00,7685,3659.35,Completed
401673,EVT-401673,Event_401673,7,200162,301844,2025-01-04,20:00,00:00,58700,201.63,Postponed
401674,EVT-401674,Event_401674,2,200211,301565,2024-11-29,20:00,01:00,58184,6528.55,Scheduled
401675,EVT-401675,Event_401675,14,200317,300838,2024-03-08,11:00,12:00,13212,6070.57,Cancelled
401676,EVT-401676,Event_401676,3,200260,300178,2025-08-11,18:00,22:00,66169,3995.53,Completed
401677,EVT-401677,Event_401677,14,200272,301134,2025-05-03,16:00,18:00,45538,4864.54,Completed
401678,EVT-401678,Event_401678,6,200375,301561,2025-03-08,19:00,22:00,61927,11754.2,Postponed
401679,EVT-401679,Event_401679,11,200400,301929,2024-05-04,11:00,14:00,19152,842.09,Completed
401680,EVT-401680,Event_401680,1,200200,301954,2024-09-14,09:00,13:00,56371,4132.75,Completed
401682,EVT-401682,Event_401682,10,200310,300768,2026-05-28,18:00,23:00,3668,10293.63,Completed
401683,EVT-401683,Event_401683,3,200313,301677,2024-01-06,19:00,01:00,51071,1851.47,Completed
401684,EVT-401684,Event_401684,6,200372,301125,2025-04-03,09:00,15:00,30358,6275.19,Completed
401685,EVT-401685,Event_401685,5,200483,301286,2026-06-18,16:00,19:00,66820,8188.52,Cancelled
401686,EVT-401686,Event_401686,11,200123,301499,2025-01-14,09:00,13:00,33328,258.28,Scheduled
401687,EVT-401687,Event_401687,1,200130,301164,2025-06-08,20:00,23:00,11134,10505.54,Cancelled
401688,EVT-401688,Event_401688,12,200465,300767,2026-01-05,18:00,21:00,68276,3843.53,Completed
401689,EVT-401689,Event_401689,11,200210,300050,2026-01-14,19:00,01:00,58530,3338.59,Completed
401690,EVT-401690,Event_401690,13,200328,300142,2026-04-18,10:00,13:00,56909,3972.77,Cancelled
401692,EVT-401692,Event_401692,10,200171,300467,2024-03-25,19:00,23:00,57867,8616.22,Completed
401693,EVT-401693,Event_401693,6,200250,301045,2025-03-11,20:00,02:00,8919,12493.55,Scheduled
401694,EVT-401694,Event_401694,8,200176,300979,2026-04-04,14:00,19:00,47044,12052.0,Completed
401695,EVT-401695,Event_401695,14,200227,301197,2025-07-22,20:00,02:00,25369,4628.07,Completed
401696,EVT-401696,Event_401696,1,200456,301887,2025-07-11,18:00,19:00,176,12281.27,Completed
401697,EVT-401697,Event_401697,7,200120,300106,2025-07-11,20:00,00:00,12496,268.04,Cancelled
401698,EVT-401698,Event_401698,2,200488,300391,2025-06-10,10:00,16:00,48558,2898.27,Completed
401699,EVT-401699,Event_401699,6,200075,300851,2025-02-14,14:00,16:00,53472,10578.19,Scheduled
401700,EVT-401700,Event_401700,15,200037,300684,2024-10-03,19:00,00:00,1968,6933.19,Completed
401701,EVT-401701,Event_401701,11,200291,301316,2025-11-30,10:00,16:00,17683,4518.92,Completed
401702,EVT-401702,Event_401702,4,200378,301372,2025-01-10,11:00,17:00,38292,6819.86,Cancelled
401703,EVT-401703,Event_401703,13,200386,300138,2024-10-24,11:00,14:00,26522,3622.84,Completed
401704,EVT-401704,Event_401704,11,200176,301164,2025-04-27,11:00,12:00,24041,8621.88,Completed
401705,EVT-401705,Event_401705,8,200369,301341,2026-03-09,16:00,21:00,20973,5561.24,Scheduled
401706,EVT-401706,Event_401706,8,200016,300530,2024-03-28,10:00,15:00,56976,2837.29,Completed
401708,EVT-401708,Event_401708,10,200090,301167,2024-10-23,16:00,21:00,32534,4221.26,Completed
401709,EVT-401709,Event_401709,12,200329,301418,2024-11-13,18:00,19:00,24951,1120.86,Scheduled
401710,EVT-401710,Event_401710,14,200030,300237,2024-06-26,11:00,17:00,40306,5834.1,Scheduled
401711,EVT-401711,Event_401711,14,200169,300845,2024-10-23,10:00,14:00,11147,4757.93,Completed
401712,EVT-401712,Event_401712,1,200489,301267,2025-11-09,19:00,21:00,67911,6042.78,Scheduled
401713,EVT-401713,Event_401713,1,200019,300725,2025-02-28,11:00,12:00,64959,13099.29,Completed
401714,EVT-401714,Event_401714,7,200115,301810,2024-07-05,16:00,22:00,200000,12949.11,Completed
401715,EVT-401715,Event_401715,6,200347,301796,2026-05-15,20:00,00:00,40047,9803.67,Completed
401716,EVT-401716,Event_401716,15,200446,300532,2025-05-12,19:00,01:00,60198,8320.53,Completed
401717,EVT-401717,Event_401717,1,200260,301413,2025-03-03,19:00,23:00,20917,6907.94,Completed
401718,EVT-401718,Event_401718,6,200360,300138,2024-09-06,20:00,02:00,200000,5582.34,Cancelled
401719,EVT-401719,Event_401719,14,200340,300123,2025-06-12,16:00,19:00,49430,4062.13,Scheduled
401720,EVT-401720,Event_401720,9,200148,301864,2025-03-27,19:00,20:00,44495,14555.62,Scheduled
401721,EVT-401721,Event_401721,3,200439,300197,2024-06-21,20:00,22:00,2517,825.75,Postponed
401722,EVT-401722,Event_401722,2,200252,301871,2026-06-21,14:00,17:00,32849,13840.58,Completed
401723,EVT-401723,Event_401723,9,200283,300436,2024-05-17,19:00,21:00,22896,4771.21,Postponed
401724,EVT-401724,Event_401724,5,200406,301670,2024-11-29,18:00,20:00,22242,2729.25,Completed
401725,EVT-401725,Event_401725,2,200205,300107,2025-03-07,09:00,10:00,25973,3897.46,Cancelled
401726,EVT-401726,Event_401726,13,200159,300527,2024-05-13,10:00,14:00,26464,14084.99,Completed
401727,EVT-401727,Event_401727,13,200265,301150,2025-11-23,09:00,13:00,31155,14335.66,Scheduled
401728,EVT-401728,Event_401728,4,200084,300621,2025-12-29,11:00,12:00,43173,6972.64,Postponed
401729,EVT-401729,Event_401729,12,200173,301299,2025-09-27,10:00,13:00,38874,6646.09,Completed
401730,EVT-401730,Event_401730,7,200423,301378,2024-11-16,18:00,20:00,31945,14581.91,Completed
401731,EVT-401731,Event_401731,5,200069,301843,2024-05-31,19:00,21:00,39939,3826.64,Completed
401732,EVT-401732,Event_401732,15,200037,300111,2025-08-18,18:00,19:00,29942,1782.47,Completed
401733,EVT-401733,Event_401733,10,200435,301105,2024-10-23,11:00,15:00,21868,10298.79,Completed
401734,EVT-401734,Event_401734,11,200180,301947,2025-01-18,10:00,12:00,68895,1109.89,Postponed
401735,EVT-401735,Event_401735,10,200099,300186,2025-04-05,10:00,12:00,29938,876.58,Cancelled
401736,EVT-401736,Event_401736,12,200343,300986,2024-10-09,18:00,00:00,10694,7096.21,Postponed
401737,EVT-401737,Event_401737,15,200100,301632,2025-10-29,18:00,20:00,45260,1703.79,Completed
401738,EVT-401738,Event_401738,6,200091,300311,2025-09-16,19:00,22:00,28697,8065.23,Completed
401739,EVT-401739,Event_401739,11,200330,301270,2024-10-05,11:00,16:00,63988,12739.87,Scheduled
401740,EVT-401740,Event_401740,14,200397,300479,2025-12-28,18:00,19:00,8225,7860.89,Completed
401741,EVT-401741,Event_401741,8,200480,301402,2024-03-23,18:00,23:00,24320,12845.51,Scheduled
401742,EVT-401742,Event_401742,9,200267,301735,2024-10-10,10:00,16:00,22557,236.03,Completed
401743,EVT-401743,Event_401743,8,200325,300538,2024-11-17,19:00,00:00,1247,6098.85,Completed
401744,EVT-401744,Event_401744,3,200496,301013,2024-02-17,20:00,23:00,12795,2301.81,Completed
401745,EVT-401745,Event_401745,9,200240,301348,2025-08-09,11:00,12:00,10783,10541.85,Scheduled
401746,EVT-401746,Event_401746,3,200188,300999,2025-01-17,09:00,13:00,5439,567.3,Completed
401747,EVT-401747,Event_401747,6,200331,301075,2025-05-25,18:00,19:00,42779,6678.74,Completed
401748,EVT-401748,Event_401748,3,200338,301065,2025-11-18,16:00,17:00,26501,9491.58,Cancelled
401749,EVT-401749,Event_401749,1,200374,301183,2025-06-24,09:00,13:00,62091,5384.04,Completed
401750,EVT-401750,Event_401750,6,200276,300652,2024-07-22,11:00,14:00,25651,437.85,Scheduled
401751,EVT-401751,Event_401751,1,200361,300894,2024-11-09,16:00,20:00,28617,5195.51,Scheduled
401753,EVT-401753,Event_401753,7,200046,301472,2026-06-08,20:00,23:00,36344,10157.43,Completed
401754,EVT-401754,Event_401754,4,200470,300177,2026-03-07,19:00,01:00,37364,10572.35,Completed
401755,EVT-401755,Event_401755,7,200346,300921,2024-12-25,20:00,23:00,59138,453.97,Completed
401756,EVT-401756,Event_401756,10,200225,300868,2025-01-13,10:00,11:00,55125,690.98,Cancelled
401757,EVT-401757,Event_401757,12,200151,300096,2025-05-25,11:00,14:00,61745,8752.22,Completed
401758,EVT-401758,Event_401758,9,200242,301217,2026-01-12,11:00,13:00,668,13892.67,Completed
401759,EVT-401759,Event_401759,13,200380,300754,2024-07-30,11:00,17:00,17483,9454.67,Completed
401760,EVT-401760,Event_401760,4,200121,301928,2024-03-11,11:00,15:00,34693,4418.32,Completed
401761,EVT-401761,Event_401761,7,200349,300855,2024-04-28,16:00,18:00,64920,5615.01,Completed
401762,EVT-401762,Event_401762,5,200208,300839,2024-12-08,10:00,11:00,11636,2378.95,Scheduled
401763,EVT-401763,Event_401763,6,200261,300575,2026-01-27,11:00,16:00,27263,5477.11,Completed
401764,EVT-401764,Event_401764,3,200079,300144,2025-08-16,18:00,19:00,863,1152.06,Scheduled
401765,EVT-401765,Event_401765,9,200492,301191,2025-01-01,14:00,17:00,60270,12617.37,Completed
401766,EVT-401766,Event_401766,14,200376,301538,2024-03-03,19:00,20:00,31838,7228.87,Completed
401767,EVT-401767,Event_401767,3,200090,300724,2026-02-18,09:00,11:00,58396,4188.08,Cancelled
401768,EVT-401768,Event_401768,12,200256,300088,2026-02-20,19:00,22:00,42462,4256.63,Completed
401769,EVT-401769,Event_401769,14,200080,301664,2024-08-08,19:00,00:00,49353,1146.65,Completed
401770,EVT-401770,Event_401770,14,200239,300294,2025-02-15,09:00,14:00,31384,11655.83,Completed
401772,EVT-401772,Event_401772,5,200289,300082,2026-05-13,18:00,22:00,35856,9069.92,Scheduled
401773,EVT-401773,Event_401773,6,200229,301012,2024-08-20,19:00,22:00,61939,4768.33,Completed
401774,EVT-401774,Event_401774,11,200251,300340,2026-02-20,11:00,12:00,14350,3001.05,Completed
401775,EVT-401775,Event_401775,5,200140,300807,2024-11-13,11:00,16:00,13875,4732.28,Scheduled
401776,EVT-401776,Event_401776,5,200396,300568,2024-03-18,10:00,11:00,34892,11882.57,Completed
401777,EVT-401777,Event_401777,5,200104,301193,2024-12-08,16:00,19:00,57860,651.34,Completed
401778,EVT-401778,Event_401778,9,200048,300596,2025-01-22,11:00,14:00,61515,6083.27,Completed
401779,EVT-401779,Event_401779,10,200278,301125,2026-06-22,09:00,11:00,5447,7600.155000000001,Completed
401780,EVT-401780,Event_401780,7,200248,301653,2025-04-18,18:00,23:00,15646,13961.4,Completed
401781,EVT-401781,Event_401781,10,200059,300038,2026-02-24,09:00,12:00,2936,3015.61,Completed
401782,EVT-401782,Event_401782,5,200347,301965,2024-05-27,18:00,23:00,42782,3297.49,Cancelled
401783,EVT-401783,Event_401783,5,200296,300816,2024-02-10,14:00,17:00,56958,5585.65,Completed
401784,EVT-401784,Event_401784,10,200153,300118,2024-09-21,19:00,20:00,68093,12174.09,Completed
401786,EVT-401786,Event_401786,14,200405,300012,2025-03-25,18:00,19:00,6199,3935.12,Postponed
401787,EVT-401787,Event_401787,3,200301,300715,2025-11-23,16:00,17:00,4855,8961.33,Postponed
401788,EVT-401788,Event_401788,11,200106,300370,2024-05-03,11:00,13:00,27012,7560.16,Completed
401789,EVT-401789,Event_401789,13,200004,300558,2025-03-29,20:00,23:00,37547,4704.84,Completed
401790,EVT-401790,Event_401790,10,200332,301827,2025-06-11,11:00,14:00,28535,8831.22,Completed
401791,EVT-401791,Event_401791,3,200385,301571,2024-01-16,16:00,17:00,9126,10527.1,Completed
401792,EVT-401792,Event_401792,12,200332,300215,2026-04-20,20:00,22:00,42569,2682.88,Completed
401793,EVT-401793,Event_401793,8,200021,301952,2024-03-22,11:00,15:00,26018,6486.97,Completed
401794,EVT-401794,Event_401794,13,200430,301574,2024-07-26,16:00,17:00,12307,1530.08,Postponed
401795,EVT-401795,Event_401795,11,200133,301329,2025-08-04,09:00,12:00,62806,4982.14,Scheduled
401796,EVT-401796,Event_401796,6,200203,301927,2025-01-15,09:00,13:00,68491,10146.18,Scheduled
401797,EVT-401797,Event_401797,8,200228,301072,2025-04-06,09:00,10:00,36532,11835.28,Scheduled
401799,EVT-401799,Event_401799,1,200072,300429,2024-07-16,18:00,23:00,29794,6013.17,Completed
401800,EVT-401800,Event_401800,8,200195,300791,2024-10-01,11:00,13:00,36472,13609.41,Scheduled
401801,EVT-401801,Event_401801,12,200299,300555,2026-05-06,14:00,20:00,57697,6501.93,Completed
401802,EVT-401802,Event_401802,11,200223,301659,2025-12-21,20:00,21:00,44534,6106.27,Completed
401803,EVT-401803,Event_401803,9,200015,300502,2026-02-17,16:00,17:00,200000,6252.88,Completed
401804,EVT-401804,Event_401804,14,200295,300397,2024-07-02,11:00,15:00,56938,12330.35,Postponed
401805,EVT-401805,Event_401805,12,200111,300960,2024-02-11,09:00,12:00,200000,14143.2,Postponed
401806,EVT-401806,Event_401806,11,200324,301924,2025-05-16,16:00,20:00,25336,13040.56,Completed
401807,EVT-401807,Event_401807,13,200171,300205,2026-03-02,11:00,15:00,20753,8716.69,Completed
401809,EVT-401809,Event_401809,2,200440,300520,2024-03-23,10:00,13:00,24538,10941.0,Scheduled
401810,EVT-401810,Event_401810,14,200144,300197,2026-06-08,11:00,17:00,2265,2382.24,Completed
401811,EVT-401811,Event_401811,12,200296,301178,2024-02-18,09:00,10:00,19660,7682.76,Completed
401812,EVT-401812,Event_401812,2,200144,300897,2024-06-09,09:00,11:00,6742,2686.77,Completed
401813,EVT-401813,Event_401813,8,200093,301880,2024-09-05,20:00,22:00,10102,4750.49,Completed
401814,EVT-401814,Event_401814,14,200153,300902,2024-02-01,19:00,21:00,66167,367.46,Completed
401815,EVT-401815,Event_401815,1,200160,301421,2025-11-19,19:00,01:00,11220,6558.32,Completed
401816,EVT-401816,Event_401816,12,200006,301910,2025-03-16,14:00,17:00,59052,11100.6,Cancelled
401817,EVT-401817,Event_401817,13,200171,300606,2025-07-28,20:00,01:00,20555,13963.96,Scheduled
401818,EVT-401818,Event_401818,4,200227,301483,2024-06-11,11:00,17:00,16542,13038.84,Completed
401820,EVT-401820,Event_401820,14,200246,300561,2025-03-30,19:00,22:00,27337,11299.15,Completed
401821,EVT-401821,Event_401821,7,200388,300145,2026-03-23,09:00,11:00,54863,11519.88,Completed
401822,EVT-401822,Event_401822,6,200109,300234,2024-01-17,18:00,19:00,33897,11676.9,Completed
401823,EVT-401823,Event_401823,10,200007,300722,2024-03-20,18:00,22:00,48710,2250.86,Completed
401824,EVT-401824,Event_401824,14,200396,300261,2024-12-01,18:00,00:00,200000,2828.75,Completed
401825,EVT-401825,Event_401825,9,200248,301492,2025-11-01,20:00,00:00,31359,14388.52,Completed
401826,EVT-401826,Event_401826,15,200042,300707,2024-10-09,10:00,15:00,13029,9631.64,Completed
401827,EVT-401827,Event_401827,14,200072,301594,2026-05-21,11:00,15:00,17530,420.44,Completed
401828,EVT-401828,Event_401828,13,200246,300363,2024-05-08,18:00,20:00,38973,7600.155000000001,Completed
401829,EVT-401829,Event_401829,14,200459,300579,2025-11-28,16:00,20:00,49747,2753.71,Cancelled
401830,EVT-401830,Event_401830,12,200205,300682,2024-03-24,16:00,18:00,155,2089.87,Scheduled
401831,EVT-401831,Event_401831,1,200258,300658,2026-02-08,19:00,00:00,68675,12679.0,Completed
401832,EVT-401832,Event_401832,5,200147,300017,2025-06-17,16:00,18:00,51120,3011.71,Completed
401833,EVT-401833,Event_401833,3,200269,300820,2024-01-28,11:00,17:00,27779,9385.92,Completed
401834,EVT-401834,Event_401834,2,200431,300820,2025-09-11,14:00,16:00,45167,11207.43,Scheduled
401835,EVT-401835,Event_401835,4,200388,300151,2025-02-03,19:00,21:00,56810,7600.155000000001,Completed
401836,EVT-401836,Event_401836,7,200163,301105,2026-05-10,14:00,16:00,11627,650.18,Scheduled
401837,EVT-401837,Event_401837,9,200452,300066,2025-10-28,10:00,15:00,7156,7201.73,Scheduled
401838,EVT-401838,Event_401838,15,200214,300540,2026-05-30,09:00,15:00,61002,14682.63,Completed
401839,EVT-401839,Event_401839,8,200321,301801,2024-09-17,20:00,00:00,13852,7592.61,Postponed
401840,EVT-401840,Event_401840,14,200428,301454,2024-01-13,10:00,16:00,5058,6060.55,Completed
401842,EVT-401842,Event_401842,13,200234,300343,2025-09-04,19:00,01:00,60059,1640.65,Scheduled
401843,EVT-401843,Event_401843,1,200234,301242,2024-06-08,11:00,13:00,38966,8778.79,Scheduled
401844,EVT-401844,Event_401844,14,200283,300581,2024-08-16,10:00,16:00,32499,13898.76,Completed
401845,EVT-401845,Event_401845,1,200282,300705,2025-11-20,10:00,13:00,54031,14473.06,Postponed
401846,EVT-401846,Event_401846,11,200415,301816,2025-06-21,18:00,20:00,55356,9325.41,Completed
401847,EVT-401847,Event_401847,6,200016,301925,2025-04-10,10:00,13:00,200000,311.76,Completed
401848,EVT-401848,Event_401848,2,200118,301016,2025-09-17,14:00,20:00,66337,7600.155000000001,Completed
401849,EVT-401849,Event_401849,3,200226,300692,2025-05-06,11:00,16:00,37905,9970.39,Completed
401850,EVT-401850,Event_401850,13,200478,301378,2025-10-27,10:00,12:00,46459,3412.57,Completed
401851,EVT-401851,Event_401851,13,200396,301483,2024-10-04,16:00,20:00,48098,309.97,Completed
401852,EVT-401852,Event_401852,9,200242,301080,2026-01-23,10:00,16:00,43797,11037.9,Cancelled
401853,EVT-401853,Event_401853,12,200462,301258,2025-12-13,14:00,19:00,68510,7175.83,Completed
401854,EVT-401854,Event_401854,10,200139,300152,2024-10-09,19:00,23:00,49163,7288.81,Completed
401855,EVT-401855,Event_401855,10,200153,300412,2025-02-27,09:00,12:00,60555,7600.155000000001,Completed
401856,EVT-401856,Event_401856,7,200056,300546,2025-02-27,14:00,17:00,48438,6181.21,Completed
401857,EVT-401857,Event_401857,13,200395,300319,2026-03-29,11:00,16:00,49235,7480.28,Completed
401858,EVT-401858,Event_401858,15,200221,300182,2025-06-07,10:00,15:00,54155,2269.77,Scheduled
401859,EVT-401859,Event_401859,13,200049,300595,2025-01-28,14:00,20:00,50465,14776.01,Completed
401860,EVT-401860,Event_401860,8,200002,300790,2024-11-28,10:00,16:00,36359,14034.5,Completed
401861,EVT-401861,Event_401861,15,200461,300757,2024-09-07,09:00,12:00,13641,7600.155000000001,Postponed
401862,EVT-401862,Event_401862,6,200470,300992,2025-06-08,18:00,23:00,68954,4858.64,Completed
401863,EVT-401863,Event_401863,2,200462,300022,2024-06-20,09:00,13:00,64987,12733.93,Completed
401864,EVT-401864,Event_401864,7,200151,301923,2024-10-28,11:00,16:00,9815,11500.91,Cancelled
401866,EVT-401866,Event_401866,11,200171,300151,2026-04-22,10:00,11:00,38833,11909.35,Completed
401867,EVT-401867,Event_401867,4,200261,301353,2024-04-05,09:00,15:00,60119,13186.93,Completed
401868,EVT-401868,Event_401868,10,200135,301917,2024-10-29,10:00,15:00,9910,12215.73,Scheduled
401869,EVT-401869,Event_401869,2,200158,300666,2025-06-06,09:00,15:00,38154,13705.53,Scheduled
401870,EVT-401870,Event_401870,8,200372,301406,2024-08-20,14:00,17:00,13743,9653.07,Completed
401871,EVT-401871,Event_401871,6,200134,301950,2025-03-12,09:00,13:00,16945,6014.27,Completed
401872,EVT-401872,Event_401872,9,200184,301997,2025-05-30,11:00,16:00,20556,13501.83,Completed
401873,EVT-401873,Event_401873,13,200427,300596,2025-03-20,09:00,10:00,68842,6452.5,Completed
401874,EVT-401874,Event_401874,1,200252,300917,2024-03-28,11:00,17:00,57740,11843.04,Completed
401875,EVT-401875,Event_401875,5,200459,300489,2025-04-14,11:00,16:00,44206,3790.77,Postponed
401876,EVT-401876,Event_401876,2,200202,301805,2025-04-29,16:00,20:00,200000,3013.5,Completed
401877,EVT-401877,Event_401877,9,200307,300473,2024-05-01,19:00,23:00,41203,4042.5,Completed
401878,EVT-401878,Event_401878,3,200372,301822,2024-03-23,10:00,14:00,6135,835.22,Postponed
401880,EVT-401880,Event_401880,5,200020,301492,2024-06-19,09:00,13:00,56334,11524.5,Completed
401881,EVT-401881,Event_401881,7,200417,301129,2024-11-09,11:00,17:00,43203,1891.03,Completed
401882,EVT-401882,Event_401882,10,200165,300360,2024-12-05,19:00,21:00,17181,9980.81,Completed
401883,EVT-401883,Event_401883,10,200492,301596,2025-04-10,10:00,15:00,49166,13834.53,Scheduled
401885,EVT-401885,Event_401885,3,200020,301984,2024-07-29,18:00,19:00,41653,14959.22,Completed
401886,EVT-401886,Event_401886,7,200019,300535,2025-05-23,09:00,10:00,17281,12959.67,Completed
401887,EVT-401887,Event_401887,3,200385,300403,2025-05-29,09:00,13:00,14117,6257.8,Completed
401888,EVT-401888,Event_401888,10,200342,301451,2024-03-06,18:00,00:00,38696,10300.81,Completed
401889,EVT-401889,Event_401889,15,200098,300424,2025-07-19,10:00,16:00,59874,10555.59,Completed
401890,EVT-401890,Event_401890,4,200419,301053,2025-05-21,11:00,13:00,46085,6589.19,Completed
401891,EVT-401891,Event_401891,2,200129,301422,2024-05-15,16:00,18:00,18911,2549.2,Scheduled
401892,EVT-401892,Event_401892,7,200442,301356,2024-11-17,19:00,23:00,22584,5491.62,Cancelled
401893,EVT-401893,Event_401893,13,200436,300227,2025-09-13,18:00,19:00,18351,7703.57,Completed
401894,EVT-401894,Event_401894,5,200444,301673,2025-10-16,16:00,19:00,6791,4928.58,Scheduled
401895,EVT-401895,Event_401895,6,200469,300273,2026-04-27,18:00,20:00,66783,11601.68,Completed
401896,EVT-401896,Event_401896,14,200018,300596,2025-01-14,20:00,22:00,19387,10943.95,Scheduled
401897,EVT-401897,Event_401897,15,200432,300224,2026-05-26,19:00,20:00,26475,14917.02,Postponed
401898,EVT-401898,Event_401898,12,200068,300365,2025-09-26,10:00,13:00,24812,12442.7,Postponed
401899,EVT-401899,Event_401899,13,200195,300380,2024-05-10,09:00,11:00,59050,5067.48,Completed
401900,EVT-401900,Event_401900,8,200208,301550,2025-11-15,18:00,22:00,60666,6216.59,Completed
401901,EVT-401901,Event_401901,3,200209,301522,2026-05-09,18:00,21:00,26961,8360.01,Scheduled
401903,EVT-401903,Event_401903,6,200448,300779,2026-01-30,19:00,21:00,26708,14658.81,Scheduled
401904,EVT-401904,Event_401904,11,200216,300696,2026-03-03,20:00,23:00,12414,7599.41,Completed
401905,EVT-401905,Event_401905,5,200314,300384,2024-12-08,10:00,16:00,28238,14613.65,Completed
401906,EVT-401906,Event_401906,3,200135,301244,2024-11-09,14:00,19:00,38624,342.26,Completed
401907,EVT-401907,Event_401907,11,200471,300278,2025-08-22,11:00,12:00,28620,1491.17,Cancelled
401908,EVT-401908,Event_401908,10,200021,301781,2024-10-02,16:00,17:00,2224,8800.96,Completed
401909,EVT-401909,Event_401909,1,200461,300209,2026-03-16,20:00,00:00,29904,11628.81,Completed
401910,EVT-401910,Event_401910,11,200493,300063,2025-02-13,19:00,20:00,52809,14519.45,Completed
401911,EVT-401911,Event_401911,10,200015,300840,2025-04-05,18:00,19:00,38828,9221.51,Scheduled
401912,EVT-401912,Event_401912,10,200187,301693,2024-10-10,14:00,17:00,39087,14745.25,Scheduled
401913,EVT-401913,Event_401913,3,200360,300454,2025-08-11,20:00,23:00,64371,13847.94,Completed
401914,EVT-401914,Event_401914,14,200084,300271,2025-06-14,18:00,19:00,12343,2673.3,Scheduled
401915,EVT-401915,Event_401915,13,200326,300921,2024-02-13,19:00,23:00,44771,11818.31,Completed
401916,EVT-401916,Event_401916,1,200154,300616,2025-10-28,09:00,13:00,48937,14091.25,Scheduled
401917,EVT-401917,Event_401917,4,200237,301774,2026-02-02,14:00,15:00,62520,9273.44,Completed
401918,EVT-401918,Event_401918,8,200487,301034,2024-08-05,19:00,20:00,52469,13156.63,Completed
401919,EVT-401919,Event_401919,15,200181,301579,2025-07-24,19:00,23:00,54564,3228.83,Postponed
401920,EVT-401920,Event_401920,2,200358,301556,2025-02-08,09:00,14:00,31825,13301.27,Completed
401921,EVT-401921,Event_401921,7,200392,301963,2025-07-16,14:00,16:00,48224,4454.74,Completed
401922,EVT-401922,Event_401922,14,200408,301282,2024-06-03,09:00,12:00,46938,5670.72,Scheduled
401923,EVT-401923,Event_401923,7,200368,301406,2024-12-05,19:00,01:00,68673,11893.89,Cancelled
401924,EVT-401924,Event_401924,12,200485,301522,2025-06-14,09:00,14:00,19687,559.53,Completed
401925,EVT-401925,Event_401925,5,200355,300020,2026-03-03,18:00,21:00,19585,14167.79,Completed
401926,EVT-401926,Event_401926,3,200463,300555,2024-05-26,09:00,15:00,62044,9937.55,Scheduled
401927,EVT-401927,Event_401927,15,200152,301574,2026-04-02,10:00,14:00,10021,7117.85,Completed
401928,EVT-401928,Event_401928,3,200176,300436,2024-02-01,14:00,16:00,42799,14103.79,Scheduled
401929,EVT-401929,Event_401929,6,200158,301715,2024-10-14,20:00,00:00,43795,5732.92,Completed
401930,EVT-401930,Event_401930,5,200424,301555,2024-06-27,14:00,17:00,34824,2414.28,Completed
401931,EVT-401931,Event_401931,14,200274,300259,2026-04-14,10:00,13:00,25308,11727.31,Completed
401932,EVT-401932,Event_401932,15,200343,301582,2025-05-25,16:00,22:00,69091,7816.42,Completed
401933,EVT-401933,Event_401933,2,200244,300847,2024-06-24,20:00,02:00,60399,927.6,Postponed
401934,EVT-401934,Event_401934,10,200004,301804,2025-04-21,20:00,01:00,8669,6003.28,Cancelled
401935,EVT-401935,Event_401935,12,200220,300375,2025-05-14,11:00,12:00,32726,14893.34,Scheduled
401937,EVT-401937,Event_401937,4,200018,300854,2025-11-07,19:00,01:00,68607,3338.51,Scheduled
401938,EVT-401938,Event_401938,13,200428,301173,2024-10-04,10:00,15:00,19021,2146.89,Completed
401939,EVT-401939,Event_401939,15,200194,301503,2026-06-23,19:00,20:00,33055,7623.2,Cancelled
401940,EVT-401940,Event_401940,2,200284,300768,2025-11-24,18:00,19:00,59601,9165.66,Completed
401941,EVT-401941,Event_401941,9,200486,300830,2024-08-31,14:00,17:00,19261,7646.02,Cancelled
401942,EVT-401942,Event_401942,14,200187,300757,2024-03-20,10:00,15:00,42671,11409.78,Completed
401943,EVT-401943,Event_401943,15,200003,301686,2025-07-25,16:00,17:00,6104,14204.34,Completed
401944,EVT-401944,Event_401944,2,200147,300872,2025-05-15,16:00,21:00,36128,5892.39,Scheduled
401945,EVT-401945,Event_401945,10,200446,301411,2024-06-25,16:00,20:00,28709,11868.29,Cancelled
401946,EVT-401946,Event_401946,2,200488,300620,2025-02-17,18:00,22:00,2073,829.69,Scheduled
401947,EVT-401947,Event_401947,8,200086,300362,2026-04-27,09:00,14:00,22599,3241.13,Scheduled
401948,EVT-401948,Event_401948,8,200263,300085,2024-10-15,18:00,00:00,49190,2077.14,Completed
401949,EVT-401949,Event_401949,1,200084,301313,2025-04-02,20:00,23:00,37706,5313.0,Completed
401950,EVT-401950,Event_401950,8,200028,300036,2025-05-12,11:00,13:00,69971,11710.73,Completed
401951,EVT-401951,Event_401951,6,200432,301002,2024-12-23,10:00,12:00,3056,6118.46,Completed
401952,EVT-401952,Event_401952,1,200253,300647,2026-02-09,10:00,16:00,14897,251.37,Completed
401953,EVT-401953,Event_401953,14,200056,300626,2024-04-14,18:00,21:00,53072,7600.155000000001,Cancelled
401954,EVT-401954,Event_401954,5,200101,301658,2024-02-24,16:00,20:00,12603,14830.58,Scheduled
401955,EVT-401955,Event_401955,12,200091,300485,2025-09-27,18:00,20:00,62927,2752.84,Completed
401956,EVT-401956,Event_401956,2,200266,300494,2025-02-15,11:00,17:00,67331,10062.62,Completed
401957,EVT-401957,Event_401957,7,200188,301040,2024-02-17,10:00,15:00,35441,13328.32,Postponed
401958,EVT-401958,Event_401958,1,200020,301588,2026-02-15,11:00,16:00,200000,14402.84,Completed
401959,EVT-401959,Event_401959,12,200179,300613,2024-12-05,20:00,22:00,46485,5891.95,Postponed
401960,EVT-401960,Event_401960,12,200162,300989,2025-08-13,10:00,16:00,51084,13629.79,Completed
401961,EVT-401961,Event_401961,15,200277,300880,2025-05-14,10:00,14:00,50210,1883.11,Completed
401962,EVT-401962,Event_401962,6,200432,301239,2024-01-08,09:00,11:00,26008,14679.37,Postponed
401963,EVT-401963,Event_401963,2,200100,301744,2024-07-17,19:00,20:00,66989,13812.79,Completed
401964,EVT-401964,Event_401964,4,200383,301816,2025-02-26,10:00,14:00,916,12759.35,Completed
401965,EVT-401965,Event_401965,7,200071,301216,2024-08-31,10:00,12:00,3783,3031.31,Scheduled
401966,EVT-401966,Event_401966,13,200360,300010,2024-04-08,09:00,12:00,59789,8604.18,Completed
401967,EVT-401967,Event_401967,7,200186,300111,2026-01-31,20:00,00:00,35649,8108.45,Completed
401968,EVT-401968,Event_401968,13,200373,301245,2025-01-20,20:00,23:00,56864,1155.97,Completed
401969,EVT-401969,Event_401969,15,200124,300426,2025-08-04,09:00,13:00,8805,7600.155000000001,Postponed
401970,EVT-401970,Event_401970,6,200215,300867,2025-06-13,20:00,22:00,23053,1823.51,Scheduled
401971,EVT-401971,Event_401971,6,200274,300570,2026-02-27,09:00,15:00,15110,3174.57,Scheduled
401972,EVT-401972,Event_401972,3,200339,301363,2024-05-11,09:00,13:00,28468,8797.43,Scheduled
401974,EVT-401974,Event_401974,11,200259,300146,2025-07-30,19:00,01:00,34765,5499.47,Scheduled
401975,EVT-401975,Event_401975,9,200451,300840,2025-05-28,16:00,19:00,58467,6016.97,Completed
401976,EVT-401976,Event_401976,5,200029,300607,2026-03-14,20:00,00:00,10974,11095.77,Postponed
401977,EVT-401977,Event_401977,3,200251,301296,2025-01-23,11:00,17:00,32097,4725.78,Completed
401978,EVT-401978,Event_401978,11,200414,301481,2026-03-17,11:00,13:00,52349,9802.66,Cancelled
401979,EVT-401979,Event_401979,4,200359,300753,2026-04-11,16:00,19:00,39286,14142.45,Completed
401980,EVT-401980,Event_401980,6,200489,300503,2026-02-03,19:00,20:00,20920,1458.5,Completed
401981,EVT-401981,Event_401981,15,200414,300173,2025-06-20,10:00,16:00,68979,11569.48,Completed
401982,EVT-401982,Event_401982,4,200208,301179,2024-03-27,09:00,15:00,52919,10693.62,Completed
401983,EVT-401983,Event_401983,13,200317,301896,2024-05-08,10:00,11:00,69043,5809.12,Scheduled
401984,EVT-401984,Event_401984,4,200227,301332,2026-06-28,09:00,10:00,29622,13925.61,Completed
401985,EVT-401985,Event_401985,14,200024,300719,2025-07-13,10:00,16:00,22358,4705.59,Postponed
401986,EVT-401986,Event_401986,14,200287,301655,2024-02-14,09:00,11:00,24692,1041.51,Completed
401987,EVT-401987,Event_401987,10,200192,301208,2026-04-04,16:00,22:00,2191,14426.01,Completed
401988,EVT-401988,Event_401988,9,200163,301214,2025-09-20,09:00,10:00,43140,6015.1,Cancelled
401989,EVT-401989,Event_401989,7,200053,300909,2024-09-12,14:00,20:00,49208,6976.63,Postponed
401990,EVT-401990,Event_401990,8,200063,301077,2025-01-26,19:00,01:00,64380,4999.15,Completed
401991,EVT-401991,Event_401991,7,200191,300404,2024-11-06,20:00,21:00,12536,8044.53,Completed
401992,EVT-401992,Event_401992,7,200083,300190,2025-01-29,11:00,12:00,58648,7039.49,Postponed
401993,EVT-401993,Event_401993,13,200091,300799,2026-03-22,20:00,02:00,49155,5579.31,Completed
401994,EVT-401994,Event_401994,13,200450,300460,2024-04-28,11:00,16:00,31738,5802.13,Scheduled
401995,EVT-401995,Event_401995,7,200477,300756,2024-11-07,10:00,15:00,49802,7538.62,Completed
401996,EVT-401996,Event_401996,10,200170,300312,2024-08-19,16:00,19:00,68731,8696.98,Scheduled
401997,EVT-401997,Event_401997,5,200115,301752,2024-11-13,16:00,17:00,52293,2048.46,Completed
401998,EVT-401998,Event_401998,12,200331,301658,2025-04-17,19:00,22:00,14216,877.91,Scheduled
401999,EVT-401999,Event_401999,1,200375,300357,2026-02-11,14:00,18:00,44516,5321.08,Completed
402000,EVT-402000,Event_402000,11,200448,300350,2025-10-15,10:00,15:00,35987,8373.18,Completed
402001,EVT-402001,Event_402001,7,200197,300786,2026-01-12,11:00,13:00,64698,6937.7,Completed
402002,EVT-402002,Event_402002,1,200445,301135,2026-06-02,14:00,16:00,42139,601.96,Completed
402003,EVT-402003,Event_402003,2,200133,300342,2025-04-29,19:00,01:00,28786,14467.53,Completed
402004,EVT-402004,Event_402004,1,200352,301546,2025-07-22,11:00,12:00,62222,12396.17,Scheduled
402005,EVT-402005,Event_402005,2,200434,301852,2026-03-14,20:00,21:00,25763,5268.06,Completed
402006,EVT-402006,Event_402006,7,200187,301630,2024-09-27,10:00,13:00,34476,7600.155000000001,Completed
402007,EVT-402007,Event_402007,13,200240,301368,2026-05-29,18:00,00:00,4315,2970.0,Postponed
402008,EVT-402008,Event_402008,6,200232,301211,2025-06-17,14:00,18:00,65689,4539.32,Completed
402009,EVT-402009,Event_402009,9,200069,301712,2025-11-30,11:00,14:00,200000,14699.83,Completed
402010,EVT-402010,Event_402010,8,200202,301604,2025-06-30,20:00,01:00,31847,6958.17,Completed
402011,EVT-402011,Event_402011,3,200077,300429,2024-09-10,18:00,23:00,55084,1104.49,Completed
402012,EVT-402012,Event_402012,7,200241,301589,2026-01-22,14:00,16:00,58735,1717.47,Scheduled
402013,EVT-402013,Event_402013,6,200099,300262,2026-06-12,14:00,17:00,44015,2266.05,Completed
402014,EVT-402014,Event_402014,15,200095,301349,2024-06-17,16:00,18:00,67526,10005.45,Completed
402015,EVT-402015,Event_402015,8,200023,301317,2024-04-08,16:00,20:00,56688,2920.44,Completed
402016,EVT-402016,Event_402016,5,200183,300109,2024-01-09,14:00,15:00,22522,3132.0,Completed
402017,EVT-402017,Event_402017,1,200045,300516,2026-02-22,18:00,20:00,65567,5245.36,Scheduled
402018,EVT-402018,Event_402018,11,200400,301330,2026-04-30,14:00,20:00,69179,7310.97,Cancelled
402019,EVT-402019,Event_402019,15,200357,301922,2025-05-25,16:00,18:00,200000,12597.13,Completed
402020,EVT-402020,Event_402020,10,200381,301639,2025-03-10,10:00,15:00,61803,3062.42,Completed
402021,EVT-402021,Event_402021,9,200323,300200,2024-10-31,20:00,01:00,66197,5966.6,Completed
402022,EVT-402022,Event_402022,5,200007,300400,2024-10-27,16:00,20:00,20379,7497.73,Completed
402023,EVT-402023,Event_402023,4,200119,300988,2026-03-06,11:00,15:00,66082,7600.155000000001,Completed
402024,EVT-402024,Event_402024,15,200162,301941,2025-10-03,14:00,17:00,49549,8197.17,Scheduled
402025,EVT-402025,Event_402025,8,200118,300657,2024-07-10,19:00,20:00,46172,13199.09,Scheduled
402026,EVT-402026,Event_402026,12,200300,301575,2025-11-15,18:00,20:00,8875,585.75,Completed
402027,EVT-402027,Event_402027,5,200145,301180,2024-12-04,09:00,11:00,1323,2427.65,Completed
402028,EVT-402028,Event_402028,7,200420,300422,2025-12-09,14:00,20:00,52300,10480.5,Completed
402029,EVT-402029,Event_402029,15,200129,300744,2025-06-09,09:00,10:00,42793,12021.58,Postponed
402030,EVT-402030,Event_402030,1,200449,300178,2025-06-08,11:00,13:00,29528,14211.83,Completed
402031,EVT-402031,Event_402031,12,200291,300479,2025-08-29,20:00,21:00,14625,12374.18,Scheduled
402032,EVT-402032,Event_402032,12,200006,300167,2024-05-11,14:00,17:00,33197,9351.99,Completed
402033,EVT-402033,Event_402033,13,200419,300747,2024-10-04,09:00,10:00,41692,5095.57,Completed
402034,EVT-402034,Event_402034,8,200151,301413,2024-07-19,20:00,22:00,29971,1379.95,Scheduled
402035,EVT-402035,Event_402035,8,200143,301181,2024-09-19,16:00,22:00,3340,3500.48,Completed
402036,EVT-402036,Event_402036,13,200128,301325,2024-01-06,11:00,14:00,2789,4381.33,Scheduled
402037,EVT-402037,Event_402037,2,200361,300832,2025-02-13,19:00,23:00,60914,9163.36,Completed
402038,EVT-402038,Event_402038,8,200261,300961,2024-08-11,19:00,21:00,48848,6118.67,Cancelled
402039,EVT-402039,Event_402039,12,200192,301958,2025-08-21,19:00,01:00,10403,8798.28,Completed
402040,EVT-402040,Event_402040,14,200237,300404,2024-02-04,18:00,23:00,409,805.48,Completed
402041,EVT-402041,Event_402041,10,200448,301333,2025-09-11,16:00,21:00,41642,7600.155000000001,Completed
402042,EVT-402042,Event_402042,8,200497,300651,2024-06-07,16:00,20:00,11656,5858.42,Scheduled
402043,EVT-402043,Event_402043,1,200454,300830,2025-06-12,18:00,19:00,41395,3291.69,Scheduled
402044,EVT-402044,Event_402044,15,200389,301560,2026-05-19,16:00,21:00,58477,4433.61,Completed
402045,EVT-402045,Event_402045,2,200412,300508,2024-06-04,16:00,20:00,41974,7600.155000000001,Cancelled
402046,EVT-402046,Event_402046,4,200031,301927,2025-02-05,10:00,15:00,41192,7994.46,Completed
402047,EVT-402047,Event_402047,12,200133,300114,2025-05-06,19:00,23:00,46913,1820.66,Completed
402048,EVT-402048,Event_402048,14,200322,300764,2025-06-10,16:00,22:00,385,852.11,Postponed
402050,EVT-402050,Event_402050,1,200042,300720,2025-12-11,19:00,21:00,29173,7813.04,Cancelled
402051,EVT-402051,Event_402051,9,200256,301744,2026-01-24,20:00,00:00,64751,8947.81,Scheduled
402052,EVT-402052,Event_402052,14,200313,301029,2024-07-24,19:00,21:00,23444,369.47,Cancelled
402053,EVT-402053,Event_402053,14,200357,301092,2024-08-04,19:00,00:00,61200,9439.26,Completed
402054,EVT-402054,Event_402054,13,200007,300673,2024-02-24,19:00,21:00,6856,402.86,Scheduled
402055,EVT-402055,Event_402055,12,200200,301919,2025-03-16,18:00,20:00,13774,9681.2,Postponed
402056,EVT-402056,Event_402056,7,200255,301744,2024-02-12,11:00,15:00,15957,8048.57,Postponed
402057,EVT-402057,Event_402057,9,200044,300239,2026-04-28,18:00,21:00,39347,10940.98,Completed
402058,EVT-402058,Event_402058,5,200170,300492,2024-02-05,09:00,11:00,43856,5741.53,Cancelled
402059,EVT-402059,Event_402059,10,200116,300747,2024-11-30,20:00,23:00,17415,6934.95,Completed
402060,EVT-402060,Event_402060,5,200476,300309,2024-03-21,16:00,19:00,48256,7625.17,Completed
402061,EVT-402061,Event_402061,15,200258,301048,2025-03-30,14:00,19:00,37987,13927.2,Postponed
402062,EVT-402062,Event_402062,9,200108,301664,2025-01-20,11:00,14:00,68678,3354.33,Completed
402063,EVT-402063,Event_402063,15,200075,301316,2024-02-14,16:00,20:00,6507,7686.97,Completed
402064,EVT-402064,Event_402064,7,200467,301589,2024-03-05,16:00,18:00,23018,816.65,Completed
402065,EVT-402065,Event_402065,12,200265,301040,2025-10-07,14:00,18:00,5624,14609.49,Scheduled
402066,EVT-402066,Event_402066,9,200212,300673,2024-08-15,18:00,00:00,45216,5663.22,Postponed
402067,EVT-402067,Event_402067,12,200233,301805,2024-09-08,20:00,22:00,59292,2804.46,Completed
402068,EVT-402068,Event_402068,6,200390,300789,2026-05-19,20:00,02:00,16998,14313.34,Completed
402069,EVT-402069,Event_402069,14,200266,300703,2024-10-07,19:00,23:00,65852,5827.82,Scheduled
402070,EVT-402070,Event_402070,8,200087,301848,2025-01-24,09:00,11:00,39399,4447.9,Scheduled
402071,EVT-402071,Event_402071,12,200193,300875,2026-01-22,14:00,17:00,3706,4405.63,Completed
402072,EVT-402072,Event_402072,15,200286,300450,2026-06-24,18:00,21:00,50930,10865.01,Completed
402073,EVT-402073,Event_402073,4,200048,301629,2025-07-26,09:00,14:00,56612,2177.73,Completed
402074,EVT-402074,Event_402074,2,200265,301270,2024-12-24,14:00,15:00,35891,6288.43,Completed
402075,EVT-402075,Event_402075,9,200433,300416,2026-04-02,18:00,19:00,35393,789.41,Completed
402076,EVT-402076,Event_402076,13,200261,300132,2024-03-09,10:00,16:00,61022,4361.68,Cancelled
402077,EVT-402077,Event_402077,14,200269,300616,2026-05-26,10:00,16:00,26480,14864.62,Completed
402078,EVT-402078,Event_402078,3,200410,300473,2024-04-30,16:00,19:00,48186,14756.36,Completed
402079,EVT-402079,Event_402079,5,200483,301755,2025-01-02,14:00,18:00,13008,3133.14,Scheduled
402080,EVT-402080,Event_402080,14,200052,300819,2024-03-09,09:00,10:00,12512,1914.75,Completed
402081,EVT-402081,Event_402081,10,200392,300624,2025-05-08,10:00,13:00,19530,8319.32,Scheduled
402082,EVT-402082,Event_402082,2,200377,300886,2025-02-26,19:00,00:00,24851,2615.79,Completed
402083,EVT-402083,Event_402083,10,200100,301775,2025-08-02,10:00,15:00,51812,11794.32,Completed
402084,EVT-402084,Event_402084,13,200137,300427,2025-09-02,09:00,14:00,29352,7600.155000000001,Completed
402085,EVT-402085,Event_402085,5,200426,301026,2025-04-16,09:00,15:00,16691,11912.67,Completed
402086,EVT-402086,Event_402086,7,200478,301803,2026-04-19,09:00,11:00,22640,10917.52,Completed
402087,EVT-402087,Event_402087,9,200279,301096,2024-10-17,16:00,21:00,69416,7973.74,Completed
402088,EVT-402088,Event_402088,15,200102,301675,2026-03-27,18:00,00:00,26497,8562.56,Cancelled
402089,EVT-402089,Event_402089,15,200145,301598,2024-06-08,20:00,02:00,32759,5375.3,Completed
402090,EVT-402090,Event_402090,2,200004,301110,2024-07-18,14:00,16:00,49683,11993.06,Completed
402091,EVT-402091,Event_402091,7,200456,301148,2024-12-17,14:00,15:00,44400,10152.59,Completed
402092,EVT-402092,Event_402092,14,200484,301085,2025-02-22,14:00,19:00,51563,6861.44,Completed
402093,EVT-402093,Event_402093,7,200039,300798,2025-04-30,10:00,15:00,57077,7343.42,Postponed
402094,EVT-402094,Event_402094,5,200241,301284,2026-04-15,16:00,20:00,31685,9350.76,Scheduled
402095,EVT-402095,Event_402095,12,200419,301099,2024-04-18,14:00,18:00,64295,3313.17,Completed
402096,EVT-402096,Event_402096,13,200194,301225,2025-10-27,19:00,20:00,63947,8946.89,Completed
402097,EVT-402097,Event_402097,4,200007,301709,2026-01-28,10:00,12:00,57509,856.13,Completed
402099,EVT-402099,Event_402099,9,200024,301909,2024-11-04,11:00,14:00,30054,7947.71,Completed
402100,EVT-402100,Event_402100,15,200369,300838,2025-10-13,14:00,20:00,200000,11493.61,Completed
402101,EVT-402101,Event_402101,9,200137,301987,2026-01-23,09:00,10:00,27640,1728.36,Completed
402102,EVT-402102,Event_402102,8,200159,301982,2026-04-16,11:00,13:00,41824,9487.69,Scheduled
402103,EVT-402103,Event_402103,6,200220,301600,2025-12-07,18:00,21:00,4022,1945.71,Completed
402104,EVT-402104,Event_402104,12,200219,300142,2024-04-14,14:00,16:00,31393,9810.32,Completed
402105,EVT-402105,Event_402105,12,200494,301915,2026-01-18,10:00,12:00,61400,13843.35,Completed
402106,EVT-402106,Event_402106,5,200224,300851,2024-11-20,09:00,10:00,58261,840.62,Postponed
402107,EVT-402107,Event_402107,12,200386,301570,2025-05-21,14:00,15:00,56985,12707.27,Completed
402108,EVT-402108,Event_402108,15,200205,301172,2024-07-16,10:00,14:00,9564,8426.34,Scheduled
402109,EVT-402109,Event_402109,14,200327,301236,2025-03-14,11:00,16:00,32798,14892.67,Scheduled
402110,EVT-402110,Event_402110,14,200477,300662,2024-05-16,19:00,01:00,21220,11484.16,Scheduled
402111,EVT-402111,Event_402111,11,200064,301924,2024-09-02,14:00,20:00,53808,1119.89,Scheduled
402112,EVT-402112,Event_402112,3,200285,300040,2024-05-11,11:00,13:00,17474,6611.71,Completed
402114,EVT-402114,Event_402114,3,200475,300733,2024-03-29,18:00,19:00,9504,5051.6,Completed
402115,EVT-402115,Event_402115,4,200103,300634,2024-12-05,20:00,21:00,13897,4485.61,Scheduled
402116,EVT-402116,Event_402116,1,200271,301242,2025-07-03,11:00,12:00,55247,2756.73,Completed
402117,EVT-402117,Event_402117,5,200445,301044,2026-04-16,20:00,01:00,57278,5241.25,Completed
402118,EVT-402118,Event_402118,7,200324,301606,2024-10-12,10:00,14:00,65356,4011.27,Completed
402119,EVT-402119,Event_402119,11,200085,300759,2025-02-24,20:00,00:00,40374,980.05,Completed
402120,EVT-402120,Event_402120,10,200145,300883,2024-09-06,16:00,21:00,43428,13851.16,Scheduled
402121,EVT-402121,Event_402121,15,200414,301696,2026-04-28,10:00,14:00,25436,5893.59,Completed
402122,EVT-402122,Event_402122,14,200132,300947,2026-04-08,18:00,23:00,33064,10821.31,Completed
402123,EVT-402123,Event_402123,12,200470,301553,2024-01-02,16:00,18:00,22774,14152.16,Completed
402124,EVT-402124,Event_402124,12,200171,301844,2024-11-07,10:00,13:00,40707,5332.67,Completed
402125,EVT-402125,Event_402125,12,200499,301904,2024-11-17,14:00,20:00,43720,7270.91,Completed
402126,EVT-402126,Event_402126,13,200100,301676,2024-05-09,10:00,12:00,200000,5892.26,Completed
402129,EVT-402129,Event_402129,10,200154,300406,2024-10-16,09:00,15:00,32501,8418.88,Completed
402130,EVT-402130,Event_402130,3,200475,301863,2025-07-09,11:00,14:00,65350,3122.13,Completed
402131,EVT-402131,Event_402131,8,200146,300633,2025-06-18,14:00,20:00,40159,9242.84,Completed
402132,EVT-402132,Event_402132,11,200230,301536,2025-12-27,19:00,21:00,25010,2148.62,Completed
402133,EVT-402133,Event_402133,1,200253,301629,2025-06-04,20:00,01:00,64732,14589.6,Completed
402134,EVT-402134,Event_402134,5,200276,301985,2025-06-21,19:00,00:00,20585,5588.35,Scheduled
402135,EVT-402135,Event_402135,9,200253,301037,2025-01-14,09:00,15:00,56001,12219.42,Scheduled
402136,EVT-402136,Event_402136,14,200159,301386,2025-10-01,19:00,01:00,59424,10482.37,Scheduled
402137,EVT-402137,Event_402137,10,200010,300650,2026-01-10,10:00,16:00,62466,7887.0,Postponed
402138,EVT-402138,Event_402138,11,200035,302000,2024-06-04,20:00,23:00,21937,5434.61,Completed
402139,EVT-402139,Event_402139,12,200102,301052,2024-02-06,18:00,19:00,13033,3115.83,Postponed
402140,EVT-402140,Event_402140,3,200422,301329,2025-05-20,09:00,13:00,6511,7906.14,Completed
402141,EVT-402141,Event_402141,6,200198,301606,2024-05-16,16:00,19:00,38245,11500.0,Completed
402142,EVT-402142,Event_402142,14,200051,301984,2025-06-18,16:00,22:00,7518,12423.19,Completed
402143,EVT-402143,Event_402143,9,200439,300554,2024-06-11,10:00,12:00,47023,7600.155000000001,Completed
402144,EVT-402144,Event_402144,15,200243,301999,2024-06-21,19:00,21:00,51436,2766.87,Scheduled
402145,EVT-402145,Event_402145,5,200297,300215,2026-06-25,09:00,12:00,54987,6164.87,Completed
402146,EVT-402146,Event_402146,5,200076,300673,2025-12-06,18:00,19:00,47198,10542.5,Scheduled
402147,EVT-402147,Event_402147,9,200323,300087,2025-11-14,14:00,19:00,42029,3865.84,Cancelled
402148,EVT-402148,Event_402148,10,200348,301432,2024-01-10,09:00,13:00,57021,14868.53,Completed
402149,EVT-402149,Event_402149,15,200087,301408,2026-04-08,20:00,23:00,21702,3831.48,Completed
402150,EVT-402150,Event_402150,4,200276,301906,2025-10-17,20:00,23:00,41992,6516.65,Completed
402151,EVT-402151,Event_402151,4,200305,300543,2026-03-05,09:00,14:00,67935,3779.45,Completed
402152,EVT-402152,Event_402152,3,200290,301935,2025-10-16,14:00,18:00,51679,14470.0,Completed
402153,EVT-402153,Event_402153,7,200342,300926,2024-02-23,18:00,20:00,37539,5913.63,Cancelled
402154,EVT-402154,Event_402154,9,200012,301046,2026-02-15,09:00,14:00,32759,4077.04,Completed
402155,EVT-402155,Event_402155,3,200063,300731,2024-04-15,18:00,23:00,60954,3751.34,Scheduled
402156,EVT-402156,Event_402156,15,200390,300157,2025-08-16,20:00,22:00,62433,3475.76,Postponed
402157,EVT-402157,Event_402157,12,200081,300846,2024-08-19,09:00,14:00,39380,4127.5,Cancelled
402158,EVT-402158,Event_402158,11,200414,301619,2025-10-16,11:00,15:00,44409,14392.87,Scheduled
402159,EVT-402159,Event_402159,11,200296,300396,2025-07-08,20:00,00:00,19037,9451.39,Completed
402160,EVT-402160,Event_402160,12,200214,301176,2026-02-02,11:00,17:00,64391,3156.31,Completed
402161,EVT-402161,Event_402161,14,200148,301764,2025-09-19,19:00,22:00,12972,11541.87,Completed
402162,EVT-402162,Event_402162,1,200089,300465,2024-05-27,20:00,23:00,54334,7071.62,Completed
402163,EVT-402163,Event_402163,13,200187,300216,2024-02-17,11:00,14:00,63325,8038.37,Completed
402164,EVT-402164,Event_402164,7,200030,301684,2025-01-08,20:00,21:00,5643,5782.27,Scheduled
402165,EVT-402165,Event_402165,11,200467,301775,2026-06-06,19:00,21:00,21726,11793.58,Cancelled
402166,EVT-402166,Event_402166,1,200390,301441,2025-10-12,10:00,11:00,200000,7600.155000000001,Scheduled
402167,EVT-402167,Event_402167,9,200320,300935,2024-12-28,10:00,14:00,56148,6202.87,Postponed
402168,EVT-402168,Event_402168,7,200027,301449,2026-04-06,19:00,23:00,305,3855.45,Scheduled
402169,EVT-402169,Event_402169,15,200269,300872,2025-10-17,16:00,19:00,62005,7744.79,Completed
402170,EVT-402170,Event_402170,3,200148,301769,2026-06-28,14:00,18:00,52504,13316.73,Completed
402171,EVT-402171,Event_402171,4,200017,301009,2025-03-24,19:00,00:00,27790,12839.85,Postponed
402172,EVT-402172,Event_402172,6,200150,300213,2024-06-28,16:00,21:00,29754,13540.03,Scheduled
402173,EVT-402173,Event_402173,6,200255,300298,2024-11-14,14:00,19:00,18145,2042.02,Scheduled
402174,EVT-402174,Event_402174,4,200283,301080,2024-11-16,18:00,00:00,6226,2095.8,Completed
402175,EVT-402175,Event_402175,4,200398,300093,2024-10-02,10:00,14:00,42487,14806.23,Scheduled
402176,EVT-402176,Event_402176,6,200101,301735,2025-01-12,18:00,19:00,22889,5775.2,Completed
402177,EVT-402177,Event_402177,10,200367,300754,2024-01-26,19:00,22:00,200000,1567.61,Cancelled
402178,EVT-402178,Event_402178,3,200437,300315,2024-11-14,19:00,00:00,3448,328.3,Completed
402179,EVT-402179,Event_402179,9,200228,301166,2024-05-24,19:00,22:00,54282,13786.81,Postponed
402180,EVT-402180,Event_402180,8,200309,300169,2024-10-12,11:00,14:00,5923,10217.2,Cancelled
402182,EVT-402182,Event_402182,8,200159,300115,2024-06-22,11:00,13:00,54616,2356.73,Completed
402183,EVT-402183,Event_402183,14,200417,301528,2025-08-05,16:00,21:00,7225,3385.35,Completed
402184,EVT-402184,Event_402184,11,200095,301070,2025-07-31,19:00,23:00,58575,10036.42,Completed
402185,EVT-402185,Event_402185,15,200263,300263,2026-06-16,09:00,13:00,18886,10188.72,Cancelled
402186,EVT-402186,Event_402186,8,200425,300915,2025-08-17,14:00,17:00,39626,4283.9,Completed
402187,EVT-402187,Event_402187,2,200390,301947,2024-01-04,14:00,20:00,6175,9628.45,Cancelled
402188,EVT-402188,Event_402188,10,200416,300159,2026-03-20,14:00,15:00,12971,10797.15,Completed
402189,EVT-402189,Event_402189,6,200085,300009,2024-07-31,18:00,20:00,62248,6868.15,Postponed
402190,EVT-402190,Event_402190,1,200428,301692,2025-08-07,19:00,20:00,40222,3904.74,Completed
402191,EVT-402191,Event_402191,9,200480,301790,2025-07-25,20:00,22:00,1246,1226.73,Scheduled
402192,EVT-402192,Event_402192,11,200210,300549,2024-01-27,18:00,21:00,49296,5039.99,Completed
402193,EVT-402193,Event_402193,3,200493,300495,2026-01-23,18:00,19:00,51027,13766.6,Completed
402194,EVT-402194,Event_402194,14,200111,301347,2025-03-02,09:00,15:00,27750,676.36,Scheduled
402195,EVT-402195,Event_402195,6,200100,301157,2024-05-13,18:00,00:00,59770,12053.81,Completed
402196,EVT-402196,Event_402196,8,200257,300711,2024-05-02,14:00,15:00,59507,13919.19,Postponed
402197,EVT-402197,Event_402197,2,200241,301391,2025-09-18,19:00,01:00,69620,5630.03,Completed
402198,EVT-402198,Event_402198,7,200289,301605,2024-08-18,20:00,01:00,31666,5418.69,Completed
402199,EVT-402199,Event_402199,5,200220,300388,2025-05-01,20:00,00:00,14584,6926.35,Postponed
402200,EVT-402200,Event_402200,7,200161,301100,2025-06-03,14:00,17:00,26240,9263.74,Postponed
402201,EVT-402201,Event_402201,11,200372,301811,2025-02-23,11:00,16:00,27578,1848.13,Completed
402202,EVT-402202,Event_402202,8,200456,301008,2024-04-10,10:00,11:00,63063,4538.04,Completed
402203,EVT-402203,Event_402203,3,200186,301256,2024-08-14,09:00,13:00,28290,7543.79,Scheduled
402204,EVT-402204,Event_402204,9,200038,300726,2026-03-22,20:00,22:00,46094,12965.72,Completed
402205,EVT-402205,Event_402205,11,200374,301230,2024-08-23,14:00,20:00,6420,7643.64,Completed
402206,EVT-402206,Event_402206,6,200425,301107,2025-12-16,14:00,19:00,33652,12398.35,Completed
402207,EVT-402207,Event_402207,14,200260,301859,2025-08-12,11:00,15:00,46687,7600.155000000001,Completed
402208,EVT-402208,Event_402208,7,200371,300705,2024-05-01,18:00,21:00,59073,4416.45,Completed
402209,EVT-402209,Event_402209,1,200141,300584,2026-04-26,18:00,22:00,3317,6366.73,Completed
402210,EVT-402210,Event_402210,3,200114,301780,2026-01-11,19:00,00:00,20521,9828.33,Completed
402211,EVT-402211,Event_402211,5,200333,301854,2025-11-22,14:00,18:00,58454,2839.59,Postponed
402212,EVT-402212,Event_402212,13,200285,301547,2026-02-06,18:00,22:00,57659,6446.75,Completed
402213,EVT-402213,Event_402213,4,200403,300491,2025-06-03,19:00,01:00,14349,1060.75,Completed
402214,EVT-402214,Event_402214,15,200104,301431,2026-04-24,11:00,17:00,23276,14753.23,Completed
402215,EVT-402215,Event_402215,2,200430,300201,2025-01-17,18:00,22:00,8396,6682.56,Completed
402216,EVT-402216,Event_402216,7,200382,300100,2024-07-05,16:00,17:00,21522,13668.01,Completed
402217,EVT-402217,Event_402217,13,200304,301244,2024-01-13,20:00,02:00,41331,12637.58,Scheduled
402218,EVT-402218,Event_402218,2,200212,301282,2024-09-20,18:00,23:00,59262,7189.89,Completed
402219,EVT-402219,Event_402219,13,200030,300388,2025-12-17,18:00,00:00,24003,11834.72,Cancelled
402220,EVT-402220,Event_402220,6,200386,301815,2026-01-11,11:00,16:00,20142,14025.34,Completed
402221,EVT-402221,Event_402221,2,200184,300070,2025-11-21,14:00,20:00,23358,3184.53,Completed
402222,EVT-402222,Event_402222,11,200268,301294,2024-01-25,19:00,23:00,51640,9155.64,Postponed
402223,EVT-402223,Event_402223,12,200484,301672,2025-01-17,19:00,00:00,26729,13494.12,Completed
402224,EVT-402224,Event_402224,8,200191,301836,2025-03-02,16:00,22:00,44875,14837.32,Completed
402225,EVT-402225,Event_402225,5,200230,301461,2024-10-18,09:00,10:00,19632,8648.96,Completed
402226,EVT-402226,Event_402226,2,200022,301963,2025-12-16,20:00,23:00,60937,13991.43,Cancelled
402227,EVT-402227,Event_402227,1,200485,300762,2025-11-07,19:00,22:00,33289,14175.88,Scheduled
402228,EVT-402228,Event_402228,7,200170,301324,2024-01-11,11:00,17:00,5735,6860.5,Completed
402229,EVT-402229,Event_402229,13,200095,301866,2026-03-13,20:00,00:00,63890,6729.93,Completed
402230,EVT-402230,Event_402230,14,200179,300806,2024-04-23,19:00,20:00,17786,9578.15,Cancelled
402231,EVT-402231,Event_402231,7,200085,301821,2025-08-30,10:00,16:00,50509,11622.7,Scheduled
402232,EVT-402232,Event_402232,9,200377,301504,2026-04-16,18:00,19:00,63764,13586.39,Scheduled
402233,EVT-402233,Event_402233,9,200054,300275,2024-06-19,14:00,20:00,10584,14787.33,Completed
402236,EVT-402236,Event_402236,1,200157,301534,2026-01-23,19:00,00:00,26906,1653.07,Scheduled
402237,EVT-402237,Event_402237,8,200483,300233,2024-10-21,20:00,22:00,5228,1000.29,Completed
402238,EVT-402238,Event_402238,4,200348,301896,2025-03-07,10:00,14:00,61769,7600.155000000001,Completed
402239,EVT-402239,Event_402239,15,200284,301295,2024-06-13,14:00,17:00,65647,13860.92,Cancelled
402240,EVT-402240,Event_402240,4,200013,300599,2024-10-07,11:00,14:00,26297,1197.71,Completed
402241,EVT-402241,Event_402241,1,200146,301660,2024-11-26,16:00,21:00,69646,12028.34,Completed
402242,EVT-402242,Event_402242,1,200446,300474,2025-11-27,11:00,12:00,12824,9159.32,Postponed
402243,EVT-402243,Event_402243,11,200021,300503,2025-07-10,11:00,14:00,598,8905.4,Completed
402244,EVT-402244,Event_402244,3,200262,300648,2026-05-04,19:00,00:00,60564,7600.155000000001,Completed
402245,EVT-402245,Event_402245,3,200299,301882,2025-01-18,10:00,12:00,51805,2319.68,Completed
402246,EVT-402246,Event_402246,2,200195,300438,2024-03-23,10:00,12:00,54476,679.5,Scheduled
402247,EVT-402247,Event_402247,2,200280,300693,2025-07-22,09:00,11:00,2089,4243.07,Postponed
402248,EVT-402248,Event_402248,10,200153,300378,2024-11-29,16:00,22:00,58463,596.57,Completed
402249,EVT-402249,Event_402249,6,200038,301013,2024-06-30,14:00,20:00,48702,1413.87,Completed
402250,EVT-402250,Event_402250,2,200370,301648,2025-01-16,11:00,15:00,54392,6871.74,Completed
402251,EVT-402251,Event_402251,15,200102,301727,2025-06-13,11:00,17:00,2825,8141.97,Completed
402252,EVT-402252,Event_402252,8,200063,301795,2025-08-03,11:00,15:00,58918,6439.79,Completed
402253,EVT-402253,Event_402253,7,200343,301836,2026-06-18,14:00,19:00,32397,9773.22,Completed
402254,EVT-402254,Event_402254,9,200197,301103,2024-11-27,20:00,00:00,23994,5494.29,Postponed
402255,EVT-402255,Event_402255,4,200050,301043,2024-03-13,18:00,19:00,69077,10636.31,Completed
402257,EVT-402257,Event_402257,1,200369,301339,2026-06-17,09:00,10:00,36450,1597.64,Completed
402258,EVT-402258,Event_402258,2,200342,300396,2026-06-03,16:00,18:00,10573,7272.38,Completed
402259,EVT-402259,Event_402259,6,200006,300272,2025-05-09,10:00,14:00,33976,11307.5,Completed
402260,EVT-402260,Event_402260,7,200052,301996,2024-09-20,20:00,02:00,64354,8508.43,Completed
402261,EVT-402261,Event_402261,15,200467,301903,2024-10-01,16:00,22:00,37419,14315.42,Completed
402262,EVT-402262,Event_402262,14,200372,300869,2025-09-22,20:00,22:00,68955,14000.18,Completed
402263,EVT-402263,Event_402263,3,200168,300220,2024-07-29,18:00,21:00,34770,11706.51,Completed
402264,EVT-402264,Event_402264,2,200440,300756,2026-02-16,18:00,22:00,40999,5636.74,Completed
402265,EVT-402265,Event_402265,11,200138,301279,2024-10-21,19:00,21:00,39829,12530.9,Completed
402266,EVT-402266,Event_402266,15,200482,301543,2024-03-06,09:00,11:00,64317,13573.0,Completed
402267,EVT-402267,Event_402267,4,200086,300415,2024-01-31,19:00,21:00,67164,6375.5,Completed
402268,EVT-402268,Event_402268,4,200135,301708,2024-01-11,14:00,20:00,41560,6925.21,Scheduled
402269,EVT-402269,Event_402269,9,200419,300198,2024-05-02,09:00,14:00,12797,13297.73,Completed
402270,EVT-402270,Event_402270,5,200360,300131,2026-04-01,20:00,02:00,17258,10324.59,Scheduled
402271,EVT-402271,Event_402271,10,200317,300397,2024-11-08,16:00,22:00,21633,967.87,Postponed
402272,EVT-402272,Event_402272,14,200055,300029,2025-09-14,16:00,19:00,30841,12395.15,Completed
402273,EVT-402273,Event_402273,13,200061,301946,2025-01-07,09:00,12:00,44692,13932.86,Cancelled
402274,EVT-402274,Event_402274,13,200026,301914,2025-08-27,09:00,12:00,15226,1538.87,Completed
402275,EVT-402275,Event_402275,11,200376,301970,2025-01-12,19:00,01:00,50980,5771.59,Completed
402276,EVT-402276,Event_402276,13,200047,301521,2024-02-14,11:00,14:00,57091,1225.61,Completed
402277,EVT-402277,Event_402277,15,200286,300432,2025-04-04,10:00,14:00,69969,6749.67,Completed
402278,EVT-402278,Event_402278,13,200392,301412,2026-03-07,10:00,11:00,11189,11943.9,Completed
402279,EVT-402279,Event_402279,10,200042,301268,2026-03-09,11:00,13:00,33507,12461.9,Completed
402280,EVT-402280,Event_402280,5,200255,300056,2025-03-24,20:00,22:00,23254,3944.51,Scheduled
402281,EVT-402281,Event_402281,2,200386,300184,2025-02-19,09:00,12:00,69415,12062.05,Cancelled
402282,EVT-402282,Event_402282,15,200044,300721,2025-05-29,19:00,00:00,200000,9450.62,Completed
402283,EVT-402283,Event_402283,15,200310,301651,2025-12-03,14:00,20:00,9240,7600.155000000001,Completed
402284,EVT-402284,Event_402284,15,200409,301632,2024-11-16,09:00,10:00,26310,5147.5,Completed
402285,EVT-402285,Event_402285,15,200218,301088,2025-09-14,16:00,19:00,63189,3184.88,Scheduled
402286,EVT-402286,Event_402286,9,200167,301720,2025-04-14,10:00,15:00,52798,1212.53,Completed
402287,EVT-402287,Event_402287,10,200129,300238,2024-03-06,20:00,22:00,16964,1484.4,Completed
402288,EVT-402288,Event_402288,14,200472,301686,2026-04-03,10:00,12:00,3701,7639.33,Completed
402289,EVT-402289,Event_402289,14,200426,301742,2026-02-23,16:00,22:00,43959,9677.77,Postponed
402291,EVT-402291,Event_402291,9,200244,300417,2025-08-18,14:00,20:00,40589,3772.8,Completed
402292,EVT-402292,Event_402292,2,200277,300742,2025-03-04,19:00,20:00,48980,12137.31,Scheduled
402293,EVT-402293,Event_402293,10,200437,300217,2024-11-29,14:00,18:00,5822,3721.43,Completed
402294,EVT-402294,Event_402294,7,200392,300763,2024-07-10,19:00,23:00,8845,9009.07,Completed
402295,EVT-402295,Event_402295,9,200028,301407,2025-04-02,16:00,22:00,31755,11869.95,Completed
402296,EVT-402296,Event_402296,3,200327,300637,2025-01-26,10:00,13:00,32238,6213.25,Completed
402297,EVT-402297,Event_402297,4,200378,301402,2024-07-10,20:00,02:00,200000,11665.43,Completed
402299,EVT-402299,Event_402299,5,200064,300362,2025-05-17,20:00,01:00,20823,8212.78,Completed
402300,EVT-402300,Event_402300,11,200215,301123,2025-04-04,10:00,12:00,4603,12877.74,Cancelled
402301,EVT-402301,Event_402301,1,200304,301005,2026-06-11,20:00,23:00,58198,2748.14,Completed
402302,EVT-402302,Event_402302,5,200044,300439,2024-05-15,20:00,21:00,64131,9536.81,Scheduled
402303,EVT-402303,Event_402303,4,200301,301131,2024-06-17,14:00,20:00,43791,2236.22,Completed
402304,EVT-402304,Event_402304,5,200078,300574,2025-07-15,14:00,15:00,19984,2260.12,Scheduled
402305,EVT-402305,Event_402305,6,200223,300089,2026-01-20,14:00,16:00,44015,7600.155000000001,Completed
402306,EVT-402306,Event_402306,7,200185,300859,2024-12-15,20:00,00:00,37107,3116.52,Scheduled
402307,EVT-402307,Event_402307,6,200161,301229,2024-05-13,20:00,00:00,12234,5501.4,Cancelled
402308,EVT-402308,Event_402308,5,200113,300177,2024-12-14,11:00,12:00,62012,12529.79,Completed
402309,EVT-402309,Event_402309,1,200499,300752,2024-05-23,11:00,16:00,12651,13084.94,Cancelled
402310,EVT-402310,Event_402310,12,200391,300761,2026-04-15,11:00,14:00,63253,12130.77,Completed
402312,EVT-402312,Event_402312,4,200284,301108,2026-03-08,11:00,16:00,29807,2037.42,Completed
402313,EVT-402313,Event_402313,9,200165,301238,2025-11-29,19:00,23:00,9580,3474.56,Completed
402314,EVT-402314,Event_402314,6,200329,301398,2024-07-24,11:00,17:00,55518,14943.09,Scheduled
402315,EVT-402315,Event_402315,13,200060,300799,2025-10-09,19:00,20:00,607,5327.95,Completed
402316,EVT-402316,Event_402316,7,200035,301623,2024-07-30,20:00,23:00,18416,9570.77,Completed
402317,EVT-402317,Event_402317,15,200025,301095,2024-10-31,09:00,15:00,13682,10900.39,Scheduled
402318,EVT-402318,Event_402318,10,200080,301295,2024-09-22,16:00,22:00,20724,6854.75,Completed
402319,EVT-402319,Event_402319,7,200065,301637,2025-10-01,10:00,16:00,22492,5534.94,Cancelled
402320,EVT-402320,Event_402320,15,200481,300788,2024-07-04,18:00,22:00,7641,4671.05,Postponed
402321,EVT-402321,Event_402321,5,200488,301978,2024-08-05,14:00,16:00,59081,4116.87,Completed
402322,EVT-402322,Event_402322,15,200316,300972,2025-10-04,19:00,01:00,61545,6522.49,Completed
402323,EVT-402323,Event_402323,2,200297,301682,2024-03-19,11:00,12:00,6159,479.04,Completed
402324,EVT-402324,Event_402324,10,200216,300182,2026-03-21,20:00,01:00,33397,14844.88,Completed
402325,EVT-402325,Event_402325,2,200244,301810,2025-05-23,19:00,20:00,45447,6241.93,Completed
402326,EVT-402326,Event_402326,9,200156,301325,2024-08-20,19:00,01:00,69994,8905.18,Completed
402327,EVT-402327,Event_402327,9,200443,301840,2025-04-20,16:00,20:00,22132,6897.07,Scheduled
402328,EVT-402328,Event_402328,12,200378,301495,2024-07-14,11:00,17:00,7017,331.02,Postponed
402329,EVT-402329,Event_402329,12,200171,301223,2025-07-21,20:00,01:00,200000,5009.13,Cancelled
402330,EVT-402330,Event_402330,8,200332,300865,2025-02-24,18:00,20:00,8629,3335.48,Scheduled
402331,EVT-402331,Event_402331,2,200143,301801,2024-12-11,09:00,15:00,64780,7600.155000000001,Completed
402332,EVT-402332,Event_402332,7,200280,301707,2025-09-12,18:00,21:00,39805,9014.8,Cancelled
402333,EVT-402333,Event_402333,5,200004,301087,2024-04-03,11:00,13:00,12554,12274.01,Completed
402334,EVT-402334,Event_402334,5,200102,300286,2025-03-26,09:00,10:00,36468,6017.35,Completed
402335,EVT-402335,Event_402335,6,200074,300956,2024-04-07,11:00,12:00,40663,265.88,Completed
402336,EVT-402336,Event_402336,7,200170,301823,2025-11-02,10:00,15:00,6876,4244.55,Completed
402337,EVT-402337,Event_402337,3,200309,300388,2025-12-22,09:00,10:00,51263,6580.69,Postponed
402338,EVT-402338,Event_402338,5,200204,300900,2024-05-13,18:00,23:00,43441,6478.94,Completed
402339,EVT-402339,Event_402339,13,200377,300595,2026-06-10,19:00,23:00,42074,10387.66,Scheduled
402340,EVT-402340,Event_402340,1,200078,301707,2024-04-08,18:00,00:00,17467,4989.3,Scheduled
402341,EVT-402341,Event_402341,8,200128,300643,2024-01-01,10:00,11:00,59646,13275.97,Completed
402342,EVT-402342,Event_402342,10,200089,300749,2025-06-09,10:00,16:00,16813,7908.15,Completed
402343,EVT-402343,Event_402343,5,200364,300823,2024-12-06,19:00,01:00,43521,11646.32,Completed
402344,EVT-402344,Event_402344,13,200458,300808,2024-05-25,19:00,23:00,23615,11765.13,Postponed
402345,EVT-402345,Event_402345,14,200139,301018,2026-03-07,19:00,00:00,63767,12466.12,Scheduled
402347,EVT-402347,Event_402347,10,200281,301777,2024-12-19,18:00,22:00,27990,10499.05,Completed
402348,EVT-402348,Event_402348,6,200312,301280,2026-04-14,11:00,17:00,15167,2523.19,Postponed
402349,EVT-402349,Event_402349,3,200115,301617,2025-02-01,14:00,17:00,42184,8414.05,Completed
402350,EVT-402350,Event_402350,14,200085,300123,2024-05-27,10:00,12:00,60352,9892.45,Completed
402351,EVT-402351,Event_402351,15,200262,300192,2026-01-06,18:00,20:00,10814,6821.1,Completed
402352,EVT-402352,Event_402352,13,200395,300144,2026-06-09,19:00,00:00,4361,5575.98,Completed
402353,EVT-402353,Event_402353,6,200160,300681,2025-05-13,11:00,15:00,2008,5530.31,Cancelled
402354,EVT-402354,Event_402354,1,200261,300284,2026-03-24,11:00,15:00,38552,4101.56,Scheduled
402355,EVT-402355,Event_402355,15,200115,301194,2025-09-11,19:00,23:00,49259,8653.83,Completed
402356,EVT-402356,Event_402356,4,200485,301721,2024-07-17,20:00,22:00,28743,9524.31,Completed
402358,EVT-402358,Event_402358,4,200389,301853,2024-06-25,16:00,22:00,2617,967.67,Completed
402359,EVT-402359,Event_402359,11,200197,301333,2025-05-04,19:00,22:00,31420,11867.26,Completed
402360,EVT-402360,Event_402360,8,200152,300998,2025-12-16,14:00,19:00,65496,2016.05,Completed
402361,EVT-402361,Event_402361,12,200088,301724,2026-05-14,09:00,15:00,36911,6384.81,Completed
402362,EVT-402362,Event_402362,2,200201,300145,2025-11-28,14:00,18:00,46954,3089.44,Completed
402363,EVT-402363,Event_402363,4,200305,301281,2025-09-26,16:00,19:00,45097,9868.52,Completed
402364,EVT-402364,Event_402364,13,200200,300741,2025-07-04,16:00,19:00,200000,1089.98,Completed
402365,EVT-402365,Event_402365,10,200274,301935,2024-05-10,11:00,16:00,5116,5176.06,Postponed
402366,EVT-402366,Event_402366,13,200254,300451,2024-09-03,10:00,12:00,39891,7600.155000000001,Completed
402367,EVT-402367,Event_402367,10,200086,301094,2025-05-05,16:00,19:00,63056,6655.25,Cancelled
402368,EVT-402368,Event_402368,4,200302,301299,2025-04-04,16:00,22:00,36172,11510.5,Completed
402369,EVT-402369,Event_402369,4,200278,300650,2026-02-07,11:00,17:00,9472,14121.71,Scheduled
402370,EVT-402370,Event_402370,4,200327,301212,2026-01-12,20:00,21:00,22676,7120.18,Scheduled
402371,EVT-402371,Event_402371,7,200466,301797,2024-02-22,11:00,17:00,61588,7600.155000000001,Completed
402372,EVT-402372,Event_402372,8,200322,301005,2025-01-27,10:00,16:00,30500,9496.56,Completed
402373,EVT-402373,Event_402373,5,200443,300310,2026-01-26,11:00,15:00,49312,8256.81,Cancelled
402374,EVT-402374,Event_402374,4,200308,301966,2025-07-14,20:00,01:00,31937,3334.79,Scheduled
402375,EVT-402375,Event_402375,1,200281,301379,2024-04-15,16:00,22:00,200000,9209.14,Scheduled
402376,EVT-402376,Event_402376,5,200430,301568,2025-10-27,19:00,22:00,46646,11588.17,Cancelled
402377,EVT-402377,Event_402377,1,200479,300395,2025-10-07,18:00,19:00,59382,13571.56,Scheduled
402378,EVT-402378,Event_402378,3,200242,301860,2025-08-06,18:00,23:00,16581,9780.96,Completed
402379,EVT-402379,Event_402379,14,200425,300386,2024-09-18,16:00,20:00,38927,1088.06,Cancelled
402380,EVT-402380,Event_402380,9,200291,301954,2025-01-03,14:00,16:00,42322,4917.89,Completed
402381,EVT-402381,Event_402381,2,200290,300450,2024-05-18,16:00,20:00,44027,14074.87,Completed
402382,EVT-402382,Event_402382,12,200492,300849,2025-11-15,10:00,12:00,35823,14117.05,Completed
402383,EVT-402383,Event_402383,15,200492,300311,2025-07-22,19:00,01:00,18433,14699.53,Completed
402384,EVT-402384,Event_402384,12,200369,300451,2025-11-15,11:00,12:00,59199,7600.155000000001,Scheduled
402385,EVT-402385,Event_402385,10,200047,300691,2025-09-18,18:00,00:00,24758,2398.92,Cancelled
402386,EVT-402386,Event_402386,4,200146,301487,2025-05-30,16:00,17:00,29026,12235.34,Completed
402387,EVT-402387,Event_402387,6,200007,301768,2025-09-29,11:00,12:00,25587,7600.155000000001,Postponed
402389,EVT-402389,Event_402389,4,200480,301423,2024-06-03,18:00,20:00,15997,12765.2,Completed
402390,EVT-402390,Event_402390,5,200059,301320,2024-06-12,09:00,12:00,63460,9088.63,Completed
402391,EVT-402391,Event_402391,10,200348,301412,2024-10-21,18:00,23:00,26183,13745.82,Completed
402392,EVT-402392,Event_402392,2,200145,300630,2025-10-04,11:00,13:00,57563,3438.74,Completed
402393,EVT-402393,Event_402393,10,200224,300854,2024-10-24,16:00,21:00,61743,3787.83,Completed
402394,EVT-402394,Event_402394,12,200083,301014,2024-12-18,09:00,11:00,31365,1356.2,Completed
402395,EVT-402395,Event_402395,4,200152,300917,2025-08-14,14:00,15:00,55652,4342.9,Scheduled
402396,EVT-402396,Event_402396,9,200256,300336,2026-01-07,18:00,00:00,25512,563.0,Completed
402397,EVT-402397,Event_402397,2,200085,300735,2024-11-05,20:00,00:00,27464,14583.7,Cancelled
402399,EVT-402399,Event_402399,11,200093,301362,2025-11-14,11:00,12:00,18820,822.39,Postponed
402400,EVT-402400,Event_402400,1,200257,300055,2025-11-22,16:00,22:00,200000,10437.66,Completed
402401,EVT-402401,Event_402401,5,200195,301003,2025-05-23,20:00,21:00,2681,5441.2,Completed
402402,EVT-402402,Event_402402,3,200428,300684,2026-05-18,14:00,17:00,44195,3191.49,Completed
402403,EVT-402403,Event_402403,9,200450,301031,2025-08-11,11:00,15:00,9567,12674.29,Cancelled
402404,EVT-402404,Event_402404,7,200119,300835,2026-01-21,09:00,15:00,63638,10144.91,Completed
402405,EVT-402405,Event_402405,10,200314,300136,2024-01-18,11:00,15:00,21511,7309.33,Scheduled
402406,EVT-402406,Event_402406,9,200093,301324,2025-09-18,09:00,14:00,34917,9643.83,Completed
402407,EVT-402407,Event_402407,12,200062,300730,2025-09-08,11:00,16:00,12741,3420.53,Cancelled
402408,EVT-402408,Event_402408,9,200137,300427,2026-02-10,09:00,15:00,45790,14265.65,Completed
402409,EVT-402409,Event_402409,2,200174,300695,2024-12-19,16:00,21:00,30712,12498.54,Scheduled
402410,EVT-402410,Event_402410,3,200463,300873,2026-03-21,14:00,17:00,1364,3277.65,Completed
402411,EVT-402411,Event_402411,11,200159,300743,2026-05-24,11:00,17:00,35336,4305.08,Scheduled
402412,EVT-402412,Event_402412,8,200379,301230,2026-01-04,20:00,21:00,18430,5604.92,Completed
402414,EVT-402414,Event_402414,11,200150,301587,2024-05-01,11:00,12:00,43972,10365.47,Scheduled
402415,EVT-402415,Event_402415,4,200350,301450,2025-03-07,09:00,15:00,11109,12296.54,Completed
402416,EVT-402416,Event_402416,5,200359,300609,2024-08-24,16:00,20:00,55357,2928.97,Scheduled
402417,EVT-402417,Event_402417,3,200337,300588,2024-05-07,11:00,14:00,42850,6220.19,Scheduled
402418,EVT-402418,Event_402418,13,200357,301280,2026-02-24,11:00,14:00,37789,650.23,Scheduled
402419,EVT-402419,Event_402419,9,200490,301929,2025-04-13,19:00,21:00,17635,14248.9,Completed
402420,EVT-402420,Event_402420,10,200005,301592,2026-06-22,19:00,20:00,29331,11779.83,Cancelled
402421,EVT-402421,Event_402421,1,200210,300409,2024-02-04,11:00,17:00,25796,14154.39,Cancelled
402422,EVT-402422,Event_402422,6,200094,301407,2026-02-06,18:00,22:00,39018,12801.74,Completed
402423,EVT-402423,Event_402423,3,200483,301050,2025-06-04,18:00,20:00,13724,1113.4,Cancelled
402424,EVT-402424,Event_402424,4,200295,300538,2024-11-06,09:00,14:00,25730,8751.86,Completed
402425,EVT-402425,Event_402425,9,200029,300425,2025-06-18,16:00,20:00,27173,12852.58,Completed
402426,EVT-402426,Event_402426,12,200443,300505,2024-05-06,16:00,19:00,47317,1027.34,Cancelled
402427,EVT-402427,Event_402427,7,200235,301020,2024-12-27,19:00,22:00,49973,3363.46,Completed
402428,EVT-402428,Event_402428,9,200487,300472,2024-12-28,14:00,19:00,39786,7600.155000000001,Completed
402429,EVT-402429,Event_402429,4,200175,301774,2024-01-06,16:00,19:00,24935,3253.4,Postponed
402430,EVT-402430,Event_402430,12,200060,301182,2024-02-27,09:00,13:00,17859,11710.65,Postponed
402431,EVT-402431,Event_402431,3,200281,300618,2025-07-08,11:00,13:00,47404,13283.99,Postponed
402432,EVT-402432,Event_402432,6,200038,301775,2025-08-11,20:00,02:00,43733,6159.6,Completed
402433,EVT-402433,Event_402433,14,200241,301495,2024-08-13,09:00,13:00,42212,14899.51,Scheduled
402434,EVT-402434,Event_402434,5,200102,301233,2025-08-31,14:00,17:00,68248,9843.02,Scheduled
402435,EVT-402435,Event_402435,3,200465,301508,2025-04-10,09:00,13:00,5355,5384.09,Completed
402436,EVT-402436,Event_402436,3,200364,300476,2025-05-08,19:00,20:00,39189,1404.24,Scheduled
402438,EVT-402438,Event_402438,10,200459,301738,2025-04-29,18:00,19:00,41029,1035.96,Scheduled
402439,EVT-402439,Event_402439,13,200326,300004,2025-01-22,19:00,01:00,51767,8625.95,Cancelled
402440,EVT-402440,Event_402440,5,200007,301516,2025-08-01,20:00,00:00,43197,12048.47,Completed
402441,EVT-402441,Event_402441,6,200382,301611,2025-05-22,10:00,11:00,50688,8765.21,Completed
402442,EVT-402442,Event_402442,11,200487,301849,2026-03-03,16:00,20:00,56793,9799.84,Postponed
402443,EVT-402443,Event_402443,14,200184,300899,2026-02-06,20:00,01:00,30777,2535.77,Completed
402444,EVT-402444,Event_402444,9,200016,301933,2024-05-28,19:00,01:00,25641,7708.65,Completed
402445,EVT-402445,Event_402445,5,200118,300274,2025-05-31,19:00,01:00,34554,1026.2,Completed
402446,EVT-402446,Event_402446,10,200226,301899,2026-03-25,19:00,20:00,38075,12981.45,Completed
402447,EVT-402447,Event_402447,13,200219,301515,2024-06-17,16:00,17:00,40868,9798.53,Completed
402448,EVT-402448,Event_402448,5,200109,301434,2026-03-30,10:00,15:00,200000,5612.52,Completed
402449,EVT-402449,Event_402449,4,200074,300756,2024-04-15,20:00,01:00,63765,6347.31,Scheduled
402450,EVT-402450,Event_402450,15,200224,300016,2024-07-11,16:00,21:00,26496,14298.19,Completed
402451,EVT-402451,Event_402451,6,200167,300117,2026-02-10,18:00,19:00,18029,14169.45,Scheduled
402452,EVT-402452,Event_402452,10,200458,301259,2024-02-07,10:00,14:00,200000,13341.83,Completed
402453,EVT-402453,Event_402453,5,200365,301989,2024-10-04,14:00,18:00,54231,7600.155000000001,Completed
402454,EVT-402454,Event_402454,3,200250,300983,2026-02-02,14:00,16:00,65983,9329.35,Cancelled
402455,EVT-402455,Event_402455,12,200033,301095,2024-02-14,19:00,20:00,53094,11890.94,Scheduled
402456,EVT-402456,Event_402456,3,200117,301155,2024-05-18,11:00,16:00,67596,13643.33,Completed
402457,EVT-402457,Event_402457,13,200464,301692,2025-09-12,16:00,22:00,68639,5810.21,Completed
402458,EVT-402458,Event_402458,13,200271,301309,2025-07-23,11:00,15:00,200000,6929.11,Completed
402459,EVT-402459,Event_402459,5,200340,301747,2024-10-01,18:00,22:00,44910,1072.88,Scheduled
402460,EVT-402460,Event_402460,14,200438,300751,2025-11-18,18:00,00:00,19429,443.39,Scheduled
402461,EVT-402461,Event_402461,9,200355,300138,2025-08-25,19:00,22:00,68323,13903.59,Completed
402462,EVT-402462,Event_402462,10,200263,300997,2024-06-24,16:00,20:00,288,11067.81,Completed
402463,EVT-402463,Event_402463,2,200051,300974,2024-04-19,14:00,17:00,17593,1392.13,Completed
402464,EVT-402464,Event_402464,15,200270,300579,2025-07-08,14:00,15:00,29687,3368.34,Cancelled
402465,EVT-402465,Event_402465,15,200443,300634,2025-05-18,10:00,12:00,62265,14572.4,Completed
402466,EVT-402466,Event_402466,15,200345,300133,2026-05-09,20:00,01:00,6726,5156.27,Scheduled
402467,EVT-402467,Event_402467,5,200353,301721,2025-10-18,16:00,21:00,37322,499.54,Scheduled
402468,EVT-402468,Event_402468,4,200201,300016,2025-08-06,18:00,21:00,68588,9077.03,Scheduled
402469,EVT-402469,Event_402469,3,200285,301364,2025-06-08,11:00,14:00,65617,1465.71,Completed
402470,EVT-402470,Event_402470,1,200384,300730,2026-05-12,16:00,19:00,50025,7061.64,Completed
402471,EVT-402471,Event_402471,12,200103,300620,2025-03-26,14:00,17:00,43866,7316.97,Postponed
402472,EVT-402472,Event_402472,8,200090,301778,2026-02-06,09:00,11:00,54235,8718.76,Completed
402473,EVT-402473,Event_402473,11,200020,301820,2025-04-04,10:00,14:00,46657,747.26,Scheduled
402474,EVT-402474,Event_402474,2,200449,301278,2024-01-21,20:00,22:00,33743,14611.32,Postponed
402475,EVT-402475,Event_402475,8,200175,300521,2026-02-06,16:00,21:00,51125,4331.97,Completed
402476,EVT-402476,Event_402476,11,200174,301955,2025-12-19,09:00,14:00,20187,7938.97,Completed
402477,EVT-402477,Event_402477,11,200077,300782,2025-05-25,14:00,17:00,55597,6414.91,Completed
402478,EVT-402478,Event_402478,13,200440,300852,2026-01-02,18:00,00:00,65100,8994.03,Completed
402479,EVT-402479,Event_402479,4,200301,300684,2025-09-15,18:00,00:00,12688,5317.81,Completed
402480,EVT-402480,Event_402480,11,200303,300826,2026-04-19,16:00,22:00,38406,13268.11,Completed
402481,EVT-402481,Event_402481,4,200397,300014,2024-12-15,09:00,11:00,68008,4513.93,Completed
402482,EVT-402482,Event_402482,8,200083,301593,2024-01-26,20:00,22:00,45927,4035.34,Scheduled
402483,EVT-402483,Event_402483,6,200469,301405,2026-02-27,16:00,19:00,30877,7600.155000000001,Completed
402484,EVT-402484,Event_402484,14,200290,301635,2025-09-25,09:00,14:00,6651,6534.42,Completed
402485,EVT-402485,Event_402485,14,200040,301457,2024-10-13,16:00,18:00,59316,4081.63,Completed
402486,EVT-402486,Event_402486,6,200318,301620,2024-01-24,20:00,01:00,19794,2561.89,Scheduled
402487,EVT-402487,Event_402487,2,200142,301603,2026-05-21,10:00,13:00,3566,2470.39,Completed
402488,EVT-402488,Event_402488,15,200086,300458,2026-01-02,10:00,12:00,60299,5432.3,Completed
402489,EVT-402489,Event_402489,9,200037,301031,2025-04-07,09:00,10:00,40596,5550.82,Completed
402490,EVT-402490,Event_402490,7,200178,300264,2024-10-23,11:00,16:00,69324,13306.62,Completed
402491,EVT-402491,Event_402491,13,200244,300753,2025-07-16,18:00,19:00,35175,12024.97,Completed
402492,EVT-402492,Event_402492,15,200385,300004,2025-07-19,20:00,21:00,49056,3421.96,Scheduled
402493,EVT-402493,Event_402493,15,200314,300504,2026-04-12,09:00,13:00,47899,4618.99,Postponed
402494,EVT-402494,Event_402494,7,200083,300595,2024-03-31,14:00,18:00,14138,3296.0,Completed
402495,EVT-402495,Event_402495,8,200090,300615,2026-01-15,18:00,00:00,12386,11861.21,Scheduled
402496,EVT-402496,Event_402496,8,200209,301008,2025-07-29,16:00,20:00,10425,3821.17,Completed
402497,EVT-402497,Event_402497,8,200361,300319,2025-08-05,19:00,00:00,65582,11608.05,Completed
402498,EVT-402498,Event_402498,12,200462,301890,2024-11-29,10:00,14:00,59066,6814.87,Completed
402499,EVT-402499,Event_402499,15,200147,301566,2025-08-28,16:00,22:00,56357,7682.54,Completed
402500,EVT-402500,Event_402500,7,200191,300217,2025-02-28,10:00,13:00,33136,14866.16,Scheduled
402501,EVT-402501,Event_402501,11,200322,300342,2026-05-10,14:00,17:00,57633,2262.25,Scheduled
402502,EVT-402502,Event_402502,6,200478,301545,2026-06-25,20:00,02:00,57423,7600.155000000001,Completed
402503,EVT-402503,Event_402503,4,200299,301957,2026-02-14,16:00,19:00,58774,9420.23,Completed
402504,EVT-402504,Event_402504,3,200189,300149,2024-02-04,09:00,12:00,19918,1077.99,Completed
402505,EVT-402505,Event_402505,6,200421,300706,2026-05-12,09:00,13:00,61292,10316.09,Completed
402506,EVT-402506,Event_402506,6,200106,301979,2025-12-16,20:00,23:00,864,5550.66,Completed
402507,EVT-402507,Event_402507,1,200105,300349,2026-02-02,10:00,12:00,58522,7611.19,Completed
402508,EVT-402508,Event_402508,4,200412,300344,2024-11-17,09:00,14:00,39617,7600.155000000001,Completed
402509,EVT-402509,Event_402509,2,200026,300839,2025-12-01,09:00,12:00,59734,14400.91,Postponed
402510,EVT-402510,Event_402510,5,200418,301709,2025-12-22,18:00,22:00,18796,2084.87,Completed
402511,EVT-402511,Event_402511,1,200086,301372,2024-11-24,11:00,12:00,10522,8548.91,Cancelled
402512,EVT-402512,Event_402512,6,200092,301183,2025-11-12,09:00,12:00,54823,4938.45,Completed
402513,EVT-402513,Event_402513,4,200257,301312,2024-08-06,18:00,22:00,53307,2393.5,Completed
402514,EVT-402514,Event_402514,12,200025,300602,2026-03-12,09:00,12:00,51873,302.96,Completed
402515,EVT-402515,Event_402515,5,200126,301142,2024-09-12,16:00,19:00,27052,9366.28,Cancelled
402516,EVT-402516,Event_402516,12,200033,300136,2025-10-16,11:00,16:00,65714,2680.97,Scheduled
402517,EVT-402517,Event_402517,7,200345,301182,2025-08-28,11:00,16:00,30139,5384.46,Cancelled
402518,EVT-402518,Event_402518,7,200079,300038,2024-02-19,20:00,01:00,200000,10134.3,Completed
402519,EVT-402519,Event_402519,14,200207,300813,2024-06-27,10:00,12:00,23268,7600.155000000001,Scheduled
402520,EVT-402520,Event_402520,14,200254,301162,2024-01-04,10:00,13:00,36550,5259.7,Completed
402521,EVT-402521,Event_402521,9,200216,301029,2025-03-02,10:00,14:00,31837,11530.61,Postponed
402522,EVT-402522,Event_402522,3,200135,301105,2026-06-09,11:00,13:00,21536,8584.77,Completed
402523,EVT-402523,Event_402523,12,200365,301296,2026-03-21,18:00,22:00,59980,6511.94,Scheduled
402524,EVT-402524,Event_402524,6,200048,300807,2024-08-10,11:00,12:00,11801,6022.45,Completed
402525,EVT-402525,Event_402525,5,200045,301586,2025-11-18,19:00,20:00,42349,13845.1,Scheduled
402526,EVT-402526,Event_402526,2,200349,301293,2024-12-25,10:00,14:00,60393,8995.3,Completed
402527,EVT-402527,Event_402527,15,200221,301062,2024-01-15,19:00,20:00,42312,10988.63,Completed
402528,EVT-402528,Event_402528,5,200120,300671,2024-11-25,20:00,23:00,13433,13228.07,Completed
402529,EVT-402529,Event_402529,6,200374,300393,2025-08-22,10:00,13:00,16689,4562.49,Scheduled
402530,EVT-402530,Event_402530,7,200084,300058,2025-06-19,18:00,21:00,5125,10540.55,Completed
402531,EVT-402531,Event_402531,1,200195,301760,2026-04-09,16:00,22:00,40869,12514.79,Completed
402532,EVT-402532,Event_402532,3,200056,300725,2024-11-14,11:00,13:00,52321,2814.82,Completed
402534,EVT-402534,Event_402534,14,200155,301058,2024-03-14,09:00,13:00,51058,13069.21,Completed
402535,EVT-402535,Event_402535,4,200303,301191,2025-07-29,20:00,00:00,31814,5701.67,Completed
402536,EVT-402536,Event_402536,8,200491,300123,2025-06-20,14:00,19:00,50938,222.41,Completed
402537,EVT-402537,Event_402537,12,200062,301217,2024-02-16,19:00,01:00,56457,10807.44,Completed
402538,EVT-402538,Event_402538,7,200175,301872,2024-07-11,10:00,15:00,58273,10852.93,Postponed
402540,EVT-402540,Event_402540,3,200229,300444,2024-08-13,09:00,15:00,38724,283.5,Scheduled
402541,EVT-402541,Event_402541,11,200364,301995,2024-09-15,16:00,19:00,29739,7600.155000000001,Completed
402542,EVT-402542,Event_402542,13,200457,301377,2024-11-16,10:00,12:00,34609,11952.28,Scheduled
402543,EVT-402543,Event_402543,4,200047,300885,2025-09-18,14:00,17:00,67260,5252.14,Completed
402544,EVT-402544,Event_402544,1,200121,300300,2024-05-08,09:00,15:00,15181,6739.51,Completed
402545,EVT-402545,Event_402545,13,200228,300608,2025-02-15,11:00,17:00,5587,5685.98,Completed
402546,EVT-402546,Event_402546,10,200023,301700,2024-10-05,16:00,21:00,38532,9499.38,Completed
402547,EVT-402547,Event_402547,14,200174,301589,2025-07-15,10:00,16:00,36074,7600.155000000001,Completed
402548,EVT-402548,Event_402548,2,200145,300068,2025-03-22,14:00,15:00,54218,2526.62,Completed
402549,EVT-402549,Event_402549,3,200214,301559,2024-11-21,10:00,14:00,25343,13087.26,Scheduled
402550,EVT-402550,Event_402550,5,200401,300662,2024-02-03,18:00,22:00,36627,6862.95,Completed
402551,EVT-402551,Event_402551,1,200335,301826,2024-07-31,14:00,15:00,52013,4185.31,Completed
402552,EVT-402552,Event_402552,9,200472,300275,2024-02-21,16:00,18:00,18819,11717.48,Scheduled
402553,EVT-402553,Event_402553,4,200071,300422,2025-05-27,16:00,21:00,13347,2456.29,Scheduled
402554,EVT-402554,Event_402554,8,200004,301651,2025-07-15,18:00,00:00,61808,4000.03,Scheduled
402555,EVT-402555,Event_402555,4,200155,300312,2024-04-05,20:00,00:00,53515,9116.5,Completed
402556,EVT-402556,Event_402556,4,200198,301574,2026-02-14,10:00,15:00,27915,1753.67,Scheduled
402557,EVT-402557,Event_402557,10,200050,301656,2026-03-06,20:00,22:00,31298,10418.68,Completed
402558,EVT-402558,Event_402558,11,200056,301185,2025-09-01,16:00,20:00,6846,7600.155000000001,Completed
402560,EVT-402560,Event_402560,11,200151,300855,2024-03-15,18:00,19:00,30577,11531.49,Scheduled
402561,EVT-402561,Event_402561,5,200014,300707,2024-02-05,09:00,12:00,5200,7600.155000000001,Scheduled
402562,EVT-402562,Event_402562,6,200021,301569,2024-03-24,10:00,14:00,24157,9084.71,Scheduled
402563,EVT-402563,Event_402563,7,200263,301593,2025-07-29,10:00,11:00,32483,11186.86,Completed
402564,EVT-402564,Event_402564,1,200116,301961,2025-11-24,18:00,21:00,16257,9622.09,Completed
402565,EVT-402565,Event_402565,9,200192,301330,2025-06-12,18:00,20:00,12716,8822.65,Completed
402566,EVT-402566,Event_402566,3,200042,301168,2025-07-23,19:00,21:00,34430,10637.01,Completed
402567,EVT-402567,Event_402567,12,200128,300915,2025-03-11,20:00,02:00,63906,2428.49,Completed
402568,EVT-402568,Event_402568,3,200279,300236,2026-05-09,19:00,22:00,27021,5266.74,Postponed
402569,EVT-402569,Event_402569,12,200318,300422,2025-12-18,11:00,16:00,51866,7600.155000000001,Postponed
402570,EVT-402570,Event_402570,15,200443,300153,2025-07-15,11:00,15:00,63837,3085.31,Completed
402571,EVT-402571,Event_402571,15,200190,300318,2024-03-18,19:00,22:00,1547,7766.64,Completed
402572,EVT-402572,Event_402572,10,200020,300207,2025-01-01,20:00,01:00,54351,14724.82,Completed
402573,EVT-402573,Event_402573,15,200083,300270,2024-06-23,19:00,22:00,68355,4159.04,Completed
402574,EVT-402574,Event_402574,13,200407,301750,2025-04-28,16:00,17:00,23555,7364.47,Completed
402575,EVT-402575,Event_402575,15,200452,300150,2025-01-23,16:00,21:00,57108,12014.91,Completed
402576,EVT-402576,Event_402576,12,200457,300213,2024-02-04,14:00,16:00,13918,7724.01,Completed
402577,EVT-402577,Event_402577,2,200164,300924,2026-04-11,09:00,13:00,16398,10869.2,Postponed
402578,EVT-402578,Event_402578,9,200399,301988,2026-02-02,18:00,19:00,34753,9462.31,Completed
402579,EVT-402579,Event_402579,12,200253,301337,2025-11-11,19:00,00:00,6503,11567.18,Scheduled
402580,EVT-402580,Event_402580,2,200259,301061,2025-04-29,10:00,11:00,39775,13613.14,Completed
402581,EVT-402581,Event_402581,15,200370,301011,2026-05-28,20:00,01:00,56690,9078.59,Completed
402583,EVT-402583,Event_402583,1,200167,301697,2024-04-27,11:00,17:00,3262,10812.66,Scheduled
402584,EVT-402584,Event_402584,3,200466,301338,2024-05-17,09:00,11:00,42218,13334.01,Completed
402585,EVT-402585,Event_402585,9,200152,301180,2024-09-24,19:00,22:00,43154,4714.91,Completed
402586,EVT-402586,Event_402586,10,200235,301145,2024-04-17,19:00,21:00,26146,1110.72,Completed
402587,EVT-402587,Event_402587,10,200305,300263,2024-10-13,14:00,15:00,61808,8382.06,Completed
402588,EVT-402588,Event_402588,14,200286,301418,2025-07-18,10:00,12:00,68289,6510.75,Completed
402589,EVT-402589,Event_402589,1,200249,301833,2025-11-01,19:00,21:00,53236,4652.95,Completed
402590,EVT-402590,Event_402590,9,200424,300529,2024-06-23,19:00,21:00,28238,2092.16,Completed
402591,EVT-402591,Event_402591,14,200264,300756,2025-03-09,16:00,21:00,40858,2888.04,Completed
402592,EVT-402592,Event_402592,5,200149,301461,2024-03-31,18:00,22:00,5072,2267.78,Cancelled
402593,EVT-402593,Event_402593,2,200418,301568,2026-01-25,20:00,23:00,49252,2017.08,Cancelled
402594,EVT-402594,Event_402594,2,200221,300566,2025-12-14,18:00,21:00,30206,7912.86,Scheduled
402595,EVT-402595,Event_402595,3,200378,301443,2024-02-05,19:00,22:00,52996,2982.78,Completed
402596,EVT-402596,Event_402596,1,200171,301724,2024-08-10,20:00,22:00,69810,866.7,Cancelled
402597,EVT-402597,Event_402597,1,200245,301159,2026-05-22,09:00,15:00,42816,7600.155000000001,Cancelled
402598,EVT-402598,Event_402598,7,200125,300366,2025-06-06,11:00,17:00,54939,9249.16,Completed
402600,EVT-402600,Event_402600,3,200214,301383,2024-07-21,09:00,15:00,212,7600.155000000001,Completed
402601,EVT-402601,Event_402601,6,200113,300322,2024-10-21,19:00,21:00,15677,5251.59,Completed
402602,EVT-402602,Event_402602,4,200363,301146,2025-09-12,20:00,00:00,21215,6860.19,Completed
402603,EVT-402603,Event_402603,5,200343,301800,2024-02-20,10:00,15:00,35119,7017.85,Scheduled
402604,EVT-402604,Event_402604,11,200423,302000,2024-12-27,18:00,22:00,2648,1793.13,Scheduled
402605,EVT-402605,Event_402605,14,200276,300375,2024-03-20,18:00,21:00,29448,8383.98,Cancelled
402606,EVT-402606,Event_402606,3,200379,301101,2024-04-11,19:00,22:00,12479,7796.96,Completed
402607,EVT-402607,Event_402607,11,200358,300352,2025-02-15,10:00,14:00,51471,11002.16,Completed
402608,EVT-402608,Event_402608,13,200373,300637,2026-06-21,11:00,15:00,32738,11052.83,Scheduled
402609,EVT-402609,Event_402609,12,200074,300975,2024-03-08,09:00,10:00,39327,9851.44,Completed
402610,EVT-402610,Event_402610,6,200128,300165,2025-11-03,19:00,23:00,42171,14961.45,Postponed
402611,EVT-402611,Event_402611,12,200173,301982,2024-02-25,14:00,15:00,44588,2040.34,Cancelled
402612,EVT-402612,Event_402612,4,200436,300583,2026-05-25,20:00,21:00,51559,9532.95,Completed
402613,EVT-402613,Event_402613,7,200320,300790,2024-07-02,16:00,17:00,25213,7600.155000000001,Completed
402614,EVT-402614,Event_402614,8,200057,301177,2025-11-03,18:00,00:00,53979,5171.81,Scheduled
402615,EVT-402615,Event_402615,13,200435,300217,2025-03-15,20:00,00:00,5965,8153.24,Completed
402616,EVT-402616,Event_402616,12,200162,300132,2026-02-25,16:00,21:00,21327,9530.21,Completed
402617,EVT-402617,Event_402617,7,200353,301472,2025-07-06,20:00,02:00,15000,12902.11,Cancelled
402618,EVT-402618,Event_402618,8,200165,301483,2026-03-19,10:00,14:00,17265,9295.21,Completed
402619,EVT-402619,Event_402619,1,200367,300296,2026-06-09,09:00,12:00,16669,13573.18,Completed
402620,EVT-402620,Event_402620,5,200149,300053,2025-03-22,18:00,20:00,3406,547.57,Scheduled
402621,EVT-402621,Event_402621,6,200112,301086,2024-04-23,19:00,21:00,12227,1063.16,Completed
402622,EVT-402622,Event_402622,2,200299,300647,2024-01-01,10:00,14:00,43663,7600.155000000001,Completed
402623,EVT-402623,Event_402623,9,200033,300448,2026-02-26,14:00,18:00,1921,13608.74,Completed
402624,EVT-402624,Event_402624,15,200351,300389,2025-11-17,10:00,16:00,2931,5239.58,Cancelled
402625,EVT-402625,Event_402625,1,200285,300136,2024-01-11,09:00,10:00,11484,1396.65,Completed
402626,EVT-402626,Event_402626,11,200040,301221,2025-06-18,10:00,14:00,4771,12430.48,Postponed
402627,EVT-402627,Event_402627,10,200215,301889,2025-04-20,20:00,21:00,12582,5821.49,Completed
402628,EVT-402628,Event_402628,1,200453,300596,2025-09-01,20:00,23:00,52466,6882.4,Postponed
402629,EVT-402629,Event_402629,5,200052,301985,2024-07-28,18:00,00:00,57171,14028.33,Completed
402630,EVT-402630,Event_402630,8,200306,300828,2024-10-27,14:00,15:00,28356,2105.72,Completed
402631,EVT-402631,Event_402631,9,200067,300821,2024-10-28,18:00,21:00,20817,14267.41,Scheduled
402632,EVT-402632,Event_402632,13,200178,301756,2024-08-30,11:00,15:00,14478,1045.71,Scheduled
402633,EVT-402633,Event_402633,2,200118,300790,2024-05-09,18:00,22:00,41095,618.34,Postponed
402634,EVT-402634,Event_402634,7,200092,300941,2025-09-21,10:00,14:00,61347,2722.16,Completed
402635,EVT-402635,Event_402635,2,200081,301788,2025-11-12,19:00,23:00,58227,5372.67,Scheduled
402636,EVT-402636,Event_402636,5,200361,301470,2026-03-22,19:00,21:00,34428,8539.29,Cancelled
402637,EVT-402637,Event_402637,6,200412,301878,2024-02-27,16:00,18:00,61247,2237.81,Scheduled
402638,EVT-402638,Event_402638,1,200252,300647,2025-10-20,11:00,15:00,11209,12695.67,Completed
402639,EVT-402639,Event_402639,13,200060,300442,2026-02-03,19:00,20:00,63162,1946.02,Scheduled
402641,EVT-402641,Event_402641,7,200497,300302,2025-07-15,16:00,18:00,27210,9004.46,Postponed
402642,EVT-402642,Event_402642,4,200480,301258,2024-05-25,11:00,12:00,46976,2679.03,Completed
402643,EVT-402643,Event_402643,1,200480,300034,2024-10-24,09:00,13:00,62310,9490.7,Completed
402644,EVT-402644,Event_402644,4,200292,301116,2025-05-04,11:00,12:00,10798,11839.0,Completed
402645,EVT-402645,Event_402645,13,200210,301120,2024-08-21,10:00,12:00,37004,9300.34,Postponed
402646,EVT-402646,Event_402646,15,200226,301880,2025-05-07,09:00,11:00,64121,12348.26,Cancelled
402647,EVT-402647,Event_402647,1,200422,301168,2026-03-08,19:00,22:00,44045,2709.07,Cancelled
402648,EVT-402648,Event_402648,3,200419,300862,2025-12-09,10:00,11:00,62602,7600.155000000001,Cancelled
402649,EVT-402649,Event_402649,11,200286,301324,2025-02-02,09:00,14:00,65530,709.22,Scheduled
402650,EVT-402650,Event_402650,8,200056,301956,2025-02-28,19:00,22:00,53713,2903.46,Completed
402652,EVT-402652,Event_402652,10,200103,300859,2026-04-10,18:00,23:00,64681,13388.81,Completed
402653,EVT-402653,Event_402653,2,200274,301794,2025-02-15,09:00,10:00,22891,3289.0,Cancelled
402654,EVT-402654,Event_402654,14,200025,300657,2025-03-22,10:00,12:00,7743,712.59,Completed
402655,EVT-402655,Event_402655,14,200240,302000,2025-04-16,19:00,20:00,36761,10780.93,Completed
402656,EVT-402656,Event_402656,9,200220,300204,2024-06-05,14:00,17:00,30485,14656.2,Scheduled
402657,EVT-402657,Event_402657,3,200216,300061,2026-05-28,10:00,12:00,9304,3603.84,Completed
402658,EVT-402658,Event_402658,14,200061,300677,2024-05-30,14:00,19:00,49616,4721.03,Cancelled
402659,EVT-402659,Event_402659,11,200460,301926,2025-10-27,16:00,22:00,44466,806.77,Scheduled
402660,EVT-402660,Event_402660,7,200214,300937,2025-09-22,10:00,12:00,45685,7600.155000000001,Scheduled
402661,EVT-402661,Event_402661,15,200090,300228,2024-06-07,18:00,00:00,66784,4608.65,Scheduled
402662,EVT-402662,Event_402662,9,200045,300760,2025-05-30,14:00,18:00,58757,7600.155000000001,Completed
402663,EVT-402663,Event_402663,7,200280,301980,2025-04-03,18:00,22:00,3838,376.69,Cancelled
402664,EVT-402664,Event_402664,14,200089,300110,2024-03-06,10:00,12:00,56603,7739.2,Completed
402665,EVT-402665,Event_402665,7,200285,300065,2025-02-10,16:00,22:00,15910,5382.45,Completed
402666,EVT-402666,Event_402666,1,200499,301639,2024-06-28,16:00,18:00,39533,11477.84,Scheduled
402667,EVT-402667,Event_402667,12,200017,300707,2024-04-13,09:00,11:00,42920,10439.77,Completed
402668,EVT-402668,Event_402668,8,200243,301191,2026-02-03,20:00,23:00,45820,14080.76,Completed
402669,EVT-402669,Event_402669,11,200497,301898,2026-03-26,19:00,00:00,33995,14926.44,Scheduled
402670,EVT-402670,Event_402670,6,200135,300918,2025-10-21,09:00,12:00,200000,13488.02,Completed
402671,EVT-402671,Event_402671,6,200255,301229,2026-03-26,09:00,14:00,39638,6105.77,Completed
402672,EVT-402672,Event_402672,10,200343,300169,2025-05-30,19:00,22:00,66016,4434.69,Completed
402673,EVT-402673,Event_402673,8,200145,300450,2025-05-03,18:00,22:00,18914,4168.46,Completed
402674,EVT-402674,Event_402674,1,200296,300689,2025-01-13,10:00,13:00,9106,2858.06,Completed
402676,EVT-402676,Event_402676,5,200104,300622,2025-03-11,19:00,22:00,63878,8607.38,Scheduled
402677,EVT-402677,Event_402677,15,200311,301863,2024-10-08,18:00,19:00,29811,4287.84,Postponed
402678,EVT-402678,Event_402678,7,200105,301293,2024-04-13,14:00,15:00,61807,3777.48,Completed
402679,EVT-402679,Event_402679,13,200099,301228,2024-07-17,14:00,19:00,18002,3238.88,Completed
402680,EVT-402680,Event_402680,2,200031,301182,2025-10-13,20:00,01:00,36250,12655.99,Scheduled
402681,EVT-402681,Event_402681,5,200134,300654,2025-05-21,20:00,22:00,12086,7600.155000000001,Scheduled
402682,EVT-402682,Event_402682,15,200169,300053,2024-10-07,11:00,15:00,64740,7600.155000000001,Cancelled
402683,EVT-402683,Event_402683,4,200412,300406,2024-01-13,09:00,12:00,37978,11400.32,Cancelled
402684,EVT-402684,Event_402684,2,200345,301688,2024-12-12,19:00,00:00,59565,7600.155000000001,Completed
402685,EVT-402685,Event_402685,4,200100,300099,2025-10-25,16:00,18:00,64394,3169.21,Completed
402687,EVT-402687,Event_402687,5,200309,300035,2024-12-22,16:00,20:00,47086,7349.99,Completed
402688,EVT-402688,Event_402688,6,200080,300808,2025-10-21,16:00,17:00,65916,3896.68,Cancelled
402689,EVT-402689,Event_402689,2,200165,301790,2026-05-14,16:00,20:00,69272,2799.46,Completed
402690,EVT-402690,Event_402690,5,200123,301569,2025-10-06,16:00,21:00,31703,11070.77,Completed
402691,EVT-402691,Event_402691,2,200311,301114,2026-02-22,16:00,18:00,20186,7689.61,Cancelled
402692,EVT-402692,Event_402692,5,200494,301274,2024-02-22,09:00,13:00,58482,6051.97,Completed
402693,EVT-402693,Event_402693,1,200048,301793,2025-08-03,10:00,15:00,35161,12432.58,Completed
402694,EVT-402694,Event_402694,14,200318,300262,2025-04-13,14:00,20:00,37994,2062.49,Completed
402695,EVT-402695,Event_402695,6,200310,301055,2025-09-29,20:00,22:00,34113,9698.05,Completed
402696,EVT-402696,Event_402696,2,200071,300327,2025-03-05,18:00,23:00,9790,2466.53,Completed
402697,EVT-402697,Event_402697,4,200061,300127,2025-08-14,10:00,16:00,5861,4234.09,Completed
402698,EVT-402698,Event_402698,13,200184,300313,2025-12-05,20:00,00:00,2483,5882.75,Completed
402699,EVT-402699,Event_402699,7,200207,301266,2026-05-26,11:00,15:00,26303,7600.155000000001,Postponed
402700,EVT-402700,Event_402700,11,200384,301679,2024-01-30,09:00,15:00,51907,12206.63,Scheduled
402701,EVT-402701,Event_402701,9,200202,300397,2024-03-10,14:00,18:00,35601,1591.86,Scheduled
402702,EVT-402702,Event_402702,9,200318,300715,2025-08-30,11:00,17:00,45824,10958.49,Completed
402703,EVT-402703,Event_402703,6,200328,300513,2025-07-27,19:00,00:00,39923,7600.155000000001,Completed
402704,EVT-402704,Event_402704,14,200422,300388,2024-10-10,14:00,20:00,63167,11967.78,Completed
402705,EVT-402705,Event_402705,8,200363,301824,2024-11-14,14:00,19:00,5655,5847.35,Completed
402706,EVT-402706,Event_402706,14,200130,301373,2024-03-22,11:00,17:00,9602,2198.97,Completed
402707,EVT-402707,Event_402707,10,200346,300585,2024-07-13,10:00,11:00,62165,5074.28,Completed
402708,EVT-402708,Event_402708,13,200337,300192,2026-05-04,14:00,15:00,6549,10566.25,Cancelled
402709,EVT-402709,Event_402709,9,200005,301617,2025-03-24,18:00,00:00,15603,1723.4,Completed
402710,EVT-402710,Event_402710,8,200429,300694,2026-01-11,09:00,13:00,42844,7075.03,Completed
402711,EVT-402711,Event_402711,9,200389,301555,2024-01-26,16:00,20:00,200000,943.06,Completed
402712,EVT-402712,Event_402712,13,200225,300635,2026-06-23,16:00,20:00,56653,4468.13,Completed
402713,EVT-402713,Event_402713,13,200265,300454,2025-03-17,16:00,21:00,49148,4998.17,Cancelled
402715,EVT-402715,Event_402715,4,200127,301239,2025-10-31,10:00,15:00,37760,14380.84,Scheduled
402716,EVT-402716,Event_402716,15,200044,300640,2025-07-12,10:00,15:00,67355,14211.45,Cancelled
402717,EVT-402717,Event_402717,4,200371,300812,2024-09-12,18:00,00:00,67398,8223.54,Postponed
402719,EVT-402719,Event_402719,9,200085,301872,2024-03-19,18:00,22:00,23958,5592.66,Scheduled
402720,EVT-402720,Event_402720,7,200056,300652,2025-02-06,16:00,17:00,12272,5223.58,Scheduled
402721,EVT-402721,Event_402721,6,200453,300802,2025-02-14,11:00,16:00,63544,6059.86,Completed
402722,EVT-402722,Event_402722,6,200423,301198,2024-09-26,18:00,21:00,36818,6601.45,Postponed
402723,EVT-402723,Event_402723,11,200333,301561,2025-07-31,16:00,22:00,35268,3384.12,Completed
402724,EVT-402724,Event_402724,8,200171,301841,2026-06-05,16:00,19:00,39847,11271.63,Completed
402725,EVT-402725,Event_402725,14,200161,301224,2024-06-02,16:00,19:00,32526,7647.85,Scheduled
402726,EVT-402726,Event_402726,4,200312,300190,2026-02-20,10:00,13:00,21444,9142.91,Postponed
402727,EVT-402727,Event_402727,10,200500,301108,2024-02-17,19:00,21:00,36565,7795.92,Completed
402728,EVT-402728,Event_402728,3,200272,300605,2026-06-26,20:00,21:00,61758,8565.36,Completed
402729,EVT-402729,Event_402729,2,200313,300231,2024-06-29,11:00,16:00,14101,5605.62,Scheduled
402730,EVT-402730,Event_402730,3,200122,301159,2024-11-04,19:00,22:00,10738,7600.155000000001,Completed
402731,EVT-402731,Event_402731,2,200020,300218,2026-05-09,16:00,21:00,40544,14459.32,Completed
402732,EVT-402732,Event_402732,10,200445,300400,2024-02-26,16:00,17:00,52701,9017.86,Cancelled
402733,EVT-402733,Event_402733,5,200381,301798,2026-01-25,19:00,21:00,43734,3069.6,Scheduled
402734,EVT-402734,Event_402734,3,200212,301725,2025-11-08,09:00,13:00,24925,676.7,Completed
402735,EVT-402735,Event_402735,1,200229,300361,2026-04-24,11:00,14:00,51691,6669.17,Completed
402736,EVT-402736,Event_402736,6,200253,300487,2026-03-25,16:00,17:00,67033,547.81,Completed
402737,EVT-402737,Event_402737,3,200251,301470,2025-04-17,10:00,12:00,9240,7564.69,Completed
402738,EVT-402738,Event_402738,15,200341,300551,2024-05-07,09:00,12:00,59218,13956.89,Cancelled
402739,EVT-402739,Event_402739,15,200190,301813,2024-04-13,11:00,17:00,1377,5195.04,Completed
402740,EVT-402740,Event_402740,15,200094,301751,2025-11-27,19:00,20:00,42435,5541.55,Completed
402741,EVT-402741,Event_402741,10,200111,301545,2024-01-08,18:00,00:00,39049,11180.55,Completed
402742,EVT-402742,Event_402742,11,200312,300327,2026-05-21,20:00,22:00,64187,11544.0,Scheduled
402743,EVT-402743,Event_402743,15,200360,301906,2026-05-25,11:00,14:00,53075,10673.55,Scheduled
402744,EVT-402744,Event_402744,11,200356,300631,2026-01-22,18:00,20:00,10229,3877.8,Completed
402745,EVT-402745,Event_402745,1,200204,301370,2024-09-28,20:00,21:00,24817,13772.74,Completed
402746,EVT-402746,Event_402746,5,200048,301989,2025-11-27,18:00,00:00,2922,6290.48,Scheduled
402747,EVT-402747,Event_402747,11,200070,300061,2024-06-20,16:00,22:00,55531,9330.4,Scheduled
402748,EVT-402748,Event_402748,5,200458,301970,2025-10-24,20:00,00:00,57369,7956.5,Scheduled
402749,EVT-402749,Event_402749,2,200121,301225,2024-11-14,20:00,01:00,15756,400.31,Completed
402750,EVT-402750,Event_402750,12,200435,301480,2024-06-01,11:00,15:00,66421,4912.17,Completed
402751,EVT-402751,Event_402751,5,200053,300354,2024-10-22,16:00,19:00,53957,14446.6,Completed
402753,EVT-402753,Event_402753,11,200446,300456,2025-05-16,09:00,15:00,41749,8635.13,Completed
402754,EVT-402754,Event_402754,12,200030,301634,2025-08-09,11:00,17:00,17293,14044.99,Completed
402755,EVT-402755,Event_402755,9,200066,301491,2024-06-13,16:00,22:00,52438,2180.96,Cancelled
402756,EVT-402756,Event_402756,6,200482,301945,2024-01-22,11:00,12:00,65329,13041.92,Completed
402757,EVT-402757,Event_402757,3,200469,301612,2025-05-15,16:00,22:00,4288,8726.23,Scheduled
402758,EVT-402758,Event_402758,3,200218,301443,2026-01-01,09:00,14:00,16410,10313.42,Scheduled
402759,EVT-402759,Event_402759,2,200471,300108,2024-04-07,11:00,12:00,66577,13314.09,Scheduled
402760,EVT-402760,Event_402760,10,200096,301713,2025-04-15,09:00,14:00,11128,10143.35,Completed
402761,EVT-402761,Event_402761,12,200295,300036,2024-01-09,09:00,14:00,200000,11775.05,Completed
402762,EVT-402762,Event_402762,11,200187,301195,2024-11-18,19:00,00:00,64469,6484.45,Completed
402763,EVT-402763,Event_402763,8,200310,300669,2024-09-22,09:00,15:00,23548,14630.45,Completed
402764,EVT-402764,Event_402764,10,200393,301757,2026-05-25,19:00,20:00,61550,3787.0,Scheduled
402765,EVT-402765,Event_402765,2,200045,301476,2025-03-19,18:00,20:00,67301,6151.07,Scheduled
402766,EVT-402766,Event_402766,15,200274,300266,2024-11-13,20:00,21:00,200000,11308.44,Completed
402767,EVT-402767,Event_402767,13,200214,301001,2025-07-23,16:00,22:00,14021,7600.155000000001,Cancelled
402768,EVT-402768,Event_402768,4,200331,300351,2024-01-24,11:00,15:00,43897,7376.34,Postponed
402769,EVT-402769,Event_402769,5,200102,301960,2026-03-26,19:00,20:00,50770,13556.52,Scheduled
402770,EVT-402770,Event_402770,12,200419,301535,2024-05-18,16:00,19:00,65120,9535.89,Scheduled
402771,EVT-402771,Event_402771,4,200048,300047,2025-06-04,11:00,14:00,35357,2665.01,Completed
402772,EVT-402772,Event_402772,2,200388,301171,2025-01-26,11:00,14:00,40073,367.08,Completed
402773,EVT-402773,Event_402773,2,200079,300512,2024-06-30,18:00,19:00,44999,14732.5,Completed
402774,EVT-402774,Event_402774,3,200289,300007,2024-10-04,20:00,00:00,13981,7600.155000000001,Completed
402775,EVT-402775,Event_402775,10,200417,300961,2025-06-26,10:00,11:00,48684,13369.72,Completed
402776,EVT-402776,Event_402776,11,200096,301305,2024-11-08,20:00,21:00,16440,11726.38,Completed
402777,EVT-402777,Event_402777,15,200114,301253,2026-01-25,18:00,00:00,63511,6432.55,Scheduled
402778,EVT-402778,Event_402778,5,200130,301184,2024-05-22,20:00,01:00,59064,12076.91,Completed
402779,EVT-402779,Event_402779,5,200353,300708,2025-06-28,16:00,17:00,2224,445.42,Scheduled
402780,EVT-402780,Event_402780,14,200247,300658,2025-07-27,19:00,23:00,2110,5036.13,Completed
402781,EVT-402781,Event_402781,4,200420,300129,2026-03-25,16:00,18:00,43264,1859.69,Completed
402782,EVT-402782,Event_402782,11,200215,301964,2025-12-02,10:00,13:00,17812,766.08,Completed
402783,EVT-402783,Event_402783,5,200314,301719,2024-02-27,14:00,15:00,22670,4169.66,Completed
402784,EVT-402784,Event_402784,6,200348,301309,2024-03-07,19:00,20:00,41096,11649.38,Completed
402785,EVT-402785,Event_402785,11,200353,300920,2026-05-25,16:00,20:00,7073,10881.35,Completed
402786,EVT-402786,Event_402786,12,200153,300431,2024-08-21,11:00,13:00,7540,8172.6,Completed
402787,EVT-402787,Event_402787,7,200482,300896,2025-11-28,09:00,14:00,28725,5289.3,Completed
402788,EVT-402788,Event_402788,1,200071,301635,2026-01-18,20:00,21:00,24101,6038.4,Completed
402789,EVT-402789,Event_402789,14,200166,301823,2026-02-17,10:00,14:00,57766,2395.46,Completed
402790,EVT-402790,Event_402790,2,200306,300370,2026-05-27,11:00,17:00,60808,4375.33,Completed
402791,EVT-402791,Event_402791,1,200329,300131,2026-04-01,19:00,21:00,55960,10135.63,Completed
402792,EVT-402792,Event_402792,10,200345,300407,2024-11-08,10:00,12:00,51890,9876.87,Scheduled
402793,EVT-402793,Event_402793,10,200007,300825,2024-08-18,10:00,16:00,63787,12492.2,Cancelled
402794,EVT-402794,Event_402794,2,200072,301317,2024-03-13,16:00,21:00,21386,11079.77,Completed
402795,EVT-402795,Event_402795,6,200386,300088,2025-04-19,16:00,20:00,56103,14936.96,Completed
402796,EVT-402796,Event_402796,3,200481,301320,2026-01-12,11:00,13:00,52985,6728.66,Scheduled
402797,EVT-402797,Event_402797,8,200109,301971,2025-02-07,11:00,15:00,32826,2938.88,Completed
402798,EVT-402798,Event_402798,15,200132,300185,2024-01-13,11:00,17:00,54407,1631.85,Completed
402800,EVT-402800,Event_402800,11,200227,300539,2024-01-03,18:00,22:00,29283,7600.155000000001,Scheduled
402801,EVT-402801,Event_402801,1,200241,300497,2024-07-21,20:00,23:00,63463,14122.61,Scheduled
402802,EVT-402802,Event_402802,10,200337,300485,2024-01-08,11:00,16:00,55224,11921.57,Completed
402803,EVT-402803,Event_402803,14,200372,300786,2024-05-30,09:00,11:00,63695,3841.95,Cancelled
402804,EVT-402804,Event_402804,10,200468,301775,2025-12-10,10:00,11:00,52010,5184.59,Completed
402805,EVT-402805,Event_402805,14,200429,301418,2026-03-12,20:00,21:00,14890,1070.27,Postponed
402806,EVT-402806,Event_402806,15,200194,301138,2024-04-02,19:00,01:00,55758,7212.34,Completed
402807,EVT-402807,Event_402807,6,200042,300366,2024-10-12,11:00,16:00,40383,6216.33,Completed
402808,EVT-402808,Event_402808,13,200475,301555,2026-04-06,09:00,15:00,45210,13789.06,Scheduled
402809,EVT-402809,Event_402809,15,200272,301844,2024-05-12,11:00,16:00,31706,2129.74,Completed
402810,EVT-402810,Event_402810,12,200377,301487,2026-05-22,18:00,20:00,22117,13872.39,Scheduled
402811,EVT-402811,Event_402811,15,200262,301784,2024-09-04,09:00,11:00,57365,13380.57,Completed
402812,EVT-402812,Event_402812,15,200283,301354,2026-06-22,09:00,12:00,11743,14413.62,Scheduled
402814,EVT-402814,Event_402814,11,200292,300039,2025-09-10,18:00,00:00,1115,12503.38,Completed
402815,EVT-402815,Event_402815,14,200422,300370,2024-08-13,11:00,15:00,47887,4265.82,Completed
402816,EVT-402816,Event_402816,14,200456,300203,2025-04-21,10:00,13:00,42246,1902.78,Postponed
402817,EVT-402817,Event_402817,15,200378,300768,2024-01-23,10:00,16:00,38746,791.89,Cancelled
402818,EVT-402818,Event_402818,12,200445,300306,2026-03-16,20:00,00:00,62215,10648.49,Completed
402819,EVT-402819,Event_402819,6,200187,301954,2025-11-27,16:00,21:00,20622,6955.83,Scheduled
402820,EVT-402820,Event_402820,2,200045,301989,2024-03-01,18:00,23:00,6183,6834.83,Completed
402821,EVT-402821,Event_402821,12,200266,301815,2025-10-25,18:00,19:00,28153,14688.23,Completed
402822,EVT-402822,Event_402822,3,200089,300958,2024-12-02,16:00,21:00,3408,11629.19,Completed
402823,EVT-402823,Event_402823,1,200034,301744,2026-04-17,14:00,16:00,36449,7313.49,Completed
402824,EVT-402824,Event_402824,8,200218,300721,2024-04-21,18:00,20:00,56633,14646.34,Completed
402825,EVT-402825,Event_402825,6,200349,300134,2025-02-27,18:00,20:00,64033,4369.54,Completed
402827,EVT-402827,Event_402827,11,200191,301796,2024-09-17,19:00,22:00,16682,4161.8,Completed
402828,EVT-402828,Event_402828,11,200301,300594,2025-08-17,20:00,21:00,7346,2370.5,Completed
402829,EVT-402829,Event_402829,9,200289,301440,2024-11-06,11:00,12:00,65105,5170.47,Completed
402830,EVT-402830,Event_402830,6,200430,300443,2026-04-01,14:00,20:00,20043,8266.49,Completed
402831,EVT-402831,Event_402831,7,200370,301622,2024-08-21,09:00,12:00,25779,14050.99,Completed
402832,EVT-402832,Event_402832,1,200444,301768,2025-06-27,10:00,15:00,34136,10705.21,Completed
402833,EVT-402833,Event_402833,12,200049,301678,2025-05-15,10:00,16:00,57143,994.99,Scheduled
402834,EVT-402834,Event_402834,12,200115,300480,2025-08-23,11:00,15:00,200000,5943.03,Scheduled
402835,EVT-402835,Event_402835,14,200214,301896,2025-12-23,16:00,22:00,8095,6909.98,Postponed
402836,EVT-402836,Event_402836,10,200371,300577,2026-02-21,09:00,14:00,23036,2728.91,Scheduled
402837,EVT-402837,Event_402837,8,200169,300793,2025-04-05,10:00,12:00,17701,3894.73,Completed
402838,EVT-402838,Event_402838,2,200195,300767,2026-02-01,09:00,13:00,67400,9192.98,Scheduled
402839,EVT-402839,Event_402839,14,200220,300483,2026-05-23,14:00,15:00,69335,14573.49,Scheduled
402840,EVT-402840,Event_402840,9,200290,301732,2025-03-16,14:00,18:00,13557,6630.86,Completed
402841,EVT-402841,Event_402841,12,200352,301998,2024-09-14,09:00,12:00,5052,6301.06,Postponed
402842,EVT-402842,Event_402842,5,200232,300569,2026-06-22,20:00,23:00,17620,9597.19,Cancelled
402843,EVT-402843,Event_402843,13,200330,301863,2026-04-15,18:00,00:00,64049,7090.6,Completed
402844,EVT-402844,Event_402844,12,200391,300690,2024-11-14,10:00,13:00,28895,5651.49,Completed
402845,EVT-402845,Event_402845,11,200404,301057,2024-02-05,20:00,00:00,23448,7366.3,Completed
402846,EVT-402846,Event_402846,3,200408,301232,2024-11-24,10:00,16:00,19056,4333.53,Completed
402847,EVT-402847,Event_402847,11,200346,301360,2026-01-16,10:00,16:00,18190,6888.38,Completed
402848,EVT-402848,Event_402848,1,200461,300967,2025-06-24,14:00,16:00,62211,2172.37,Scheduled
402849,EVT-402849,Event_402849,5,200172,300065,2025-05-24,14:00,16:00,59692,11801.83,Postponed
402850,EVT-402850,Event_402850,9,200017,300657,2026-06-11,11:00,15:00,67730,13794.89,Scheduled
402851,EVT-402851,Event_402851,3,200213,300910,2026-05-06,14:00,17:00,26916,7188.14,Cancelled
402852,EVT-402852,Event_402852,7,200010,300681,2024-10-05,10:00,13:00,60662,4081.23,Postponed
402853,EVT-402853,Event_402853,12,200298,300433,2024-07-06,16:00,22:00,57088,5088.24,Cancelled
402854,EVT-402854,Event_402854,3,200370,300741,2025-08-05,19:00,21:00,68392,13932.95,Completed
402855,EVT-402855,Event_402855,5,200368,300496,2026-05-20,09:00,10:00,57087,6978.01,Completed
402856,EVT-402856,Event_402856,2,200479,301042,2025-11-05,11:00,12:00,45991,3444.45,Completed
402857,EVT-402857,Event_402857,14,200253,301566,2024-04-23,09:00,15:00,41176,6077.39,Completed
402858,EVT-402858,Event_402858,9,200017,300972,2024-11-08,18:00,20:00,200000,14557.5,Scheduled
402859,EVT-402859,Event_402859,14,200404,300854,2025-04-05,10:00,15:00,4394,11753.62,Scheduled
402860,EVT-402860,Event_402860,6,200373,301781,2024-08-08,16:00,22:00,30185,1327.08,Cancelled
402861,EVT-402861,Event_402861,3,200125,301897,2024-03-17,11:00,15:00,64707,10488.85,Completed
402862,EVT-402862,Event_402862,6,200491,301629,2025-04-13,14:00,18:00,32594,8294.48,Cancelled
402863,EVT-402863,Event_402863,10,200244,300844,2024-07-13,19:00,23:00,2776,14467.71,Postponed
402864,EVT-402864,Event_402864,2,200428,300946,2025-03-24,18:00,00:00,25564,625.89,Completed
402865,EVT-402865,Event_402865,4,200117,300280,2025-11-13,19:00,01:00,23211,493.19,Cancelled
402866,EVT-402866,Event_402866,12,200253,300871,2026-01-10,14:00,15:00,62768,10760.83,Scheduled
402867,EVT-402867,Event_402867,10,200268,301246,2024-06-28,20:00,22:00,53716,7600.155000000001,Completed
402868,EVT-402868,Event_402868,14,200249,301509,2026-03-17,11:00,15:00,54569,8534.11,Postponed
402869,EVT-402869,Event_402869,8,200493,300255,2025-02-21,20:00,02:00,16757,14033.3,Scheduled
402870,EVT-402870,Event_402870,7,200117,300372,2025-05-30,20:00,02:00,34978,11107.9,Completed
402871,EVT-402871,Event_402871,11,200168,300102,2025-09-11,11:00,17:00,41693,4590.8,Scheduled
402872,EVT-402872,Event_402872,11,200322,300914,2026-06-19,09:00,10:00,54228,1200.38,Cancelled
402873,EVT-402873,Event_402873,12,200370,300646,2026-01-09,11:00,15:00,48675,5199.1,Completed
402874,EVT-402874,Event_402874,9,200147,301013,2025-09-16,14:00,19:00,200000,12906.21,Completed
402875,EVT-402875,Event_402875,4,200353,300311,2024-05-02,10:00,16:00,4154,4485.73,Completed
402876,EVT-402876,Event_402876,14,200027,300286,2026-03-23,19:00,21:00,67161,5818.15,Completed
402877,EVT-402877,Event_402877,3,200173,301608,2025-08-13,20:00,02:00,62859,8839.74,Cancelled
402878,EVT-402878,Event_402878,5,200384,301826,2024-11-20,11:00,13:00,30879,745.53,Completed
402879,EVT-402879,Event_402879,8,200388,301323,2024-07-16,09:00,12:00,21953,12490.89,Completed
402880,EVT-402880,Event_402880,11,200473,300662,2025-09-19,10:00,13:00,10331,2042.19,Scheduled
402881,EVT-402881,Event_402881,1,200381,300004,2025-06-04,20:00,22:00,16887,14623.36,Completed
402882,EVT-402882,Event_402882,9,200145,300365,2025-08-02,19:00,23:00,61798,11147.43,Completed
402883,EVT-402883,Event_402883,10,200012,301025,2025-03-24,10:00,16:00,5252,9308.21,Completed
402884,EVT-402884,Event_402884,13,200213,300549,2025-04-17,20:00,01:00,20431,12837.39,Completed
402885,EVT-402885,Event_402885,13,200359,301882,2025-09-04,09:00,11:00,963,10475.73,Completed
402886,EVT-402886,Event_402886,2,200098,301616,2026-01-03,10:00,15:00,1024,11092.58,Scheduled
402887,EVT-402887,Event_402887,10,200265,302000,2024-01-13,14:00,17:00,17601,4929.65,Completed
402888,EVT-402888,Event_402888,4,200076,300077,2024-03-01,16:00,20:00,53159,13636.56,Scheduled
402889,EVT-402889,Event_402889,10,200362,301046,2025-10-12,18:00,21:00,53870,13964.21,Scheduled
402890,EVT-402890,Event_402890,12,200285,300021,2026-01-04,16:00,21:00,37630,11173.72,Scheduled
402891,EVT-402891,Event_402891,1,200453,301988,2025-06-07,10:00,15:00,30330,10424.34,Completed
402892,EVT-402892,Event_402892,9,200123,301390,2024-11-03,10:00,11:00,34012,12128.85,Scheduled
402893,EVT-402893,Event_402893,8,200129,300116,2026-02-22,18:00,22:00,11021,11466.9,Completed
402894,EVT-402894,Event_402894,10,200456,300901,2024-10-03,16:00,19:00,8032,7991.45,Completed
402895,EVT-402895,Event_402895,6,200347,301700,2024-02-16,20:00,23:00,2236,6044.87,Cancelled
402896,EVT-402896,Event_402896,11,200309,301959,2024-04-19,09:00,12:00,22797,11769.72,Completed
402897,EVT-402897,Event_402897,14,200218,301111,2024-06-30,20:00,00:00,38211,4902.17,Completed
402898,EVT-402898,Event_402898,1,200057,301607,2026-02-17,18:00,00:00,55890,3685.22,Completed
402899,EVT-402899,Event_402899,10,200182,301783,2025-12-22,16:00,18:00,50850,7771.94,Postponed
402900,EVT-402900,Event_402900,11,200164,300707,2024-04-16,11:00,14:00,50316,4516.26,Cancelled
402901,EVT-402901,Event_402901,11,200418,300373,2024-04-16,09:00,13:00,57634,13871.16,Completed
402902,EVT-402902,Event_402902,10,200274,300138,2025-06-26,11:00,17:00,1128,7429.29,Completed
402903,EVT-402903,Event_402903,5,200207,300152,2025-12-09,18:00,19:00,48416,11818.28,Completed
402904,EVT-402904,Event_402904,8,200234,301374,2026-04-27,16:00,18:00,11886,11842.21,Completed
402905,EVT-402905,Event_402905,14,200060,300049,2025-08-10,18:00,00:00,42336,7577.11,Completed
402906,EVT-402906,Event_402906,14,200401,300130,2026-04-12,20:00,01:00,22959,5861.87,Scheduled
402908,EVT-402908,Event_402908,7,200378,301713,2026-05-26,20:00,23:00,16052,9465.74,Scheduled
402909,EVT-402909,Event_402909,3,200457,301992,2025-09-25,11:00,17:00,63613,8339.17,Completed
402910,EVT-402910,Event_402910,10,200359,300218,2024-07-10,10:00,16:00,37740,10837.64,Completed
402911,EVT-402911,Event_402911,3,200066,301702,2026-05-20,11:00,12:00,28505,13034.39,Completed
402912,EVT-402912,Event_402912,15,200313,301014,2024-02-05,09:00,10:00,45216,8672.07,Completed
402913,EVT-402913,Event_402913,12,200207,300819,2025-12-21,18:00,23:00,42659,5393.92,Completed
402914,EVT-402914,Event_402914,7,200437,300376,2025-09-09,14:00,16:00,22426,12399.11,Scheduled
402915,EVT-402915,Event_402915,12,200211,301756,2024-06-06,09:00,15:00,34953,14323.44,Scheduled
402916,EVT-402916,Event_402916,7,200115,301547,2024-04-21,14:00,16:00,59000,7721.65,Completed
402917,EVT-402917,Event_402917,6,200299,300180,2026-03-06,16:00,21:00,46808,3997.64,Completed
402918,EVT-402918,Event_402918,12,200240,300448,2025-01-01,10:00,14:00,20811,6276.31,Scheduled
402919,EVT-402919,Event_402919,3,200314,301037,2025-03-04,14:00,15:00,44038,1537.35,Completed
402920,EVT-402920,Event_402920,8,200372,300337,2025-12-12,16:00,22:00,200000,5190.6,Postponed
402921,EVT-402921,Event_402921,12,200451,301184,2024-03-05,11:00,17:00,45879,1699.55,Completed
402922,EVT-402922,Event_402922,5,200485,300852,2024-06-16,10:00,12:00,16523,2180.17,Completed
402923,EVT-402923,Event_402923,5,200060,300797,2025-06-12,09:00,15:00,24489,7270.44,Scheduled
402924,EVT-402924,Event_402924,12,200239,300799,2026-04-28,10:00,12:00,31260,2652.2,Scheduled
402925,EVT-402925,Event_402925,15,200053,300750,2026-03-16,11:00,16:00,17022,14864.09,Postponed
402926,EVT-402926,Event_402926,13,200241,301047,2025-09-15,11:00,16:00,59376,1961.43,Cancelled
402927,EVT-402927,Event_402927,4,200293,301574,2024-01-29,20:00,22:00,49534,1306.12,Completed
402928,EVT-402928,Event_402928,3,200153,300977,2024-04-05,10:00,12:00,36351,1464.86,Completed
402929,EVT-402929,Event_402929,1,200468,300741,2024-03-13,18:00,22:00,52536,12145.63,Scheduled
402930,EVT-402930,Event_402930,2,200405,300265,2024-04-19,11:00,14:00,42035,12711.46,Cancelled
402931,EVT-402931,Event_402931,4,200381,301253,2024-04-07,09:00,10:00,65159,901.78,Completed
402932,EVT-402932,Event_402932,4,200460,301230,2024-09-11,16:00,20:00,3563,5701.62,Cancelled
402933,EVT-402933,Event_402933,13,200058,300597,2024-11-13,11:00,17:00,25883,7600.155000000001,Completed
402934,EVT-402934,Event_402934,12,200250,301796,2025-03-29,20:00,21:00,46057,3054.48,Completed
402935,EVT-402935,Event_402935,8,200470,300012,2026-04-07,16:00,20:00,44375,10007.74,Completed
402936,EVT-402936,Event_402936,11,200434,301249,2024-12-13,10:00,13:00,31922,9817.79,Completed
402937,EVT-402937,Event_402937,5,200490,300824,2024-03-07,11:00,17:00,19205,298.13,Scheduled
402938,EVT-402938,Event_402938,10,200040,300051,2024-03-27,18:00,19:00,57630,5961.13,Completed
402939,EVT-402939,Event_402939,11,200234,300751,2024-08-21,18:00,20:00,18886,5271.76,Completed
402940,EVT-402940,Event_402940,6,200424,301260,2024-01-19,14:00,19:00,24461,3411.52,Cancelled
402941,EVT-402941,Event_402941,1,200090,300764,2024-02-20,14:00,15:00,46435,2499.91,Cancelled
402942,EVT-402942,Event_402942,1,200400,301422,2025-04-22,09:00,15:00,44675,12830.99,Scheduled
402943,EVT-402943,Event_402943,11,200261,300727,2026-02-22,19:00,23:00,55982,4069.51,Completed
402944,EVT-402944,Event_402944,5,200207,300604,2026-05-07,19:00,01:00,9386,10662.5,Completed
402945,EVT-402945,Event_402945,1,200382,300484,2024-11-05,09:00,11:00,61711,10761.88,Completed
402946,EVT-402946,Event_402946,9,200136,300835,2025-12-01,16:00,22:00,53588,8121.04,Completed
402947,EVT-402947,Event_402947,1,200011,301189,2025-07-29,11:00,17:00,69582,7175.9,Scheduled
402948,EVT-402948,Event_402948,8,200417,301368,2025-11-23,18:00,20:00,49679,7600.155000000001,Completed
402949,EVT-402949,Event_402949,6,200313,300632,2026-02-07,18:00,22:00,35050,10900.2,Cancelled
402950,EVT-402950,Event_402950,15,200431,300362,2024-03-19,20:00,22:00,19599,1350.12,Completed
402951,EVT-402951,Event_402951,12,200419,300446,2024-06-13,10:00,15:00,14945,8353.11,Completed
402952,EVT-402952,Event_402952,2,200344,300326,2025-03-22,20:00,01:00,65245,10108.6,Scheduled
402953,EVT-402953,Event_402953,14,200036,300417,2026-06-16,20:00,21:00,61498,2714.73,Completed
402954,EVT-402954,Event_402954,13,200410,300187,2025-10-03,19:00,23:00,56082,6803.55,Completed
402955,EVT-402955,Event_402955,10,200250,301257,2025-03-21,16:00,21:00,52632,2407.35,Completed
402956,EVT-402956,Event_402956,5,200118,301648,2024-05-25,20:00,23:00,24862,14484.66,Completed
402957,EVT-402957,Event_402957,6,200255,300322,2025-06-04,18:00,22:00,25559,13728.59,Completed
402958,EVT-402958,Event_402958,13,200167,301293,2025-06-03,10:00,16:00,5035,14021.74,Completed
402960,EVT-402960,Event_402960,11,200331,301541,2024-12-24,20:00,00:00,36726,2729.49,Scheduled
402961,EVT-402961,Event_402961,13,200206,300593,2025-01-27,20:00,21:00,1170,3338.19,Completed
402962,EVT-402962,Event_402962,10,200147,301911,2025-07-02,10:00,13:00,19161,382.77,Scheduled
402963,EVT-402963,Event_402963,10,200280,301085,2024-06-05,11:00,16:00,30549,4876.83,Scheduled
402964,EVT-402964,Event_402964,8,200354,301065,2025-08-02,19:00,00:00,53136,4562.45,Completed
402965,EVT-402965,Event_402965,12,200149,300916,2025-09-08,16:00,20:00,34480,789.88,Completed
402966,EVT-402966,Event_402966,12,200251,300995,2024-12-01,09:00,11:00,25241,10299.94,Completed
402967,EVT-402967,Event_402967,7,200367,301106,2024-02-10,09:00,14:00,45505,10522.85,Postponed
402968,EVT-402968,Event_402968,4,200309,301668,2025-04-20,20:00,00:00,64085,7256.95,Completed
402969,EVT-402969,Event_402969,14,200205,300116,2024-08-09,16:00,20:00,62273,2949.88,Completed
402970,EVT-402970,Event_402970,12,200043,300667,2025-11-21,14:00,20:00,54824,6977.38,Scheduled
402971,EVT-402971,Event_402971,3,200074,301079,2025-07-09,14:00,18:00,69803,11309.85,Completed
402972,EVT-402972,Event_402972,3,200496,301624,2025-10-12,10:00,16:00,27267,12310.2,Scheduled
402973,EVT-402973,Event_402973,10,200037,300840,2026-01-08,16:00,21:00,28415,8360.76,Completed
402974,EVT-402974,Event_402974,4,200095,300366,2024-02-09,10:00,16:00,42545,2197.54,Postponed
402975,EVT-402975,Event_402975,3,200355,300193,2024-01-10,09:00,13:00,53482,1786.7,Completed
402976,EVT-402976,Event_402976,7,200416,300973,2025-06-27,18:00,20:00,50920,7364.46,Postponed
402977,EVT-402977,Event_402977,4,200309,300973,2026-01-21,11:00,12:00,20867,5430.81,Completed
402978,EVT-402978,Event_402978,15,200338,301767,2025-05-30,11:00,13:00,57158,14686.9,Completed
402980,EVT-402980,Event_402980,11,200489,301097,2024-06-18,19:00,22:00,31423,9944.4,Completed
402981,EVT-402981,Event_402981,14,200393,301843,2025-01-29,11:00,17:00,19300,5510.01,Completed
402982,EVT-402982,Event_402982,4,200392,300257,2025-04-26,09:00,15:00,27419,7600.155000000001,Scheduled
402983,EVT-402983,Event_402983,1,200464,301019,2024-05-07,18:00,00:00,24093,11660.15,Postponed
402985,EVT-402985,Event_402985,7,200366,300220,2025-01-02,18:00,23:00,17071,7325.68,Completed
402986,EVT-402986,Event_402986,7,200062,300241,2025-03-20,09:00,12:00,44926,12036.56,Scheduled
402987,EVT-402987,Event_402987,5,200413,300981,2025-08-19,16:00,21:00,35063,7600.155000000001,Scheduled
402988,EVT-402988,Event_402988,3,200430,300863,2025-06-05,16:00,20:00,65164,1817.68,Completed
402989,EVT-402989,Event_402989,8,200391,300850,2024-10-01,16:00,21:00,9127,9239.58,Completed
402990,EVT-402990,Event_402990,13,200027,300147,2025-08-16,20:00,01:00,8390,4910.89,Completed
402991,EVT-402991,Event_402991,4,200386,301238,2024-11-23,09:00,13:00,60255,7600.155000000001,Completed
402992,EVT-402992,Event_402992,10,200326,301299,2024-01-28,16:00,19:00,30250,13433.82,Completed
402993,EVT-402993,Event_402993,8,200025,301822,2026-06-21,19:00,22:00,65887,10834.06,Scheduled
402994,EVT-402994,Event_402994,14,200205,300078,2025-02-24,18:00,00:00,50752,671.75,Completed
402995,EVT-402995,Event_402995,10,200389,300529,2024-01-12,16:00,20:00,25770,8765.68,Completed
402996,EVT-402996,Event_402996,5,200498,300100,2025-04-03,18:00,19:00,19388,7150.5,Completed
402997,EVT-402997,Event_402997,4,200119,300344,2026-02-13,11:00,12:00,6324,4969.35,Cancelled
402998,EVT-402998,Event_402998,5,200268,301362,2024-02-21,10:00,14:00,17773,8347.27,Completed
402999,EVT-402999,Event_402999,3,200341,300286,2024-02-12,11:00,13:00,34070,7600.155000000001,Completed
403000,EVT-403000,Event_403000,7,200113,300564,2025-07-03,16:00,19:00,50348,1361.51,Completed
403001,EVT-403001,Event_403001,2,200445,301753,2025-08-29,18:00,23:00,49848,2870.69,Completed
403002,EVT-403002,Event_403002,6,200110,301541,2024-08-19,09:00,12:00,10088,3215.67,Completed
403003,EVT-403003,Event_403003,8,200332,301863,2026-01-21,18:00,21:00,23214,6930.77,Completed
403004,EVT-403004,Event_403004,8,200497,300988,2024-03-19,18:00,23:00,49024,7472.09,Completed
403005,EVT-403005,Event_403005,12,200427,301492,2024-10-06,20:00,23:00,46073,10685.4,Completed
403006,EVT-403006,Event_403006,6,200477,300264,2024-08-30,20:00,00:00,31613,2139.55,Completed
403007,EVT-403007,Event_403007,9,200106,301322,2025-08-12,19:00,20:00,60076,1539.01,Completed
403008,EVT-403008,Event_403008,12,200348,300463,2024-04-29,19:00,01:00,42431,8668.93,Completed
403009,EVT-403009,Event_403009,13,200126,300961,2025-12-16,09:00,12:00,26381,3361.85,Cancelled
403010,EVT-403010,Event_403010,4,200279,300896,2026-05-11,19:00,21:00,56444,1372.11,Scheduled
403011,EVT-403011,Event_403011,7,200267,301493,2024-10-24,09:00,14:00,10562,7219.47,Completed
403012,EVT-403012,Event_403012,14,200376,301463,2024-10-29,14:00,17:00,69518,10172.8,Cancelled
403013,EVT-403013,Event_403013,14,200042,300243,2025-05-31,19:00,00:00,49730,11383.92,Scheduled
403014,EVT-403014,Event_403014,11,200340,301556,2024-06-23,09:00,13:00,18837,6232.23,Completed
403016,EVT-403016,Event_403016,8,200130,301952,2025-09-22,11:00,17:00,67625,1085.03,Scheduled
403017,EVT-403017,Event_403017,11,200286,300067,2025-04-18,20:00,02:00,55257,759.91,Completed
403018,EVT-403018,Event_403018,11,200340,300435,2024-12-28,14:00,19:00,43608,5756.8,Completed
403019,EVT-403019,Event_403019,10,200215,301310,2024-11-06,10:00,12:00,15918,7151.15,Completed
403020,EVT-403020,Event_403020,11,200009,301770,2024-11-10,14:00,19:00,38729,11669.75,Postponed
403021,EVT-403021,Event_403021,15,200498,300928,2024-03-24,20:00,22:00,34927,7041.14,Scheduled
403022,EVT-403022,Event_403022,7,200157,301878,2026-02-13,09:00,11:00,53731,7600.155000000001,Scheduled
403023,EVT-403023,Event_403023,8,200148,301635,2024-03-24,10:00,15:00,47764,1998.36,Completed
403024,EVT-403024,Event_403024,13,200473,300764,2024-03-02,09:00,12:00,63266,5775.27,Completed
403025,EVT-403025,Event_403025,10,200173,300594,2025-05-24,14:00,20:00,37126,13047.01,Completed
403026,EVT-403026,Event_403026,2,200156,301338,2025-12-21,14:00,18:00,24603,5498.21,Scheduled
403028,EVT-403028,Event_403028,12,200316,300734,2024-09-05,19:00,20:00,41443,3811.57,Postponed
403029,EVT-403029,Event_403029,11,200279,301560,2026-01-09,20:00,23:00,31669,7919.56,Completed
403030,EVT-403030,Event_403030,1,200417,300786,2025-05-18,11:00,14:00,2872,4736.81,Completed
403031,EVT-403031,Event_403031,11,200031,301312,2026-06-24,14:00,16:00,17729,6237.41,Completed
403032,EVT-403032,Event_403032,2,200351,301295,2024-05-30,11:00,14:00,33958,4431.91,Completed
403033,EVT-403033,Event_403033,5,200316,300861,2025-05-11,11:00,13:00,22888,9608.96,Completed
403034,EVT-403034,Event_403034,11,200427,301037,2024-05-21,09:00,14:00,67706,4511.5,Scheduled
403035,EVT-403035,Event_403035,4,200245,300666,2025-07-29,19:00,01:00,29794,12862.88,Completed
403036,EVT-403036,Event_403036,1,200485,301910,2024-03-17,20:00,00:00,69054,7600.155000000001,Completed
403037,EVT-403037,Event_403037,13,200455,300175,2024-01-04,19:00,21:00,49592,2338.16,Scheduled
403038,EVT-403038,Event_403038,12,200277,300219,2026-02-10,20:00,22:00,35187,13602.49,Completed
403039,EVT-403039,Event_403039,15,200007,300675,2024-09-09,20:00,23:00,43712,10405.57,Completed
403040,EVT-403040,Event_403040,2,200062,300127,2024-08-18,11:00,15:00,40217,1452.11,Scheduled
403041,EVT-403041,Event_403041,3,200482,301560,2025-11-02,11:00,15:00,10681,1856.57,Completed
403042,EVT-403042,Event_403042,1,200062,300198,2024-11-12,14:00,17:00,27367,13835.25,Completed
403043,EVT-403043,Event_403043,12,200088,301896,2026-02-02,16:00,19:00,12851,4446.92,Scheduled
403044,EVT-403044,Event_403044,7,200279,301037,2024-12-09,11:00,14:00,46679,10228.94,Completed
403045,EVT-403045,Event_403045,6,200121,301524,2024-09-02,19:00,21:00,2014,4041.89,Scheduled
403046,EVT-403046,Event_403046,6,200437,300894,2025-08-01,20:00,21:00,2591,3369.16,Postponed
403047,EVT-403047,Event_403047,14,200322,301686,2024-10-24,10:00,14:00,11408,1622.03,Scheduled
403048,EVT-403048,Event_403048,3,200218,300196,2024-07-04,09:00,13:00,30836,3869.24,Scheduled
403049,EVT-403049,Event_403049,9,200214,300862,2024-01-30,20:00,23:00,30040,6488.61,Completed
403050,EVT-403050,Event_403050,11,200293,300065,2025-08-01,14:00,19:00,38308,3338.91,Scheduled
403051,EVT-403051,Event_403051,13,200280,301054,2026-04-30,14:00,15:00,65054,6329.31,Completed
403052,EVT-403052,Event_403052,13,200308,300399,2026-02-09,14:00,15:00,43730,1544.95,Completed
403053,EVT-403053,Event_403053,2,200108,301074,2025-03-11,20:00,00:00,3354,4700.21,Completed
403054,EVT-403054,Event_403054,7,200148,301304,2024-01-26,10:00,15:00,41947,7342.65,Scheduled
403055,EVT-403055,Event_403055,8,200399,300685,2024-01-12,09:00,12:00,302,8629.36,Cancelled
403056,EVT-403056,Event_403056,12,200143,301060,2025-05-08,10:00,16:00,19859,7600.155000000001,Completed
403057,EVT-403057,Event_403057,7,200387,301180,2024-07-09,20:00,00:00,31582,5703.6,Completed
403058,EVT-403058,Event_403058,14,200312,301920,2026-05-12,18:00,20:00,47699,2231.15,Scheduled
403059,EVT-403059,Event_403059,8,200257,300547,2025-02-11,20:00,22:00,52715,8531.08,Completed
403060,EVT-403060,Event_403060,2,200011,300458,2024-08-12,14:00,16:00,56149,5118.23,Completed
403061,EVT-403061,Event_403061,9,200309,301179,2025-10-02,10:00,14:00,12220,5140.9,Completed
403062,EVT-403062,Event_403062,5,200424,301369,2025-10-07,11:00,17:00,56821,6721.78,Completed
403063,EVT-403063,Event_403063,9,200314,301398,2024-09-05,11:00,17:00,18307,11759.54,Completed
403065,EVT-403065,Event_403065,3,200025,300636,2024-10-19,14:00,15:00,53806,7600.155000000001,Completed
403067,EVT-403067,Event_403067,1,200462,300492,2025-09-29,18:00,19:00,69907,11841.54,Completed
403068,EVT-403068,Event_403068,3,200366,301355,2024-12-23,11:00,12:00,3828,7600.155000000001,Scheduled
403069,EVT-403069,Event_403069,5,200403,301543,2026-05-06,11:00,15:00,60367,11832.1,Scheduled
403070,EVT-403070,Event_403070,6,200210,300392,2025-06-24,20:00,02:00,69723,8220.97,Completed
403071,EVT-403071,Event_403071,15,200050,300477,2025-11-01,20:00,23:00,68177,5374.36,Completed
403072,EVT-403072,Event_403072,7,200249,300077,2025-09-28,10:00,16:00,66934,9736.21,Completed
403073,EVT-403073,Event_403073,12,200484,300898,2025-06-08,16:00,17:00,47618,9205.58,Completed
403074,EVT-403074,Event_403074,5,200354,300352,2024-08-03,14:00,17:00,52806,4892.58,Completed
403075,EVT-403075,Event_403075,13,200261,300445,2024-11-19,09:00,14:00,49161,6496.59,Completed
403076,EVT-403076,Event_403076,12,200199,300518,2025-01-31,18:00,00:00,7832,578.47,Scheduled
403077,EVT-403077,Event_403077,8,200039,300738,2024-06-10,11:00,17:00,30312,13109.18,Cancelled
403078,EVT-403078,Event_403078,11,200272,301447,2026-02-16,11:00,12:00,19905,909.05,Completed
403079,EVT-403079,Event_403079,7,200258,300698,2024-07-31,16:00,19:00,9781,11849.18,Scheduled
403080,EVT-403080,Event_403080,10,200349,301970,2025-05-26,10:00,12:00,62728,6259.46,Cancelled
403081,EVT-403081,Event_403081,1,200223,300913,2026-02-10,11:00,15:00,31591,4621.02,Completed
403082,EVT-403082,Event_403082,15,200380,301985,2026-02-07,09:00,12:00,28729,14030.11,Completed
403083,EVT-403083,Event_403083,14,200057,300858,2024-10-01,10:00,15:00,68267,8732.35,Scheduled
403084,EVT-403084,Event_403084,14,200047,300121,2024-04-09,14:00,15:00,38365,11777.81,Postponed
403085,EVT-403085,Event_403085,2,200042,301097,2025-02-21,20:00,02:00,22510,5877.95,Scheduled
403087,EVT-403087,Event_403087,5,200315,300297,2024-12-10,11:00,17:00,12588,12604.92,Completed
403088,EVT-403088,Event_403088,8,200242,300520,2025-01-04,18:00,22:00,11379,4140.23,Completed
403089,EVT-403089,Event_403089,12,200347,300987,2026-05-21,14:00,15:00,44409,7600.155000000001,Completed
403090,EVT-403090,Event_403090,14,200253,301631,2024-11-10,10:00,13:00,34131,11803.47,Completed
403091,EVT-403091,Event_403091,7,200363,300797,2024-11-14,18:00,19:00,4916,13718.46,Postponed
403092,EVT-403092,Event_403092,15,200246,301636,2025-05-20,09:00,11:00,45104,7600.155000000001,Cancelled
403093,EVT-403093,Event_403093,3,200056,300602,2024-11-08,09:00,13:00,43058,7600.155000000001,Completed
403094,EVT-403094,Event_403094,3,200225,301569,2024-10-01,16:00,17:00,59032,7129.75,Completed
403095,EVT-403095,Event_403095,5,200383,301024,2025-04-10,16:00,19:00,53370,5308.03,Completed
403096,EVT-403096,Event_403096,1,200396,300053,2024-05-31,19:00,21:00,20907,3919.26,Completed
403097,EVT-403097,Event_403097,10,200269,300869,2025-06-04,14:00,20:00,200000,12214.86,Cancelled
403098,EVT-403098,Event_403098,4,200426,300227,2026-04-24,10:00,13:00,24546,1579.86,Completed
403099,EVT-403099,Event_403099,15,200371,300725,2025-01-11,20:00,23:00,61646,12753.15,Scheduled
403100,EVT-403100,Event_403100,11,200354,301459,2024-02-28,10:00,16:00,27474,14681.29,Completed
403101,EVT-403101,Event_403101,8,200109,301027,2025-07-07,09:00,13:00,33054,6414.62,Completed
403102,EVT-403102,Event_403102,1,200165,300172,2024-09-29,11:00,13:00,31569,8899.85,Completed
403103,EVT-403103,Event_403103,3,200137,301215,2024-03-08,18:00,00:00,57568,11714.26,Completed
403104,EVT-403104,Event_403104,7,200471,300356,2025-03-18,16:00,21:00,12343,2613.31,Scheduled
403105,EVT-403105,Event_403105,3,200360,301803,2025-10-08,20:00,23:00,45196,7103.72,Completed
403106,EVT-403106,Event_403106,4,200058,300582,2025-09-18,09:00,13:00,49246,11436.51,Scheduled
403107,EVT-403107,Event_403107,4,200060,301057,2025-04-28,09:00,13:00,28557,14796.55,Cancelled
403108,EVT-403108,Event_403108,9,200347,301627,2025-07-10,09:00,14:00,64908,7600.155000000001,Completed
403109,EVT-403109,Event_403109,5,200399,300261,2025-06-22,20:00,00:00,57836,3296.29,Completed
403110,EVT-403110,Event_403110,1,200164,301631,2025-07-06,14:00,16:00,65657,6104.32,Scheduled
403111,EVT-403111,Event_403111,2,200423,300715,2024-01-07,14:00,15:00,19774,7600.155000000001,Scheduled
403112,EVT-403112,Event_403112,15,200290,300118,2024-12-28,19:00,23:00,42116,5622.39,Completed
403113,EVT-403113,Event_403113,2,200435,300193,2026-01-23,09:00,15:00,42607,12292.27,Postponed
403114,EVT-403114,Event_403114,13,200332,301368,2025-08-06,18:00,20:00,18754,9723.59,Completed
403115,EVT-403115,Event_403115,2,200242,301216,2025-01-13,19:00,00:00,50494,13819.87,Completed
403116,EVT-403116,Event_403116,10,200219,300831,2025-09-25,20:00,21:00,27327,2259.54,Completed
403117,EVT-403117,Event_403117,10,200059,301510,2024-07-12,19:00,21:00,11202,218.11,Scheduled
403118,EVT-403118,Event_403118,12,200429,301602,2026-04-21,14:00,18:00,55853,2378.39,Completed
403119,EVT-403119,Event_403119,3,200289,300769,2026-06-09,20:00,00:00,4015,4033.83,Completed
403120,EVT-403120,Event_403120,3,200158,300182,2024-05-01,10:00,14:00,47566,6971.0,Completed
403121,EVT-403121,Event_403121,9,200443,300309,2025-06-27,20:00,01:00,58314,1317.65,Completed
403122,EVT-403122,Event_403122,6,200434,301153,2026-01-21,14:00,18:00,18366,11156.71,Completed
403123,EVT-403123,Event_403123,9,200221,301463,2025-11-27,16:00,20:00,12053,3264.36,Completed
403124,EVT-403124,Event_403124,6,200024,300927,2024-11-15,10:00,16:00,20466,11403.67,Scheduled
403125,EVT-403125,Event_403125,5,200119,301338,2025-08-12,19:00,20:00,55922,7600.155000000001,Scheduled
403126,EVT-403126,Event_403126,5,200150,301182,2024-06-23,18:00,22:00,11128,4852.51,Cancelled
403127,EVT-403127,Event_403127,13,200359,301250,2024-06-21,09:00,10:00,5526,1166.07,Postponed
403128,EVT-403128,Event_403128,15,200182,301402,2026-02-06,14:00,17:00,66929,10189.17,Completed
403129,EVT-403129,Event_403129,5,200090,301576,2024-07-10,14:00,15:00,19410,464.2,Completed
403130,EVT-403130,Event_403130,3,200480,300921,2024-09-02,19:00,20:00,1275,12327.43,Completed
403131,EVT-403131,Event_403131,1,200291,301653,2025-04-04,19:00,20:00,34967,1261.26,Completed
403132,EVT-403132,Event_403132,4,200103,300529,2026-02-09,14:00,16:00,41817,7557.61,Completed
403133,EVT-403133,Event_403133,1,200357,301901,2025-08-23,11:00,15:00,14230,11998.34,Scheduled
403134,EVT-403134,Event_403134,4,200248,301501,2024-09-08,16:00,22:00,1539,7411.75,Scheduled
403135,EVT-403135,Event_403135,11,200128,301080,2024-04-04,14:00,15:00,21278,585.47,Completed
403136,EVT-403136,Event_403136,11,200057,301492,2024-09-02,19:00,21:00,3262,9223.93,Postponed
403137,EVT-403137,Event_403137,5,200160,301684,2025-08-08,16:00,21:00,67941,6546.52,Scheduled
403139,EVT-403139,Event_403139,3,200362,300557,2025-06-13,11:00,14:00,25414,1753.15,Completed
403140,EVT-403140,Event_403140,13,200278,301897,2024-12-09,20:00,23:00,31871,10320.63,Completed
403141,EVT-403141,Event_403141,10,200498,300256,2024-04-15,11:00,12:00,58497,7600.155000000001,Completed
403142,EVT-403142,Event_403142,4,200368,300105,2024-03-24,11:00,15:00,54923,13214.41,Completed
403143,EVT-403143,Event_403143,5,200169,300881,2026-05-04,14:00,19:00,12778,7092.94,Completed
403144,EVT-403144,Event_403144,14,200165,300107,2024-09-16,16:00,20:00,57840,7858.61,Completed
403145,EVT-403145,Event_403145,15,200431,300067,2025-02-09,09:00,13:00,57471,9955.29,Completed
403146,EVT-403146,Event_403146,13,200420,301228,2024-02-08,19:00,00:00,64749,11599.89,Completed
403147,EVT-403147,Event_403147,11,200205,301475,2025-07-28,16:00,17:00,29598,10722.02,Scheduled
403148,EVT-403148,Event_403148,7,200173,300072,2025-04-15,14:00,19:00,36279,2985.96,Completed
403149,EVT-403149,Event_403149,11,200406,301620,2025-11-10,16:00,21:00,48899,4145.7,Scheduled
403150,EVT-403150,Event_403150,2,200369,301924,2025-10-28,14:00,20:00,200000,1502.85,Scheduled
403151,EVT-403151,Event_403151,1,200042,300267,2025-10-11,18:00,19:00,37589,3177.59,Cancelled
403152,EVT-403152,Event_403152,6,200178,300169,2026-02-11,11:00,12:00,66770,14620.21,Postponed
403153,EVT-403153,Event_403153,10,200228,300238,2025-05-27,18:00,23:00,34699,11772.22,Completed
403154,EVT-403154,Event_403154,10,200272,301372,2024-01-19,19:00,23:00,200000,7381.41,Postponed
403155,EVT-403155,Event_403155,10,200227,300415,2024-09-28,09:00,10:00,34889,14448.9,Postponed
403156,EVT-403156,Event_403156,9,200173,301563,2024-02-09,14:00,18:00,17966,3348.06,Completed
403157,EVT-403157,Event_403157,2,200233,300098,2024-06-16,16:00,22:00,14419,6873.66,Scheduled
403158,EVT-403158,Event_403158,6,200417,300023,2025-11-15,18:00,00:00,19907,14448.45,Cancelled
403159,EVT-403159,Event_403159,1,200476,301445,2026-06-27,09:00,10:00,22855,8581.45,Completed
403160,EVT-403160,Event_403160,1,200002,300314,2024-02-18,11:00,17:00,4374,2646.88,Completed
403161,EVT-403161,Event_403161,6,200215,301701,2025-06-25,19:00,20:00,60259,9803.08,Completed
403162,EVT-403162,Event_403162,6,200211,301527,2026-01-22,16:00,22:00,66691,7115.14,Postponed
403163,EVT-403163,Event_403163,1,200393,301388,2024-09-20,14:00,18:00,30209,8647.19,Cancelled
403164,EVT-403164,Event_403164,15,200426,300371,2024-11-14,10:00,13:00,19063,3968.04,Completed
403165,EVT-403165,Event_403165,12,200187,301608,2025-10-17,11:00,15:00,22865,13245.05,Completed
403166,EVT-403166,Event_403166,8,200283,300958,2025-05-17,14:00,18:00,8239,9026.4,Completed
403167,EVT-403167,Event_403167,7,200103,301564,2024-10-14,20:00,00:00,53548,5121.56,Completed
403168,EVT-403168,Event_403168,9,200147,301247,2025-12-12,11:00,17:00,24795,13361.9,Completed
403169,EVT-403169,Event_403169,11,200121,300015,2024-09-07,10:00,14:00,45010,12218.66,Scheduled
403170,EVT-403170,Event_403170,11,200143,301316,2025-05-21,09:00,15:00,14144,6221.69,Completed
403171,EVT-403171,Event_403171,8,200094,301437,2024-04-11,11:00,12:00,40451,4218.43,Cancelled
403172,EVT-403172,Event_403172,3,200375,301480,2024-03-21,18:00,21:00,64331,8827.22,Completed
403173,EVT-403173,Event_403173,5,200341,300648,2026-05-03,10:00,11:00,61027,1078.47,Cancelled
403174,EVT-403174,Event_403174,15,200005,301814,2024-10-11,09:00,11:00,34550,6072.96,Completed
403175,EVT-403175,Event_403175,14,200384,301079,2024-08-13,14:00,18:00,23835,14671.62,Cancelled
403176,EVT-403176,Event_403176,4,200146,301152,2026-06-06,09:00,15:00,14269,5928.62,Completed
403177,EVT-403177,Event_403177,8,200263,301564,2025-03-18,09:00,14:00,19103,14811.16,Completed
403178,EVT-403178,Event_403178,8,200016,301171,2024-01-10,18:00,19:00,19970,5635.34,Scheduled
403179,EVT-403179,Event_403179,7,200400,300172,2025-04-14,20:00,01:00,65728,11530.6,Completed
403180,EVT-403180,Event_403180,15,200042,300607,2024-07-26,09:00,13:00,25659,4990.67,Completed
403181,EVT-403181,Event_403181,15,200174,301038,2024-08-04,09:00,15:00,49211,12844.45,Completed
403182,EVT-403182,Event_403182,4,200066,300717,2025-05-25,09:00,15:00,33548,8140.75,Scheduled
403183,EVT-403183,Event_403183,4,200357,301642,2024-01-08,11:00,16:00,30091,10704.17,Postponed
403184,EVT-403184,Event_403184,6,200157,300916,2025-05-21,09:00,13:00,5529,9117.15,Completed
403185,EVT-403185,Event_403185,11,200078,301941,2025-05-25,14:00,15:00,25995,9021.31,Scheduled
403186,EVT-403186,Event_403186,3,200495,301085,2026-06-12,14:00,15:00,37878,2862.9,Postponed
403187,EVT-403187,Event_403187,15,200247,300128,2026-04-26,19:00,22:00,29277,10141.18,Scheduled
403188,EVT-403188,Event_403188,6,200374,300265,2025-07-21,11:00,15:00,41609,13275.44,Postponed
403189,EVT-403189,Event_403189,3,200082,301344,2026-02-25,09:00,10:00,59245,4688.87,Scheduled
403190,EVT-403190,Event_403190,2,200049,300448,2025-03-06,10:00,13:00,44997,7600.155000000001,Completed
403191,EVT-403191,Event_403191,15,200193,301911,2026-03-04,19:00,21:00,38956,2485.44,Scheduled
403192,EVT-403192,Event_403192,5,200464,301525,2025-08-11,10:00,15:00,40924,397.62,Completed
403193,EVT-403193,Event_403193,2,200453,301770,2024-05-13,16:00,19:00,18889,3516.88,Completed
403194,EVT-403194,Event_403194,1,200443,300844,2025-02-19,14:00,19:00,13631,10356.24,Completed
403195,EVT-403195,Event_403195,1,200086,300604,2024-07-18,14:00,20:00,8529,6700.78,Completed
403196,EVT-403196,Event_403196,6,200091,301049,2026-01-25,14:00,17:00,33990,1882.33,Cancelled
403197,EVT-403197,Event_403197,2,200478,300370,2025-09-27,20:00,01:00,19239,2819.39,Completed
403198,EVT-403198,Event_403198,15,200361,300642,2026-02-16,11:00,16:00,200000,9812.29,Postponed
403199,EVT-403199,Event_403199,7,200082,300632,2024-05-20,11:00,12:00,13714,6605.77,Completed
403200,EVT-403200,Event_403200,6,200274,300800,2024-10-17,14:00,17:00,200000,896.89,Completed
403201,EVT-403201,Event_403201,12,200305,301091,2024-06-20,09:00,13:00,42844,5373.05,Scheduled
403202,EVT-403202,Event_403202,7,200327,301791,2025-01-11,11:00,13:00,41225,1810.01,Completed
403203,EVT-403203,Event_403203,4,200030,301637,2025-08-12,14:00,20:00,67067,2885.77,Completed
403204,EVT-403204,Event_403204,3,200271,301738,2025-12-18,18:00,22:00,44982,6980.51,Scheduled
403205,EVT-403205,Event_403205,5,200336,301104,2026-03-15,20:00,01:00,200000,6803.81,Cancelled
403206,EVT-403206,Event_403206,13,200395,301419,2026-02-09,11:00,16:00,22573,2342.96,Cancelled
403207,EVT-403207,Event_403207,15,200233,301378,2024-01-23,18:00,20:00,67129,2048.33,Completed
403208,EVT-403208,Event_403208,11,200396,300681,2025-04-28,19:00,21:00,41350,13814.58,Completed
403209,EVT-403209,Event_403209,13,200056,301684,2025-04-23,11:00,14:00,526,7600.155000000001,Scheduled
403210,EVT-403210,Event_403210,1,200319,300148,2025-07-10,16:00,21:00,14231,6110.73,Completed
403211,EVT-403211,Event_403211,11,200102,300340,2025-08-29,09:00,15:00,14390,10670.28,Scheduled
403212,EVT-403212,Event_403212,8,200005,301385,2025-01-11,18:00,22:00,42819,11464.14,Completed
403213,EVT-403213,Event_403213,7,200239,301869,2024-06-10,16:00,22:00,69254,9052.78,Completed
403214,EVT-403214,Event_403214,9,200260,301831,2024-10-16,16:00,21:00,26545,10035.6,Completed
403215,EVT-403215,Event_403215,9,200438,300831,2025-08-13,20:00,23:00,57610,13155.47,Cancelled
403216,EVT-403216,Event_403216,14,200204,301479,2024-10-05,14:00,15:00,15691,9537.85,Completed
403217,EVT-403217,Event_403217,1,200266,301254,2025-02-22,18:00,22:00,23562,429.22,Scheduled
403218,EVT-403218,Event_403218,12,200475,301754,2026-04-01,09:00,15:00,13854,11168.26,Completed
403219,EVT-403219,Event_403219,13,200500,301746,2024-04-09,19:00,21:00,23478,11189.1,Completed
403220,EVT-403220,Event_403220,5,200408,300209,2025-11-25,09:00,15:00,34950,5153.89,Completed
403221,EVT-403221,Event_403221,1,200247,301730,2025-09-20,18:00,20:00,11659,7600.155000000001,Scheduled
403222,EVT-403222,Event_403222,1,200417,301451,2025-02-10,16:00,22:00,30280,3126.83,Scheduled
403223,EVT-403223,Event_403223,4,200319,301164,2025-11-15,10:00,13:00,48243,13509.63,Completed
403224,EVT-403224,Event_403224,6,200126,301637,2025-04-01,16:00,19:00,60758,13133.09,Scheduled
403225,EVT-403225,Event_403225,1,200092,301556,2024-08-01,14:00,15:00,11543,8937.33,Scheduled
403226,EVT-403226,Event_403226,5,200278,300284,2025-03-21,11:00,17:00,62743,8092.72,Scheduled
403227,EVT-403227,Event_403227,6,200133,300629,2025-10-23,10:00,12:00,59289,7318.62,Completed
403228,EVT-403228,Event_403228,12,200429,301054,2025-11-16,18:00,22:00,33191,4758.06,Completed
403229,EVT-403229,Event_403229,2,200442,301781,2025-09-25,19:00,23:00,46603,805.34,Completed
403230,EVT-403230,Event_403230,15,200223,301119,2025-09-25,20:00,21:00,13714,7232.08,Completed
403231,EVT-403231,Event_403231,1,200118,300031,2026-02-23,18:00,22:00,50365,14358.85,Cancelled
403232,EVT-403232,Event_403232,9,200302,300718,2024-08-06,11:00,13:00,41882,8521.53,Completed
403233,EVT-403233,Event_403233,1,200484,300958,2026-03-24,20:00,00:00,65268,6981.46,Completed
403234,EVT-403234,Event_403234,14,200258,300007,2026-01-21,09:00,12:00,20713,7288.47,Cancelled
403235,EVT-403235,Event_403235,13,200149,300741,2024-08-08,19:00,01:00,24995,819.99,Completed
403236,EVT-403236,Event_403236,12,200192,300305,2026-05-06,16:00,20:00,4468,12044.39,Completed
403237,EVT-403237,Event_403237,14,200001,301024,2025-12-19,16:00,18:00,27574,11956.4,Completed
403238,EVT-403238,Event_403238,5,200044,300223,2024-06-29,20:00,01:00,61482,14921.77,Completed
403239,EVT-403239,Event_403239,6,200488,301326,2026-04-25,10:00,11:00,42308,11330.62,Scheduled
403240,EVT-403240,Event_403240,13,200156,301469,2025-02-24,09:00,11:00,41008,2824.99,Completed
403241,EVT-403241,Event_403241,6,200188,301216,2024-09-15,14:00,16:00,11164,9608.76,Completed
403242,EVT-403242,Event_403242,10,200394,300476,2026-02-10,16:00,22:00,57622,470.18,Scheduled
403243,EVT-403243,Event_403243,8,200083,301275,2024-12-24,10:00,14:00,69154,1015.19,Scheduled
403244,EVT-403244,Event_403244,13,200270,300401,2025-03-10,09:00,11:00,14789,4532.71,Scheduled
403245,EVT-403245,Event_403245,8,200148,301411,2025-01-21,09:00,12:00,62729,9036.84,Completed
403246,EVT-403246,Event_403246,12,200431,300595,2024-04-19,10:00,13:00,2038,14269.17,Completed
403247,EVT-403247,Event_403247,1,200002,300444,2024-12-12,14:00,17:00,60517,1961.9,Completed
403248,EVT-403248,Event_403248,4,200071,300773,2024-08-14,19:00,20:00,17179,11638.46,Completed
403249,EVT-403249,Event_403249,7,200448,301987,2025-04-06,09:00,11:00,15962,2751.9,Scheduled
403250,EVT-403250,Event_403250,4,200489,300449,2025-02-10,20:00,23:00,4976,9735.78,Scheduled
403251,EVT-403251,Event_403251,5,200169,300332,2025-09-21,14:00,18:00,46737,13756.55,Postponed
403252,EVT-403252,Event_403252,15,200399,300369,2024-11-08,10:00,14:00,8387,4659.34,Completed
403253,EVT-403253,Event_403253,5,200329,300282,2026-01-23,18:00,19:00,47738,10922.9,Completed
403254,EVT-403254,Event_403254,9,200121,300327,2025-04-03,09:00,11:00,1818,2034.81,Scheduled
403255,EVT-403255,Event_403255,8,200346,300439,2026-05-07,14:00,15:00,19371,10373.35,Postponed
403256,EVT-403256,Event_403256,13,200124,300395,2025-06-12,14:00,18:00,40462,12917.85,Cancelled
403257,EVT-403257,Event_403257,3,200083,301777,2024-11-23,11:00,15:00,67723,13227.68,Completed
403258,EVT-403258,Event_403258,13,200243,300774,2024-05-13,18:00,20:00,19159,8055.43,Completed
403259,EVT-403259,Event_403259,8,200024,301065,2026-04-29,11:00,17:00,42820,10338.26,Completed
403260,EVT-403260,Event_403260,13,200042,301725,2024-12-16,10:00,15:00,16655,1200.4,Completed
403261,EVT-403261,Event_403261,6,200324,300449,2024-08-18,20:00,02:00,15549,13870.13,Completed
403262,EVT-403262,Event_403262,4,200272,301042,2026-06-13,14:00,19:00,4529,7587.27,Completed
403263,EVT-403263,Event_403263,7,200265,300387,2024-01-19,09:00,15:00,62083,5151.68,Scheduled
403264,EVT-403264,Event_403264,14,200450,300433,2025-10-28,20:00,23:00,64379,14742.56,Completed
403265,EVT-403265,Event_403265,3,200370,301487,2026-04-15,18:00,21:00,58413,1938.33,Completed
403266,EVT-403266,Event_403266,8,200047,300517,2025-03-13,09:00,11:00,4147,14326.73,Scheduled
403267,EVT-403267,Event_403267,1,200060,301914,2026-03-06,20:00,01:00,19852,11620.07,Postponed
403268,EVT-403268,Event_403268,11,200343,300605,2024-06-12,16:00,20:00,43374,1193.73,Postponed
403269,EVT-403269,Event_403269,13,200147,301665,2026-02-16,11:00,15:00,66268,2389.81,Completed
403270,EVT-403270,Event_403270,2,200111,300450,2025-04-23,10:00,14:00,7296,4733.41,Completed
403271,EVT-403271,Event_403271,5,200101,301918,2025-01-07,19:00,01:00,30296,2653.28,Scheduled
403272,EVT-403272,Event_403272,10,200387,300607,2025-09-16,16:00,21:00,34907,10175.19,Scheduled
403273,EVT-403273,Event_403273,3,200374,301826,2024-10-19,16:00,19:00,10586,7600.155000000001,Completed
403274,EVT-403274,Event_403274,9,200044,300629,2025-12-14,19:00,23:00,43387,9837.43,Completed
403275,EVT-403275,Event_403275,9,200299,301359,2024-08-10,18:00,23:00,32845,12633.5,Completed
403276,EVT-403276,Event_403276,6,200271,300944,2026-05-14,14:00,15:00,24717,4592.94,Scheduled
403278,EVT-403278,Event_403278,11,200159,300030,2025-11-14,11:00,13:00,67138,6756.24,Completed
403279,EVT-403279,Event_403279,15,200026,300576,2024-12-05,19:00,20:00,9173,4455.78,Postponed
403280,EVT-403280,Event_403280,15,200143,300527,2025-03-16,10:00,12:00,44974,9126.79,Completed
403281,EVT-403281,Event_403281,13,200257,301755,2026-02-19,18:00,22:00,4169,5950.18,Completed
403283,EVT-403283,Event_403283,12,200197,301130,2025-10-05,20:00,01:00,14324,7698.91,Postponed
403284,EVT-403284,Event_403284,8,200273,300499,2025-07-28,20:00,02:00,20419,13966.02,Completed
403285,EVT-403285,Event_403285,10,200162,301458,2024-12-02,11:00,16:00,55329,4685.09,Completed
403286,EVT-403286,Event_403286,4,200214,301370,2024-08-26,16:00,21:00,54092,1540.14,Completed
403287,EVT-403287,Event_403287,2,200396,300091,2025-01-13,20:00,22:00,33503,13298.91,Completed
403288,EVT-403288,Event_403288,14,200357,300455,2024-03-09,16:00,17:00,50775,3511.15,Completed
403289,EVT-403289,Event_403289,5,200306,300930,2025-05-05,11:00,15:00,25807,2666.34,Completed
403290,EVT-403290,Event_403290,11,200303,300825,2025-07-20,20:00,21:00,22147,7797.41,Completed
403291,EVT-403291,Event_403291,14,200009,300402,2024-09-11,20:00,22:00,26473,11437.6,Completed
403292,EVT-403292,Event_403292,7,200453,300657,2024-11-02,14:00,16:00,63060,2328.18,Completed
403293,EVT-403293,Event_403293,12,200302,301398,2024-10-26,14:00,17:00,66810,13878.63,Scheduled
403294,EVT-403294,Event_403294,3,200381,301987,2024-01-11,10:00,15:00,16153,5302.39,Scheduled
403295,EVT-403295,Event_403295,9,200364,300128,2025-11-13,10:00,14:00,48064,8768.76,Completed
403296,EVT-403296,Event_403296,10,200257,300796,2026-02-08,14:00,15:00,19559,4999.08,Completed
403297,EVT-403297,Event_403297,4,200406,300574,2024-02-10,16:00,18:00,647,7600.155000000001,Scheduled
403298,EVT-403298,Event_403298,6,200404,300336,2025-03-03,16:00,18:00,21669,4643.81,Completed
403299,EVT-403299,Event_403299,5,200283,300045,2025-01-03,19:00,20:00,61185,14189.75,Postponed
403300,EVT-403300,Event_403300,10,200007,300694,2025-06-10,19:00,20:00,4424,3851.03,Cancelled
403301,EVT-403301,Event_403301,6,200232,300089,2026-03-19,19:00,21:00,37778,7600.155000000001,Completed
403302,EVT-403302,Event_403302,15,200035,301273,2025-03-05,10:00,11:00,6120,5830.01,Scheduled
403303,EVT-403303,Event_403303,6,200190,300952,2025-04-26,14:00,16:00,43051,7678.79,Scheduled
403304,EVT-403304,Event_403304,4,200349,300929,2025-06-05,14:00,18:00,60787,5461.27,Scheduled
403305,EVT-403305,Event_403305,9,200024,300080,2024-05-04,14:00,16:00,8408,6294.77,Cancelled
403306,EVT-403306,Event_403306,7,200143,301772,2025-04-02,10:00,14:00,54636,11643.27,Completed
403307,EVT-403307,Event_403307,10,200161,300422,2024-04-30,11:00,15:00,39414,10671.31,Scheduled
403308,EVT-403308,Event_403308,7,200196,301269,2025-07-15,20:00,02:00,48037,13078.31,Completed
403309,EVT-403309,Event_403309,6,200456,300794,2026-02-28,20:00,23:00,24728,10578.83,Completed
403310,EVT-403310,Event_403310,4,200103,300484,2024-02-22,20:00,23:00,6375,1888.54,Completed
403311,EVT-403311,Event_403311,10,200104,301020,2024-04-19,20:00,22:00,45560,9020.45,Completed
403312,EVT-403312,Event_403312,5,200228,301756,2025-07-29,09:00,14:00,42790,12752.38,Completed
403313,EVT-403313,Event_403313,12,200239,300419,2025-01-31,16:00,17:00,68623,606.13,Completed
403314,EVT-403314,Event_403314,8,200261,300391,2025-02-13,10:00,13:00,6997,1039.1,Completed
403315,EVT-403315,Event_403315,12,200462,300444,2026-02-27,20:00,01:00,56489,4817.67,Scheduled
403316,EVT-403316,Event_403316,8,200424,300671,2024-12-04,16:00,18:00,13291,2916.51,Postponed
403317,EVT-403317,Event_403317,1,200141,301354,2026-04-20,10:00,14:00,46017,5146.12,Completed
403318,EVT-403318,Event_403318,9,200053,300642,2025-11-24,09:00,13:00,19713,12243.1,Completed
403319,EVT-403319,Event_403319,8,200032,300854,2024-05-14,10:00,13:00,47774,10832.94,Scheduled
403320,EVT-403320,Event_403320,15,200118,301874,2024-04-27,19:00,21:00,68577,2169.4,Completed
403321,EVT-403321,Event_403321,1,200156,300230,2024-03-04,19:00,01:00,49758,14906.56,Completed
403322,EVT-403322,Event_403322,10,200369,301834,2024-07-07,20:00,21:00,54174,14888.44,Cancelled
403323,EVT-403323,Event_403323,2,200131,301085,2024-07-16,19:00,20:00,17344,7600.155000000001,Completed
403324,EVT-403324,Event_403324,4,200453,300075,2025-03-15,20:00,01:00,64951,14314.93,Scheduled
403325,EVT-403325,Event_403325,9,200016,300089,2024-05-16,10:00,12:00,904,13651.98,Completed
403326,EVT-403326,Event_403326,12,200300,301132,2025-06-18,16:00,20:00,45393,13270.21,Completed
403327,EVT-403327,Event_403327,7,200124,300071,2024-08-24,09:00,10:00,69478,3995.64,Completed
403328,EVT-403328,Event_403328,15,200057,301307,2024-09-23,16:00,19:00,1164,14897.42,Completed
403329,EVT-403329,Event_403329,10,200464,300253,2025-09-25,16:00,22:00,23879,13273.56,Completed
403330,EVT-403330,Event_403330,7,200345,301296,2026-02-02,19:00,00:00,8001,11798.3,Cancelled
403331,EVT-403331,Event_403331,2,200052,301398,2026-02-26,19:00,00:00,42997,10418.77,Completed
403332,EVT-403332,Event_403332,3,200072,300621,2024-06-09,14:00,20:00,48161,10701.39,Scheduled
403333,EVT-403333,Event_403333,15,200482,301281,2024-11-28,11:00,15:00,11388,11596.5,Postponed
403334,EVT-403334,Event_403334,11,200460,301700,2025-08-21,10:00,14:00,45443,7947.14,Completed
403335,EVT-403335,Event_403335,3,200242,301258,2026-06-22,18:00,23:00,33586,10857.15,Completed
403336,EVT-403336,Event_403336,1,200194,301410,2024-09-09,10:00,11:00,2585,9962.86,Completed
403337,EVT-403337,Event_403337,14,200356,300971,2024-01-12,10:00,11:00,4426,13229.59,Completed
403338,EVT-403338,Event_403338,1,200430,300182,2025-09-23,16:00,19:00,15683,8512.36,Postponed
403340,EVT-403340,Event_403340,15,200189,300579,2025-05-24,19:00,23:00,27947,1134.53,Completed
403341,EVT-403341,Event_403341,11,200370,300520,2026-04-30,18:00,21:00,33206,10855.01,Completed
403342,EVT-403342,Event_403342,1,200231,301255,2025-05-06,10:00,14:00,44070,5035.68,Postponed
403344,EVT-403344,Event_403344,2,200464,301854,2024-01-06,20:00,22:00,14896,10708.87,Scheduled
403345,EVT-403345,Event_403345,3,200414,300335,2025-01-24,11:00,16:00,9597,7323.31,Postponed
403346,EVT-403346,Event_403346,2,200134,301153,2026-05-11,16:00,22:00,28256,8807.83,Scheduled
403347,EVT-403347,Event_403347,1,200154,301912,2025-06-23,09:00,10:00,15296,778.23,Cancelled
403348,EVT-403348,Event_403348,2,200092,301577,2024-11-15,20:00,21:00,42841,5212.18,Scheduled
403349,EVT-403349,Event_403349,11,200484,300816,2024-01-21,19:00,23:00,46073,8644.34,Completed
403350,EVT-403350,Event_403350,3,200262,300405,2026-01-07,19:00,21:00,15430,12989.59,Completed
403351,EVT-403351,Event_403351,14,200029,301175,2024-05-12,18:00,23:00,3043,7065.41,Scheduled
403352,EVT-403352,Event_403352,14,200475,300959,2026-03-21,14:00,20:00,53337,8780.33,Completed
403353,EVT-403353,Event_403353,15,200309,301332,2025-08-11,14:00,15:00,17510,3708.15,Completed
403354,EVT-403354,Event_403354,12,200448,301906,2025-11-21,18:00,00:00,22431,9768.07,Completed
403355,EVT-403355,Event_403355,9,200004,301678,2024-05-23,09:00,13:00,18690,5040.94,Scheduled
403356,EVT-403356,Event_403356,1,200207,301127,2025-03-20,11:00,15:00,46792,568.66,Postponed
403357,EVT-403357,Event_403357,4,200320,300700,2024-11-03,16:00,20:00,25197,3845.66,Scheduled
403358,EVT-403358,Event_403358,12,200034,301884,2025-01-24,14:00,17:00,876,6060.77,Completed
403359,EVT-403359,Event_403359,4,200057,301645,2024-11-29,18:00,00:00,10198,3406.19,Postponed
403360,EVT-403360,Event_403360,3,200271,301381,2025-06-18,10:00,13:00,5494,6136.18,Completed
403361,EVT-403361,Event_403361,5,200413,301469,2026-05-03,11:00,15:00,30585,12944.36,Completed
403362,EVT-403362,Event_403362,13,200043,300048,2025-04-25,14:00,17:00,200000,11241.71,Completed
403363,EVT-403363,Event_403363,10,200001,300486,2025-05-21,14:00,18:00,18783,2582.21,Completed
403364,EVT-403364,Event_403364,2,200237,301869,2026-06-09,10:00,12:00,56592,1670.22,Scheduled
403365,EVT-403365,Event_403365,13,200385,301872,2024-03-29,11:00,13:00,18565,8848.66,Completed
403366,EVT-403366,Event_403366,12,200077,301657,2024-08-15,20:00,01:00,41586,7600.155000000001,Postponed
403367,EVT-403367,Event_403367,12,200179,300618,2026-04-25,14:00,16:00,67118,7530.64,Postponed
403368,EVT-403368,Event_403368,6,200159,301627,2025-04-06,11:00,15:00,42903,2991.29,Completed
403369,EVT-403369,Event_403369,15,200312,301369,2026-02-12,09:00,14:00,66551,13645.24,Completed
403370,EVT-403370,Event_403370,9,200241,300132,2024-03-05,09:00,15:00,59077,4108.79,Scheduled
403371,EVT-403371,Event_403371,9,200222,301161,2025-10-02,09:00,12:00,61403,3318.66,Postponed
403372,EVT-403372,Event_403372,14,200038,301635,2025-05-15,14:00,20:00,69875,2246.03,Completed
403373,EVT-403373,Event_403373,11,200188,301087,2024-04-27,16:00,17:00,49090,726.8,Cancelled
403374,EVT-403374,Event_403374,3,200337,300906,2024-03-07,09:00,13:00,24735,1060.26,Completed
403375,EVT-403375,Event_403375,9,200180,301719,2025-04-17,09:00,10:00,17820,1659.47,Scheduled
403376,EVT-403376,Event_403376,7,200477,300887,2025-02-06,09:00,12:00,58702,9567.66,Completed
403377,EVT-403377,Event_403377,1,200255,301968,2025-03-06,11:00,16:00,18693,3771.8,Cancelled
403378,EVT-403378,Event_403378,15,200037,300295,2024-07-01,19:00,21:00,66186,12484.51,Completed
403379,EVT-403379,Event_403379,13,200141,301864,2025-07-25,19:00,00:00,31264,2620.87,Completed
403380,EVT-403380,Event_403380,9,200030,301912,2024-08-12,11:00,15:00,31433,6359.52,Completed
403381,EVT-403381,Event_403381,13,200200,301239,2026-05-19,16:00,19:00,36359,8810.22,Scheduled
403382,EVT-403382,Event_403382,3,200448,300781,2024-07-31,19:00,22:00,59290,9055.99,Postponed
403383,EVT-403383,Event_403383,8,200033,301127,2024-01-28,09:00,10:00,30747,13550.9,Scheduled
403384,EVT-403384,Event_403384,15,200189,301571,2025-04-02,11:00,14:00,36501,7600.155000000001,Completed
403385,EVT-403385,Event_403385,3,200309,301164,2024-06-30,09:00,15:00,58483,7600.155000000001,Completed
403386,EVT-403386,Event_403386,3,200145,300075,2024-01-18,19:00,21:00,16072,5867.73,Completed
403387,EVT-403387,Event_403387,4,200249,300263,2024-10-11,10:00,13:00,40482,3911.53,Postponed
403388,EVT-403388,Event_403388,5,200202,301745,2025-06-17,10:00,16:00,41154,724.61,Completed
403389,EVT-403389,Event_403389,9,200218,301431,2025-02-15,19:00,00:00,18680,14399.41,Completed
403390,EVT-403390,Event_403390,4,200303,300008,2024-06-28,18:00,00:00,7879,3243.66,Scheduled
403391,EVT-403391,Event_403391,11,200274,301181,2025-03-13,20:00,21:00,7480,6063.75,Completed
403392,EVT-403392,Event_403392,11,200303,301432,2024-08-12,16:00,17:00,44988,13728.12,Scheduled
403393,EVT-403393,Event_403393,2,200327,301429,2024-06-01,10:00,16:00,529,13159.86,Completed
403394,EVT-403394,Event_403394,8,200227,300531,2025-07-06,10:00,15:00,15637,6509.95,Cancelled
403395,EVT-403395,Event_403395,7,200377,300841,2024-03-10,09:00,15:00,30615,7058.6,Completed
403396,EVT-403396,Event_403396,5,200256,301963,2024-09-16,10:00,14:00,3801,1430.88,Scheduled
403397,EVT-403397,Event_403397,7,200258,301992,2025-11-09,20:00,02:00,17576,7586.13,Completed
403398,EVT-403398,Event_403398,10,200144,301661,2026-05-21,18:00,19:00,14880,13242.7,Completed
403399,EVT-403399,Event_403399,9,200070,301016,2024-07-13,11:00,12:00,37269,4151.1,Scheduled
403400,EVT-403400,Event_403400,4,200349,300089,2024-04-29,11:00,17:00,200000,1359.94,Scheduled
403401,EVT-403401,Event_403401,10,200026,300747,2025-08-17,20:00,22:00,63679,1412.2,Completed
403402,EVT-403402,Event_403402,2,200097,300045,2024-10-09,16:00,21:00,29579,1734.83,Scheduled
403403,EVT-403403,Event_403403,2,200195,300303,2026-01-02,19:00,23:00,53643,3152.61,Completed
403404,EVT-403404,Event_403404,2,200376,300271,2026-06-12,11:00,13:00,35964,6805.87,Completed
403405,EVT-403405,Event_403405,3,200335,300115,2025-01-18,16:00,18:00,3307,3530.83,Completed
403406,EVT-403406,Event_403406,5,200117,300265,2024-10-28,09:00,14:00,19182,4798.91,Completed
403407,EVT-403407,Event_403407,9,200475,300916,2026-03-20,11:00,17:00,29514,1723.86,Completed
403408,EVT-403408,Event_403408,11,200334,300668,2024-03-01,10:00,11:00,5041,14973.64,Completed
403409,EVT-403409,Event_403409,6,200024,301413,2026-02-06,14:00,18:00,61726,10185.54,Completed
403410,EVT-403410,Event_403410,8,200148,300811,2024-08-04,18:00,23:00,13458,14613.03,Scheduled
403411,EVT-403411,Event_403411,6,200187,301523,2026-03-22,20:00,01:00,45101,2825.41,Completed
403412,EVT-403412,Event_403412,5,200436,301777,2025-03-21,18:00,23:00,17436,9800.77,Completed
403413,EVT-403413,Event_403413,14,200353,301636,2024-07-31,19:00,23:00,64067,8860.43,Postponed
403414,EVT-403414,Event_403414,9,200283,300858,2026-01-25,19:00,23:00,28461,7516.03,Completed
403415,EVT-403415,Event_403415,10,200398,300261,2025-03-20,14:00,16:00,53594,12716.37,Scheduled
403416,EVT-403416,Event_403416,15,200490,300583,2024-09-06,18:00,20:00,65071,1317.78,Scheduled
403417,EVT-403417,Event_403417,14,200432,301021,2026-06-25,10:00,16:00,58638,11360.76,Completed
403418,EVT-403418,Event_403418,14,200078,300201,2024-11-12,19:00,20:00,55530,8120.0,Cancelled
403419,EVT-403419,Event_403419,1,200390,301980,2026-02-12,10:00,15:00,3992,7671.0,Cancelled
403420,EVT-403420,Event_403420,1,200361,300673,2025-01-01,10:00,16:00,47563,14638.46,Completed
403422,EVT-403422,Event_403422,1,200285,300382,2026-01-31,18:00,22:00,64457,11528.59,Completed
403423,EVT-403423,Event_403423,5,200487,301520,2025-02-07,18:00,20:00,49933,7834.05,Completed
403424,EVT-403424,Event_403424,4,200153,301813,2025-01-29,14:00,15:00,12982,6904.93,Completed
403425,EVT-403425,Event_403425,2,200135,300919,2025-05-13,11:00,12:00,6888,13354.23,Completed
403426,EVT-403426,Event_403426,6,200270,301081,2026-04-04,16:00,21:00,45643,8013.54,Cancelled
403427,EVT-403427,Event_403427,11,200402,300029,2025-09-12,18:00,20:00,32993,8254.63,Completed
403428,EVT-403428,Event_403428,9,200361,301648,2024-09-09,19:00,21:00,53177,8415.36,Completed
403430,EVT-403430,Event_403430,13,200043,300582,2025-08-03,09:00,10:00,15857,6845.78,Completed
403431,EVT-403431,Event_403431,8,200126,301523,2026-02-18,18:00,00:00,5117,5147.41,Completed
403432,EVT-403432,Event_403432,10,200173,301538,2024-12-27,09:00,13:00,57084,4490.55,Scheduled
403433,EVT-403433,Event_403433,1,200411,300544,2025-01-09,20:00,02:00,8327,1048.59,Cancelled
403434,EVT-403434,Event_403434,8,200348,301222,2026-06-15,16:00,22:00,24493,6414.88,Postponed
403435,EVT-403435,Event_403435,14,200388,300731,2025-05-05,09:00,11:00,4088,1454.28,Completed
403436,EVT-403436,Event_403436,6,200291,301827,2026-02-21,18:00,00:00,61918,12248.23,Completed
403437,EVT-403437,Event_403437,11,200124,301082,2025-05-07,14:00,20:00,39283,8847.25,Completed
403438,EVT-403438,Event_403438,5,200289,300403,2024-05-16,20:00,02:00,49827,10997.13,Completed
403439,EVT-403439,Event_403439,6,200104,300767,2024-07-16,10:00,15:00,9805,13539.17,Scheduled
403440,EVT-403440,Event_403440,12,200486,300004,2025-04-16,14:00,18:00,59969,644.59,Scheduled
403441,EVT-403441,Event_403441,4,200358,301388,2024-08-27,09:00,12:00,54991,4003.01,Scheduled
403442,EVT-403442,Event_403442,1,200453,300687,2026-06-07,11:00,16:00,14417,2002.95,Completed
403443,EVT-403443,Event_403443,2,200463,301992,2025-10-04,20:00,22:00,22797,6751.07,Scheduled
403444,EVT-403444,Event_403444,1,200447,300273,2024-05-14,19:00,00:00,36124,11224.96,Completed
403445,EVT-403445,Event_403445,1,200184,301937,2026-01-07,20:00,00:00,60133,2232.53,Scheduled
403446,EVT-403446,Event_403446,15,200244,300236,2024-11-27,09:00,11:00,55498,12046.88,Completed
403447,EVT-403447,Event_403447,3,200200,300741,2025-04-26,10:00,12:00,225,13295.08,Completed
403448,EVT-403448,Event_403448,8,200166,302000,2024-03-08,19:00,20:00,25664,638.88,Cancelled
403449,EVT-403449,Event_403449,11,200185,301571,2024-08-05,14:00,18:00,6191,7315.14,Scheduled
403450,EVT-403450,Event_403450,13,200237,301171,2025-01-23,19:00,01:00,28329,3919.28,Completed
403451,EVT-403451,Event_403451,13,200306,301594,2024-07-05,14:00,17:00,47392,1273.66,Completed
403452,EVT-403452,Event_403452,15,200079,300060,2024-04-24,18:00,23:00,58690,352.97,Completed
403453,EVT-403453,Event_403453,1,200437,301161,2025-08-11,20:00,23:00,15341,13379.99,Completed
403454,EVT-403454,Event_403454,14,200452,300358,2025-07-03,11:00,12:00,36545,7024.64,Completed
403455,EVT-403455,Event_403455,1,200416,300663,2024-12-16,20:00,00:00,39584,8106.15,Completed
403456,EVT-403456,Event_403456,1,200109,301115,2025-08-07,18:00,00:00,27602,9602.38,Completed
403457,EVT-403457,Event_403457,15,200282,300075,2024-08-18,19:00,21:00,22006,13900.94,Cancelled
403458,EVT-403458,Event_403458,14,200322,301632,2025-07-26,11:00,15:00,48052,8359.05,Scheduled
403459,EVT-403459,Event_403459,3,200081,300805,2025-08-05,14:00,16:00,58924,10991.97,Completed
403460,EVT-403460,Event_403460,6,200097,300431,2025-08-04,09:00,11:00,200000,3835.51,Completed
403461,EVT-403461,Event_403461,13,200494,301820,2024-05-15,18:00,00:00,30605,4131.52,Scheduled
403462,EVT-403462,Event_403462,14,200465,300347,2024-11-19,11:00,17:00,46810,7041.53,Scheduled
403463,EVT-403463,Event_403463,2,200113,301072,2024-04-14,10:00,12:00,2252,477.23,Completed
403464,EVT-403464,Event_403464,9,200327,301024,2026-06-02,16:00,22:00,44794,8919.49,Completed
403465,EVT-403465,Event_403465,13,200245,300306,2025-06-24,18:00,00:00,46660,5400.66,Completed
403466,EVT-403466,Event_403466,2,200396,301474,2026-05-05,09:00,10:00,14527,6917.88,Completed
403467,EVT-403467,Event_403467,9,200033,300557,2024-11-24,10:00,14:00,26513,6277.93,Completed
403468,EVT-403468,Event_403468,11,200097,301540,2025-10-24,20:00,01:00,22317,10776.01,Completed
403469,EVT-403469,Event_403469,3,200080,301844,2025-08-04,18:00,21:00,60395,10181.46,Completed
403470,EVT-403470,Event_403470,5,200214,301412,2025-11-06,19:00,00:00,3354,13107.5,Completed
403471,EVT-403471,Event_403471,13,200466,300590,2024-02-15,14:00,17:00,61241,9424.11,Postponed
403472,EVT-403472,Event_403472,15,200120,301814,2025-12-28,16:00,21:00,14529,7925.41,Completed
403473,EVT-403473,Event_403473,15,200167,300357,2026-05-08,16:00,22:00,65593,13535.14,Completed
403474,EVT-403474,Event_403474,3,200442,300658,2025-04-23,10:00,11:00,54086,6067.29,Completed
403475,EVT-403475,Event_403475,8,200084,301852,2026-05-14,11:00,15:00,65195,3159.69,Completed
403476,EVT-403476,Event_403476,3,200084,300525,2026-06-13,20:00,23:00,59950,5977.77,Scheduled
403477,EVT-403477,Event_403477,8,200400,300965,2024-11-18,14:00,15:00,59266,6541.85,Cancelled
403478,EVT-403478,Event_403478,10,200423,301029,2024-11-24,18:00,21:00,69181,304.25,Scheduled
403479,EVT-403479,Event_403479,5,200227,301495,2025-04-01,16:00,22:00,52367,5012.5,Completed
403480,EVT-403480,Event_403480,9,200334,300976,2024-11-13,09:00,10:00,11328,2751.36,Completed
403481,EVT-403481,Event_403481,5,200159,301608,2024-06-21,16:00,20:00,31709,14248.45,Scheduled
403482,EVT-403482,Event_403482,7,200484,300030,2026-02-14,10:00,14:00,32049,2490.37,Completed
403483,EVT-403483,Event_403483,2,200060,300462,2025-08-15,16:00,21:00,15490,14789.71,Completed
403484,EVT-403484,Event_403484,11,200260,301659,2024-01-15,16:00,17:00,26798,3839.52,Scheduled
403485,EVT-403485,Event_403485,6,200153,300853,2025-11-12,16:00,21:00,33631,10908.43,Completed
403486,EVT-403486,Event_403486,12,200122,300194,2024-05-28,20:00,23:00,40119,3109.86,Completed
403487,EVT-403487,Event_403487,6,200276,300597,2024-09-22,14:00,18:00,32303,14116.08,Scheduled
403488,EVT-403488,Event_403488,10,200216,300911,2024-03-23,09:00,11:00,53601,2914.27,Completed
403489,EVT-403489,Event_403489,12,200085,301549,2025-06-18,10:00,16:00,38293,14524.55,Cancelled
403490,EVT-403490,Event_403490,12,200125,301862,2025-03-16,10:00,14:00,32348,13238.35,Completed
403491,EVT-403491,Event_403491,14,200297,301762,2025-07-28,18:00,19:00,36017,11944.55,Completed
403492,EVT-403492,Event_403492,2,200348,301325,2025-12-10,11:00,14:00,16909,14899.2,Completed
403494,EVT-403494,Event_403494,12,200206,301451,2025-03-14,19:00,20:00,21365,7600.155000000001,Completed
403495,EVT-403495,Event_403495,6,200282,300872,2026-04-07,16:00,22:00,33184,10508.66,Scheduled
403496,EVT-403496,Event_403496,2,200383,301771,2024-11-17,10:00,16:00,7935,746.17,Completed
403497,EVT-403497,Event_403497,9,200162,300318,2026-02-28,14:00,18:00,60664,11122.37,Completed
403498,EVT-403498,Event_403498,1,200239,301635,2026-06-24,10:00,11:00,30077,5631.8,Completed
403499,EVT-403499,Event_403499,4,200292,301260,2026-06-27,18:00,23:00,6130,7600.155000000001,Completed
403501,EVT-403501,Event_403501,8,200367,300801,2025-09-14,16:00,20:00,66873,5276.99,Cancelled
403502,EVT-403502,Event_403502,1,200311,301988,2026-03-22,11:00,14:00,56898,7600.155000000001,Postponed
403504,EVT-403504,Event_403504,3,200463,301032,2024-12-21,11:00,16:00,5271,11917.29,Completed
403505,EVT-403505,Event_403505,1,200255,300977,2025-01-06,19:00,21:00,31878,14259.67,Completed
403506,EVT-403506,Event_403506,4,200192,301921,2024-10-07,14:00,15:00,37085,12002.44,Completed
403507,EVT-403507,Event_403507,3,200074,301414,2025-03-05,11:00,14:00,25142,11500.2,Completed
403508,EVT-403508,Event_403508,3,200376,300084,2024-12-11,10:00,16:00,57141,7497.09,Completed
403509,EVT-403509,Event_403509,15,200432,300462,2026-06-13,10:00,15:00,30808,504.82,Completed
403510,EVT-403510,Event_403510,11,200333,301983,2024-06-03,14:00,20:00,26777,3458.53,Completed
403511,EVT-403511,Event_403511,7,200178,300162,2024-03-04,19:00,00:00,2099,13628.67,Completed
403512,EVT-403512,Event_403512,15,200188,301694,2024-08-10,16:00,20:00,11802,11689.11,Completed
403513,EVT-403513,Event_403513,7,200320,301281,2025-04-30,18:00,21:00,24476,8355.26,Completed
403514,EVT-403514,Event_403514,11,200093,301373,2024-02-28,20:00,02:00,64050,1816.48,Scheduled
403515,EVT-403515,Event_403515,1,200214,300124,2026-02-08,20:00,00:00,40312,10331.59,Scheduled
403516,EVT-403516,Event_403516,12,200390,300998,2024-07-14,11:00,15:00,19786,5649.59,Scheduled
403517,EVT-403517,Event_403517,3,200441,300609,2026-01-17,09:00,10:00,23055,3216.12,Completed
403518,EVT-403518,Event_403518,14,200076,300485,2026-01-03,10:00,11:00,20573,11779.79,Completed
403519,EVT-403519,Event_403519,8,200362,301720,2025-04-25,11:00,16:00,61383,2628.51,Completed
403520,EVT-403520,Event_403520,14,200452,300567,2024-10-21,18:00,21:00,42151,13424.77,Completed
403521,EVT-403521,Event_403521,2,200484,301115,2025-09-05,10:00,11:00,30611,14635.88,Completed
403523,EVT-403523,Event_403523,5,200336,301033,2025-03-23,20:00,01:00,44626,8043.61,Cancelled
403524,EVT-403524,Event_403524,1,200288,300293,2025-04-07,18:00,23:00,33344,1640.8,Completed
403525,EVT-403525,Event_403525,5,200052,300608,2025-10-05,10:00,12:00,56347,2865.04,Completed
403528,EVT-403528,Event_403528,7,200466,300601,2024-03-23,11:00,12:00,26604,14970.12,Scheduled
403529,EVT-403529,Event_403529,4,200451,300241,2025-05-05,14:00,15:00,31325,7600.155000000001,Postponed
403530,EVT-403530,Event_403530,4,200130,300759,2024-08-02,18:00,23:00,48501,4577.96,Completed
403532,EVT-403532,Event_403532,9,200435,300863,2026-02-11,11:00,15:00,52391,6308.34,Cancelled
403533,EVT-403533,Event_403533,14,200179,301288,2024-07-10,19:00,20:00,68281,5239.31,Completed
403534,EVT-403534,Event_403534,10,200206,300758,2024-10-12,19:00,01:00,68621,1163.5,Scheduled
403535,EVT-403535,Event_403535,14,200335,301222,2024-11-20,18:00,22:00,20126,14159.99,Completed
403536,EVT-403536,Event_403536,2,200332,301981,2026-03-20,19:00,21:00,63208,3308.97,Completed
403537,EVT-403537,Event_403537,13,200196,300769,2025-01-15,16:00,17:00,8372,346.38,Completed
403538,EVT-403538,Event_403538,6,200281,300554,2024-07-18,18:00,00:00,13138,13933.04,Scheduled
403539,EVT-403539,Event_403539,9,200266,301297,2026-03-23,09:00,12:00,67644,12604.15,Scheduled
403540,EVT-403540,Event_403540,9,200118,301957,2024-11-15,09:00,12:00,13761,11274.68,Scheduled
403542,EVT-403542,Event_403542,6,200272,301206,2025-07-24,09:00,12:00,50701,14217.02,Completed
403543,EVT-403543,Event_403543,10,200061,301440,2024-07-12,10:00,11:00,36254,10065.79,Postponed
403544,EVT-403544,Event_403544,13,200428,301524,2026-01-11,11:00,13:00,9733,371.42,Completed
403545,EVT-403545,Event_403545,6,200396,301587,2025-01-13,14:00,17:00,65688,14816.6,Completed
403546,EVT-403546,Event_403546,2,200131,301548,2026-04-18,18:00,20:00,34104,6452.8,Postponed
403547,EVT-403547,Event_403547,12,200143,300522,2024-06-17,20:00,21:00,62995,13935.8,Scheduled
403548,EVT-403548,Event_403548,9,200275,301957,2026-02-05,14:00,15:00,62799,717.99,Scheduled
403549,EVT-403549,Event_403549,10,200309,300853,2025-03-14,14:00,19:00,15480,1005.06,Completed
403550,EVT-403550,Event_403550,3,200025,300214,2025-08-30,19:00,21:00,34356,3755.54,Scheduled
403551,EVT-403551,Event_403551,11,200276,300060,2025-12-30,16:00,19:00,62211,7389.63,Cancelled
403552,EVT-403552,Event_403552,15,200192,301128,2026-06-10,20:00,22:00,59163,6794.82,Postponed
403553,EVT-403553,Event_403553,13,200095,301394,2025-08-11,14:00,18:00,17602,9344.47,Scheduled
403554,EVT-403554,Event_403554,9,200150,300665,2025-08-12,09:00,12:00,64674,14468.21,Completed
403555,EVT-403555,Event_403555,12,200354,301095,2025-06-24,20:00,01:00,20081,11569.72,Scheduled
403556,EVT-403556,Event_403556,10,200460,300931,2026-05-26,18:00,00:00,64115,9310.6,Completed
403557,EVT-403557,Event_403557,6,200011,301449,2024-07-01,19:00,00:00,36664,4666.55,Completed
403558,EVT-403558,Event_403558,10,200438,300897,2026-01-28,16:00,21:00,33927,14180.95,Completed
403560,EVT-403560,Event_403560,8,200096,301245,2025-01-09,18:00,22:00,68754,8131.95,Completed
403561,EVT-403561,Event_403561,8,200069,300199,2024-07-29,18:00,23:00,53614,1957.45,Completed
403562,EVT-403562,Event_403562,1,200135,301518,2025-09-06,14:00,15:00,52143,10197.86,Cancelled
403563,EVT-403563,Event_403563,5,200095,300633,2024-03-01,11:00,14:00,50695,8312.15,Postponed
403564,EVT-403564,Event_403564,9,200230,301048,2025-07-18,14:00,20:00,5635,2905.28,Postponed
403565,EVT-403565,Event_403565,13,200359,301357,2024-02-23,11:00,13:00,18038,8518.46,Cancelled
403566,EVT-403566,Event_403566,8,200218,301855,2025-04-30,11:00,17:00,14076,3652.08,Completed
403567,EVT-403567,Event_403567,7,200083,300091,2024-06-29,09:00,11:00,19256,12871.46,Completed
403568,EVT-403568,Event_403568,6,200276,301844,2026-05-05,14:00,15:00,65858,8708.68,Completed
403569,EVT-403569,Event_403569,6,200486,301796,2024-07-19,20:00,22:00,27478,12255.55,Scheduled
403570,EVT-403570,Event_403570,1,200268,301731,2026-01-08,11:00,15:00,40114,5641.48,Completed
403571,EVT-403571,Event_403571,6,200383,301320,2024-08-29,18:00,19:00,62214,11827.45,Completed
403572,EVT-403572,Event_403572,7,200164,300174,2025-06-13,11:00,14:00,48040,14252.4,Completed
403573,EVT-403573,Event_403573,11,200331,300571,2024-01-22,10:00,15:00,55535,7446.77,Completed
403574,EVT-403574,Event_403574,2,200239,301818,2025-06-20,18:00,19:00,2636,13257.08,Scheduled
403575,EVT-403575,Event_403575,14,200240,300421,2026-04-08,09:00,14:00,62541,5335.91,Completed
403576,EVT-403576,Event_403576,1,200392,300427,2025-08-28,10:00,13:00,54926,13316.23,Completed
403577,EVT-403577,Event_403577,4,200194,300771,2025-05-24,09:00,12:00,200000,6751.23,Completed
403578,EVT-403578,Event_403578,9,200189,300241,2025-04-16,16:00,19:00,38736,2256.26,Completed
403579,EVT-403579,Event_403579,15,200304,300044,2024-09-18,20:00,23:00,48329,12526.99,Completed
403580,EVT-403580,Event_403580,9,200027,300697,2025-02-06,11:00,12:00,4283,9001.7,Scheduled
403581,EVT-403581,Event_403581,11,200463,300756,2025-12-14,19:00,01:00,38726,8372.88,Completed
403582,EVT-403582,Event_403582,5,200299,301718,2024-08-12,18:00,22:00,49406,4177.72,Completed
403583,EVT-403583,Event_403583,15,200481,301229,2025-08-26,19:00,20:00,61104,13975.93,Scheduled
403584,EVT-403584,Event_403584,10,200493,300510,2024-04-04,19:00,01:00,44791,10970.07,Completed
403585,EVT-403585,Event_403585,4,200133,300294,2024-03-22,18:00,00:00,22004,13956.38,Completed
403586,EVT-403586,Event_403586,5,200179,301407,2024-03-21,20:00,23:00,26876,6670.54,Postponed
403587,EVT-403587,Event_403587,14,200457,301794,2024-11-15,20:00,01:00,59195,5355.01,Scheduled
403588,EVT-403588,Event_403588,10,200138,301898,2025-12-21,20:00,00:00,64551,4792.44,Completed
403589,EVT-403589,Event_403589,4,200311,301149,2024-02-24,18:00,23:00,3376,2219.32,Completed
403590,EVT-403590,Event_403590,9,200462,300328,2025-02-11,09:00,15:00,200000,2519.49,Completed
403591,EVT-403591,Event_403591,9,200039,300310,2025-04-20,11:00,13:00,53316,603.66,Scheduled
403592,EVT-403592,Event_403592,6,200041,300133,2026-01-27,09:00,11:00,38420,5494.21,Completed
403593,EVT-403593,Event_403593,6,200190,301434,2024-11-03,09:00,13:00,7028,10439.02,Completed
403594,EVT-403594,Event_403594,15,200030,301966,2024-09-18,10:00,11:00,59346,6546.36,Scheduled
403595,EVT-403595,Event_403595,10,200226,301958,2026-04-19,10:00,14:00,60091,2791.42,Completed
403596,EVT-403596,Event_403596,15,200139,300589,2025-12-04,09:00,15:00,42782,5771.87,Completed
403598,EVT-403598,Event_403598,14,200142,300720,2025-03-09,18:00,00:00,13826,12488.91,Completed
403599,EVT-403599,Event_403599,11,200282,301745,2025-03-13,09:00,11:00,46361,2555.78,Scheduled
403600,EVT-403600,Event_403600,5,200186,301397,2026-01-26,11:00,12:00,44769,1091.39,Completed
403601,EVT-403601,Event_403601,13,200089,300773,2025-03-31,18:00,00:00,39945,3789.61,Scheduled
403602,EVT-403602,Event_403602,4,200212,301088,2025-07-17,14:00,16:00,31415,11229.82,Completed
403603,EVT-403603,Event_403603,13,200488,300856,2025-10-19,20:00,01:00,47507,6547.84,Scheduled
403604,EVT-403604,Event_403604,4,200380,301769,2026-04-10,16:00,19:00,33235,9250.79,Completed
403605,EVT-403605,Event_403605,11,200402,300480,2024-10-14,19:00,20:00,69468,4278.63,Completed
403606,EVT-403606,Event_403606,11,200445,301189,2024-10-07,18:00,23:00,7870,4710.53,Completed
403607,EVT-403607,Event_403607,4,200046,300207,2026-02-16,16:00,17:00,200000,9447.14,Cancelled
403608,EVT-403608,Event_403608,12,200045,301160,2025-09-16,10:00,12:00,65562,8348.56,Scheduled
403609,EVT-403609,Event_403609,1,200384,300454,2024-03-09,11:00,14:00,63380,6699.73,Completed
403610,EVT-403610,Event_403610,15,200194,301213,2025-03-31,14:00,17:00,43550,2703.09,Completed
403611,EVT-403611,Event_403611,14,200448,300698,2025-02-13,11:00,13:00,49544,13128.94,Completed
403612,EVT-403612,Event_403612,9,200054,301918,2025-07-25,18:00,20:00,60604,8736.02,Scheduled
403613,EVT-403613,Event_403613,13,200105,300924,2024-05-09,19:00,01:00,36663,7387.01,Scheduled
403614,EVT-403614,Event_403614,5,200159,301003,2024-11-27,19:00,20:00,31121,12667.55,Postponed
403615,EVT-403615,Event_403615,8,200249,301757,2024-06-19,09:00,13:00,5596,3270.11,Completed
403616,EVT-403616,Event_403616,11,200150,300030,2026-06-11,18:00,21:00,9876,1232.94,Completed
403617,EVT-403617,Event_403617,8,200158,300584,2025-06-30,14:00,17:00,16197,6319.22,Completed
403618,EVT-403618,Event_403618,5,200027,301987,2025-06-22,14:00,17:00,63182,12443.54,Completed
403619,EVT-403619,Event_403619,3,200133,301072,2026-03-05,09:00,12:00,50662,10666.7,Completed
403620,EVT-403620,Event_403620,3,200047,301495,2024-09-22,09:00,10:00,38999,8225.18,Completed
403621,EVT-403621,Event_403621,1,200388,300478,2024-08-02,18:00,21:00,16825,3984.96,Completed
403622,EVT-403622,Event_403622,7,200081,301486,2024-04-03,14:00,18:00,51882,10836.9,Completed
403623,EVT-403623,Event_403623,2,200121,301079,2026-02-27,18:00,00:00,24538,13287.86,Completed
403624,EVT-403624,Event_403624,3,200303,301752,2025-06-11,18:00,20:00,27546,5781.43,Completed
403625,EVT-403625,Event_403625,4,200095,301512,2024-11-07,09:00,11:00,8105,4242.39,Cancelled
403626,EVT-403626,Event_403626,3,200078,301338,2026-02-20,16:00,22:00,10909,8472.65,Completed
403627,EVT-403627,Event_403627,13,200403,301339,2025-09-10,18:00,00:00,42517,2627.18,Completed
403628,EVT-403628,Event_403628,14,200207,301571,2026-06-26,20:00,21:00,39862,6247.87,Completed
403629,EVT-403629,Event_403629,1,200136,300087,2026-05-25,16:00,18:00,51719,721.29,Completed
403630,EVT-403630,Event_403630,2,200286,300907,2025-07-09,19:00,01:00,23363,2255.51,Completed
403631,EVT-403631,Event_403631,10,200396,301794,2024-07-31,09:00,10:00,61520,680.7,Completed
403632,EVT-403632,Event_403632,1,200353,301730,2024-02-07,14:00,17:00,69453,3264.2,Cancelled
403633,EVT-403633,Event_403633,12,200108,301828,2024-01-25,20:00,22:00,42745,11646.34,Completed
403634,EVT-403634,Event_403634,15,200489,300987,2026-01-02,16:00,22:00,4193,10489.0,Completed
403635,EVT-403635,Event_403635,15,200120,301736,2025-11-18,18:00,21:00,12108,3790.78,Scheduled
403636,EVT-403636,Event_403636,13,200478,300064,2024-06-25,20:00,21:00,60719,7600.155000000001,Completed
403637,EVT-403637,Event_403637,13,200074,300805,2024-10-30,19:00,01:00,40343,10427.02,Completed
403638,EVT-403638,Event_403638,2,200002,301084,2025-12-23,18:00,22:00,39156,6952.93,Scheduled
403639,EVT-403639,Event_403639,9,200052,301356,2024-02-11,19:00,21:00,5272,3195.49,Postponed
403640,EVT-403640,Event_403640,2,200404,300130,2026-02-24,19:00,21:00,57497,4356.92,Completed
403641,EVT-403641,Event_403641,7,200185,300010,2025-07-25,11:00,14:00,60114,12488.32,Completed
403642,EVT-403642,Event_403642,5,200116,300942,2025-01-08,10:00,12:00,66398,7600.155000000001,Postponed
403643,EVT-403643,Event_403643,1,200279,301568,2025-11-28,20:00,00:00,608,3313.24,Scheduled
403644,EVT-403644,Event_403644,8,200136,301474,2025-11-28,20:00,01:00,9182,2651.4,Completed
403645,EVT-403645,Event_403645,3,200242,300210,2026-03-31,20:00,22:00,2720,10022.9,Completed
403646,EVT-403646,Event_403646,5,200155,301609,2025-02-16,20:00,02:00,11585,13356.2,Completed
403647,EVT-403647,Event_403647,9,200196,300117,2025-03-05,09:00,12:00,52700,2788.36,Completed
403648,EVT-403648,Event_403648,3,200386,300624,2026-05-04,19:00,01:00,58708,6181.87,Cancelled
403649,EVT-403649,Event_403649,5,200495,300724,2026-06-05,11:00,17:00,2111,3597.33,Completed
403651,EVT-403651,Event_403651,7,200307,301657,2026-03-14,18:00,22:00,55822,14557.87,Completed
403652,EVT-403652,Event_403652,4,200413,301526,2024-03-25,19:00,01:00,35435,4807.03,Completed
403653,EVT-403653,Event_403653,14,200420,301287,2024-08-02,10:00,13:00,6010,14796.77,Scheduled
403654,EVT-403654,Event_403654,14,200016,300642,2026-04-18,11:00,13:00,36313,4902.98,Completed
403655,EVT-403655,Event_403655,15,200296,301944,2025-08-10,14:00,19:00,47304,2385.17,Completed
403656,EVT-403656,Event_403656,10,200017,300674,2025-01-05,11:00,12:00,66577,14566.12,Cancelled
403657,EVT-403657,Event_403657,6,200411,301021,2025-02-19,18:00,20:00,33388,6766.49,Cancelled
403658,EVT-403658,Event_403658,10,200269,301876,2024-06-30,16:00,21:00,18934,1578.68,Completed
403659,EVT-403659,Event_403659,10,200146,300608,2024-11-17,18:00,21:00,9057,2482.68,Completed
403660,EVT-403660,Event_403660,2,200229,300416,2024-01-04,16:00,18:00,33434,4647.07,Completed
403661,EVT-403661,Event_403661,5,200327,300469,2024-06-27,11:00,15:00,49427,13218.38,Completed
403662,EVT-403662,Event_403662,9,200282,300014,2025-05-20,18:00,22:00,11962,2935.2,Scheduled
403663,EVT-403663,Event_403663,11,200089,301410,2026-02-22,10:00,14:00,51104,14479.72,Cancelled
403665,EVT-403665,Event_403665,6,200037,300241,2026-05-16,20:00,00:00,53825,7365.26,Cancelled
403666,EVT-403666,Event_403666,11,200471,301343,2024-08-12,11:00,12:00,50781,6430.23,Completed
403667,EVT-403667,Event_403667,6,200165,300551,2024-05-18,10:00,13:00,13415,2303.48,Completed
403668,EVT-403668,Event_403668,9,200119,300479,2025-01-10,18:00,19:00,53778,14453.43,Completed
403669,EVT-403669,Event_403669,5,200041,300456,2025-12-03,19:00,21:00,39530,13781.07,Completed
403670,EVT-403670,Event_403670,9,200017,300269,2025-05-06,19:00,22:00,26564,14588.52,Completed
403671,EVT-403671,Event_403671,13,200463,301282,2025-04-10,10:00,16:00,59192,8718.53,Completed
403672,EVT-403672,Event_403672,3,200199,301351,2025-12-09,14:00,17:00,50050,12535.27,Completed
403673,EVT-403673,Event_403673,2,200267,300919,2026-04-10,11:00,14:00,14506,6463.38,Completed
403674,EVT-403674,Event_403674,8,200108,301190,2026-02-28,09:00,11:00,59442,2400.87,Cancelled
403675,EVT-403675,Event_403675,12,200337,300643,2026-06-28,11:00,16:00,8606,4645.91,Completed
403676,EVT-403676,Event_403676,10,200222,300911,2024-10-27,20:00,22:00,57448,13964.77,Scheduled
403677,EVT-403677,Event_403677,9,200464,301427,2026-02-12,19:00,23:00,20702,7600.155000000001,Completed
403678,EVT-403678,Event_403678,9,200321,300288,2026-04-29,18:00,20:00,29964,2279.19,Completed
403679,EVT-403679,Event_403679,11,200347,301985,2025-09-22,16:00,22:00,13587,11224.66,Postponed
403680,EVT-403680,Event_403680,6,200499,300338,2024-11-05,09:00,13:00,43381,14800.92,Completed
403681,EVT-403681,Event_403681,1,200327,300559,2024-10-05,16:00,18:00,38944,7375.58,Completed
403683,EVT-403683,Event_403683,14,200262,300002,2024-01-16,19:00,23:00,15214,11774.23,Completed
403684,EVT-403684,Event_403684,4,200192,300928,2025-08-13,11:00,12:00,8062,281.62,Completed
403685,EVT-403685,Event_403685,8,200393,301466,2025-08-17,09:00,14:00,31493,6565.85,Completed
403686,EVT-403686,Event_403686,7,200102,300372,2025-12-02,18:00,21:00,67467,7463.97,Cancelled
403687,EVT-403687,Event_403687,7,200374,300983,2024-07-22,09:00,10:00,32605,13021.14,Postponed
403688,EVT-403688,Event_403688,2,200203,300944,2026-06-05,19:00,22:00,67334,6343.66,Completed
403689,EVT-403689,Event_403689,1,200460,300291,2024-07-10,20:00,21:00,38833,11230.79,Completed
403690,EVT-403690,Event_403690,5,200165,301306,2025-07-22,16:00,22:00,65108,9995.99,Completed
403691,EVT-403691,Event_403691,10,200473,300164,2026-02-25,16:00,18:00,15481,2057.44,Completed
403693,EVT-403693,Event_403693,8,200486,301878,2024-08-24,18:00,22:00,10335,1462.21,Completed
403694,EVT-403694,Event_403694,13,200306,301856,2024-01-26,11:00,13:00,1511,4646.26,Completed
403695,EVT-403695,Event_403695,1,200311,300679,2026-01-29,16:00,19:00,200000,11468.88,Completed
403696,EVT-403696,Event_403696,3,200314,301948,2024-02-29,09:00,11:00,54677,7600.155000000001,Completed
403697,EVT-403697,Event_403697,2,200408,301812,2024-03-06,10:00,16:00,43967,8008.59,Postponed
403698,EVT-403698,Event_403698,2,200104,301181,2025-03-22,11:00,14:00,8889,6143.03,Completed
403699,EVT-403699,Event_403699,7,200121,300138,2025-04-14,11:00,17:00,32919,9301.71,Scheduled
403700,EVT-403700,Event_403700,3,200163,301028,2026-04-05,09:00,15:00,50311,2396.16,Completed
403701,EVT-403701,Event_403701,9,200017,300144,2025-07-01,16:00,19:00,23591,7600.155000000001,Scheduled
403702,EVT-403702,Event_403702,9,200155,301648,2026-06-18,11:00,14:00,60355,631.67,Scheduled
403703,EVT-403703,Event_403703,4,200433,300972,2025-09-17,18:00,19:00,6475,7089.53,Completed
403704,EVT-403704,Event_403704,15,200103,300740,2024-02-27,11:00,16:00,63741,3653.31,Cancelled
403705,EVT-403705,Event_403705,9,200252,301495,2026-03-24,19:00,21:00,4054,612.22,Scheduled
403706,EVT-403706,Event_403706,15,200243,301688,2025-12-23,11:00,13:00,26039,6282.2,Completed
403707,EVT-403707,Event_403707,2,200169,300452,2025-12-16,18:00,23:00,34419,2933.7,Scheduled
403708,EVT-403708,Event_403708,8,200094,300344,2024-06-09,18:00,22:00,24688,8724.52,Completed
403709,EVT-403709,Event_403709,11,200026,300393,2024-11-26,20:00,02:00,15510,6948.35,Completed
403710,EVT-403710,Event_403710,12,200090,300971,2025-08-24,10:00,15:00,12392,10111.06,Completed
403711,EVT-403711,Event_403711,15,200433,300417,2024-03-20,19:00,20:00,38494,6198.5,Completed
403712,EVT-403712,Event_403712,13,200457,301456,2025-07-25,09:00,14:00,2043,7600.155000000001,Completed
403713,EVT-403713,Event_403713,8,200499,301268,2026-02-17,09:00,14:00,50465,11895.22,Completed
403714,EVT-403714,Event_403714,14,200253,300540,2024-03-17,09:00,10:00,48322,3352.81,Postponed
403715,EVT-403715,Event_403715,4,200230,300441,2024-08-22,20:00,01:00,65266,4357.91,Completed
403716,EVT-403716,Event_403716,5,200080,300530,2024-02-08,11:00,12:00,56254,7734.35,Completed
403717,EVT-403717,Event_403717,7,200015,301245,2025-05-22,18:00,22:00,43277,5277.22,Completed
403718,EVT-403718,Event_403718,2,200377,300578,2024-10-31,14:00,18:00,15863,516.11,Scheduled
403719,EVT-403719,Event_403719,11,200429,301443,2024-06-17,09:00,14:00,15393,617.04,Completed
403720,EVT-403720,Event_403720,14,200343,301429,2025-10-12,10:00,13:00,36998,11868.4,Completed
403721,EVT-403721,Event_403721,7,200388,300224,2024-05-08,19:00,22:00,66057,14681.64,Cancelled
403722,EVT-403722,Event_403722,14,200157,301076,2024-05-19,14:00,17:00,25322,7600.155000000001,Completed
403723,EVT-403723,Event_403723,3,200389,300828,2024-04-30,18:00,20:00,200000,9204.83,Scheduled
403724,EVT-403724,Event_403724,5,200412,301206,2025-04-09,14:00,20:00,47409,3271.69,Completed
403725,EVT-403725,Event_403725,1,200053,300660,2024-04-03,19:00,22:00,13621,1249.54,Postponed
403726,EVT-403726,Event_403726,7,200317,300735,2026-05-20,16:00,22:00,10355,9085.13,Scheduled
403727,EVT-403727,Event_403727,7,200170,301367,2026-04-19,14:00,19:00,29530,13350.52,Completed
403728,EVT-403728,Event_403728,5,200449,301441,2026-03-11,09:00,11:00,3236,3107.39,Completed
403729,EVT-403729,Event_403729,8,200399,300655,2025-10-25,20:00,02:00,26911,9658.92,Completed
403730,EVT-403730,Event_403730,7,200175,301980,2025-03-22,11:00,15:00,5431,14626.6,Completed
403731,EVT-403731,Event_403731,2,200289,301111,2024-10-05,11:00,16:00,58063,2526.26,Completed
403732,EVT-403732,Event_403732,7,200095,300785,2024-10-05,14:00,19:00,14889,2086.01,Completed
403733,EVT-403733,Event_403733,9,200426,300813,2025-06-09,09:00,14:00,48864,1908.73,Postponed
403734,EVT-403734,Event_403734,4,200030,300170,2025-08-12,10:00,15:00,68832,3877.52,Completed
403735,EVT-403735,Event_403735,5,200309,300277,2025-06-22,10:00,14:00,17604,3491.8,Completed
403736,EVT-403736,Event_403736,15,200378,301877,2026-05-21,19:00,01:00,24702,3128.21,Completed
403737,EVT-403737,Event_403737,10,200458,300213,2024-10-22,18:00,00:00,5427,6099.51,Completed
403738,EVT-403738,Event_403738,14,200472,300996,2025-03-27,10:00,14:00,25190,2144.72,Completed
403739,EVT-403739,Event_403739,2,200200,300902,2024-12-11,11:00,15:00,26187,1800.58,Scheduled
403740,EVT-403740,Event_403740,14,200117,301585,2025-05-13,14:00,15:00,23121,8771.46,Scheduled
403741,EVT-403741,Event_403741,12,200060,300729,2024-11-06,14:00,18:00,53411,14870.7,Cancelled
403742,EVT-403742,Event_403742,12,200324,300681,2024-07-04,11:00,17:00,16757,8718.25,Completed
403743,EVT-403743,Event_403743,10,200071,301093,2025-07-11,19:00,21:00,43817,8125.61,Scheduled
403744,EVT-403744,Event_403744,3,200158,300578,2024-02-03,19:00,21:00,47608,13047.75,Scheduled
403745,EVT-403745,Event_403745,12,200161,301340,2026-03-07,11:00,15:00,62655,4655.63,Completed
403746,EVT-403746,Event_403746,2,200003,301702,2024-06-29,09:00,10:00,47320,4008.0,Cancelled
403747,EVT-403747,Event_403747,6,200416,301790,2024-11-20,14:00,15:00,36094,11998.17,Cancelled
403748,EVT-403748,Event_403748,14,200342,300827,2025-03-13,14:00,18:00,25916,10723.97,Completed
403749,EVT-403749,Event_403749,15,200145,300819,2025-09-26,18:00,20:00,22686,3051.13,Completed
403750,EVT-403750,Event_403750,3,200335,300488,2025-07-29,20:00,21:00,55566,7057.66,Postponed
403751,EVT-403751,Event_403751,10,200150,300808,2026-01-19,19:00,22:00,50167,7632.1,Completed
403752,EVT-403752,Event_403752,8,200158,300310,2026-02-07,14:00,15:00,3909,6769.05,Completed
403753,EVT-403753,Event_403753,15,200378,300609,2025-01-20,11:00,17:00,12797,8360.7,Completed
403754,EVT-403754,Event_403754,12,200147,301715,2026-03-22,18:00,00:00,11087,4144.54,Completed
403755,EVT-403755,Event_403755,14,200481,301594,2026-06-14,18:00,20:00,65953,4206.51,Completed
403756,EVT-403756,Event_403756,4,200194,301986,2025-10-23,11:00,15:00,37028,10052.78,Cancelled
403757,EVT-403757,Event_403757,15,200174,300525,2024-11-29,20:00,01:00,25667,7600.155000000001,Scheduled
403758,EVT-403758,Event_403758,2,200204,300997,2024-02-24,11:00,17:00,69301,826.74,Postponed
403759,EVT-403759,Event_403759,14,200100,301521,2025-07-24,11:00,12:00,21605,14017.45,Scheduled
403760,EVT-403760,Event_403760,13,200183,301863,2024-11-20,09:00,10:00,39647,7600.155000000001,Completed
403761,EVT-403761,Event_403761,12,200298,301981,2024-05-04,18:00,20:00,50648,7600.155000000001,Scheduled
403762,EVT-403762,Event_403762,2,200270,300738,2024-04-17,20:00,00:00,67359,14761.93,Scheduled
403763,EVT-403763,Event_403763,15,200003,300328,2025-05-27,14:00,20:00,8986,5084.02,Completed
403765,EVT-403765,Event_403765,7,200255,300322,2025-12-26,09:00,10:00,13560,11671.4,Completed
403766,EVT-403766,Event_403766,13,200026,301620,2026-04-07,10:00,12:00,66887,8431.97,Completed
403767,EVT-403767,Event_403767,6,200224,300349,2024-04-11,20:00,00:00,46220,4277.62,Completed
403769,EVT-403769,Event_403769,15,200252,300021,2024-01-21,09:00,11:00,200000,2431.9,Completed
403770,EVT-403770,Event_403770,8,200296,300233,2024-10-19,18:00,21:00,200000,14321.15,Completed
403771,EVT-403771,Event_403771,8,200398,300154,2025-12-24,14:00,19:00,17470,7016.64,Postponed
403772,EVT-403772,Event_403772,15,200453,300679,2025-08-17,20:00,00:00,10984,11781.63,Completed
403773,EVT-403773,Event_403773,10,200416,301516,2025-01-02,20:00,02:00,48404,2170.19,Completed
403774,EVT-403774,Event_403774,5,200369,301917,2025-08-09,19:00,01:00,43541,13263.66,Scheduled
403775,EVT-403775,Event_403775,14,200032,300544,2024-09-25,10:00,12:00,30199,14403.78,Completed
403776,EVT-403776,Event_403776,7,200122,301181,2026-02-13,20:00,21:00,62330,8442.13,Completed
403777,EVT-403777,Event_403777,7,200365,301693,2024-08-21,09:00,11:00,48794,14098.49,Scheduled
403778,EVT-403778,Event_403778,2,200369,300253,2025-03-23,10:00,14:00,9078,12775.87,Completed
403779,EVT-403779,Event_403779,9,200242,301474,2024-07-21,09:00,15:00,62052,2485.18,Scheduled
403780,EVT-403780,Event_403780,3,200124,301420,2025-09-28,18:00,00:00,25735,13922.13,Completed
403781,EVT-403781,Event_403781,11,200417,301908,2024-03-01,10:00,16:00,55647,792.43,Cancelled
403782,EVT-403782,Event_403782,5,200329,300455,2024-10-30,11:00,16:00,25118,14768.01,Scheduled
403783,EVT-403783,Event_403783,4,200107,301209,2024-02-15,18:00,23:00,22016,11184.69,Completed
403784,EVT-403784,Event_403784,8,200140,301172,2026-06-08,16:00,21:00,23688,8103.65,Completed
403785,EVT-403785,Event_403785,3,200490,301261,2025-05-14,19:00,23:00,59077,14266.45,Completed
403786,EVT-403786,Event_403786,11,200010,300522,2024-07-13,19:00,00:00,20209,14241.09,Completed
403787,EVT-403787,Event_403787,2,200178,301462,2025-11-30,20:00,22:00,37296,3853.69,Postponed
403788,EVT-403788,Event_403788,8,200259,301481,2025-02-20,10:00,15:00,29249,7600.155000000001,Completed
403789,EVT-403789,Event_403789,9,200358,301648,2025-12-01,14:00,15:00,30251,7854.21,Completed
403790,EVT-403790,Event_403790,3,200458,300919,2024-08-04,20:00,23:00,58505,12473.67,Completed
403791,EVT-403791,Event_403791,1,200238,301893,2025-04-29,10:00,15:00,22641,10585.56,Completed
403792,EVT-403792,Event_403792,12,200026,301959,2025-12-01,09:00,14:00,37956,13341.74,Scheduled
403793,EVT-403793,Event_403793,12,200046,300576,2026-06-19,14:00,15:00,43655,5692.53,Completed
403794,EVT-403794,Event_403794,10,200020,300767,2024-11-13,19:00,23:00,14241,11537.37,Postponed
403795,EVT-403795,Event_403795,5,200176,300964,2026-04-15,10:00,13:00,52822,6981.46,Cancelled
403796,EVT-403796,Event_403796,7,200407,300007,2025-09-05,10:00,12:00,28848,7368.21,Scheduled
403797,EVT-403797,Event_403797,1,200042,301224,2025-01-14,09:00,11:00,48054,8327.29,Completed
403798,EVT-403798,Event_403798,4,200412,300441,2025-01-03,19:00,20:00,29186,12363.86,Completed
403799,EVT-403799,Event_403799,9,200087,300678,2026-06-15,14:00,18:00,7469,5536.82,Completed
403800,EVT-403800,Event_403800,12,200344,300135,2024-04-06,11:00,12:00,200000,4267.71,Completed
403801,EVT-403801,Event_403801,14,200386,300736,2024-10-07,20:00,01:00,53170,2379.49,Completed
403802,EVT-403802,Event_403802,15,200324,301268,2024-04-22,20:00,00:00,45941,7600.155000000001,Postponed
403803,EVT-403803,Event_403803,13,200054,301810,2024-02-07,11:00,13:00,11397,9466.44,Cancelled
403804,EVT-403804,Event_403804,1,200205,301168,2024-12-24,20:00,01:00,15397,5311.1,Cancelled
403805,EVT-403805,Event_403805,14,200296,301495,2025-05-07,19:00,01:00,24826,7758.42,Cancelled
403806,EVT-403806,Event_403806,12,200324,301637,2024-04-05,20:00,01:00,41721,10520.43,Completed
403807,EVT-403807,Event_403807,1,200282,301812,2024-08-03,20:00,02:00,46327,8994.38,Scheduled
403808,EVT-403808,Event_403808,13,200280,300677,2025-02-14,11:00,16:00,33536,9592.94,Completed
403809,EVT-403809,Event_403809,2,200447,300747,2025-12-26,20:00,02:00,17578,848.78,Completed
403810,EVT-403810,Event_403810,12,200298,300069,2024-05-10,14:00,18:00,30612,5566.82,Scheduled
403811,EVT-403811,Event_403811,15,200354,301858,2025-02-28,16:00,20:00,27859,251.55,Scheduled
403813,EVT-403813,Event_403813,6,200370,300839,2025-09-14,09:00,13:00,31597,3655.85,Cancelled
403814,EVT-403814,Event_403814,10,200119,300441,2025-02-17,11:00,12:00,59299,5193.66,Scheduled
403815,EVT-403815,Event_403815,10,200350,301318,2024-04-02,20:00,01:00,24930,10729.61,Completed
403816,EVT-403816,Event_403816,10,200311,300439,2025-01-03,14:00,16:00,4755,1706.12,Completed
403817,EVT-403817,Event_403817,13,200065,300582,2024-10-07,19:00,22:00,55375,2936.4,Cancelled
403818,EVT-403818,Event_403818,14,200282,300405,2024-02-04,20:00,22:00,39853,13446.66,Scheduled
403819,EVT-403819,Event_403819,14,200292,301013,2024-07-26,19:00,01:00,52242,6786.16,Completed
403820,EVT-403820,Event_403820,2,200008,300131,2024-06-28,10:00,14:00,6411,13483.83,Completed
403821,EVT-403821,Event_403821,9,200143,300623,2026-06-06,16:00,20:00,40889,5832.16,Completed
403822,EVT-403822,Event_403822,5,200048,301389,2025-10-16,11:00,15:00,6262,2439.16,Completed
403823,EVT-403823,Event_403823,7,200109,300449,2025-02-14,20:00,00:00,50478,517.52,Cancelled
403824,EVT-403824,Event_403824,12,200267,300991,2026-04-05,16:00,20:00,16006,7473.87,Completed
403825,EVT-403825,Event_403825,13,200313,301002,2024-06-29,14:00,16:00,49722,14807.07,Completed
403826,EVT-403826,Event_403826,12,200008,300638,2025-08-28,16:00,17:00,57655,8764.08,Scheduled
403828,EVT-403828,Event_403828,4,200339,301206,2024-08-03,10:00,16:00,52235,12033.18,Completed
403829,EVT-403829,Event_403829,4,200068,301668,2026-02-09,09:00,10:00,66526,709.37,Scheduled
403830,EVT-403830,Event_403830,15,200369,300407,2026-03-20,19:00,22:00,40453,2514.19,Completed
403831,EVT-403831,Event_403831,10,200271,300848,2025-10-23,20:00,00:00,55441,1155.73,Completed
403832,EVT-403832,Event_403832,4,200267,300531,2025-03-31,20:00,21:00,29565,1693.15,Scheduled
403833,EVT-403833,Event_403833,15,200395,301264,2024-08-30,16:00,18:00,35181,4459.58,Completed
403834,EVT-403834,Event_403834,5,200114,301916,2025-12-29,18:00,19:00,51553,3881.13,Completed
403835,EVT-403835,Event_403835,5,200213,300059,2025-07-18,16:00,22:00,52595,9870.1,Completed
403836,EVT-403836,Event_403836,4,200341,300703,2025-06-27,09:00,15:00,30207,9717.13,Scheduled
403837,EVT-403837,Event_403837,15,200023,301723,2026-04-18,16:00,18:00,64443,12248.66,Postponed
403838,EVT-403838,Event_403838,8,200215,300189,2025-11-20,10:00,11:00,61097,14359.05,Cancelled
403839,EVT-403839,Event_403839,5,200170,301230,2026-01-25,09:00,14:00,185,12626.22,Postponed
403840,EVT-403840,Event_403840,2,200488,301973,2025-05-31,19:00,01:00,6472,13914.08,Completed
403841,EVT-403841,Event_403841,9,200008,300557,2025-08-30,10:00,12:00,42463,1776.59,Completed
403842,EVT-403842,Event_403842,9,200055,300120,2024-10-31,11:00,17:00,29132,6857.1,Completed
403843,EVT-403843,Event_403843,14,200431,301826,2024-12-16,18:00,22:00,65445,710.83,Postponed
403844,EVT-403844,Event_403844,10,200248,300766,2024-11-20,09:00,10:00,57028,11194.24,Completed
403845,EVT-403845,Event_403845,1,200307,300787,2026-01-03,11:00,14:00,30153,1296.47,Completed
403847,EVT-403847,Event_403847,3,200405,300513,2025-05-09,20:00,23:00,44527,11775.58,Cancelled
403848,EVT-403848,Event_403848,4,200456,300501,2024-12-23,16:00,21:00,57488,4436.81,Scheduled
403849,EVT-403849,Event_403849,4,200090,301597,2024-04-19,16:00,21:00,30611,5148.47,Completed
403850,EVT-403850,Event_403850,3,200055,300280,2025-06-21,18:00,20:00,52449,8558.19,Completed
403851,EVT-403851,Event_403851,15,200120,300647,2024-04-20,11:00,13:00,65575,4904.33,Scheduled
403852,EVT-403852,Event_403852,10,200413,301186,2026-03-05,16:00,18:00,37513,7659.02,Completed
403853,EVT-403853,Event_403853,13,200425,301715,2025-06-26,18:00,23:00,23364,9297.95,Completed
403854,EVT-403854,Event_403854,4,200234,301781,2024-03-26,18:00,22:00,55773,10619.61,Scheduled
403855,EVT-403855,Event_403855,11,200284,300441,2025-09-13,16:00,19:00,61342,11080.62,Completed
403856,EVT-403856,Event_403856,6,200383,301475,2024-05-22,14:00,19:00,6026,3550.9,Scheduled
403857,EVT-403857,Event_403857,2,200073,300409,2025-04-24,19:00,01:00,20177,2151.19,Completed
403858,EVT-403858,Event_403858,6,200357,300129,2025-05-28,10:00,13:00,15739,4869.37,Scheduled
403859,EVT-403859,Event_403859,8,200023,301033,2025-07-27,19:00,01:00,51716,11147.35,Completed
403860,EVT-403860,Event_403860,11,200077,301666,2025-05-21,16:00,20:00,69301,7390.4,Completed
403861,EVT-403861,Event_403861,4,200262,300879,2026-05-24,14:00,20:00,25207,12996.04,Completed
403862,EVT-403862,Event_403862,9,200253,300633,2026-04-09,14:00,19:00,51339,8903.97,Cancelled
403863,EVT-403863,Event_403863,12,200040,300733,2024-01-18,18:00,22:00,32997,6131.89,Scheduled
403864,EVT-403864,Event_403864,1,200478,300995,2025-07-16,09:00,15:00,58412,5992.64,Completed
403865,EVT-403865,Event_403865,5,200226,300886,2025-08-06,11:00,16:00,3770,10895.34,Completed
403866,EVT-403866,Event_403866,7,200209,300380,2025-08-30,10:00,14:00,50476,8537.13,Completed
403867,EVT-403867,Event_403867,9,200377,301999,2024-09-18,10:00,16:00,42558,7447.69,Completed
403868,EVT-403868,Event_403868,5,200215,300977,2025-11-05,19:00,01:00,18707,7468.02,Scheduled
403869,EVT-403869,Event_403869,12,200181,300799,2024-02-22,20:00,00:00,10579,14471.22,Scheduled
403870,EVT-403870,Event_403870,6,200276,300836,2024-11-19,10:00,16:00,7098,9865.89,Cancelled
403871,EVT-403871,Event_403871,10,200034,300284,2024-02-27,11:00,12:00,13239,9168.11,Postponed
403872,EVT-403872,Event_403872,14,200221,301040,2025-01-18,10:00,11:00,34130,8533.24,Scheduled
403873,EVT-403873,Event_403873,11,200076,300089,2026-05-01,16:00,22:00,21647,2602.88,Completed
403874,EVT-403874,Event_403874,1,200282,300633,2025-10-18,14:00,19:00,14976,14837.98,Cancelled
403875,EVT-403875,Event_403875,9,200012,301229,2026-05-10,09:00,10:00,16342,11047.39,Completed
403876,EVT-403876,Event_403876,3,200481,301017,2024-11-20,18:00,19:00,10975,13239.48,Scheduled
403877,EVT-403877,Event_403877,9,200434,301576,2025-06-13,09:00,14:00,15499,968.17,Completed
403878,EVT-403878,Event_403878,3,200126,300445,2024-07-11,19:00,21:00,36255,6838.73,Completed
403879,EVT-403879,Event_403879,5,200194,301357,2024-11-20,16:00,17:00,3330,2456.9,Cancelled
403880,EVT-403880,Event_403880,1,200203,301737,2024-01-29,09:00,11:00,31930,12365.89,Completed
403881,EVT-403881,Event_403881,4,200394,301150,2026-05-31,18:00,23:00,60218,7056.78,Postponed
403882,EVT-403882,Event_403882,1,200100,301594,2025-10-15,09:00,15:00,23811,11429.48,Completed
403883,EVT-403883,Event_403883,9,200125,301573,2026-05-07,14:00,15:00,56313,3694.78,Scheduled
403884,EVT-403884,Event_403884,1,200496,301724,2024-02-01,18:00,00:00,17649,394.25,Completed
403885,EVT-403885,Event_403885,4,200143,301935,2024-08-10,11:00,14:00,32492,2323.82,Scheduled
403886,EVT-403886,Event_403886,8,200359,301858,2025-04-02,20:00,21:00,34877,8150.61,Completed
403887,EVT-403887,Event_403887,3,200191,301435,2026-02-28,16:00,22:00,4865,11459.11,Cancelled
403888,EVT-403888,Event_403888,11,200364,300606,2024-07-23,16:00,18:00,3957,10542.06,Completed
403889,EVT-403889,Event_403889,8,200098,301506,2025-01-01,14:00,17:00,34628,9757.97,Completed
403890,EVT-403890,Event_403890,5,200076,301494,2024-03-31,09:00,14:00,40012,7688.94,Scheduled
403891,EVT-403891,Event_403891,9,200446,301603,2024-08-06,11:00,15:00,1842,13095.63,Scheduled
403892,EVT-403892,Event_403892,11,200396,301558,2025-08-31,19:00,00:00,40377,8674.05,Completed
403893,EVT-403893,Event_403893,2,200102,300519,2025-07-20,19:00,20:00,1031,14166.48,Completed
403894,EVT-403894,Event_403894,14,200426,301182,2024-06-28,18:00,22:00,50510,3857.15,Scheduled
403896,EVT-403896,Event_403896,15,200293,300883,2025-03-17,09:00,10:00,27438,9632.28,Scheduled
403897,EVT-403897,Event_403897,4,200272,300597,2024-12-02,20:00,21:00,44300,11146.36,Completed
403898,EVT-403898,Event_403898,10,200396,300411,2024-11-01,18:00,19:00,69878,384.43,Completed
403899,EVT-403899,Event_403899,10,200423,300032,2026-06-14,09:00,11:00,22453,1597.14,Completed
403900,EVT-403900,Event_403900,4,200120,301435,2025-05-22,18:00,19:00,35644,13659.47,Completed
403901,EVT-403901,Event_403901,11,200255,300898,2024-09-27,16:00,20:00,1303,1713.21,Scheduled
403902,EVT-403902,Event_403902,8,200082,301685,2025-09-16,14:00,17:00,28036,8144.12,Scheduled
403903,EVT-403903,Event_403903,15,200444,300373,2024-02-25,19:00,00:00,61203,12085.53,Completed
403904,EVT-403904,Event_403904,5,200391,301102,2024-08-22,19:00,20:00,879,4990.32,Completed
403905,EVT-403905,Event_403905,14,200147,300809,2025-11-14,14:00,16:00,1823,319.41,Scheduled
403906,EVT-403906,Event_403906,10,200221,301517,2025-12-14,16:00,17:00,64634,7600.155000000001,Cancelled
403908,EVT-403908,Event_403908,10,200366,300520,2026-03-08,09:00,14:00,11874,1819.26,Completed
403909,EVT-403909,Event_403909,8,200499,301464,2026-01-22,14:00,17:00,56813,960.57,Completed
403910,EVT-403910,Event_403910,11,200148,300170,2024-12-31,09:00,13:00,58937,14682.18,Scheduled
403911,EVT-403911,Event_403911,6,200114,300780,2025-07-19,18:00,21:00,43931,7600.155000000001,Scheduled
403912,EVT-403912,Event_403912,3,200296,300930,2026-03-11,11:00,12:00,43610,706.14,Completed
403913,EVT-403913,Event_403913,8,200048,301945,2024-03-18,20:00,22:00,68077,7600.155000000001,Postponed
403914,EVT-403914,Event_403914,14,200476,301218,2025-02-19,19:00,00:00,8041,10467.55,Completed
403915,EVT-403915,Event_403915,14,200366,300995,2024-01-12,09:00,10:00,47705,3810.24,Completed
403916,EVT-403916,Event_403916,4,200245,301584,2025-10-08,09:00,15:00,69545,8412.83,Completed
403917,EVT-403917,Event_403917,12,200316,300809,2025-06-12,10:00,15:00,43379,11955.61,Cancelled
403918,EVT-403918,Event_403918,11,200284,301761,2024-06-23,10:00,15:00,65306,5990.14,Completed
403919,EVT-403919,Event_403919,6,200358,301439,2026-03-12,10:00,12:00,9694,1344.05,Completed
403920,EVT-403920,Event_403920,3,200326,301864,2024-05-07,18:00,20:00,10937,10253.78,Completed
403921,EVT-403921,Event_403921,12,200453,301307,2025-05-28,16:00,20:00,25199,7663.57,Completed
403922,EVT-403922,Event_403922,8,200213,300823,2024-07-01,14:00,20:00,64207,9032.08,Completed
403923,EVT-403923,Event_403923,14,200163,301426,2026-02-08,18:00,20:00,5807,4333.23,Completed
403925,EVT-403925,Event_403925,9,200204,301840,2025-08-08,19:00,23:00,64952,7600.155000000001,Postponed
403926,EVT-403926,Event_403926,15,200070,300569,2026-06-01,18:00,21:00,48206,8534.23,Completed
403928,EVT-403928,Event_403928,7,200450,300947,2026-03-28,20:00,01:00,38490,9453.13,Completed
403929,EVT-403929,Event_403929,5,200102,300124,2025-06-18,14:00,19:00,45963,14828.58,Completed
403930,EVT-403930,Event_403930,13,200413,300243,2026-02-01,10:00,16:00,65267,10305.08,Completed
403931,EVT-403931,Event_403931,3,200279,301849,2025-11-20,11:00,14:00,63516,7584.05,Completed
403932,EVT-403932,Event_403932,12,200398,301772,2025-05-17,18:00,23:00,51632,9499.63,Scheduled
403933,EVT-403933,Event_403933,9,200378,300988,2025-10-30,10:00,14:00,52907,7637.81,Completed
403935,EVT-403935,Event_403935,3,200111,301441,2026-03-17,20:00,02:00,33686,4057.36,Completed
403936,EVT-403936,Event_403936,11,200055,301345,2024-12-10,11:00,14:00,30767,4958.56,Completed
403937,EVT-403937,Event_403937,14,200343,300117,2026-03-22,10:00,13:00,42548,9712.52,Scheduled
403938,EVT-403938,Event_403938,1,200059,300309,2024-07-28,20:00,00:00,33757,8923.34,Completed
403939,EVT-403939,Event_403939,4,200049,301082,2026-01-29,20:00,02:00,38796,10700.26,Completed
403940,EVT-403940,Event_403940,1,200444,300340,2024-11-11,14:00,17:00,24820,7959.52,Completed
403941,EVT-403941,Event_403941,3,200306,301525,2025-04-22,09:00,13:00,51425,9907.27,Completed
403942,EVT-403942,Event_403942,14,200216,301049,2024-12-07,19:00,01:00,52522,13262.49,Completed
403943,EVT-403943,Event_403943,11,200301,300063,2024-05-13,09:00,15:00,27816,13147.83,Completed
403944,EVT-403944,Event_403944,15,200476,300219,2025-02-19,11:00,13:00,69510,7206.75,Completed
403945,EVT-403945,Event_403945,1,200228,301628,2024-05-17,18:00,22:00,58110,7601.3,Scheduled
403946,EVT-403946,Event_403946,4,200220,301746,2024-09-15,18:00,19:00,25813,8885.49,Completed
403947,EVT-403947,Event_403947,7,200215,301895,2024-03-31,11:00,15:00,29534,1539.79,Completed
403948,EVT-403948,Event_403948,2,200205,301003,2025-06-27,20:00,22:00,13346,11042.14,Postponed
403949,EVT-403949,Event_403949,9,200233,301917,2024-10-10,11:00,17:00,3560,9939.79,Completed
403950,EVT-403950,Event_403950,15,200221,301373,2025-05-23,11:00,16:00,26305,4710.1,Postponed
403951,EVT-403951,Event_403951,1,200251,301633,2025-12-13,14:00,19:00,20517,14032.33,Cancelled
403952,EVT-403952,Event_403952,3,200210,301549,2026-06-15,14:00,20:00,63766,4932.41,Completed
403953,EVT-403953,Event_403953,4,200223,300683,2025-10-25,18:00,23:00,17260,14057.73,Cancelled
403954,EVT-403954,Event_403954,7,200492,301105,2025-04-14,11:00,12:00,23083,9863.53,Completed
403955,EVT-403955,Event_403955,13,200130,300096,2024-06-16,11:00,16:00,48143,806.45,Postponed
403956,EVT-403956,Event_403956,3,200223,300160,2024-09-13,11:00,14:00,19649,6459.08,Scheduled
403957,EVT-403957,Event_403957,9,200082,300490,2025-07-17,18:00,20:00,19141,7600.155000000001,Scheduled
403958,EVT-403958,Event_403958,3,200448,301166,2025-01-03,14:00,19:00,50858,9425.41,Completed
403959,EVT-403959,Event_403959,14,200378,300410,2024-01-03,16:00,21:00,56325,9163.29,Completed
403960,EVT-403960,Event_403960,10,200197,301774,2025-09-21,10:00,15:00,63575,1956.25,Scheduled
403961,EVT-403961,Event_403961,13,200483,300692,2025-07-06,16:00,19:00,36341,10521.62,Scheduled
403963,EVT-403963,Event_403963,1,200375,300827,2024-09-15,16:00,17:00,54274,3907.02,Completed
403964,EVT-403964,Event_403964,10,200414,300990,2025-01-14,18:00,23:00,41990,8119.92,Postponed
403965,EVT-403965,Event_403965,3,200020,301920,2025-01-29,14:00,15:00,8673,14357.48,Completed
403966,EVT-403966,Event_403966,2,200469,300944,2024-11-08,09:00,14:00,27488,837.57,Completed
403967,EVT-403967,Event_403967,10,200108,301566,2026-04-12,10:00,14:00,68671,5986.1,Completed
403968,EVT-403968,Event_403968,15,200004,301792,2024-08-21,16:00,17:00,9263,9638.77,Completed
403970,EVT-403970,Event_403970,3,200427,301339,2024-10-23,10:00,13:00,12757,11720.98,Completed
403971,EVT-403971,Event_403971,1,200226,301728,2025-01-27,14:00,19:00,61799,12413.59,Completed
403972,EVT-403972,Event_403972,9,200454,300437,2024-03-14,10:00,12:00,40165,4118.27,Completed
403973,EVT-403973,Event_403973,5,200159,301446,2024-08-16,11:00,15:00,7727,1888.21,Postponed
403974,EVT-403974,Event_403974,8,200425,300347,2024-12-31,14:00,19:00,49322,11740.09,Completed
403975,EVT-403975,Event_403975,2,200481,300987,2025-02-22,20:00,02:00,23305,10621.88,Completed
403976,EVT-403976,Event_403976,9,200334,300229,2024-09-10,09:00,12:00,49361,8153.54,Completed
403977,EVT-403977,Event_403977,7,200389,300791,2024-07-07,14:00,18:00,30782,13066.57,Completed
403978,EVT-403978,Event_403978,8,200337,301541,2025-12-07,19:00,23:00,13851,5433.87,Completed
403979,EVT-403979,Event_403979,7,200059,300145,2025-04-22,20:00,02:00,32095,5157.44,Completed
403980,EVT-403980,Event_403980,2,200146,300710,2024-08-26,09:00,12:00,60007,14272.45,Completed
403981,EVT-403981,Event_403981,7,200455,300998,2024-01-14,16:00,22:00,36756,14277.82,Scheduled
403982,EVT-403982,Event_403982,4,200102,301017,2025-06-19,20:00,02:00,53601,10893.03,Completed
403983,EVT-403983,Event_403983,9,200174,300352,2026-02-09,19:00,00:00,40699,208.74,Scheduled
403984,EVT-403984,Event_403984,5,200225,301913,2024-09-18,16:00,17:00,7660,11975.02,Completed
403985,EVT-403985,Event_403985,6,200045,300240,2026-03-15,20:00,00:00,45083,14319.89,Scheduled
403986,EVT-403986,Event_403986,11,200333,300974,2024-04-29,20:00,00:00,19728,10314.25,Completed
403987,EVT-403987,Event_403987,4,200237,301313,2025-04-01,09:00,10:00,18089,11730.13,Completed
403988,EVT-403988,Event_403988,9,200371,300084,2024-05-26,14:00,19:00,56749,8232.54,Completed
403989,EVT-403989,Event_403989,8,200462,301251,2025-11-23,09:00,13:00,26765,11969.28,Completed
403990,EVT-403990,Event_403990,14,200427,301706,2025-02-04,20:00,00:00,39042,9792.01,Completed
403991,EVT-403991,Event_403991,15,200067,300611,2024-11-29,19:00,23:00,46512,5015.06,Completed
403992,EVT-403992,Event_403992,15,200200,301630,2025-02-01,09:00,12:00,3475,2307.76,Cancelled
403993,EVT-403993,Event_403993,14,200406,301740,2024-05-13,18:00,00:00,12672,12868.91,Completed
403994,EVT-403994,Event_403994,3,200205,301878,2024-09-11,19:00,22:00,65881,11657.98,Scheduled
403995,EVT-403995,Event_403995,13,200244,301944,2024-10-29,18:00,22:00,44895,7600.155000000001,Cancelled
403996,EVT-403996,Event_403996,5,200009,300321,2025-03-12,14:00,20:00,39829,14697.91,Completed
403997,EVT-403997,Event_403997,8,200239,300599,2024-08-14,16:00,22:00,4516,8974.1,Completed
403998,EVT-403998,Event_403998,7,200476,301566,2024-04-05,19:00,00:00,41392,10191.63,Cancelled
403999,EVT-403999,Event_403999,7,200152,300684,2024-04-15,20:00,21:00,50703,9920.14,Scheduled
404000,EVT-404000,Event_404000,9,200379,301256,2024-01-13,11:00,13:00,200000,8881.69,Completed
404001,EVT-404001,Event_404001,4,200366,300898,2026-04-03,09:00,13:00,44168,11651.22,Completed
404002,EVT-404002,Event_404002,6,200038,300935,2025-11-02,10:00,15:00,6070,9738.8,Completed
404003,EVT-404003,Event_404003,9,200351,300731,2024-01-15,14:00,15:00,31897,7440.82,Scheduled
404004,EVT-404004,Event_404004,4,200310,301458,2025-06-01,09:00,13:00,52647,14299.02,Completed
404005,EVT-404005,Event_404005,9,200333,300383,2024-06-05,09:00,10:00,65261,9133.15,Completed
404006,EVT-404006,Event_404006,7,200441,301840,2024-04-29,14:00,18:00,17733,4887.2,Completed
404007,EVT-404007,Event_404007,7,200439,300030,2026-04-05,19:00,00:00,38927,2338.87,Scheduled
404008,EVT-404008,Event_404008,11,200113,301523,2024-09-28,11:00,14:00,54389,11825.14,Completed
404009,EVT-404009,Event_404009,4,200158,301342,2025-08-21,18:00,00:00,4220,11715.76,Scheduled
404010,EVT-404010,Event_404010,3,200366,300235,2026-06-17,11:00,12:00,5856,11229.46,Completed
404011,EVT-404011,Event_404011,9,200432,301083,2025-06-15,16:00,22:00,63496,5225.11,Scheduled
404012,EVT-404012,Event_404012,4,200258,300686,2026-04-25,20:00,23:00,38467,600.31,Completed
404013,EVT-404013,Event_404013,9,200457,301647,2024-05-14,18:00,21:00,19728,14949.04,Completed
404014,EVT-404014,Event_404014,7,200426,301863,2024-07-02,10:00,13:00,26451,13620.37,Scheduled
404015,EVT-404015,Event_404015,14,200482,301065,2025-08-04,18:00,22:00,64931,6810.24,Scheduled
404016,EVT-404016,Event_404016,3,200440,301624,2025-04-05,10:00,13:00,2919,3828.6,Scheduled
404017,EVT-404017,Event_404017,13,200151,301819,2024-09-15,10:00,11:00,39907,798.94,Completed
404018,EVT-404018,Event_404018,3,200456,300014,2024-01-15,09:00,11:00,2788,11960.58,Scheduled
404019,EVT-404019,Event_404019,12,200497,301084,2024-04-25,11:00,16:00,21422,5805.05,Completed
404020,EVT-404020,Event_404020,5,200264,300320,2024-08-21,19:00,21:00,19294,4228.08,Completed
404021,EVT-404021,Event_404021,7,200307,301957,2024-10-27,16:00,22:00,61581,3236.0,Completed
404022,EVT-404022,Event_404022,9,200087,301860,2026-03-04,14:00,17:00,49812,11095.99,Cancelled
404023,EVT-404023,Event_404023,3,200247,300826,2025-06-24,18:00,22:00,29118,10715.16,Cancelled
404024,EVT-404024,Event_404024,15,200438,300828,2026-04-17,20:00,21:00,33766,6865.35,Completed
404025,EVT-404025,Event_404025,5,200243,301593,2024-10-25,19:00,20:00,57660,9465.76,Scheduled
404026,EVT-404026,Event_404026,14,200160,301851,2024-12-30,14:00,18:00,29964,8695.81,Cancelled
404027,EVT-404027,Event_404027,15,200088,301681,2024-09-24,14:00,18:00,18778,643.2,Cancelled
404028,EVT-404028,Event_404028,7,200237,300172,2025-06-08,10:00,16:00,18526,10768.53,Cancelled
404029,EVT-404029,Event_404029,6,200236,300612,2025-09-28,09:00,10:00,47635,3624.49,Completed
404030,EVT-404030,Event_404030,12,200098,301792,2024-09-02,18:00,19:00,48300,5424.14,Completed
404031,EVT-404031,Event_404031,7,200268,301255,2026-02-23,14:00,18:00,50172,13462.95,Completed
404032,EVT-404032,Event_404032,3,200007,301246,2024-07-08,16:00,21:00,19368,5824.04,Cancelled
404033,EVT-404033,Event_404033,12,200214,300994,2025-08-12,20:00,01:00,59431,10790.34,Scheduled
404034,EVT-404034,Event_404034,4,200053,300756,2024-02-29,14:00,16:00,68224,7600.155000000001,Scheduled
404035,EVT-404035,Event_404035,1,200095,300357,2024-05-07,14:00,20:00,22524,8952.18,Completed
404036,EVT-404036,Event_404036,5,200347,301934,2024-09-21,20:00,02:00,33203,7639.11,Completed
404037,EVT-404037,Event_404037,12,200026,300874,2024-10-07,20:00,23:00,39567,12834.89,Completed
404038,EVT-404038,Event_404038,9,200245,300946,2025-07-21,10:00,14:00,62340,7141.84,Completed
404039,EVT-404039,Event_404039,8,200091,300157,2024-07-25,18:00,21:00,59268,11554.53,Completed
404040,EVT-404040,Event_404040,8,200454,300643,2025-09-19,19:00,23:00,37476,12913.87,Completed
404041,EVT-404041,Event_404041,10,200284,301775,2024-03-09,18:00,23:00,53163,7600.155000000001,Scheduled
404042,EVT-404042,Event_404042,1,200294,300817,2025-06-28,19:00,00:00,22524,4884.91,Completed
404043,EVT-404043,Event_404043,5,200293,301818,2025-02-17,14:00,15:00,34033,412.87,Scheduled
404044,EVT-404044,Event_404044,3,200323,300600,2024-09-27,09:00,12:00,21550,3302.41,Completed
404045,EVT-404045,Event_404045,15,200223,300545,2024-03-06,09:00,11:00,200000,4941.75,Completed
404046,EVT-404046,Event_404046,14,200114,300572,2025-12-02,14:00,19:00,42753,1809.51,Completed
404047,EVT-404047,Event_404047,6,200014,301232,2024-06-28,14:00,16:00,13323,3480.29,Scheduled
404049,EVT-404049,Event_404049,2,200113,300760,2025-07-10,18:00,22:00,44612,7600.155000000001,Completed
404050,EVT-404050,Event_404050,9,200106,301364,2025-08-10,20:00,02:00,57295,3164.49,Completed
404051,EVT-404051,Event_404051,2,200145,301115,2026-06-01,11:00,15:00,56552,3464.41,Completed
404052,EVT-404052,Event_404052,2,200314,300336,2026-02-27,19:00,00:00,1136,8906.1,Cancelled
404053,EVT-404053,Event_404053,1,200308,300007,2025-09-04,18:00,20:00,20805,6663.17,Cancelled
404054,EVT-404054,Event_404054,7,200468,301682,2025-05-21,09:00,12:00,69119,6478.79,Scheduled
404055,EVT-404055,Event_404055,3,200058,300611,2024-06-18,16:00,19:00,44235,13079.32,Completed
404056,EVT-404056,Event_404056,4,200034,301044,2025-01-15,14:00,15:00,15340,5751.95,Completed
404057,EVT-404057,Event_404057,12,200132,300970,2024-01-24,14:00,20:00,41240,4095.81,Postponed
404058,EVT-404058,Event_404058,10,200266,300281,2026-03-21,20:00,21:00,36264,7600.155000000001,Completed
404059,EVT-404059,Event_404059,5,200113,300129,2024-04-07,11:00,16:00,69024,11016.66,Scheduled
404060,EVT-404060,Event_404060,15,200134,301224,2025-02-17,16:00,18:00,9479,6699.22,Completed
404061,EVT-404061,Event_404061,10,200234,301283,2024-11-08,09:00,13:00,43410,7600.155000000001,Completed
404062,EVT-404062,Event_404062,12,200306,301169,2025-11-21,16:00,22:00,5723,13042.35,Scheduled
404063,EVT-404063,Event_404063,15,200155,301898,2025-03-27,16:00,22:00,8395,5933.37,Completed
404064,EVT-404064,Event_404064,9,200110,301873,2024-01-19,20:00,02:00,52567,598.28,Completed
404065,EVT-404065,Event_404065,13,200169,301731,2025-06-06,14:00,17:00,10118,6980.04,Completed
404066,EVT-404066,Event_404066,7,200277,300128,2025-02-18,18:00,22:00,8978,12509.54,Scheduled
404067,EVT-404067,Event_404067,8,200067,300560,2025-06-06,18:00,22:00,68551,10167.15,Scheduled
404068,EVT-404068,Event_404068,6,200364,300990,2025-06-20,19:00,01:00,69406,7631.57,Completed
404069,EVT-404069,Event_404069,11,200037,300838,2025-08-20,11:00,13:00,15095,5071.9,Scheduled
404070,EVT-404070,Event_404070,6,200130,301906,2024-03-12,10:00,15:00,58945,14117.35,Scheduled
404071,EVT-404071,Event_404071,15,200437,301681,2026-05-11,11:00,17:00,26755,9011.47,Scheduled
404072,EVT-404072,Event_404072,10,200465,301072,2024-09-19,18:00,20:00,60424,5423.44,Completed
404073,EVT-404073,Event_404073,5,200373,300133,2024-09-17,11:00,14:00,35073,12855.53,Completed
404074,EVT-404074,Event_404074,4,200400,301884,2024-07-23,11:00,14:00,63269,9159.03,Completed
404075,EVT-404075,Event_404075,11,200219,301254,2025-08-14,16:00,21:00,200000,3843.32,Completed
404077,EVT-404077,Event_404077,4,200208,301189,2025-10-27,10:00,13:00,60410,3337.05,Cancelled
404079,EVT-404079,Event_404079,8,200395,301954,2026-03-16,19:00,23:00,3343,6974.57,Scheduled
404080,EVT-404080,Event_404080,2,200159,300080,2024-06-25,10:00,11:00,62112,12138.0,Completed
404081,EVT-404081,Event_404081,1,200091,300917,2024-03-27,11:00,15:00,526,9815.82,Scheduled
404082,EVT-404082,Event_404082,14,200288,301263,2025-10-30,11:00,15:00,4631,8536.79,Completed
404084,EVT-404084,Event_404084,8,200485,300577,2026-01-25,20:00,00:00,48651,9906.76,Completed
404085,EVT-404085,Event_404085,8,200043,300092,2026-03-09,10:00,15:00,56405,1224.48,Completed
404086,EVT-404086,Event_404086,9,200319,301388,2025-11-28,16:00,17:00,47912,7955.89,Scheduled
404087,EVT-404087,Event_404087,15,200251,300265,2025-12-19,18:00,22:00,4652,6695.57,Completed
404088,EVT-404088,Event_404088,3,200050,300846,2025-09-14,14:00,18:00,19044,626.42,Completed
404089,EVT-404089,Event_404089,7,200483,300375,2026-01-08,16:00,21:00,56919,9499.54,Cancelled
404090,EVT-404090,Event_404090,9,200085,301810,2024-01-16,19:00,00:00,54658,13732.92,Scheduled
404091,EVT-404091,Event_404091,12,200039,301288,2025-11-07,11:00,12:00,40596,8459.2,Scheduled
404092,EVT-404092,Event_404092,12,200088,300829,2026-03-17,11:00,13:00,257,8562.25,Completed
404093,EVT-404093,Event_404093,2,200473,301512,2026-05-01,14:00,16:00,200000,8581.29,Completed
404094,EVT-404094,Event_404094,10,200454,301208,2024-02-02,10:00,15:00,25343,14313.47,Completed
404095,EVT-404095,Event_404095,12,200266,300182,2024-12-26,20:00,02:00,14293,9458.53,Scheduled
404096,EVT-404096,Event_404096,9,200466,301652,2025-12-02,10:00,14:00,21292,14149.47,Scheduled
404097,EVT-404097,Event_404097,7,200402,301591,2025-04-11,20:00,00:00,35832,14017.02,Completed
404098,EVT-404098,Event_404098,12,200296,300878,2026-03-27,20:00,22:00,52578,14503.8,Completed
404099,EVT-404099,Event_404099,14,200214,300246,2025-08-28,20:00,22:00,6793,2293.26,Scheduled
404100,EVT-404100,Event_404100,15,200240,301721,2024-07-03,16:00,20:00,23227,11709.86,Completed
404101,EVT-404101,Event_404101,9,200308,301907,2025-12-07,10:00,11:00,16615,14876.02,Scheduled
404102,EVT-404102,Event_404102,3,200376,301172,2025-11-23,10:00,16:00,67792,12168.42,Completed
404103,EVT-404103,Event_404103,2,200220,300969,2025-01-19,16:00,21:00,37435,2994.72,Completed
404104,EVT-404104,Event_404104,14,200109,300743,2024-10-09,11:00,13:00,62195,4822.27,Postponed
404105,EVT-404105,Event_404105,2,200426,301059,2025-07-09,18:00,21:00,8119,4999.64,Scheduled
404106,EVT-404106,Event_404106,14,200095,301179,2025-01-07,09:00,15:00,25419,5527.87,Scheduled
404107,EVT-404107,Event_404107,2,200332,300308,2025-12-20,09:00,11:00,7621,11509.41,Completed
404108,EVT-404108,Event_404108,14,200464,301527,2024-10-21,14:00,17:00,64550,2862.9,Cancelled
404109,EVT-404109,Event_404109,11,200457,301654,2026-01-04,20:00,23:00,2244,12269.93,Completed
404110,EVT-404110,Event_404110,4,200053,301022,2026-04-21,11:00,17:00,33370,5412.67,Completed
404111,EVT-404111,Event_404111,1,200310,300906,2024-12-23,19:00,21:00,44876,3553.81,Completed
404112,EVT-404112,Event_404112,14,200406,301240,2025-04-07,20:00,01:00,44953,7600.155000000001,Completed
404113,EVT-404113,Event_404113,3,200376,300810,2026-03-15,18:00,19:00,22815,5830.5,Cancelled
404114,EVT-404114,Event_404114,13,200131,301201,2025-12-20,14:00,17:00,22491,6901.79,Completed
404117,EVT-404117,Event_404117,9,200214,300905,2026-03-08,10:00,15:00,26042,2129.86,Completed
404118,EVT-404118,Event_404118,13,200019,300427,2024-03-09,19:00,00:00,23066,6469.63,Postponed
404119,EVT-404119,Event_404119,9,200246,301044,2026-02-22,09:00,12:00,63863,6387.48,Completed
404120,EVT-404120,Event_404120,4,200226,300104,2024-01-12,19:00,01:00,16545,3667.43,Completed
404121,EVT-404121,Event_404121,5,200150,301444,2024-07-04,19:00,23:00,46406,7600.155000000001,Completed
404122,EVT-404122,Event_404122,4,200285,300948,2026-04-11,18:00,22:00,22331,6289.99,Scheduled
404123,EVT-404123,Event_404123,14,200292,301771,2024-10-21,09:00,11:00,61888,2950.07,Cancelled
404124,EVT-404124,Event_404124,2,200270,300258,2024-09-25,11:00,17:00,17541,8606.44,Scheduled
404125,EVT-404125,Event_404125,8,200345,300262,2025-12-29,11:00,14:00,42232,8195.3,Completed
404126,EVT-404126,Event_404126,13,200267,300750,2025-09-11,14:00,20:00,67571,6459.04,Cancelled
404127,EVT-404127,Event_404127,3,200167,301410,2025-06-09,19:00,22:00,28802,2683.08,Completed
404128,EVT-404128,Event_404128,9,200107,300013,2025-02-06,10:00,11:00,54080,13386.6,Completed
404130,EVT-404130,Event_404130,8,200102,300315,2024-02-04,18:00,22:00,29235,10994.61,Completed
404131,EVT-404131,Event_404131,2,200109,300680,2025-08-16,14:00,20:00,41338,9988.16,Completed
404132,EVT-404132,Event_404132,10,200290,300787,2024-09-23,16:00,20:00,200000,7140.22,Completed
404133,EVT-404133,Event_404133,10,200475,301520,2026-03-25,10:00,15:00,13926,11914.85,Completed
404134,EVT-404134,Event_404134,13,200289,301749,2025-07-06,16:00,17:00,17336,9963.66,Cancelled
404135,EVT-404135,Event_404135,15,200056,301852,2025-01-21,20:00,22:00,11762,7299.07,Completed
404137,EVT-404137,Event_404137,1,200419,301359,2026-01-10,14:00,17:00,28917,5987.09,Completed
404138,EVT-404138,Event_404138,7,200167,300205,2024-04-11,11:00,13:00,15109,8999.59,Completed
404139,EVT-404139,Event_404139,5,200205,300660,2026-03-23,11:00,15:00,58569,11186.24,Completed
404140,EVT-404140,Event_404140,12,200201,300264,2025-05-11,16:00,17:00,33634,11344.42,Cancelled
404141,EVT-404141,Event_404141,3,200141,300568,2025-03-17,20:00,02:00,32608,8638.9,Scheduled
404142,EVT-404142,Event_404142,10,200105,300936,2024-10-31,11:00,16:00,15502,8353.21,Cancelled
404143,EVT-404143,Event_404143,4,200438,301966,2025-10-20,14:00,20:00,20206,7600.155000000001,Postponed
404144,EVT-404144,Event_404144,8,200110,301832,2025-04-10,18:00,22:00,46753,13314.67,Completed
404145,EVT-404145,Event_404145,12,200382,301849,2024-07-03,09:00,11:00,43871,5595.91,Completed
404146,EVT-404146,Event_404146,12,200429,301190,2024-11-18,16:00,19:00,34294,9546.88,Completed
404147,EVT-404147,Event_404147,10,200377,300450,2026-04-21,11:00,17:00,61778,3361.42,Completed
404148,EVT-404148,Event_404148,4,200142,301585,2025-12-30,16:00,19:00,8681,9988.57,Completed
404149,EVT-404149,Event_404149,7,200291,301036,2025-04-08,09:00,13:00,32272,4010.91,Scheduled
404150,EVT-404150,Event_404150,5,200127,301501,2025-10-19,10:00,13:00,20493,9616.56,Completed
404151,EVT-404151,Event_404151,8,200271,300223,2025-09-08,19:00,01:00,38702,3308.14,Completed
404152,EVT-404152,Event_404152,14,200303,301854,2024-04-16,10:00,14:00,65605,4156.57,Cancelled
404153,EVT-404153,Event_404153,2,200375,300541,2025-08-15,16:00,19:00,36291,10126.4,Completed
404154,EVT-404154,Event_404154,14,200127,301773,2025-11-10,16:00,20:00,20001,7249.78,Completed
404155,EVT-404155,Event_404155,4,200403,300982,2025-01-02,10:00,13:00,26359,8813.31,Scheduled
404156,EVT-404156,Event_404156,3,200285,300909,2024-09-29,18:00,19:00,64202,2480.14,Completed
404157,EVT-404157,Event_404157,6,200366,301965,2024-07-09,09:00,10:00,20697,5768.12,Completed
404158,EVT-404158,Event_404158,11,200459,301493,2026-05-29,14:00,20:00,54604,12784.25,Completed
404159,EVT-404159,Event_404159,3,200463,300931,2026-04-27,11:00,17:00,13981,4755.67,Completed
404160,EVT-404160,Event_404160,9,200370,300277,2025-02-09,18:00,19:00,57796,9695.9,Completed
404161,EVT-404161,Event_404161,12,200414,301359,2025-05-31,10:00,14:00,59807,12306.88,Completed
404162,EVT-404162,Event_404162,7,200089,301311,2025-09-13,19:00,01:00,61002,1784.58,Scheduled
404163,EVT-404163,Event_404163,7,200044,300804,2025-05-12,09:00,11:00,14290,13390.57,Completed
404164,EVT-404164,Event_404164,15,200104,300191,2024-08-18,16:00,20:00,200000,10085.53,Completed
404165,EVT-404165,Event_404165,6,200141,300771,2025-04-01,14:00,18:00,55071,13175.78,Scheduled
404166,EVT-404166,Event_404166,9,200210,300338,2026-04-24,10:00,12:00,56112,9737.77,Cancelled
404167,EVT-404167,Event_404167,8,200300,300350,2024-08-13,14:00,19:00,36242,8535.63,Completed
404168,EVT-404168,Event_404168,8,200218,300802,2025-03-31,11:00,16:00,16772,12687.37,Scheduled
404169,EVT-404169,Event_404169,13,200238,300344,2025-09-05,14:00,19:00,36269,8095.12,Completed
404170,EVT-404170,Event_404170,4,200063,300870,2026-05-25,10:00,13:00,38945,8424.3,Completed
404171,EVT-404171,Event_404171,4,200118,300562,2025-10-22,16:00,22:00,21156,11095.92,Cancelled
404172,EVT-404172,Event_404172,5,200219,300733,2025-09-12,18:00,20:00,200000,517.9,Completed
404173,EVT-404173,Event_404173,3,200114,300867,2024-11-25,18:00,00:00,51129,7600.155000000001,Completed
404174,EVT-404174,Event_404174,11,200332,300203,2024-07-17,11:00,12:00,35899,8794.22,Completed
404175,EVT-404175,Event_404175,3,200330,300883,2024-05-01,20:00,00:00,15331,8959.28,Cancelled
404176,EVT-404176,Event_404176,11,200266,301852,2025-01-15,18:00,20:00,13258,14650.74,Completed
404177,EVT-404177,Event_404177,5,200471,301532,2024-10-27,18:00,19:00,24334,7220.78,Completed
404178,EVT-404178,Event_404178,13,200064,300280,2024-01-22,10:00,12:00,937,1388.34,Completed
404179,EVT-404179,Event_404179,14,200053,301730,2024-10-18,09:00,15:00,39979,7377.92,Completed
404180,EVT-404180,Event_404180,10,200087,300632,2026-06-17,14:00,19:00,21195,9839.96,Cancelled
404181,EVT-404181,Event_404181,14,200244,301134,2026-03-12,10:00,14:00,22504,10230.18,Scheduled
404182,EVT-404182,Event_404182,15,200374,300042,2024-08-21,11:00,16:00,3291,7337.01,Scheduled
404183,EVT-404183,Event_404183,6,200420,301257,2026-05-12,14:00,16:00,33858,6881.05,Completed
404184,EVT-404184,Event_404184,6,200058,300178,2024-12-16,10:00,14:00,51036,14529.2,Scheduled
404185,EVT-404185,Event_404185,5,200016,301037,2025-04-22,10:00,11:00,19795,11179.55,Completed
404186,EVT-404186,Event_404186,13,200178,300205,2024-07-20,10:00,14:00,48327,12308.64,Completed
404187,EVT-404187,Event_404187,3,200120,301018,2026-02-18,14:00,16:00,5472,7600.155000000001,Scheduled
404188,EVT-404188,Event_404188,3,200197,300092,2025-09-09,10:00,15:00,47077,13110.21,Cancelled
404189,EVT-404189,Event_404189,1,200037,301847,2024-11-29,09:00,14:00,43163,2648.43,Cancelled
404190,EVT-404190,Event_404190,2,200313,300086,2024-10-03,14:00,20:00,37178,7897.02,Completed
404191,EVT-404191,Event_404191,9,200095,301176,2025-05-24,20:00,23:00,24856,9692.32,Completed
404192,EVT-404192,Event_404192,7,200242,301316,2024-12-09,14:00,18:00,53363,12342.08,Completed
404194,EVT-404194,Event_404194,9,200208,300880,2025-11-08,19:00,23:00,51367,3683.93,Completed
404195,EVT-404195,Event_404195,7,200316,300152,2025-06-18,09:00,11:00,56503,12633.27,Scheduled
404196,EVT-404196,Event_404196,15,200212,301621,2024-09-05,20:00,23:00,64512,3681.84,Cancelled
404197,EVT-404197,Event_404197,10,200411,301154,2024-02-20,14:00,15:00,36120,407.39,Completed
404198,EVT-404198,Event_404198,9,200322,301506,2026-05-28,14:00,17:00,60914,3456.03,Scheduled
404199,EVT-404199,Event_404199,5,200333,301791,2024-07-14,14:00,18:00,19915,9475.44,Scheduled
404200,EVT-404200,Event_404200,10,200092,300737,2024-10-03,09:00,11:00,68500,7600.155000000001,Scheduled
404201,EVT-404201,Event_404201,9,200338,301115,2024-01-12,09:00,12:00,42125,14313.52,Completed
404202,EVT-404202,Event_404202,2,200156,301828,2024-08-21,11:00,15:00,1994,6097.58,Completed
404203,EVT-404203,Event_404203,14,200189,300162,2026-05-11,16:00,21:00,45822,3484.24,Postponed
404204,EVT-404204,Event_404204,15,200135,301550,2024-05-05,10:00,11:00,28099,12577.0,Postponed
404205,EVT-404205,Event_404205,8,200010,300098,2025-09-24,14:00,16:00,26839,7600.155000000001,Scheduled
404206,EVT-404206,Event_404206,12,200146,301484,2024-12-05,18:00,19:00,5381,4408.0,Completed
404207,EVT-404207,Event_404207,6,200055,300957,2024-03-28,10:00,12:00,17244,8580.53,Completed
404208,EVT-404208,Event_404208,7,200027,300619,2026-02-17,20:00,23:00,43036,13945.94,Completed
404210,EVT-404210,Event_404210,1,200229,301894,2024-07-27,20:00,00:00,61135,9138.34,Completed
404211,EVT-404211,Event_404211,3,200236,301341,2026-04-19,18:00,22:00,63050,1504.88,Completed
404212,EVT-404212,Event_404212,14,200418,301788,2025-07-04,14:00,18:00,31037,10906.37,Completed
404213,EVT-404213,Event_404213,1,200015,301198,2024-08-09,14:00,18:00,58575,10854.18,Postponed
404214,EVT-404214,Event_404214,7,200056,300421,2025-10-12,14:00,20:00,48993,9773.58,Completed
404215,EVT-404215,Event_404215,10,200157,301444,2024-09-13,20:00,01:00,3654,6441.15,Completed
404216,EVT-404216,Event_404216,2,200229,300924,2026-04-06,18:00,23:00,62947,3072.05,Scheduled
404217,EVT-404217,Event_404217,3,200171,300445,2026-03-06,18:00,23:00,37008,1461.95,Completed
404218,EVT-404218,Event_404218,4,200430,300672,2024-08-30,10:00,13:00,9126,7685.12,Completed
404219,EVT-404219,Event_404219,11,200296,301749,2024-02-07,10:00,11:00,13967,11116.63,Completed
404220,EVT-404220,Event_404220,12,200381,301993,2025-07-03,10:00,11:00,17096,11400.8,Completed
404221,EVT-404221,Event_404221,12,200289,301997,2025-06-17,10:00,16:00,48572,2132.81,Completed
404222,EVT-404222,Event_404222,14,200299,300764,2026-05-30,16:00,21:00,43655,6129.93,Completed
404223,EVT-404223,Event_404223,9,200271,301674,2024-11-21,19:00,22:00,16797,10976.21,Scheduled
404224,EVT-404224,Event_404224,12,200270,301407,2025-10-27,16:00,20:00,61929,14938.41,Postponed
404225,EVT-404225,Event_404225,15,200276,300041,2025-04-13,18:00,22:00,29955,1669.43,Completed
404226,EVT-404226,Event_404226,15,200094,301816,2026-04-04,09:00,12:00,13248,2143.16,Completed
404227,EVT-404227,Event_404227,15,200122,300172,2026-05-01,11:00,13:00,41266,7600.155000000001,Postponed
404228,EVT-404228,Event_404228,7,200485,300564,2024-06-04,14:00,19:00,44416,10554.93,Completed
404229,EVT-404229,Event_404229,3,200198,301500,2024-01-17,09:00,12:00,65435,11783.77,Scheduled
404230,EVT-404230,Event_404230,1,200401,301498,2024-10-07,20:00,00:00,65528,350.48,Cancelled
404232,EVT-404232,Event_404232,14,200365,301578,2025-04-29,09:00,11:00,18896,12516.17,Completed
404233,EVT-404233,Event_404233,4,200338,301484,2026-01-17,20:00,02:00,36556,2908.93,Completed
404234,EVT-404234,Event_404234,4,200090,300660,2026-01-19,19:00,21:00,64215,5734.74,Cancelled
404235,EVT-404235,Event_404235,14,200234,300716,2026-01-02,19:00,20:00,39031,10377.97,Completed
404236,EVT-404236,Event_404236,9,200168,300102,2024-03-15,19:00,00:00,36791,3708.62,Completed
404237,EVT-404237,Event_404237,15,200352,300486,2026-03-06,18:00,22:00,57531,8383.26,Completed
404238,EVT-404238,Event_404238,2,200070,300098,2025-03-04,11:00,16:00,31041,10424.85,Completed
404239,EVT-404239,Event_404239,6,200262,300899,2024-12-20,18:00,21:00,47894,9708.79,Completed
404240,EVT-404240,Event_404240,1,200381,300740,2024-11-11,18:00,00:00,18279,995.9,Cancelled
404241,EVT-404241,Event_404241,15,200370,301179,2025-01-17,16:00,17:00,35364,11608.56,Completed
404242,EVT-404242,Event_404242,8,200310,301459,2025-04-07,18:00,00:00,49495,12851.72,Completed
404243,EVT-404243,Event_404243,4,200153,300817,2025-08-24,14:00,17:00,50925,1081.88,Completed
404244,EVT-404244,Event_404244,6,200249,301449,2025-12-20,10:00,12:00,23238,5311.37,Completed
404245,EVT-404245,Event_404245,9,200404,300827,2025-06-08,14:00,16:00,2216,9884.99,Completed
404246,EVT-404246,Event_404246,15,200291,301957,2026-01-02,16:00,21:00,56932,14616.02,Cancelled
404247,EVT-404247,Event_404247,15,200153,301572,2025-01-08,09:00,15:00,36193,10016.61,Cancelled
404248,EVT-404248,Event_404248,7,200284,301840,2024-12-28,19:00,23:00,36773,11655.31,Completed
404249,EVT-404249,Event_404249,2,200059,301682,2024-01-07,09:00,15:00,7503,7953.65,Completed
404250,EVT-404250,Event_404250,3,200272,300279,2024-01-05,20:00,23:00,27762,4426.95,Postponed
404251,EVT-404251,Event_404251,2,200486,300146,2024-12-11,09:00,15:00,6783,1753.58,Completed
404252,EVT-404252,Event_404252,15,200450,300777,2025-03-31,14:00,16:00,40074,11241.39,Scheduled
404253,EVT-404253,Event_404253,1,200185,300093,2025-04-22,09:00,10:00,8951,12917.78,Postponed
404254,EVT-404254,Event_404254,6,200479,300659,2025-09-28,20:00,00:00,49931,14889.52,Postponed
404255,EVT-404255,Event_404255,13,200325,301285,2025-10-19,18:00,23:00,35752,6403.24,Completed
404257,EVT-404257,Event_404257,1,200328,301904,2024-12-19,19:00,00:00,51076,3711.39,Completed
404258,EVT-404258,Event_404258,15,200405,300179,2026-01-07,18:00,20:00,29437,1877.67,Postponed
404259,EVT-404259,Event_404259,4,200329,300736,2025-12-30,20:00,21:00,6519,7891.42,Cancelled
404260,EVT-404260,Event_404260,14,200246,301776,2025-08-01,20:00,01:00,44290,10499.65,Scheduled
404261,EVT-404261,Event_404261,11,200447,300852,2026-01-10,14:00,16:00,9298,5956.79,Completed
404262,EVT-404262,Event_404262,3,200110,300244,2024-02-12,19:00,01:00,17909,14929.56,Scheduled
404263,EVT-404263,Event_404263,15,200222,301480,2024-08-19,19:00,20:00,7400,13565.03,Completed
404264,EVT-404264,Event_404264,9,200433,300727,2024-10-20,09:00,12:00,49082,355.54,Scheduled
404265,EVT-404265,Event_404265,10,200303,301681,2026-06-16,09:00,12:00,4402,11943.02,Completed
404266,EVT-404266,Event_404266,14,200317,301709,2025-06-15,14:00,19:00,31464,1491.23,Completed
404267,EVT-404267,Event_404267,15,200175,301824,2025-02-08,20:00,23:00,36208,6053.11,Scheduled
404268,EVT-404268,Event_404268,14,200305,301757,2024-04-01,09:00,12:00,24159,2366.79,Scheduled
404269,EVT-404269,Event_404269,12,200474,301971,2025-10-31,18:00,22:00,27105,2700.33,Scheduled
404270,EVT-404270,Event_404270,14,200460,300209,2024-11-26,18:00,23:00,48223,12588.62,Completed
404271,EVT-404271,Event_404271,4,200497,301070,2025-12-08,18:00,21:00,35931,5263.31,Scheduled
404272,EVT-404272,Event_404272,7,200345,301786,2026-02-05,18:00,00:00,13097,7479.85,Completed
404273,EVT-404273,Event_404273,14,200160,301578,2025-05-29,10:00,11:00,18189,11586.57,Completed
404274,EVT-404274,Event_404274,4,200433,300144,2024-02-14,19:00,23:00,34138,11103.55,Scheduled
404275,EVT-404275,Event_404275,15,200121,300539,2024-03-24,09:00,11:00,55876,3183.76,Completed
404276,EVT-404276,Event_404276,13,200156,300070,2025-04-29,11:00,14:00,36418,11404.08,Cancelled
404277,EVT-404277,Event_404277,7,200340,301823,2025-08-02,19:00,23:00,18014,1781.7,Scheduled
404278,EVT-404278,Event_404278,8,200236,301013,2024-06-20,16:00,17:00,40102,10859.41,Completed
404279,EVT-404279,Event_404279,6,200319,301111,2025-10-07,11:00,12:00,5510,5445.0,Scheduled
404280,EVT-404280,Event_404280,4,200379,301243,2024-05-18,10:00,11:00,58370,467.11,Completed
404281,EVT-404281,Event_404281,1,200260,301974,2024-09-05,09:00,14:00,21964,4454.29,Completed
404282,EVT-404282,Event_404282,2,200322,300048,2026-05-07,11:00,16:00,25212,1205.67,Completed
404283,EVT-404283,Event_404283,14,200267,300115,2024-08-29,16:00,18:00,65291,6536.2,Completed
404284,EVT-404284,Event_404284,5,200497,300641,2025-05-09,20:00,00:00,17668,9793.64,Cancelled
404285,EVT-404285,Event_404285,5,200192,300270,2026-05-11,18:00,21:00,3184,9492.22,Cancelled
404286,EVT-404286,Event_404286,5,200072,301783,2024-08-19,18:00,21:00,21662,9615.13,Cancelled
404287,EVT-404287,Event_404287,10,200065,300364,2026-05-04,18:00,22:00,4449,6364.24,Completed
404288,EVT-404288,Event_404288,11,200409,300913,2025-07-23,16:00,19:00,53311,1391.28,Completed
404289,EVT-404289,Event_404289,6,200189,300223,2025-08-10,11:00,14:00,2299,7600.155000000001,Completed
404290,EVT-404290,Event_404290,3,200274,301579,2025-11-13,19:00,23:00,48050,8746.12,Completed
404291,EVT-404291,Event_404291,9,200033,300295,2024-01-19,14:00,16:00,17447,13604.7,Completed
404292,EVT-404292,Event_404292,1,200049,300277,2024-11-22,11:00,14:00,13595,9549.99,Cancelled
404293,EVT-404293,Event_404293,1,200124,300667,2024-08-17,10:00,16:00,39773,14010.11,Completed
404294,EVT-404294,Event_404294,1,200483,301171,2026-04-10,19:00,00:00,14413,8826.05,Cancelled
404295,EVT-404295,Event_404295,14,200077,300666,2025-03-16,18:00,22:00,34219,3119.67,Completed
404296,EVT-404296,Event_404296,8,200102,301427,2026-06-28,11:00,14:00,30282,3435.78,Scheduled
404297,EVT-404297,Event_404297,4,200373,300480,2026-04-17,14:00,20:00,67123,8319.22,Completed
404298,EVT-404298,Event_404298,2,200060,300865,2024-05-26,20:00,01:00,34545,10050.37,Completed
404299,EVT-404299,Event_404299,15,200162,300463,2026-06-25,11:00,16:00,42154,9796.35,Scheduled
404300,EVT-404300,Event_404300,4,200374,300623,2025-11-23,09:00,13:00,45151,1682.53,Completed
404301,EVT-404301,Event_404301,6,200314,300669,2025-08-03,18:00,23:00,50050,8752.72,Completed
404302,EVT-404302,Event_404302,5,200013,301626,2026-03-01,09:00,13:00,30506,8992.9,Completed
404303,EVT-404303,Event_404303,8,200324,301044,2024-10-02,10:00,14:00,20511,10160.88,Completed
404304,EVT-404304,Event_404304,13,200204,301251,2026-01-28,11:00,13:00,19061,14901.18,Completed
404305,EVT-404305,Event_404305,2,200013,300266,2026-03-04,14:00,19:00,7182,2752.67,Completed
404306,EVT-404306,Event_404306,15,200400,300090,2025-05-25,14:00,20:00,3171,938.42,Completed
404307,EVT-404307,Event_404307,14,200213,300541,2025-12-13,20:00,21:00,61383,4139.55,Scheduled
404308,EVT-404308,Event_404308,14,200334,301147,2025-02-20,14:00,15:00,14866,6200.01,Completed
404309,EVT-404309,Event_404309,6,200022,300365,2025-10-09,14:00,20:00,22351,6169.5,Completed
404310,EVT-404310,Event_404310,4,200035,300995,2025-01-28,19:00,20:00,67755,6646.73,Postponed
404311,EVT-404311,Event_404311,2,200397,300789,2025-04-18,18:00,19:00,4547,7600.155000000001,Cancelled
404312,EVT-404312,Event_404312,14,200438,301129,2024-04-11,20:00,21:00,16740,8909.75,Completed
404313,EVT-404313,Event_404313,2,200234,301651,2025-10-13,19:00,20:00,9308,13501.26,Scheduled
404314,EVT-404314,Event_404314,11,200178,300020,2025-10-19,09:00,12:00,42384,7600.155000000001,Completed
404315,EVT-404315,Event_404315,3,200193,300081,2026-02-04,20:00,23:00,60114,12250.9,Cancelled
404316,EVT-404316,Event_404316,3,200119,301030,2024-07-02,19:00,01:00,44950,2926.81,Completed
404317,EVT-404317,Event_404317,2,200310,300310,2024-12-09,18:00,19:00,47090,3121.05,Completed
404318,EVT-404318,Event_404318,5,200336,300682,2025-01-16,16:00,17:00,30276,7600.155000000001,Completed
404319,EVT-404319,Event_404319,14,200484,300004,2024-11-28,20:00,23:00,200000,8330.43,Completed
404320,EVT-404320,Event_404320,2,200285,300324,2024-06-01,10:00,14:00,6848,11313.51,Postponed
404321,EVT-404321,Event_404321,15,200040,301933,2025-02-25,11:00,15:00,40670,8840.73,Completed
404322,EVT-404322,Event_404322,13,200246,301576,2025-05-19,09:00,10:00,24285,3271.34,Completed
404324,EVT-404324,Event_404324,7,200199,300249,2025-11-07,20:00,01:00,32944,9028.72,Postponed
404325,EVT-404325,Event_404325,15,200336,300386,2025-04-26,09:00,15:00,52258,6863.68,Completed
404326,EVT-404326,Event_404326,12,200202,301532,2025-02-16,09:00,10:00,59976,10090.59,Completed
404327,EVT-404327,Event_404327,7,200250,300872,2024-09-06,20:00,23:00,61870,7403.41,Completed
404328,EVT-404328,Event_404328,9,200359,300583,2024-11-18,11:00,12:00,29582,13518.49,Completed
404329,EVT-404329,Event_404329,11,200220,300255,2024-04-12,14:00,20:00,7808,9128.55,Cancelled
404330,EVT-404330,Event_404330,2,200155,301622,2025-07-05,10:00,14:00,28200,9579.8,Scheduled
404331,EVT-404331,Event_404331,11,200272,301246,2025-11-28,20:00,00:00,6474,14215.59,Completed
404332,EVT-404332,Event_404332,8,200272,301735,2026-03-19,16:00,18:00,2353,14856.83,Completed
404333,EVT-404333,Event_404333,13,200074,301239,2024-06-16,09:00,13:00,4581,4510.22,Scheduled
404334,EVT-404334,Event_404334,11,200123,300906,2025-08-01,09:00,10:00,40469,7283.45,Completed
404335,EVT-404335,Event_404335,5,200130,300929,2026-01-02,18:00,21:00,59009,4019.3,Scheduled
404336,EVT-404336,Event_404336,4,200278,300328,2025-12-04,18:00,00:00,14446,14394.72,Scheduled
404337,EVT-404337,Event_404337,4,200201,300173,2024-04-18,19:00,20:00,2550,12472.58,Completed
404338,EVT-404338,Event_404338,7,200378,300729,2024-10-22,10:00,15:00,32688,11457.56,Completed
404339,EVT-404339,Event_404339,2,200011,301630,2024-07-14,11:00,15:00,17935,12367.0,Completed
404340,EVT-404340,Event_404340,6,200408,300468,2025-10-28,18:00,23:00,41072,5254.32,Completed
404341,EVT-404341,Event_404341,14,200282,300178,2025-03-27,19:00,22:00,68644,9253.72,Scheduled
404342,EVT-404342,Event_404342,1,200053,300903,2026-06-07,14:00,20:00,34295,8238.42,Completed
404343,EVT-404343,Event_404343,15,200425,301646,2024-06-23,09:00,13:00,48201,2189.01,Cancelled
404344,EVT-404344,Event_404344,13,200346,300997,2024-07-22,14:00,16:00,18633,580.71,Completed
404345,EVT-404345,Event_404345,8,200482,301950,2025-04-24,20:00,01:00,12284,9957.78,Completed
404346,EVT-404346,Event_404346,3,200267,301907,2025-01-06,09:00,10:00,17499,11229.46,Postponed
404347,EVT-404347,Event_404347,10,200154,300962,2025-07-29,11:00,14:00,41016,6306.09,Completed
404348,EVT-404348,Event_404348,8,200082,301456,2026-04-18,10:00,15:00,46767,11980.06,Completed
404349,EVT-404349,Event_404349,15,200241,300432,2024-10-16,19:00,22:00,46061,7600.155000000001,Postponed
404350,EVT-404350,Event_404350,6,200217,301776,2026-06-02,10:00,11:00,32810,11807.29,Completed
404351,EVT-404351,Event_404351,3,200439,300681,2026-06-12,11:00,13:00,11865,14949.56,Cancelled
404352,EVT-404352,Event_404352,2,200205,300026,2024-09-04,20:00,23:00,33208,8648.47,Completed
404353,EVT-404353,Event_404353,14,200402,301611,2024-08-02,16:00,17:00,7013,3028.05,Completed
404354,EVT-404354,Event_404354,6,200061,300490,2026-04-08,20:00,23:00,42743,13414.92,Completed
404355,EVT-404355,Event_404355,11,200050,300540,2024-03-13,14:00,19:00,200000,8319.94,Completed
404356,EVT-404356,Event_404356,8,200185,300546,2025-02-05,20:00,02:00,29110,10122.53,Completed
404357,EVT-404357,Event_404357,12,200188,301877,2026-02-01,10:00,15:00,58221,12846.69,Completed
404358,EVT-404358,Event_404358,11,200417,300299,2025-07-21,16:00,19:00,6125,1452.96,Completed
404359,EVT-404359,Event_404359,6,200031,301810,2024-04-11,19:00,22:00,8116,6578.52,Cancelled
404360,EVT-404360,Event_404360,14,200414,301205,2025-05-21,10:00,11:00,1590,11366.89,Completed
404361,EVT-404361,Event_404361,13,200359,301970,2024-06-04,19:00,21:00,15967,12610.68,Completed
404362,EVT-404362,Event_404362,2,200224,301179,2025-04-15,09:00,15:00,19425,2472.66,Cancelled
404363,EVT-404363,Event_404363,13,200040,300450,2024-06-19,11:00,17:00,17590,320.74,Completed
404364,EVT-404364,Event_404364,14,200432,301071,2025-04-10,14:00,16:00,61284,7607.84,Completed
404365,EVT-404365,Event_404365,12,200033,300758,2025-05-09,18:00,00:00,31248,6200.9,Completed
404366,EVT-404366,Event_404366,3,200161,300549,2026-01-16,19:00,23:00,34597,11827.62,Scheduled
404367,EVT-404367,Event_404367,6,200408,301590,2024-10-10,19:00,22:00,25882,6572.77,Scheduled
404368,EVT-404368,Event_404368,2,200471,300699,2026-06-24,14:00,20:00,8887,13415.27,Completed
404369,EVT-404369,Event_404369,15,200007,301107,2025-12-29,10:00,13:00,6346,12577.18,Completed
404370,EVT-404370,Event_404370,10,200436,300124,2025-11-10,19:00,23:00,69133,8934.1,Scheduled
404371,EVT-404371,Event_404371,7,200303,300749,2025-03-04,19:00,01:00,37747,5400.08,Completed
404372,EVT-404372,Event_404372,15,200438,301934,2024-08-21,19:00,01:00,5071,4965.66,Completed
404373,EVT-404373,Event_404373,7,200164,300104,2024-09-23,16:00,17:00,18757,14175.63,Scheduled
404374,EVT-404374,Event_404374,7,200485,301712,2025-11-03,10:00,12:00,39888,5886.37,Completed
404376,EVT-404376,Event_404376,15,200476,301245,2024-03-27,09:00,13:00,200000,5217.5,Completed
404377,EVT-404377,Event_404377,6,200146,301195,2025-06-26,18:00,23:00,34051,10479.36,Scheduled
404378,EVT-404378,Event_404378,10,200316,301571,2024-02-27,14:00,19:00,39859,7933.65,Completed
404379,EVT-404379,Event_404379,3,200378,300026,2025-04-20,16:00,17:00,50977,11856.02,Completed
404380,EVT-404380,Event_404380,15,200436,300534,2024-09-24,18:00,19:00,65939,13051.94,Completed
404381,EVT-404381,Event_404381,10,200360,300218,2025-07-23,16:00,18:00,41231,11934.63,Completed
404382,EVT-404382,Event_404382,14,200194,300369,2025-05-23,14:00,19:00,16618,898.16,Completed
404383,EVT-404383,Event_404383,1,200178,301830,2026-06-24,14:00,18:00,13183,13505.8,Scheduled
404384,EVT-404384,Event_404384,13,200072,300765,2026-02-08,19:00,01:00,2161,10109.46,Completed
404385,EVT-404385,Event_404385,5,200069,300109,2026-04-13,10:00,12:00,45609,3249.91,Completed
404386,EVT-404386,Event_404386,4,200311,301231,2024-09-03,14:00,20:00,68327,1315.11,Cancelled
404387,EVT-404387,Event_404387,8,200375,301651,2025-04-12,18:00,19:00,60626,10746.31,Completed
404388,EVT-404388,Event_404388,10,200328,301769,2025-12-28,19:00,00:00,68765,5720.19,Cancelled
404389,EVT-404389,Event_404389,10,200227,301037,2024-04-27,20:00,22:00,64548,11470.73,Completed
404390,EVT-404390,Event_404390,5,200418,301200,2026-03-11,19:00,21:00,200000,5940.18,Completed
404391,EVT-404391,Event_404391,8,200376,301133,2025-02-17,14:00,16:00,39705,8023.34,Completed
404392,EVT-404392,Event_404392,8,200236,301471,2024-01-12,19:00,20:00,59422,12248.53,Completed
404393,EVT-404393,Event_404393,7,200102,301998,2026-02-13,19:00,20:00,61829,10133.27,Completed
404394,EVT-404394,Event_404394,4,200226,300855,2024-12-12,19:00,23:00,3641,4575.92,Completed
404395,EVT-404395,Event_404395,8,200161,300876,2024-08-24,10:00,13:00,12368,2839.89,Completed
404396,EVT-404396,Event_404396,12,200280,300923,2025-02-28,14:00,20:00,64534,14704.0,Completed
404397,EVT-404397,Event_404397,6,200161,300234,2025-06-07,19:00,20:00,32329,13105.54,Completed
404398,EVT-404398,Event_404398,4,200246,300620,2025-09-29,09:00,12:00,24056,11752.73,Completed
404399,EVT-404399,Event_404399,3,200406,301957,2025-06-03,09:00,15:00,47406,2812.76,Completed
404400,EVT-404400,Event_404400,1,200498,301526,2024-01-17,09:00,15:00,7173,6910.43,Completed
404401,EVT-404401,Event_404401,8,200293,300319,2025-08-24,14:00,16:00,27382,9006.46,Completed
404402,EVT-404402,Event_404402,6,200287,300429,2025-06-05,18:00,00:00,44847,11437.06,Cancelled
404403,EVT-404403,Event_404403,14,200231,301292,2026-03-14,16:00,20:00,56015,13620.94,Completed
404404,EVT-404404,Event_404404,2,200146,300573,2025-12-08,16:00,22:00,46253,2471.32,Completed
404405,EVT-404405,Event_404405,9,200397,300051,2024-02-07,19:00,00:00,10763,12742.49,Scheduled
404406,EVT-404406,Event_404406,10,200229,301610,2024-08-10,18:00,20:00,61839,599.95,Scheduled
404407,EVT-404407,Event_404407,12,200447,300709,2025-03-13,10:00,11:00,46044,11482.64,Completed
404408,EVT-404408,Event_404408,1,200338,301275,2025-02-06,11:00,17:00,200000,2625.13,Cancelled
404409,EVT-404409,Event_404409,4,200224,301563,2024-05-06,18:00,20:00,14940,9226.6,Completed
404410,EVT-404410,Event_404410,5,200207,300060,2024-11-12,09:00,11:00,51231,3579.12,Scheduled
404411,EVT-404411,Event_404411,6,200420,301191,2025-03-17,20:00,22:00,23145,2001.9,Completed
404412,EVT-404412,Event_404412,10,200247,300382,2026-03-24,09:00,12:00,2054,3662.86,Postponed
404413,EVT-404413,Event_404413,8,200007,300543,2025-01-19,14:00,19:00,40822,10941.79,Completed
404414,EVT-404414,Event_404414,10,200387,300851,2026-03-14,18:00,00:00,43886,2096.57,Completed
404415,EVT-404415,Event_404415,4,200350,301379,2024-08-29,09:00,15:00,67842,12010.16,Scheduled
404416,EVT-404416,Event_404416,4,200145,300900,2025-12-02,11:00,17:00,68977,582.27,Completed
404417,EVT-404417,Event_404417,14,200304,300859,2025-05-06,09:00,15:00,54860,9937.91,Scheduled
404418,EVT-404418,Event_404418,12,200292,300101,2025-12-07,10:00,11:00,2790,8318.94,Completed
404419,EVT-404419,Event_404419,10,200071,300933,2025-05-26,10:00,13:00,25502,909.63,Completed
404420,EVT-404420,Event_404420,14,200178,300025,2024-05-16,09:00,13:00,36304,320.91,Scheduled
404421,EVT-404421,Event_404421,10,200004,301105,2025-05-28,19:00,23:00,33244,10595.63,Cancelled
404422,EVT-404422,Event_404422,15,200397,300759,2024-01-23,18:00,19:00,42048,7600.155000000001,Completed
404423,EVT-404423,Event_404423,13,200396,301235,2024-03-16,18:00,22:00,65789,5172.18,Completed
404424,EVT-404424,Event_404424,11,200172,300069,2025-10-16,18:00,00:00,200000,8664.64,Scheduled
404425,EVT-404425,Event_404425,1,200228,301238,2026-03-26,16:00,18:00,42451,13481.43,Completed
404426,EVT-404426,Event_404426,8,200154,301097,2026-01-07,10:00,15:00,1644,2616.48,Completed
404427,EVT-404427,Event_404427,7,200071,301186,2025-11-25,11:00,14:00,31633,979.98,Cancelled
404428,EVT-404428,Event_404428,7,200378,301100,2026-06-25,16:00,18:00,17542,9982.97,Completed
404429,EVT-404429,Event_404429,13,200056,300678,2024-10-25,18:00,21:00,4717,7603.17,Postponed
404430,EVT-404430,Event_404430,10,200299,301893,2025-05-22,18:00,21:00,47878,11576.77,Completed
404431,EVT-404431,Event_404431,3,200084,300241,2025-09-30,10:00,13:00,65420,9666.96,Postponed
404432,EVT-404432,Event_404432,11,200488,301671,2025-06-11,19:00,20:00,22064,12463.14,Postponed
404433,EVT-404433,Event_404433,2,200029,300422,2024-12-01,20:00,21:00,22106,4062.84,Scheduled
404434,EVT-404434,Event_404434,1,200233,301260,2025-05-14,19:00,21:00,26592,6073.48,Completed
404435,EVT-404435,Event_404435,8,200277,300273,2024-10-16,19:00,00:00,200000,9347.14,Cancelled
404436,EVT-404436,Event_404436,6,200313,301538,2024-01-28,14:00,16:00,68695,9933.47,Completed
404437,EVT-404437,Event_404437,11,200093,300670,2025-03-24,09:00,14:00,2405,12384.35,Scheduled
404438,EVT-404438,Event_404438,8,200117,301836,2026-04-21,20:00,21:00,17970,1501.75,Cancelled
404439,EVT-404439,Event_404439,6,200403,301901,2025-05-05,11:00,17:00,6200,8124.64,Scheduled
404440,EVT-404440,Event_404440,13,200043,300619,2025-02-25,19:00,22:00,66946,4291.11,Completed
404441,EVT-404441,Event_404441,2,200393,300925,2025-09-19,16:00,18:00,32406,497.69,Completed
404442,EVT-404442,Event_404442,15,200286,301927,2024-10-23,20:00,01:00,66395,9498.27,Completed
404443,EVT-404443,Event_404443,8,200422,301265,2025-05-02,16:00,18:00,57416,11912.27,Scheduled
404444,EVT-404444,Event_404444,2,200362,301499,2025-11-01,14:00,20:00,52200,8035.79,Completed
404445,EVT-404445,Event_404445,4,200107,301419,2026-05-31,20:00,22:00,47299,1749.52,Completed
404446,EVT-404446,Event_404446,4,200099,301801,2026-05-04,16:00,21:00,37218,4263.11,Cancelled
404447,EVT-404447,Event_404447,12,200058,300743,2025-07-30,11:00,12:00,4989,9390.82,Completed
404448,EVT-404448,Event_404448,7,200188,300093,2024-07-10,11:00,15:00,200000,674.85,Postponed
404449,EVT-404449,Event_404449,11,200048,300287,2025-11-08,20:00,01:00,44052,1165.99,Scheduled
404450,EVT-404450,Event_404450,2,200345,301814,2025-12-07,11:00,14:00,48940,10888.92,Completed
404451,EVT-404451,Event_404451,1,200487,300672,2024-03-22,18:00,21:00,41488,8897.19,Completed
404452,EVT-404452,Event_404452,9,200158,300504,2025-06-26,11:00,12:00,26217,11674.0,Completed
404453,EVT-404453,Event_404453,7,200076,300034,2026-02-13,14:00,15:00,68472,1482.11,Scheduled
404454,EVT-404454,Event_404454,4,200175,301238,2024-11-16,18:00,20:00,50657,7600.155000000001,Completed
404455,EVT-404455,Event_404455,15,200437,301416,2024-07-08,11:00,14:00,17374,6229.92,Completed
404456,EVT-404456,Event_404456,5,200494,301024,2026-05-25,11:00,16:00,32474,5574.97,Postponed
404457,EVT-404457,Event_404457,12,200159,301879,2024-08-09,09:00,11:00,59841,14920.42,Completed
404458,EVT-404458,Event_404458,2,200007,301998,2024-07-31,20:00,21:00,7026,14266.67,Completed
404459,EVT-404459,Event_404459,11,200469,300585,2025-10-01,18:00,21:00,19193,1890.28,Completed
404460,EVT-404460,Event_404460,2,200136,300407,2025-08-17,14:00,16:00,12650,14510.27,Postponed
404461,EVT-404461,Event_404461,15,200059,300467,2024-03-14,19:00,00:00,14343,11549.58,Completed
404462,EVT-404462,Event_404462,8,200133,301596,2025-11-19,11:00,14:00,30498,804.99,Completed
404463,EVT-404463,Event_404463,1,200222,301067,2026-03-04,14:00,18:00,44950,7429.01,Completed
404464,EVT-404464,Event_404464,12,200202,300935,2026-01-02,10:00,13:00,12066,3196.97,Completed
404465,EVT-404465,Event_404465,3,200391,301207,2026-05-02,14:00,17:00,22605,14722.42,Completed
404466,EVT-404466,Event_404466,8,200082,300959,2024-05-05,09:00,12:00,6837,7600.155000000001,Cancelled
404467,EVT-404467,Event_404467,4,200362,300281,2026-03-19,18:00,22:00,59113,2574.14,Completed
404468,EVT-404468,Event_404468,14,200200,300790,2024-11-02,20:00,21:00,17949,13786.89,Postponed
404469,EVT-404469,Event_404469,13,200406,301130,2026-01-22,11:00,15:00,200000,1256.81,Completed
404470,EVT-404470,Event_404470,12,200250,301889,2024-01-22,14:00,19:00,3945,2408.42,Completed
404471,EVT-404471,Event_404471,1,200036,300972,2025-10-26,19:00,22:00,22643,12672.36,Completed
404472,EVT-404472,Event_404472,8,200069,301571,2024-01-30,19:00,22:00,50359,5778.75,Completed
404473,EVT-404473,Event_404473,15,200180,300292,2024-06-16,19:00,23:00,11053,4270.73,Completed
404474,EVT-404474,Event_404474,3,200039,301520,2024-07-22,19:00,01:00,34019,7348.26,Scheduled
404475,EVT-404475,Event_404475,10,200246,301294,2026-03-31,14:00,16:00,47933,4123.75,Completed
404476,EVT-404476,Event_404476,8,200144,301512,2024-05-31,19:00,00:00,65825,6226.35,Scheduled
404477,EVT-404477,Event_404477,1,200073,300286,2026-06-16,14:00,16:00,56034,5909.12,Scheduled
404478,EVT-404478,Event_404478,8,200370,300256,2025-02-14,09:00,11:00,53172,3156.21,Cancelled
404479,EVT-404479,Event_404479,12,200120,301653,2026-04-02,19:00,01:00,34214,3683.01,Completed
404480,EVT-404480,Event_404480,11,200350,300053,2025-09-30,16:00,20:00,64510,10363.16,Completed
404481,EVT-404481,Event_404481,2,200148,301524,2025-11-01,18:00,23:00,9222,5866.71,Cancelled
404482,EVT-404482,Event_404482,15,200039,301962,2026-02-21,19:00,20:00,22160,11782.62,Completed
404483,EVT-404483,Event_404483,5,200244,301892,2024-11-18,20:00,21:00,38410,5434.29,Completed
404484,EVT-404484,Event_404484,10,200195,300723,2025-05-27,09:00,12:00,26689,5599.08,Completed
404485,EVT-404485,Event_404485,6,200405,301137,2025-02-24,16:00,21:00,8047,8625.2,Completed
404486,EVT-404486,Event_404486,13,200362,301728,2026-05-01,10:00,14:00,56874,9491.04,Completed
404487,EVT-404487,Event_404487,3,200010,301474,2026-04-12,20:00,22:00,20425,886.07,Completed
404488,EVT-404488,Event_404488,7,200437,301832,2024-09-24,11:00,13:00,51920,4749.16,Cancelled
404489,EVT-404489,Event_404489,12,200488,300967,2026-05-28,09:00,11:00,33609,12951.12,Completed
404490,EVT-404490,Event_404490,11,200289,300693,2024-08-22,09:00,12:00,53805,1128.39,Scheduled
404491,EVT-404491,Event_404491,14,200229,301409,2024-08-26,09:00,13:00,54839,7279.52,Completed
404492,EVT-404492,Event_404492,15,200041,301875,2025-06-03,16:00,21:00,20476,12464.55,Completed
404493,EVT-404493,Event_404493,7,200005,301100,2024-02-05,14:00,18:00,26193,10449.54,Completed
404494,EVT-404494,Event_404494,9,200202,301724,2024-01-26,18:00,23:00,37968,1393.55,Cancelled
404495,EVT-404495,Event_404495,11,200410,301909,2025-10-28,19:00,00:00,27063,12935.07,Completed
404496,EVT-404496,Event_404496,2,200230,301581,2025-10-31,11:00,14:00,49616,7600.155000000001,Completed
404497,EVT-404497,Event_404497,1,200431,300093,2026-02-16,14:00,18:00,11391,2170.37,Cancelled
404498,EVT-404498,Event_404498,11,200267,301594,2025-09-04,14:00,18:00,19507,10885.27,Scheduled
404499,EVT-404499,Event_404499,7,200451,300498,2025-07-05,20:00,22:00,21362,14199.08,Scheduled
404500,EVT-404500,Event_404500,10,200499,300986,2024-01-26,19:00,23:00,47405,979.63,Scheduled
404501,EVT-404501,Event_404501,1,200436,300414,2024-03-22,16:00,21:00,7065,9958.23,Completed
404502,EVT-404502,Event_404502,15,200095,300877,2026-01-07,20:00,23:00,62320,13090.01,Completed
404503,EVT-404503,Event_404503,5,200306,301394,2024-09-10,14:00,15:00,22921,5385.03,Completed
404505,EVT-404505,Event_404505,5,200303,301201,2025-08-17,19:00,01:00,8402,14964.86,Completed
404506,EVT-404506,Event_404506,4,200467,301829,2024-09-07,14:00,20:00,39942,7798.66,Completed
404507,EVT-404507,Event_404507,8,200228,300946,2026-02-16,11:00,13:00,35991,2326.7,Completed
404508,EVT-404508,Event_404508,10,200095,300172,2025-05-29,11:00,17:00,16777,13269.21,Completed
404509,EVT-404509,Event_404509,13,200373,301825,2026-03-04,10:00,15:00,26724,14673.43,Completed
404510,EVT-404510,Event_404510,15,200001,300630,2024-02-29,16:00,21:00,54507,7321.34,Completed
404511,EVT-404511,Event_404511,12,200416,301918,2026-04-29,10:00,12:00,45005,12326.55,Scheduled
404512,EVT-404512,Event_404512,9,200418,301231,2024-04-10,16:00,18:00,54216,5832.35,Cancelled
404513,EVT-404513,Event_404513,2,200408,300907,2024-11-15,14:00,16:00,14083,12598.88,Cancelled
404514,EVT-404514,Event_404514,7,200167,301839,2026-04-25,10:00,13:00,63086,1245.95,Completed
404515,EVT-404515,Event_404515,6,200311,301349,2025-05-20,18:00,19:00,20290,11960.33,Scheduled
404516,EVT-404516,Event_404516,14,200332,301838,2025-08-21,10:00,12:00,66595,6385.58,Completed
404517,EVT-404517,Event_404517,6,200184,300213,2024-08-30,16:00,18:00,11086,5748.47,Completed
404518,EVT-404518,Event_404518,6,200455,300169,2025-08-10,16:00,18:00,51660,8648.05,Postponed
404519,EVT-404519,Event_404519,7,200212,300049,2024-05-12,11:00,17:00,7761,4276.9,Scheduled
404520,EVT-404520,Event_404520,7,200303,300287,2024-01-26,11:00,13:00,59208,483.93,Completed
404521,EVT-404521,Event_404521,12,200022,300826,2026-01-17,14:00,18:00,34939,9904.17,Completed
404522,EVT-404522,Event_404522,3,200188,301517,2025-10-17,16:00,20:00,64413,3443.12,Postponed
404523,EVT-404523,Event_404523,4,200009,301230,2024-02-24,16:00,22:00,2518,7600.155000000001,Completed
404524,EVT-404524,Event_404524,2,200053,301454,2024-03-21,09:00,14:00,17173,7776.1,Postponed
404525,EVT-404525,Event_404525,15,200420,300836,2025-07-03,19:00,22:00,22431,12875.9,Scheduled
404526,EVT-404526,Event_404526,13,200318,301011,2026-05-23,18:00,00:00,46532,14799.27,Completed
404527,EVT-404527,Event_404527,1,200432,300255,2024-05-13,14:00,17:00,21013,1570.74,Postponed
404528,EVT-404528,Event_404528,13,200180,301880,2025-08-23,20:00,02:00,37907,10363.32,Completed
404529,EVT-404529,Event_404529,12,200460,301539,2025-07-16,14:00,20:00,49513,6635.77,Scheduled
404531,EVT-404531,Event_404531,2,200334,300890,2025-10-21,19:00,21:00,25558,6861.28,Completed
404532,EVT-404532,Event_404532,1,200256,301519,2025-01-28,18:00,20:00,200000,1922.41,Completed
404533,EVT-404533,Event_404533,10,200465,300918,2026-04-23,10:00,12:00,63724,14700.61,Scheduled
404534,EVT-404534,Event_404534,12,200471,300254,2025-04-13,09:00,12:00,62856,4780.35,Completed
404535,EVT-404535,Event_404535,9,200095,301267,2026-02-10,20:00,01:00,64608,7953.7,Completed
404536,EVT-404536,Event_404536,13,200149,300924,2025-10-26,16:00,18:00,60344,7600.155000000001,Scheduled
404537,EVT-404537,Event_404537,7,200371,300341,2025-02-13,16:00,22:00,40388,8561.07,Cancelled
404538,EVT-404538,Event_404538,10,200374,300771,2026-02-22,10:00,16:00,33165,322.84,Completed
404539,EVT-404539,Event_404539,10,200369,301909,2024-11-21,16:00,22:00,69714,12881.19,Completed
404540,EVT-404540,Event_404540,6,200093,300400,2024-11-02,18:00,00:00,49026,2008.68,Scheduled
404541,EVT-404541,Event_404541,14,200406,300500,2025-07-06,14:00,18:00,13881,12926.98,Completed
404542,EVT-404542,Event_404542,3,200270,301234,2024-11-29,16:00,19:00,59225,8530.84,Completed
404543,EVT-404543,Event_404543,6,200058,301504,2025-12-11,09:00,10:00,200000,9947.55,Completed
404544,EVT-404544,Event_404544,5,200373,301799,2025-12-15,09:00,10:00,4759,7736.99,Completed
404545,EVT-404545,Event_404545,3,200090,300976,2026-02-21,19:00,20:00,26976,5954.34,Completed
404546,EVT-404546,Event_404546,4,200261,301167,2024-04-11,19:00,00:00,200000,4309.88,Scheduled
404547,EVT-404547,Event_404547,15,200209,301472,2026-02-05,09:00,11:00,34237,9911.06,Completed
404548,EVT-404548,Event_404548,8,200392,300233,2025-01-17,18:00,20:00,58767,12285.38,Completed
404549,EVT-404549,Event_404549,1,200025,300577,2025-09-16,11:00,12:00,67792,4289.95,Scheduled
404550,EVT-404550,Event_404550,12,200450,300426,2026-01-20,18:00,21:00,8897,5487.75,Scheduled
404551,EVT-404551,Event_404551,4,200338,300959,2024-10-04,18:00,22:00,5752,2494.66,Completed
404552,EVT-404552,Event_404552,14,200299,301680,2024-08-31,18:00,23:00,52436,3045.69,Completed
404553,EVT-404553,Event_404553,5,200019,301062,2025-01-13,19:00,20:00,66906,7600.155000000001,Scheduled
404554,EVT-404554,Event_404554,7,200042,300881,2025-04-08,18:00,23:00,67940,8776.78,Completed
404555,EVT-404555,Event_404555,14,200303,300532,2026-05-27,16:00,21:00,15299,8853.99,Completed
404556,EVT-404556,Event_404556,8,200367,301422,2026-01-25,11:00,16:00,30716,1651.03,Completed
404557,EVT-404557,Event_404557,15,200381,301324,2025-07-20,09:00,14:00,13184,11335.6,Completed
404558,EVT-404558,Event_404558,8,200343,300747,2024-10-15,10:00,16:00,65295,8554.39,Scheduled
404559,EVT-404559,Event_404559,1,200436,300251,2026-05-08,11:00,16:00,63795,7750.21,Completed
404560,EVT-404560,Event_404560,4,200190,301607,2026-06-08,09:00,13:00,15709,13344.25,Scheduled
404561,EVT-404561,Event_404561,8,200416,301749,2024-07-01,18:00,19:00,52221,12767.01,Completed
404562,EVT-404562,Event_404562,4,200342,300523,2026-05-01,10:00,14:00,57022,2850.75,Completed
404563,EVT-404563,Event_404563,15,200037,300741,2025-09-14,14:00,19:00,14450,10135.55,Completed
404564,EVT-404564,Event_404564,3,200408,301042,2024-04-24,18:00,22:00,23451,4287.87,Completed
404565,EVT-404565,Event_404565,8,200277,300337,2024-07-16,11:00,12:00,32839,8278.51,Completed
404566,EVT-404566,Event_404566,9,200424,300795,2025-05-20,09:00,15:00,49035,2044.18,Scheduled
404567,EVT-404567,Event_404567,13,200355,301869,2025-02-05,10:00,11:00,52147,6137.06,Completed
404569,EVT-404569,Event_404569,7,200383,300045,2024-07-24,20:00,23:00,47455,3239.43,Scheduled
404570,EVT-404570,Event_404570,14,200023,301333,2024-05-07,11:00,14:00,63719,5953.49,Completed
404571,EVT-404571,Event_404571,4,200193,300338,2024-07-02,09:00,10:00,62286,1408.88,Cancelled
404572,EVT-404572,Event_404572,3,200087,300300,2025-01-19,09:00,15:00,69544,9449.03,Completed
404573,EVT-404573,Event_404573,7,200024,301930,2025-03-27,20:00,21:00,56879,11806.05,Completed
404574,EVT-404574,Event_404574,3,200270,300192,2026-02-08,10:00,11:00,37767,2807.82,Cancelled
404575,EVT-404575,Event_404575,11,200306,301551,2024-06-17,11:00,13:00,29707,7837.65,Completed
404576,EVT-404576,Event_404576,7,200140,300494,2024-10-28,16:00,20:00,49954,3050.72,Completed
404577,EVT-404577,Event_404577,2,200198,300302,2024-05-06,16:00,20:00,48040,6003.58,Scheduled
404579,EVT-404579,Event_404579,1,200099,301013,2025-09-25,20:00,01:00,63700,11549.81,Completed
404580,EVT-404580,Event_404580,13,200461,300985,2026-06-03,14:00,19:00,4179,14357.66,Completed
404581,EVT-404581,Event_404581,1,200004,300948,2025-02-25,18:00,20:00,11756,7253.39,Completed
404582,EVT-404582,Event_404582,8,200411,300430,2024-12-11,11:00,14:00,3423,6454.02,Completed
404583,EVT-404583,Event_404583,14,200215,300003,2026-02-07,11:00,12:00,62644,1104.18,Completed
404584,EVT-404584,Event_404584,14,200041,300952,2026-04-23,16:00,22:00,53112,10373.95,Completed
404585,EVT-404585,Event_404585,6,200056,301387,2025-08-03,14:00,18:00,31816,4272.45,Cancelled
404586,EVT-404586,Event_404586,2,200331,301015,2024-11-02,10:00,14:00,11178,6384.47,Completed
404587,EVT-404587,Event_404587,1,200301,300360,2025-08-04,10:00,15:00,28305,1822.01,Scheduled
404588,EVT-404588,Event_404588,1,200028,301633,2026-02-07,19:00,22:00,20292,12419.35,Postponed
404589,EVT-404589,Event_404589,9,200069,301586,2026-01-25,10:00,13:00,5976,13745.75,Completed
404590,EVT-404590,Event_404590,9,200054,301244,2025-01-08,09:00,11:00,35891,5961.12,Scheduled
404591,EVT-404591,Event_404591,15,200179,301729,2025-09-09,19:00,22:00,39821,9780.59,Scheduled
404592,EVT-404592,Event_404592,12,200269,301011,2024-04-15,18:00,22:00,48078,6875.02,Cancelled
404594,EVT-404594,Event_404594,9,200054,301739,2024-03-20,19:00,23:00,1945,7569.16,Scheduled
404595,EVT-404595,Event_404595,2,200016,300201,2025-02-24,16:00,22:00,44358,1105.79,Completed
404596,EVT-404596,Event_404596,7,200472,300508,2026-04-17,10:00,11:00,28642,8072.2,Scheduled
404597,EVT-404597,Event_404597,5,200023,301825,2025-04-03,20:00,02:00,30571,1460.35,Completed
404598,EVT-404598,Event_404598,10,200367,301492,2025-04-25,20:00,23:00,712,6351.44,Scheduled
404599,EVT-404599,Event_404599,14,200202,300986,2025-09-18,14:00,16:00,45055,2869.29,Cancelled
404601,EVT-404601,Event_404601,6,200451,300638,2025-07-14,16:00,19:00,48458,2876.22,Cancelled
404602,EVT-404602,Event_404602,2,200282,301659,2024-09-21,16:00,18:00,31236,12575.81,Scheduled
404603,EVT-404603,Event_404603,9,200201,300611,2025-01-29,20:00,00:00,69912,6750.52,Completed
404604,EVT-404604,Event_404604,5,200393,300265,2026-05-15,11:00,16:00,18387,4988.28,Completed
404605,EVT-404605,Event_404605,1,200265,300202,2024-09-10,09:00,12:00,69565,7600.155000000001,Completed
404606,EVT-404606,Event_404606,6,200078,301764,2024-10-05,11:00,12:00,21774,4188.87,Scheduled
404607,EVT-404607,Event_404607,15,200157,301585,2025-07-16,18:00,23:00,9401,14020.66,Cancelled
404608,EVT-404608,Event_404608,13,200399,301665,2026-01-02,11:00,17:00,25530,3124.44,Completed
404609,EVT-404609,Event_404609,15,200089,301976,2024-06-10,14:00,15:00,38350,7625.8,Completed
404611,EVT-404611,Event_404611,15,200283,300889,2024-04-26,20:00,00:00,7732,9713.6,Completed
404612,EVT-404612,Event_404612,7,200076,300068,2026-04-14,10:00,14:00,44596,10802.33,Postponed
404613,EVT-404613,Event_404613,13,200242,301524,2026-04-17,20:00,21:00,36710,1970.25,Completed
404614,EVT-404614,Event_404614,12,200174,301658,2025-05-08,10:00,13:00,59881,10003.13,Completed
404615,EVT-404615,Event_404615,13,200025,300977,2024-03-06,16:00,21:00,66348,3983.16,Completed
404616,EVT-404616,Event_404616,4,200122,300373,2024-10-16,09:00,14:00,41758,1310.73,Cancelled
404618,EVT-404618,Event_404618,9,200075,300807,2024-07-03,20:00,02:00,57240,6705.22,Completed
404619,EVT-404619,Event_404619,6,200379,301894,2025-01-15,14:00,20:00,66990,8087.23,Completed
404620,EVT-404620,Event_404620,12,200135,301732,2025-02-01,18:00,21:00,36543,14532.01,Completed
404621,EVT-404621,Event_404621,9,200290,300071,2025-03-28,11:00,12:00,64339,7600.155000000001,Completed
404622,EVT-404622,Event_404622,3,200284,300671,2024-03-04,16:00,17:00,46163,10797.01,Completed
404623,EVT-404623,Event_404623,14,200025,301586,2025-06-17,16:00,20:00,6815,3561.53,Scheduled
404624,EVT-404624,Event_404624,14,200131,300634,2024-07-24,11:00,16:00,40645,14244.24,Completed
404625,EVT-404625,Event_404625,3,200117,300589,2024-01-10,20:00,02:00,43958,11096.25,Completed
404626,EVT-404626,Event_404626,5,200125,301640,2026-04-10,14:00,18:00,42423,6227.42,Completed
404627,EVT-404627,Event_404627,5,200210,300052,2025-05-19,16:00,17:00,13982,4195.84,Completed
404628,EVT-404628,Event_404628,12,200483,301095,2026-06-24,16:00,20:00,67717,2964.92,Completed
404629,EVT-404629,Event_404629,13,200296,300841,2024-02-01,11:00,13:00,60371,435.36,Postponed
404630,EVT-404630,Event_404630,10,200481,300324,2025-04-03,18:00,23:00,10122,14015.41,Completed
404631,EVT-404631,Event_404631,1,200196,301527,2025-05-23,19:00,01:00,41911,8095.35,Completed
404632,EVT-404632,Event_404632,5,200274,301165,2025-09-21,16:00,19:00,62790,3374.81,Scheduled
404633,EVT-404633,Event_404633,12,200043,300826,2024-12-25,19:00,01:00,41032,13960.91,Scheduled
404634,EVT-404634,Event_404634,1,200212,300791,2024-11-14,16:00,17:00,20856,5165.75,Scheduled
404635,EVT-404635,Event_404635,1,200337,300439,2024-05-06,14:00,18:00,28041,10526.61,Completed
404636,EVT-404636,Event_404636,7,200385,300817,2024-04-16,16:00,18:00,38237,6850.4,Completed
404637,EVT-404637,Event_404637,5,200420,301126,2024-05-31,10:00,14:00,32086,2874.22,Cancelled
404638,EVT-404638,Event_404638,2,200173,300660,2026-01-10,19:00,23:00,46988,2525.12,Cancelled
404639,EVT-404639,Event_404639,7,200474,301926,2025-09-30,10:00,13:00,50741,4015.64,Completed
404640,EVT-404640,Event_404640,8,200195,301923,2026-05-04,11:00,14:00,46499,6919.53,Completed
404641,EVT-404641,Event_404641,2,200080,300701,2024-08-22,11:00,14:00,37320,7600.155000000001,Completed
404642,EVT-404642,Event_404642,11,200165,300498,2026-06-19,11:00,15:00,58994,9996.88,Postponed
404643,EVT-404643,Event_404643,5,200049,301703,2026-06-05,16:00,21:00,38179,6987.21,Cancelled
404644,EVT-404644,Event_404644,1,200298,300185,2024-09-03,10:00,12:00,58315,13029.8,Completed
404645,EVT-404645,Event_404645,6,200283,301342,2024-03-06,18:00,00:00,39719,9016.73,Completed
404646,EVT-404646,Event_404646,6,200059,300910,2026-04-04,19:00,01:00,5576,13980.67,Completed
404648,EVT-404648,Event_404648,11,200113,300875,2026-05-08,11:00,13:00,26919,1450.52,Completed
404649,EVT-404649,Event_404649,11,200354,301887,2025-02-14,19:00,01:00,5278,5367.1,Completed
404650,EVT-404650,Event_404650,15,200333,300964,2025-02-24,11:00,12:00,49447,12048.6,Scheduled
404651,EVT-404651,Event_404651,3,200206,300096,2025-03-20,19:00,21:00,31275,4982.85,Completed
404652,EVT-404652,Event_404652,10,200134,300071,2025-11-17,10:00,14:00,51309,962.75,Completed
404653,EVT-404653,Event_404653,5,200004,301224,2024-04-01,19:00,01:00,33732,6762.47,Completed
404654,EVT-404654,Event_404654,4,200168,301611,2024-09-14,09:00,11:00,39282,802.65,Completed
404655,EVT-404655,Event_404655,13,200250,300824,2025-03-22,20:00,22:00,61941,6717.64,Completed
404656,EVT-404656,Event_404656,9,200233,301181,2025-07-17,10:00,14:00,48105,8028.88,Scheduled
404657,EVT-404657,Event_404657,13,200001,300469,2025-01-16,11:00,13:00,18962,1347.83,Completed
404659,EVT-404659,Event_404659,7,200206,301420,2026-03-24,14:00,18:00,55710,10195.78,Completed
404660,EVT-404660,Event_404660,5,200413,301460,2025-06-24,11:00,17:00,60602,12196.61,Scheduled
404661,EVT-404661,Event_404661,5,200423,300228,2025-06-18,11:00,16:00,14365,5078.54,Completed
404662,EVT-404662,Event_404662,5,200291,300221,2025-04-26,14:00,16:00,62118,12567.47,Completed
404663,EVT-404663,Event_404663,1,200316,301028,2024-01-06,18:00,22:00,50614,834.44,Completed
404664,EVT-404664,Event_404664,7,200134,300706,2025-03-06,16:00,21:00,69413,2215.21,Scheduled
404665,EVT-404665,Event_404665,15,200388,300622,2024-03-03,09:00,11:00,21463,3076.18,Completed
404666,EVT-404666,Event_404666,4,200154,301440,2026-03-10,14:00,19:00,643,6347.0,Scheduled
404667,EVT-404667,Event_404667,3,200413,300954,2024-05-01,10:00,12:00,29481,11312.33,Scheduled
404668,EVT-404668,Event_404668,9,200247,300130,2025-06-28,18:00,19:00,67507,10270.13,Completed
404669,EVT-404669,Event_404669,3,200261,301688,2025-01-10,16:00,21:00,6235,12998.24,Completed
404670,EVT-404670,Event_404670,13,200397,300175,2024-09-17,20:00,02:00,30750,11194.49,Completed
404671,EVT-404671,Event_404671,8,200050,301192,2025-01-07,16:00,18:00,64998,10421.51,Completed
404672,EVT-404672,Event_404672,6,200491,300121,2025-09-07,14:00,15:00,48092,12391.99,Scheduled
404673,EVT-404673,Event_404673,2,200401,300802,2024-01-04,11:00,17:00,6993,12088.59,Cancelled
404674,EVT-404674,Event_404674,10,200359,300771,2024-09-23,10:00,14:00,16332,13205.01,Completed
404675,EVT-404675,Event_404675,3,200249,300887,2024-08-19,20:00,00:00,31420,10441.09,Completed
404676,EVT-404676,Event_404676,5,200037,300536,2024-07-01,16:00,18:00,53761,13456.19,Scheduled
404678,EVT-404678,Event_404678,8,200325,302000,2024-04-12,10:00,14:00,59037,10711.15,Cancelled
404679,EVT-404679,Event_404679,7,200245,300246,2026-05-23,19:00,22:00,29973,9604.01,Completed
404680,EVT-404680,Event_404680,2,200099,301015,2025-10-24,16:00,17:00,16054,7600.155000000001,Postponed
404681,EVT-404681,Event_404681,10,200184,300310,2024-01-29,19:00,21:00,54010,5607.74,Scheduled
404682,EVT-404682,Event_404682,2,200047,300958,2024-08-29,14:00,15:00,27755,3600.61,Completed
404683,EVT-404683,Event_404683,5,200183,300424,2025-09-03,20:00,21:00,69610,8846.41,Completed
404684,EVT-404684,Event_404684,7,200129,300941,2024-01-25,09:00,14:00,27650,12240.25,Cancelled
404685,EVT-404685,Event_404685,11,200311,301534,2024-06-21,10:00,14:00,28812,5283.26,Completed
404686,EVT-404686,Event_404686,5,200190,300584,2024-07-08,18:00,21:00,20434,7600.155000000001,Completed
404687,EVT-404687,Event_404687,9,200358,300084,2025-11-30,18:00,21:00,36594,774.12,Completed
404688,EVT-404688,Event_404688,3,200443,300320,2025-07-02,19:00,01:00,60655,7932.61,Completed
404689,EVT-404689,Event_404689,13,200107,300058,2024-06-04,20:00,21:00,47683,7051.05,Completed
404690,EVT-404690,Event_404690,13,200092,300122,2025-07-20,11:00,17:00,59953,8757.57,Completed
404691,EVT-404691,Event_404691,13,200107,300315,2026-06-15,11:00,17:00,45675,7600.155000000001,Completed
404692,EVT-404692,Event_404692,15,200230,301508,2024-05-02,20:00,02:00,200000,5022.17,Completed
404693,EVT-404693,Event_404693,2,200073,301087,2026-03-19,10:00,15:00,43364,10877.57,Completed
404694,EVT-404694,Event_404694,8,200105,301124,2024-09-24,19:00,01:00,56043,7600.155000000001,Cancelled
404695,EVT-404695,Event_404695,1,200066,300651,2026-04-13,10:00,15:00,7754,5775.31,Completed
404696,EVT-404696,Event_404696,13,200178,301327,2024-09-08,10:00,13:00,51588,1428.49,Cancelled
404697,EVT-404697,Event_404697,9,200233,300846,2024-11-25,14:00,15:00,8727,1912.49,Completed
404698,EVT-404698,Event_404698,4,200006,300850,2024-09-28,14:00,17:00,39014,4476.69,Completed
404699,EVT-404699,Event_404699,4,200221,300852,2026-06-01,09:00,10:00,20646,10532.62,Completed
404700,EVT-404700,Event_404700,1,200039,300748,2026-05-03,18:00,23:00,200000,8846.59,Scheduled
404701,EVT-404701,Event_404701,7,200450,300322,2026-01-17,19:00,00:00,67302,12779.6,Postponed
404702,EVT-404702,Event_404702,1,200284,301155,2025-01-29,20:00,23:00,34784,3872.32,Completed
404703,EVT-404703,Event_404703,11,200228,300110,2024-08-31,19:00,20:00,48320,4477.26,Cancelled
404704,EVT-404704,Event_404704,4,200108,300235,2024-09-22,14:00,16:00,6501,4850.52,Scheduled
404705,EVT-404705,Event_404705,9,200185,301545,2024-12-29,14:00,17:00,59862,12559.81,Completed
404706,EVT-404706,Event_404706,14,200349,301265,2026-06-27,16:00,22:00,29360,8278.57,Completed
404707,EVT-404707,Event_404707,8,200166,301795,2024-04-13,19:00,00:00,5688,14121.01,Completed
404708,EVT-404708,Event_404708,7,200325,301987,2024-03-10,09:00,15:00,29850,13865.26,Cancelled
404709,EVT-404709,Event_404709,10,200033,300243,2026-06-12,11:00,17:00,12176,14751.18,Postponed
404710,EVT-404710,Event_404710,1,200354,301838,2025-03-11,10:00,12:00,52914,6259.61,Completed
404711,EVT-404711,Event_404711,9,200301,300895,2025-06-24,20:00,23:00,39493,10360.35,Completed
404712,EVT-404712,Event_404712,5,200173,301133,2024-01-13,14:00,20:00,49880,4073.32,Scheduled
404713,EVT-404713,Event_404713,7,200397,301197,2024-01-15,16:00,17:00,56787,7948.78,Completed
404714,EVT-404714,Event_404714,15,200153,301307,2024-06-04,14:00,20:00,59967,6438.22,Completed
404715,EVT-404715,Event_404715,13,200483,300771,2025-10-05,14:00,18:00,29927,14401.88,Completed
404716,EVT-404716,Event_404716,12,200316,301167,2025-03-29,14:00,19:00,53532,7260.7,Cancelled
404717,EVT-404717,Event_404717,9,200159,301410,2025-10-24,18:00,00:00,200000,12319.75,Completed
404718,EVT-404718,Event_404718,4,200056,300135,2024-02-13,19:00,23:00,65462,7600.155000000001,Completed
404719,EVT-404719,Event_404719,11,200220,300508,2025-10-31,11:00,14:00,6518,2277.12,Scheduled
404721,EVT-404721,Event_404721,13,200465,300249,2025-06-01,18:00,21:00,13717,7736.34,Completed
404722,EVT-404722,Event_404722,9,200042,300905,2026-02-14,14:00,20:00,56359,11103.87,Cancelled
404723,EVT-404723,Event_404723,9,200272,301562,2025-07-05,19:00,21:00,61657,504.23,Completed
404724,EVT-404724,Event_404724,12,200081,300177,2025-04-12,14:00,18:00,7255,9433.19,Completed
404725,EVT-404725,Event_404725,1,200387,300951,2025-04-09,18:00,20:00,67386,1917.74,Postponed
404726,EVT-404726,Event_404726,3,200174,301156,2024-09-04,14:00,17:00,5974,4817.24,Completed
404727,EVT-404727,Event_404727,3,200348,300093,2024-04-23,09:00,14:00,32133,7254.25,Completed
404728,EVT-404728,Event_404728,3,200275,301038,2024-10-06,10:00,16:00,27625,9249.55,Completed
404729,EVT-404729,Event_404729,15,200422,300604,2024-05-30,10:00,13:00,48017,2862.57,Scheduled
404730,EVT-404730,Event_404730,1,200450,301809,2024-08-07,18:00,21:00,42208,2101.29,Scheduled
404731,EVT-404731,Event_404731,15,200170,300049,2025-09-16,16:00,18:00,5472,13340.81,Scheduled
404732,EVT-404732,Event_404732,14,200329,300843,2025-10-25,10:00,12:00,30682,13154.01,Scheduled
404733,EVT-404733,Event_404733,2,200216,300039,2024-10-30,16:00,18:00,65262,7600.155000000001,Completed
404734,EVT-404734,Event_404734,7,200069,300847,2025-07-30,18:00,00:00,29808,10312.85,Completed
404735,EVT-404735,Event_404735,12,200144,300749,2024-05-23,10:00,12:00,52897,10085.54,Completed
404736,EVT-404736,Event_404736,4,200032,301946,2025-11-17,16:00,19:00,3411,4434.4,Completed
404737,EVT-404737,Event_404737,9,200178,301307,2024-06-01,09:00,10:00,30546,8511.02,Completed
404738,EVT-404738,Event_404738,4,200271,300056,2024-12-21,19:00,21:00,41043,10522.79,Scheduled
404739,EVT-404739,Event_404739,3,200107,301886,2026-04-03,16:00,19:00,23650,7661.36,Scheduled
404740,EVT-404740,Event_404740,14,200409,300879,2025-08-14,16:00,20:00,5864,4396.31,Completed
404741,EVT-404741,Event_404741,11,200478,300069,2026-05-13,20:00,22:00,54043,11282.26,Completed
404742,EVT-404742,Event_404742,3,200475,300418,2024-08-02,18:00,22:00,2885,8073.24,Completed
404743,EVT-404743,Event_404743,2,200225,301913,2026-05-15,14:00,19:00,38684,8169.35,Completed
404744,EVT-404744,Event_404744,11,200159,301885,2025-05-09,18:00,21:00,22486,5920.4,Completed
404745,EVT-404745,Event_404745,3,200330,301857,2025-08-15,14:00,19:00,15711,1332.07,Completed
404746,EVT-404746,Event_404746,1,200239,301498,2026-06-11,11:00,12:00,19504,1030.67,Completed
404747,EVT-404747,Event_404747,10,200037,301850,2026-01-06,09:00,15:00,57653,6957.21,Completed
404748,EVT-404748,Event_404748,6,200440,300582,2025-07-23,20:00,22:00,57848,7448.16,Cancelled
404749,EVT-404749,Event_404749,15,200210,300560,2024-07-01,18:00,23:00,10848,3189.88,Cancelled
404750,EVT-404750,Event_404750,7,200451,300508,2025-10-30,16:00,21:00,64766,1616.09,Scheduled
404751,EVT-404751,Event_404751,12,200194,300780,2025-01-20,14:00,18:00,59916,7719.7,Completed
404752,EVT-404752,Event_404752,9,200488,300380,2024-04-27,10:00,16:00,200000,6580.64,Completed
404753,EVT-404753,Event_404753,11,200096,301668,2025-01-28,14:00,19:00,40206,9398.77,Completed
404754,EVT-404754,Event_404754,10,200347,301557,2025-01-24,19:00,20:00,68795,9832.73,Completed
404755,EVT-404755,Event_404755,4,200233,301150,2026-04-03,20:00,22:00,56258,14316.7,Scheduled
404756,EVT-404756,Event_404756,10,200144,301958,2025-07-06,14:00,16:00,51445,350.94,Completed
404757,EVT-404757,Event_404757,11,200484,301194,2025-05-24,11:00,14:00,60092,11320.83,Cancelled
404758,EVT-404758,Event_404758,6,200380,301784,2024-03-06,20:00,22:00,13574,14788.55,Completed
404759,EVT-404759,Event_404759,12,200462,300767,2024-11-30,10:00,13:00,51410,352.68,Completed
404760,EVT-404760,Event_404760,5,200089,301533,2025-10-29,16:00,20:00,6428,7600.155000000001,Scheduled
404761,EVT-404761,Event_404761,7,200136,300277,2024-02-04,19:00,22:00,42196,6592.97,Cancelled
404762,EVT-404762,Event_404762,9,200192,301884,2026-04-13,10:00,12:00,33060,11325.9,Completed
404763,EVT-404763,Event_404763,15,200092,300826,2024-11-15,18:00,23:00,1461,11436.9,Postponed
404764,EVT-404764,Event_404764,8,200054,300523,2026-04-20,16:00,21:00,13401,11276.07,Scheduled
404765,EVT-404765,Event_404765,15,200452,301278,2026-04-30,20:00,21:00,4727,14830.6,Scheduled
404766,EVT-404766,Event_404766,7,200389,300506,2025-08-16,09:00,10:00,54673,2176.78,Scheduled
404767,EVT-404767,Event_404767,4,200491,300773,2024-01-10,14:00,17:00,3512,6689.02,Scheduled
404768,EVT-404768,Event_404768,8,200006,300495,2024-03-19,11:00,16:00,5494,11771.5,Completed
404769,EVT-404769,Event_404769,10,200127,300381,2025-08-19,14:00,15:00,69423,14960.56,Postponed
404770,EVT-404770,Event_404770,4,200376,301376,2024-10-23,18:00,19:00,56375,13706.88,Completed
404771,EVT-404771,Event_404771,12,200461,301596,2026-04-04,10:00,15:00,25263,14173.04,Cancelled
404772,EVT-404772,Event_404772,9,200392,301265,2025-05-08,14:00,17:00,2385,10608.14,Completed
404773,EVT-404773,Event_404773,10,200036,301369,2025-05-15,16:00,17:00,33762,12571.95,Scheduled
404774,EVT-404774,Event_404774,2,200276,300585,2025-05-09,20:00,22:00,40711,5106.89,Scheduled
404776,EVT-404776,Event_404776,14,200062,300167,2025-06-09,10:00,14:00,48360,11070.78,Completed
404777,EVT-404777,Event_404777,11,200049,300878,2026-04-13,18:00,20:00,11682,3982.98,Completed
404778,EVT-404778,Event_404778,15,200109,300431,2026-01-10,14:00,16:00,10784,1840.28,Scheduled
404779,EVT-404779,Event_404779,14,200281,300536,2024-09-21,14:00,17:00,34182,2698.05,Cancelled
404780,EVT-404780,Event_404780,9,200093,300989,2026-04-22,14:00,18:00,24788,8880.08,Cancelled
404781,EVT-404781,Event_404781,14,200330,301555,2024-12-01,18:00,20:00,30894,11303.6,Completed
404782,EVT-404782,Event_404782,8,200137,300024,2026-04-16,14:00,15:00,17301,1258.17,Postponed
404783,EVT-404783,Event_404783,2,200329,300351,2025-09-01,10:00,13:00,46539,2657.89,Completed
404784,EVT-404784,Event_404784,6,200164,301459,2024-09-02,14:00,19:00,58726,3347.36,Cancelled
404785,EVT-404785,Event_404785,3,200248,301368,2024-02-27,20:00,21:00,29515,14883.67,Postponed
404786,EVT-404786,Event_404786,15,200335,301968,2025-08-13,10:00,11:00,6544,13440.03,Completed
404787,EVT-404787,Event_404787,2,200206,301629,2026-01-01,18:00,21:00,1548,9361.74,Cancelled
404788,EVT-404788,Event_404788,15,200066,300971,2024-06-12,18:00,21:00,37363,3344.03,Completed
404789,EVT-404789,Event_404789,7,200158,301363,2025-04-06,16:00,20:00,48730,5820.81,Completed
404790,EVT-404790,Event_404790,10,200069,300522,2026-04-16,16:00,20:00,50416,12192.51,Completed
404791,EVT-404791,Event_404791,11,200128,300365,2024-10-07,20:00,23:00,67108,13122.62,Postponed
404792,EVT-404792,Event_404792,9,200454,301808,2024-03-02,18:00,19:00,43497,4403.35,Cancelled
404793,EVT-404793,Event_404793,8,200293,300853,2025-12-26,16:00,17:00,60238,10401.84,Completed
404794,EVT-404794,Event_404794,3,200267,301507,2025-09-01,14:00,18:00,200000,7267.0,Completed
404795,EVT-404795,Event_404795,9,200212,301062,2026-02-09,09:00,12:00,39446,13963.07,Completed
404796,EVT-404796,Event_404796,12,200381,301244,2025-06-29,19:00,21:00,56741,12961.98,Completed
404797,EVT-404797,Event_404797,3,200489,301700,2024-12-28,11:00,12:00,35398,7482.47,Completed
404798,EVT-404798,Event_404798,10,200169,301558,2026-05-07,18:00,20:00,19268,5897.27,Scheduled
404799,EVT-404799,Event_404799,5,200341,300275,2025-10-05,18:00,22:00,21835,5753.81,Completed
404800,EVT-404800,Event_404800,13,200166,301181,2024-07-05,16:00,19:00,37552,7079.43,Completed
404801,EVT-404801,Event_404801,2,200116,300304,2025-10-24,16:00,21:00,11887,4546.77,Cancelled
404802,EVT-404802,Event_404802,5,200317,301403,2024-06-02,14:00,17:00,47038,14201.2,Completed
404803,EVT-404803,Event_404803,5,200450,301106,2024-07-27,11:00,16:00,200000,7911.83,Completed
404805,EVT-404805,Event_404805,1,200006,300225,2026-02-06,18:00,22:00,47322,7358.58,Scheduled
404806,EVT-404806,Event_404806,5,200049,301664,2024-06-09,16:00,20:00,26788,10047.12,Completed
404807,EVT-404807,Event_404807,9,200471,301539,2025-03-20,18:00,19:00,41127,4636.84,Completed
404808,EVT-404808,Event_404808,9,200093,301418,2024-11-05,20:00,22:00,3012,10679.76,Postponed
404809,EVT-404809,Event_404809,14,200205,301490,2024-04-18,16:00,18:00,200000,4527.81,Completed
404810,EVT-404810,Event_404810,1,200338,301233,2025-09-21,09:00,12:00,62063,3160.89,Completed
404811,EVT-404811,Event_404811,1,200159,301286,2026-02-25,09:00,12:00,40511,11934.25,Completed
404812,EVT-404812,Event_404812,8,200108,300964,2025-10-20,19:00,21:00,39651,4854.43,Scheduled
404813,EVT-404813,Event_404813,6,200430,301461,2025-05-11,19:00,20:00,20958,2384.75,Scheduled
404814,EVT-404814,Event_404814,13,200269,301017,2025-06-02,11:00,14:00,54548,408.37,Completed
404815,EVT-404815,Event_404815,12,200438,301820,2024-05-05,20:00,21:00,44365,1030.44,Scheduled
404816,EVT-404816,Event_404816,6,200453,301094,2025-05-13,18:00,23:00,200000,12624.39,Completed
404817,EVT-404817,Event_404817,3,200060,300468,2025-10-03,14:00,19:00,200000,7600.155000000001,Completed
404818,EVT-404818,Event_404818,5,200122,301314,2024-05-28,14:00,20:00,6651,6049.61,Cancelled
404819,EVT-404819,Event_404819,14,200211,300631,2025-11-02,19:00,23:00,13840,11511.79,Cancelled
404820,EVT-404820,Event_404820,10,200420,300207,2024-11-26,19:00,01:00,64443,7600.155000000001,Completed
404821,EVT-404821,Event_404821,15,200178,301646,2025-01-08,10:00,16:00,11760,14568.99,Completed
404822,EVT-404822,Event_404822,13,200045,301978,2025-03-30,09:00,13:00,38404,9049.97,Completed
404823,EVT-404823,Event_404823,2,200234,300292,2025-08-06,19:00,23:00,6927,1648.2,Postponed
404824,EVT-404824,Event_404824,14,200062,301201,2026-05-15,10:00,16:00,57448,7014.12,Completed
404825,EVT-404825,Event_404825,7,200160,301476,2025-03-20,19:00,20:00,51638,9145.19,Completed
404826,EVT-404826,Event_404826,8,200211,301907,2026-06-14,10:00,14:00,60874,4920.09,Cancelled
404827,EVT-404827,Event_404827,12,200144,301122,2024-07-13,09:00,10:00,42205,10947.68,Postponed
404828,EVT-404828,Event_404828,15,200033,301600,2025-02-28,16:00,21:00,26979,7600.155000000001,Completed
404829,EVT-404829,Event_404829,3,200222,300048,2025-03-11,20:00,02:00,123,12627.13,Completed
404830,EVT-404830,Event_404830,15,200378,300455,2025-01-30,11:00,14:00,42999,9454.48,Scheduled
404831,EVT-404831,Event_404831,15,200160,301178,2024-09-02,14:00,15:00,26275,11656.55,Completed
404833,EVT-404833,Event_404833,8,200236,301447,2024-07-31,09:00,12:00,28562,4025.69,Completed
404834,EVT-404834,Event_404834,4,200082,301256,2024-10-03,19:00,22:00,8740,2853.65,Cancelled
404835,EVT-404835,Event_404835,6,200098,300039,2024-12-29,10:00,12:00,60648,4467.89,Completed
404836,EVT-404836,Event_404836,12,200261,300046,2025-07-19,16:00,19:00,53010,3085.48,Completed
404837,EVT-404837,Event_404837,10,200058,300404,2026-03-20,19:00,20:00,9849,5542.93,Cancelled
404838,EVT-404838,Event_404838,10,200430,300395,2025-11-21,11:00,12:00,33549,4555.14,Completed
404839,EVT-404839,Event_404839,13,200273,300666,2024-11-18,11:00,14:00,29213,11951.0,Completed
404840,EVT-404840,Event_404840,3,200380,300756,2026-04-07,19:00,23:00,29216,9984.61,Completed
404841,EVT-404841,Event_404841,12,200094,301203,2024-04-29,11:00,12:00,57426,5151.27,Completed
404842,EVT-404842,Event_404842,3,200201,301350,2025-04-18,11:00,13:00,2751,5322.32,Scheduled
404843,EVT-404843,Event_404843,13,200241,301298,2024-12-21,19:00,22:00,4526,11361.66,Completed
404844,EVT-404844,Event_404844,11,200033,301520,2026-05-21,16:00,20:00,14957,8883.15,Cancelled
404845,EVT-404845,Event_404845,8,200266,301074,2025-09-16,09:00,10:00,34956,2556.62,Cancelled
404846,EVT-404846,Event_404846,13,200131,301016,2026-03-26,20:00,00:00,60656,1989.44,Completed
404847,EVT-404847,Event_404847,10,200260,301449,2024-03-06,11:00,15:00,47980,8296.53,Completed
404848,EVT-404848,Event_404848,6,200018,301179,2025-06-15,11:00,12:00,49147,7931.88,Completed
404849,EVT-404849,Event_404849,2,200086,300971,2025-10-17,09:00,15:00,64827,14048.72,Cancelled
404850,EVT-404850,Event_404850,13,200305,301869,2025-03-31,10:00,16:00,56768,8797.35,Completed
404851,EVT-404851,Event_404851,11,200264,300385,2024-01-06,18:00,20:00,18295,12629.22,Cancelled
404852,EVT-404852,Event_404852,4,200422,300335,2024-01-08,16:00,17:00,57677,10469.81,Completed
404853,EVT-404853,Event_404853,4,200101,301107,2026-01-03,20:00,01:00,42227,14145.39,Completed
404854,EVT-404854,Event_404854,13,200383,300755,2024-06-22,10:00,12:00,34928,11757.64,Scheduled
404855,EVT-404855,Event_404855,8,200296,300123,2026-02-26,14:00,20:00,6626,6464.17,Completed
404856,EVT-404856,Event_404856,7,200066,301158,2025-07-11,09:00,11:00,23611,1538.57,Scheduled
404857,EVT-404857,Event_404857,11,200419,300878,2024-11-30,18:00,19:00,46226,6909.05,Completed
404858,EVT-404858,Event_404858,2,200082,301337,2024-08-22,18:00,20:00,21193,1956.89,Scheduled
404859,EVT-404859,Event_404859,1,200445,300136,2024-10-06,09:00,14:00,39074,12575.39,Completed
404860,EVT-404860,Event_404860,6,200198,301233,2024-10-27,10:00,14:00,9082,11952.11,Postponed
404861,EVT-404861,Event_404861,3,200354,301355,2025-07-07,19:00,22:00,50610,2243.3,Scheduled
404862,EVT-404862,Event_404862,2,200173,300575,2025-02-08,20:00,01:00,68129,8630.73,Completed
404863,EVT-404863,Event_404863,7,200417,300136,2024-11-10,18:00,00:00,3636,6347.35,Completed
404864,EVT-404864,Event_404864,11,200450,300403,2024-03-22,20:00,22:00,36313,7661.65,Completed
404865,EVT-404865,Event_404865,4,200029,300696,2025-11-03,09:00,15:00,35177,13586.92,Completed
404866,EVT-404866,Event_404866,6,200159,300839,2025-05-31,11:00,16:00,69888,1356.13,Cancelled
404867,EVT-404867,Event_404867,6,200295,300861,2024-06-22,09:00,14:00,9397,9671.38,Completed
404868,EVT-404868,Event_404868,3,200194,300550,2025-03-09,11:00,16:00,35493,3090.24,Scheduled
404869,EVT-404869,Event_404869,8,200281,300835,2024-05-09,10:00,15:00,15300,2687.52,Completed
404870,EVT-404870,Event_404870,1,200308,301589,2025-07-12,14:00,18:00,63610,9765.77,Completed
404871,EVT-404871,Event_404871,8,200017,301126,2025-07-13,16:00,20:00,13495,14434.11,Cancelled
404872,EVT-404872,Event_404872,3,200221,301538,2025-03-02,18:00,22:00,68658,7600.155000000001,Completed
404873,EVT-404873,Event_404873,1,200350,300106,2026-03-26,18:00,23:00,30961,9487.79,Completed
404874,EVT-404874,Event_404874,11,200080,301946,2024-09-21,16:00,19:00,66210,6558.32,Scheduled
404876,EVT-404876,Event_404876,12,200334,300307,2026-02-04,11:00,12:00,61454,13156.92,Scheduled
404877,EVT-404877,Event_404877,4,200358,300781,2025-12-04,10:00,16:00,57172,11636.18,Scheduled
404878,EVT-404878,Event_404878,9,200158,301813,2025-11-24,14:00,18:00,39905,7538.63,Completed
404879,EVT-404879,Event_404879,4,200271,300193,2025-12-31,14:00,15:00,200000,2998.38,Completed
404880,EVT-404880,Event_404880,8,200306,300980,2024-03-04,10:00,12:00,69524,13145.01,Completed
404881,EVT-404881,Event_404881,11,200209,300829,2024-01-19,19:00,21:00,16909,11729.43,Completed
404882,EVT-404882,Event_404882,15,200479,301721,2026-04-16,18:00,19:00,57588,1475.58,Postponed
404883,EVT-404883,Event_404883,1,200028,301374,2026-04-20,10:00,13:00,42166,6292.87,Scheduled
404884,EVT-404884,Event_404884,1,200337,300158,2024-09-16,16:00,17:00,43413,3143.94,Completed
404885,EVT-404885,Event_404885,2,200380,300282,2026-02-12,14:00,18:00,15986,5471.05,Completed
404886,EVT-404886,Event_404886,11,200155,300945,2025-03-31,11:00,13:00,16152,12997.05,Completed
404887,EVT-404887,Event_404887,7,200122,300028,2025-08-23,09:00,14:00,43234,12426.99,Postponed
404888,EVT-404888,Event_404888,8,200280,301520,2024-04-23,09:00,12:00,62716,6139.95,Completed
404889,EVT-404889,Event_404889,9,200290,301019,2025-04-25,18:00,19:00,51675,1708.93,Completed
404890,EVT-404890,Event_404890,15,200330,301772,2025-12-29,18:00,22:00,57115,4207.22,Completed
404891,EVT-404891,Event_404891,7,200458,301330,2024-10-18,10:00,11:00,737,10501.15,Postponed
404892,EVT-404892,Event_404892,10,200406,301919,2025-08-03,11:00,15:00,7406,13642.94,Completed
404893,EVT-404893,Event_404893,5,200472,301598,2024-03-23,09:00,15:00,18329,7600.155000000001,Cancelled
404894,EVT-404894,Event_404894,4,200403,301019,2024-01-01,20:00,23:00,63352,1009.38,Scheduled
404895,EVT-404895,Event_404895,5,200044,301136,2024-01-30,19:00,00:00,18559,9942.31,Completed
404896,EVT-404896,Event_404896,8,200040,301743,2024-03-24,14:00,16:00,49238,12569.56,Completed
404897,EVT-404897,Event_404897,1,200103,301747,2026-05-14,18:00,19:00,41532,9553.21,Cancelled
404898,EVT-404898,Event_404898,12,200144,300079,2024-05-02,09:00,13:00,22495,7492.7,Completed
404900,EVT-404900,Event_404900,11,200026,301408,2026-06-14,20:00,00:00,6775,11156.39,Completed
404901,EVT-404901,Event_404901,15,200020,300279,2026-04-21,16:00,18:00,58815,3263.58,Completed
404902,EVT-404902,Event_404902,6,200319,300437,2024-04-30,11:00,16:00,67474,13511.92,Postponed
404903,EVT-404903,Event_404903,5,200134,300008,2025-08-16,09:00,14:00,66243,672.54,Completed
404904,EVT-404904,Event_404904,2,200157,300673,2026-06-03,11:00,16:00,18356,8600.32,Completed
404905,EVT-404905,Event_404905,5,200426,301648,2025-06-18,11:00,16:00,35739,7641.63,Scheduled
404906,EVT-404906,Event_404906,9,200254,301196,2024-09-22,14:00,19:00,32933,5672.6,Completed
404907,EVT-404907,Event_404907,9,200391,300708,2026-01-17,20:00,02:00,56173,2102.17,Cancelled
404908,EVT-404908,Event_404908,12,200399,300940,2025-05-16,20:00,02:00,65463,3359.46,Completed
404909,EVT-404909,Event_404909,8,200170,300726,2024-07-10,14:00,20:00,30086,8214.02,Scheduled
404910,EVT-404910,Event_404910,3,200488,300156,2025-12-15,18:00,21:00,62738,11693.11,Completed
404911,EVT-404911,Event_404911,5,200399,300112,2025-03-12,09:00,15:00,66990,3345.55,Cancelled
404912,EVT-404912,Event_404912,4,200217,300063,2024-05-15,10:00,12:00,33349,1714.73,Scheduled
404913,EVT-404913,Event_404913,14,200328,301264,2024-10-20,10:00,11:00,39508,3900.34,Scheduled
404914,EVT-404914,Event_404914,7,200116,300576,2025-09-26,14:00,18:00,36678,11433.45,Scheduled
404915,EVT-404915,Event_404915,13,200016,301164,2024-11-26,14:00,20:00,36900,14116.59,Completed
404916,EVT-404916,Event_404916,11,200131,300559,2025-06-27,20:00,23:00,26421,6693.01,Scheduled
404917,EVT-404917,Event_404917,5,200229,301604,2026-05-08,14:00,18:00,67116,7862.79,Completed
404918,EVT-404918,Event_404918,2,200055,301285,2025-01-08,18:00,21:00,11194,7600.155000000001,Cancelled
404919,EVT-404919,Event_404919,2,200263,300488,2024-02-01,10:00,16:00,15265,8237.01,Completed
404920,EVT-404920,Event_404920,3,200065,300185,2026-06-06,14:00,16:00,23130,10300.02,Completed
404921,EVT-404921,Event_404921,9,200003,300141,2024-10-28,11:00,14:00,46918,8659.59,Cancelled
404922,EVT-404922,Event_404922,15,200446,300240,2024-06-27,14:00,19:00,54865,6614.43,Completed
404923,EVT-404923,Event_404923,15,200355,300887,2024-04-16,14:00,16:00,65853,535.02,Postponed
404924,EVT-404924,Event_404924,15,200251,301828,2025-08-22,18:00,22:00,34429,7600.155000000001,Scheduled
404925,EVT-404925,Event_404925,15,200457,300196,2025-08-09,16:00,17:00,45803,6119.57,Scheduled
404926,EVT-404926,Event_404926,13,200149,301257,2024-04-29,20:00,23:00,13361,11059.76,Completed
404927,EVT-404927,Event_404927,1,200056,300343,2026-03-06,20:00,01:00,62513,1954.32,Completed
404928,EVT-404928,Event_404928,5,200068,300306,2026-01-20,10:00,14:00,53252,12956.56,Postponed
404929,EVT-404929,Event_404929,4,200320,301456,2024-04-02,10:00,11:00,54749,4448.73,Completed
404930,EVT-404930,Event_404930,10,200415,300105,2025-05-24,14:00,15:00,13081,3222.18,Scheduled
404931,EVT-404931,Event_404931,4,200077,300822,2025-04-06,09:00,15:00,6333,9501.96,Completed
404932,EVT-404932,Event_404932,4,200304,301728,2024-10-20,14:00,16:00,18880,12481.96,Cancelled
404933,EVT-404933,Event_404933,10,200066,301023,2026-01-11,09:00,11:00,10191,11448.5,Postponed
404934,EVT-404934,Event_404934,6,200500,300871,2025-10-24,16:00,20:00,31416,7898.14,Completed
404935,EVT-404935,Event_404935,8,200217,300434,2025-06-04,18:00,21:00,32702,3458.08,Completed
404936,EVT-404936,Event_404936,3,200469,300067,2025-12-07,20:00,23:00,34219,9852.79,Completed
404937,EVT-404937,Event_404937,11,200122,300697,2024-04-30,09:00,11:00,45858,1108.84,Completed
404938,EVT-404938,Event_404938,15,200346,301822,2024-05-02,10:00,13:00,6470,11744.83,Completed
404939,EVT-404939,Event_404939,6,200322,301069,2024-06-20,19:00,23:00,40960,2294.27,Completed
404940,EVT-404940,Event_404940,4,200474,300806,2025-11-27,19:00,23:00,12991,8777.41,Completed
404941,EVT-404941,Event_404941,12,200348,300494,2025-03-04,16:00,20:00,48010,4584.86,Completed
404942,EVT-404942,Event_404942,1,200436,301487,2025-12-25,20:00,23:00,21094,13225.02,Completed
404943,EVT-404943,Event_404943,1,200449,300372,2026-04-08,10:00,13:00,19947,5432.33,Completed
404944,EVT-404944,Event_404944,15,200244,301885,2025-02-04,16:00,19:00,41763,12646.73,Scheduled
404945,EVT-404945,Event_404945,12,200274,300945,2024-10-24,10:00,11:00,14721,7574.23,Completed
404946,EVT-404946,Event_404946,13,200268,300245,2026-06-10,10:00,16:00,65410,9062.07,Scheduled
404947,EVT-404947,Event_404947,2,200241,300069,2024-10-17,20:00,23:00,3877,7662.64,Completed
404948,EVT-404948,Event_404948,3,200250,301018,2026-04-08,11:00,12:00,32476,3316.77,Postponed
404949,EVT-404949,Event_404949,6,200386,300446,2025-10-19,18:00,21:00,64926,2212.03,Completed
404950,EVT-404950,Event_404950,2,200361,301209,2024-12-11,19:00,23:00,45576,4516.56,Completed
404951,EVT-404951,Event_404951,5,200078,300300,2025-05-15,20:00,21:00,33209,11393.46,Completed
404952,EVT-404952,Event_404952,11,200313,301796,2025-10-09,20:00,22:00,36044,7760.09,Postponed
404953,EVT-404953,Event_404953,2,200367,300539,2026-06-14,19:00,21:00,21194,3462.28,Completed
404954,EVT-404954,Event_404954,1,200026,301209,2024-08-24,16:00,17:00,46928,3379.21,Completed
404955,EVT-404955,Event_404955,7,200343,300154,2024-11-14,19:00,01:00,32810,9108.04,Scheduled
404956,EVT-404956,Event_404956,2,200111,301819,2026-06-11,18:00,22:00,33655,10980.01,Cancelled
404957,EVT-404957,Event_404957,7,200153,300485,2024-06-13,09:00,10:00,19260,4405.9,Postponed
404958,EVT-404958,Event_404958,12,200422,300415,2026-03-25,09:00,12:00,35243,14672.86,Completed
404959,EVT-404959,Event_404959,8,200081,301881,2024-06-16,20:00,00:00,21961,11947.81,Completed
404960,EVT-404960,Event_404960,2,200176,300161,2024-04-05,09:00,12:00,36785,901.03,Scheduled
404961,EVT-404961,Event_404961,7,200103,301768,2025-04-27,11:00,13:00,58956,2306.01,Scheduled
404962,EVT-404962,Event_404962,1,200438,301448,2026-03-07,14:00,15:00,5545,2319.33,Scheduled
404963,EVT-404963,Event_404963,10,200284,301485,2025-01-29,11:00,16:00,20963,6087.05,Completed
404964,EVT-404964,Event_404964,6,200063,301689,2025-10-18,19:00,20:00,34111,7363.04,Cancelled
404965,EVT-404965,Event_404965,5,200495,300579,2025-09-11,20:00,02:00,34940,6755.06,Completed
404966,EVT-404966,Event_404966,15,200271,300634,2024-12-21,19:00,01:00,31788,13520.18,Scheduled
404967,EVT-404967,Event_404967,5,200272,300378,2025-04-01,10:00,12:00,61747,8436.55,Scheduled
404968,EVT-404968,Event_404968,5,200086,300959,2025-07-28,18:00,23:00,30273,8846.77,Scheduled
404969,EVT-404969,Event_404969,7,200194,300011,2025-08-01,09:00,10:00,59678,1957.26,Completed
404970,EVT-404970,Event_404970,4,200158,300838,2024-01-17,11:00,16:00,43712,11379.07,Postponed
404971,EVT-404971,Event_404971,1,200355,300338,2025-06-16,09:00,10:00,11508,11689.25,Completed
404972,EVT-404972,Event_404972,5,200107,300989,2025-08-17,09:00,15:00,8966,2448.39,Postponed
404973,EVT-404973,Event_404973,6,200165,300169,2025-03-08,16:00,22:00,41080,7600.155000000001,Cancelled
404974,EVT-404974,Event_404974,6,200258,301702,2024-11-23,20:00,00:00,43373,6330.3,Cancelled
404975,EVT-404975,Event_404975,6,200499,301814,2025-12-09,18:00,19:00,16854,14648.7,Scheduled
404976,EVT-404976,Event_404976,14,200387,301169,2026-02-19,18:00,21:00,2498,2554.29,Completed
404977,EVT-404977,Event_404977,3,200160,301477,2026-03-18,11:00,14:00,1668,10856.14,Postponed
404978,EVT-404978,Event_404978,4,200011,301324,2024-11-19,14:00,18:00,66327,8841.26,Completed
404979,EVT-404979,Event_404979,8,200384,301341,2026-05-28,19:00,21:00,49844,5524.42,Scheduled
404980,EVT-404980,Event_404980,11,200064,300514,2025-10-28,10:00,11:00,65622,11861.41,Scheduled
404981,EVT-404981,Event_404981,1,200260,301967,2025-01-07,09:00,12:00,61810,3995.15,Completed
404982,EVT-404982,Event_404982,5,200371,301186,2025-06-09,14:00,18:00,42026,10555.06,Completed
404984,EVT-404984,Event_404984,13,200073,300475,2024-07-26,10:00,14:00,50667,4137.43,Cancelled
404985,EVT-404985,Event_404985,3,200275,301717,2026-05-25,19:00,20:00,65950,9322.84,Completed
404986,EVT-404986,Event_404986,15,200210,300918,2024-07-04,09:00,13:00,61025,3185.35,Completed
404987,EVT-404987,Event_404987,13,200147,300058,2025-11-06,11:00,12:00,34923,7600.155000000001,Cancelled
404988,EVT-404988,Event_404988,6,200407,301175,2025-04-13,19:00,22:00,55678,3517.47,Scheduled
404989,EVT-404989,Event_404989,8,200180,300706,2026-01-10,14:00,17:00,59203,10531.17,Completed
404991,EVT-404991,Event_404991,5,200132,300749,2026-04-23,09:00,10:00,4952,14311.96,Completed
404992,EVT-404992,Event_404992,9,200416,300431,2025-10-20,19:00,21:00,58562,9287.07,Completed
404993,EVT-404993,Event_404993,10,200478,301040,2025-06-04,19:00,20:00,66887,6416.86,Completed
404994,EVT-404994,Event_404994,5,200018,301407,2025-09-18,14:00,19:00,29204,4455.4,Cancelled
404995,EVT-404995,Event_404995,6,200325,301644,2024-06-18,19:00,21:00,2279,2509.0,Completed
404996,EVT-404996,Event_404996,5,200045,301197,2025-12-29,14:00,20:00,55651,5513.87,Completed
404997,EVT-404997,Event_404997,7,200012,300614,2024-05-15,19:00,20:00,46074,11368.16,Scheduled
404998,EVT-404998,Event_404998,15,200065,301739,2026-01-02,18:00,20:00,68792,14790.03,Completed
404999,EVT-404999,Event_404999,10,200142,301464,2025-08-19,10:00,14:00,200000,4367.19,Completed
405000,EVT-405000,Event_405000,2,200320,301347,2024-04-03,20:00,01:00,64979,9915.11,Completed
