organizer_id,organizer_code,organizer_name,organizer_type,city,years_in_business,contact_email
300001,ORG-300001,Organizer_300001,Individual,Ranchi,8.0,contact300001@events.com
300002,ORG-300002,Organizer_300002,NGO,Patna,,contact300002@events.com
300003,ORG-300003,Organizer_300003,Individual,Ranchi,8.0,contact300003@events.com
300004,ORG-300004,Organizer_300004,Individual,Gaya,8.0,contact300004@events.com
300005,ORG-300005,Organizer_300005,Individual,Chandigarh,5.0,contact300005@events.com
300006,ORG-300006,Organizer_300006,Community,Noida,,contact300006@events.com
300007,ORG-300007,Organizer_300007,NGO,Lucknow,4.0,contact300007@events.com
300008,ORG-300008,Organizer_300008,Individual,Jaipur,22.0,contact300008@events.com
300009,ORG-300009,Organizer_300009,NGO,Hyderabad,,contact300009@events.com
300010,ORG-300010,Organizer_300010,NGO,Gaya,11.0,contact300010@events.com
300011,ORG-300011,Organizer_300011,NGO,Lucknow,,contact300011@events.com
300012,ORG-300012,Organizer_300012,Individual,Indore,7.0,contact300012@events.com
300013,ORG-300013,Organizer_300013,Community,Noida,1.0,contact300013@events.com
300014,ORG-300014,Organizer_300014,NGO,Kolkata,18.0,invalid_email
300015,ORG-300015,Organizer_300015,Company,Lucknow,18.0,contact300015@events.com
300016,ORG-300016,Organizer_300016,Individual,Bhopal,,contact300016@events.com
300017,ORG-300017,Organizer_300017,NGO,Mumbai,13.0,contact300017@events.com
300018,ORG-300018,Organizer_300018,Individual,Chandigarh,17.0,contact300018@events.com
300019,ORG-300019,Organizer_300019,Individual,Bhopal,14.0,contact300019@events.com
300020,ORG-300020,Organizer_300020,Agency,Ranchi,16.0,contact300020@events.com
300021,ORG-300021,Organizer_300021,Company,Indore,3.0,invalid_email
300022,ORG-300022,Organizer_300022,Individual,Chennai,22.0,contact300022@events.com
300023,ORG-300023,Organizer_300023,Agency,Delhi,12.0,contact300023@events.com
300024,ORG-300024,Organizer_300024,Community,Chennai,15.0,contact300024@events.com
300025,ORG-300025,Organizer_300025,NGO,Bhopal,8.0,contact300025@events.com
300026,ORG-300026,Organizer_300026,Company,Patna,18.0,contact300026@events.com
300027,ORG-300027,Organizer_300027,NGO,Hyderabad,4.0,contact300027@events.com
300028,ORG-300028,Organizer_300028,Community,Jaipur,24.0,contact300028@events.com
300029,ORG-300029,Organizer_300029,Community,Ahmedabad,1.0,contact300029@events.com
300030,ORG-300030,Organizer_300030,Individual,Noida,,contact300030@events.com
300031,ORG-300031,Organizer_300031,Agency,Mumbai,6.0,contact300031@events.com
300032,ORG-300032,Organizer_300032,Company,Delhi,15.0,contact300032@events.com
300033,ORG-300033,Organizer_300033,NGO,Pune,5.0,contact300033@events.com
300034,ORG-300034,Organizer_300034,Agency,Patna,,contact300034@events.com
300035,ORG-300035,Organizer_300035,NGO,Gurugram,14.0,contact300035@events.com
300036,ORG-300036,Organizer_300036,NGO,Pune,18.0,contact300036@events.com
300037,ORG-300037,Organizer_300037,Company,Chandigarh,5.0,invalid_email
300038,ORG-300038,Organizer_300038,Agency,Jaipur,22.0,contact300038@events.com
300039,ORG-300039,Organizer_300039,Individual,Ranchi,5.0,contact300039@events.com
300040,ORG-300040,Organizer_300040,Company,Delhi,19.0,contact300040@events.com
300041,ORG-300041,Organizer_300041,Community,Hyderabad,9.0,contact300041@events.com
300042,ORG-300042,Organizer_300042,Individual,Kolkata,15.0,invalid_email
300043,ORG-300043,Organizer_300043,Company,Indore,20.0,contact300043@events.com
300044,ORG-300044,Organizer_300044,Agency,Patna,,contact300044@events.com
300045,ORG-300045,Organizer_300045,Individual,Mumbai,,contact300045@events.com
300046,ORG-300046,Organizer_300046,NGO,Mumbai,24.0,contact300046@events.com
300047,ORG-300047,Organizer_300047,Agency,Noida,8.0,contact300047@events.com
300048,ORG-300048,Organizer_300048,NGO,Gurugram,7.0,contact300048@events.com
300049,ORG-300049,Organizer_300049,NGO,Bhopal,15.0,contact300049@events.com
300050,ORG-300050,Organizer_300050,NGO,Ahmedabad,23.0,contact300050@events.com
300051,ORG-300051,Organizer_300051,Individual,Lucknow,20.0,contact300051@events.com
300052,ORG-300052,Organizer_300052,Agency,Patna,6.0,contact300052@events.com
300053,ORG-300053,Organizer_300053,Community,Noida,12.0,invalid_email
300054,ORG-300054,Organizer_300054,Agency,Lucknow,8.0,contact300054@events.com
300055,ORG-300055,Organizer_300055,Company,Jaipur,10.0,contact300055@events.com
300056,ORG-300056,Organizer_300056,Community,Hyderabad,13.0,contact300056@events.com
300057,ORG-300057,Organizer_300057,Agency,Gurugram,13.0,contact300057@events.com
300058,ORG-300058,Organizer_300058,NGO,Bhopal,18.0,contact300058@events.com
300059,ORG-300059,Organizer_300059,Agency,Ranchi,10.0,contact300059@events.com
300060,ORG-300060,Organizer_300060,Individual,Gaya,7.0,contact300060@events.com
300061,ORG-300061,Organizer_300061,Agency,Indore,3.0,contact300061@events.com
300062,ORG-300062,Organizer_300062,Agency,Indore,24.0,invalid_email
300063,ORG-300063,Organizer_300063,Individual,Ranchi,1.0,contact300063@events.com
300064,ORG-300064,Organizer_300064,Agency,Noida,15.0,contact300064@events.com
300065,ORG-300065,Organizer_300065,Community,Chennai,14.0,invalid_email
300066,ORG-300066,Organizer_300066,Agency,Bhopal,16.0,contact300066@events.com
300067,ORG-300067,Organizer_300067,Company,Jaipur,17.0,contact300067@events.com
300068,ORG-300068,Organizer_300068,Individual,Patna,2.0,contact300068@events.com
300069,ORG-300069,Organizer_300069,Company,Kolkata,17.0,contact300069@events.com
300070,ORG-300070,Organizer_300070,NGO,Hyderabad,22.0,contact300070@events.com
300071,ORG-300071,Organizer_300071,Company,Gaya,,invalid_email
300072,ORG-300072,Organizer_300072,Individual,Pune,15.0,contact300072@events.com
300073,ORG-300073,Organizer_300073,Community,Chennai,20.0,contact300073@events.com
300074,ORG-300074,Organizer_300074,Individual,Mumbai,24.0,contact300074@events.com
300075,ORG-300075,Organizer_300075,Community,Bengaluru,11.0,contact300075@events.com
300076,ORG-300076,Organizer_300076,Agency,Indore,1.0,contact300076@events.com
300077,ORG-300077,Organizer_300077,Company,Bengaluru,2.0,contact300077@events.com
300078,ORG-300078,Organizer_300078,Agency,Mumbai,8.0,contact300078@events.com
300079,ORG-300079,Organizer_300079,Agency,Noida,7.0,contact300079@events.com
300080,ORG-300080,Organizer_300080,Company,Gaya,3.0,contact300080@events.com
300081,ORG-300081,Organizer_300081,Community,Lucknow,18.0,contact300081@events.com
300082,ORG-300082,Organizer_300082,Individual,Indore,16.0,contact300082@events.com
300083,ORG-300083,Organizer_300083,Company,Ahmedabad,2.0,contact300083@events.com
300084,ORG-300084,Organizer_300084,Individual,Hyderabad,22.0,contact300084@events.com
300085,ORG-300085,Organizer_300085,Community,Delhi,17.0,contact300085@events.com
300086,ORG-300086,Organizer_300086,NGO,Delhi,14.0,contact300086@events.com
300087,ORG-300087,Organizer_300087,Agency,Mumbai,23.0,contact300087@events.com
300088,ORG-300088,Organizer_300088,Individual,Pune,21.0,contact300088@events.com
300089,ORG-300089,Organizer_300089,Individual,Patna,13.0,contact300089@events.com
300090,ORG-300090,Organizer_300090,Company,Chennai,19.0,contact300090@events.com
300091,ORG-300091,Organizer_300091,Company,Pune,22.0,contact300091@events.com
300092,ORG-300092,Organizer_300092,Community,Lucknow,13.0,invalid_email
300093,ORG-300093,Organizer_300093,NGO,Ranchi,5.0,contact300093@events.com
300094,ORG-300094,Organizer_300094,Community,Mumbai,22.0,contact300094@events.com
300095,ORG-300095,Organizer_300095,Company,Gaya,8.0,contact300095@events.com
300096,ORG-300096,Organizer_300096,Company,Gaya,1.0,contact300096@events.com
300097,ORG-300097,Organizer_300097,NGO,Indore,18.0,contact300097@events.com
300098,ORG-300098,Organizer_300098,Individual,Ahmedabad,1.0,contact300098@events.com
300099,ORG-300099,Organizer_300099,Individual,Gurugram,1.0,contact300099@events.com
300100,ORG-300100,Organizer_300100,Individual,Delhi,19.0,contact300100@events.com
300101,ORG-300101,Organizer_300101,Company,Ranchi,3.0,contact300101@events.com
300102,ORG-300102,Organizer_300102,Company,Bengaluru,14.0,contact300102@events.com
300103,ORG-300103,Organizer_300103,Individual,Kolkata,22.0,contact300103@events.com
300104,ORG-300104,Organizer_300104,NGO,Ranchi,,contact300104@events.com
300105,ORG-300105,Organizer_300105,NGO,Ranchi,2.0,contact300105@events.com
300106,ORG-300106,Organizer_300106,Community,Indore,6.0,contact300106@events.com
300107,ORG-300107,Organizer_300107,Individual,Ahmedabad,19.0,contact300107@events.com
300108,ORG-300108,Organizer_300108,Community,Jaipur,19.0,contact300108@events.com
300109,ORG-300109,Organizer_300109,Company,Noida,21.0,contact300109@events.com
300110,ORG-300110,Organizer_300110,Agency,Ranchi,17.0,contact300110@events.com
300111,ORG-300111,Organizer_300111,NGO,Lucknow,7.0,invalid_email
300112,ORG-300112,Organizer_300112,Community,Jaipur,6.0,contact300112@events.com
300113,ORG-300113,Organizer_300113,Community,Kolkata,2.0,contact300113@events.com
300114,ORG-300114,Organizer_300114,Individual,Pune,19.0,contact300114@events.com
300115,ORG-300115,Organizer_300115,NGO,Lucknow,10.0,contact300115@events.com
300116,ORG-300116,Organizer_300116,Individual,Delhi,9.0,contact300116@events.com
300117,ORG-300117,Organizer_300117,Company,Gaya,14.0,contact300117@events.com
300118,ORG-300118,Organizer_300118,Community,Gurugram,15.0,contact300118@events.com
300119,ORG-300119,Organizer_300119,Individual,Kolkata,20.0,contact300119@events.com
300120,ORG-300120,Organizer_300120,Company,Chandigarh,16.0,contact300120@events.com
300121,ORG-300121,Organizer_300121,NGO,Bengaluru,13.0,contact300121@events.com
300122,ORG-300122,Organizer_300122,Individual,Indore,7.0,contact300122@events.com
300123,ORG-300123,Organizer_300123,Agency,Lucknow,13.0,contact300123@events.com
300124,ORG-300124,Organizer_300124,Individual,Patna,10.0,contact300124@events.com
300125,ORG-300125,Organizer_300125,Agency,Patna,8.0,contact300125@events.com
300126,ORG-300126,Organizer_300126,NGO,Gurugram,20.0,contact300126@events.com
300127,ORG-300127,Organizer_300127,Community,Jaipur,6.0,contact300127@events.com
300128,ORG-300128,Organizer_300128,Agency,Patna,6.0,contact300128@events.com
300129,ORG-300129,Organizer_300129,Individual,Patna,17.0,contact300129@events.com
300130,ORG-300130,Organizer_300130,Agency,Noida,3.0,contact300130@events.com
300131,ORG-300131,Organizer_300131,NGO,Noida,11.0,contact300131@events.com
300132,ORG-300132,Organizer_300132,Individual,Gaya,7.0,contact300132@events.com
300133,ORG-300133,Organizer_300133,Community,Hyderabad,5.0,invalid_email
300134,ORG-300134,Organizer_300134,Individual,Pune,17.0,contact300134@events.com
300135,ORG-300135,Organizer_300135,Community,Gurugram,15.0,contact300135@events.com
300136,ORG-300136,Organizer_300136,Company,Chandigarh,20.0,contact300136@events.com
300137,ORG-300137,Organizer_300137,Company,Gurugram,24.0,contact300137@events.com
300138,ORG-300138,Organizer_300138,Company,Kolkata,23.0,contact300138@events.com
300139,ORG-300139,Organizer_300139,NGO,Hyderabad,9.0,contact300139@events.com
300140,ORG-300140,Organizer_300140,Agency,Ranchi,16.0,contact300140@events.com
300141,ORG-300141,Organizer_300141,Community,Ranchi,11.0,contact300141@events.com
300142,ORG-300142,Organizer_300142,Company,Gurugram,23.0,contact300142@events.com
300143,ORG-300143,Organizer_300143,Company,Bengaluru,21.0,contact300143@events.com
300144,ORG-300144,Organizer_300144,Company,Lucknow,4.0,contact300144@events.com
300145,ORG-300145,Organizer_300145,Community,Ahmedabad,,contact300145@events.com
300146,ORG-300146,Organizer_300146,Company,Patna,,contact300146@events.com
300147,ORG-300147,Organizer_300147,Company,Ranchi,12.0,contact300147@events.com
300148,ORG-300148,Organizer_300148,Agency,Chandigarh,9.0,contact300148@events.com
300149,ORG-300149,Organizer_300149,Community,Mumbai,11.0,contact300149@events.com
300150,ORG-300150,Organizer_300150,NGO,Delhi,5.0,contact300150@events.com
300151,ORG-300151,Organizer_300151,NGO,Ahmedabad,13.0,contact300151@events.com
300152,ORG-300152,Organizer_300152,Individual,Indore,1.0,invalid_email
300153,ORG-300153,Organizer_300153,Individual,Ahmedabad,7.0,contact300153@events.com
300154,ORG-300154,Organizer_300154,Agency,Noida,11.0,contact300154@events.com
300155,ORG-300155,Organizer_300155,Individual,Ahmedabad,,contact300155@events.com
300156,ORG-300156,Organizer_300156,Agency,Bengaluru,,contact300156@events.com
300157,ORG-300157,Organizer_300157,Community,Indore,8.0,contact300157@events.com
300158,ORG-300158,Organizer_300158,Individual,Ahmedabad,,contact300158@events.com
300159,ORG-300159,Organizer_300159,Individual,Delhi,5.0,contact300159@events.com
300160,ORG-300160,Organizer_300160,Community,Patna,10.0,invalid_email
300161,ORG-300161,Organizer_300161,Individual,Lucknow,21.0,contact300161@events.com
300162,ORG-300162,Organizer_300162,Individual,Jaipur,,contact300162@events.com
300163,ORG-300163,Organizer_300163,Agency,Delhi,5.0,contact300163@events.com
300164,ORG-300164,Organizer_300164,Agency,Patna,8.0,contact300164@events.com
300165,ORG-300165,Organizer_300165,Agency,Delhi,16.0,contact300165@events.com
300166,ORG-300166,Organizer_300166,Individual,Hyderabad,,contact300166@events.com
300167,ORG-300167,Organizer_300167,Agency,Gaya,9.0,contact300167@events.com
300168,ORG-300168,Organizer_300168,NGO,Bhopal,20.0,contact300168@events.com
300169,ORG-300169,Organizer_300169,Agency,Ranchi,8.0,contact300169@events.com
300170,ORG-300170,Organizer_300170,Individual,Kolkata,11.0,contact300170@events.com
300171,ORG-300171,Organizer_300171,Individual,Noida,18.0,contact300171@events.com
300172,ORG-300172,Organizer_300172,Agency,Hyderabad,3.0,contact300172@events.com
300173,ORG-300173,Organizer_300173,Community,Hyderabad,6.0,contact300173@events.com
300174,ORG-300174,Organizer_300174,Community,Indore,18.0,contact300174@events.com
300175,ORG-300175,Organizer_300175,NGO,Mumbai,3.0,contact300175@events.com
300176,ORG-300176,Organizer_300176,Company,Jaipur,,contact300176@events.com
300177,ORG-300177,Organizer_300177,Agency,Delhi,8.0,contact300177@events.com
300178,ORG-300178,Organizer_300178,Agency,Delhi,10.0,contact300178@events.com
300179,ORG-300179,Organizer_300179,Individual,Lucknow,18.0,contact300179@events.com
300180,ORG-300180,Organizer_300180,Community,Noida,,contact300180@events.com
300181,ORG-300181,Organizer_300181,Community,Indore,5.0,contact300181@events.com
300182,ORG-300182,Organizer_300182,Community,Lucknow,15.0,contact300182@events.com
300183,ORG-300183,Organizer_300183,Individual,Chandigarh,18.0,contact300183@events.com
300184,ORG-300184,Organizer_300184,Individual,Bhopal,10.0,contact300184@events.com
300185,ORG-300185,Organizer_300185,Community,Hyderabad,6.0,invalid_email
300186,ORG-300186,Organizer_300186,Individual,Hyderabad,9.0,invalid_email
300187,ORG-300187,Organizer_300187,Company,Chandigarh,6.0,invalid_email
300188,ORG-300188,Organizer_300188,Company,Ahmedabad,8.0,contact300188@events.com
300189,ORG-300189,Organizer_300189,NGO,Kolkata,22.0,contact300189@events.com
300190,ORG-300190,Organizer_300190,Agency,Pune,10.0,contact300190@events.com
300191,ORG-300191,Organizer_300191,Individual,Patna,15.0,contact300191@events.com
300192,ORG-300192,Organizer_300192,Agency,Chandigarh,11.0,contact300192@events.com
300193,ORG-300193,Organizer_300193,Company,Patna,21.0,contact300193@events.com
300194,ORG-300194,Organizer_300194,Agency,Kolkata,8.0,contact300194@events.com
300195,ORG-300195,Organizer_300195,Agency,Ranchi,14.0,contact300195@events.com
300196,ORG-300196,Organizer_300196,Individual,Bengaluru,11.0,contact300196@events.com
300197,ORG-300197,Organizer_300197,Community,Pune,24.0,contact300197@events.com
300198,ORG-300198,Organizer_300198,Community,Lucknow,21.0,contact300198@events.com
300199,ORG-300199,Organizer_300199,Community,Delhi,2.0,contact300199@events.com
300200,ORG-300200,Organizer_300200,Company,Ranchi,2.0,contact300200@events.com
300201,ORG-300201,Organizer_300201,NGO,Hyderabad,24.0,contact300201@events.com
300202,ORG-300202,Organizer_300202,Company,Noida,3.0,contact300202@events.com
300203,ORG-300203,Organizer_300203,Company,Chandigarh,14.0,contact300203@events.com
300204,ORG-300204,Organizer_300204,NGO,Kolkata,18.0,contact300204@events.com
300205,ORG-300205,Organizer_300205,Individual,Hyderabad,21.0,contact300205@events.com
300206,ORG-300206,Organizer_300206,NGO,Indore,23.0,contact300206@events.com
300207,ORG-300207,Organizer_300207,Community,Gaya,,contact300207@events.com
300208,ORG-300208,Organizer_300208,Company,Ahmedabad,15.0,contact300208@events.com
300209,ORG-300209,Organizer_300209,NGO,Patna,8.0,contact300209@events.com
300210,ORG-300210,Organizer_300210,Individual,Indore,13.0,contact300210@events.com
300211,ORG-300211,Organizer_300211,Company,Noida,24.0,invalid_email
300212,ORG-300212,Organizer_300212,Agency,Hyderabad,19.0,contact300212@events.com
300213,ORG-300213,Organizer_300213,Community,Gurugram,16.0,contact300213@events.com
300214,ORG-300214,Organizer_300214,Company,Pune,21.0,contact300214@events.com
300215,ORG-300215,Organizer_300215,Agency,Mumbai,21.0,contact300215@events.com
300216,ORG-300216,Organizer_300216,NGO,Bengaluru,17.0,contact300216@events.com
300217,ORG-300217,Organizer_300217,Company,Gurugram,18.0,contact300217@events.com
300218,ORG-300218,Organizer_300218,Individual,Ahmedabad,16.0,contact300218@events.com
300219,ORG-300219,Organizer_300219,Individual,Hyderabad,11.0,contact300219@events.com
300220,ORG-300220,Organizer_300220,Company,Chennai,9.0,contact300220@events.com
300221,ORG-300221,Organizer_300221,Individual,Jaipur,17.0,contact300221@events.com
300222,ORG-300222,Organizer_300222,NGO,Ranchi,15.0,contact300222@events.com
300223,ORG-300223,Organizer_300223,NGO,Kolkata,4.0,contact300223@events.com
300224,ORG-300224,Organizer_300224,Agency,Hyderabad,18.0,contact300224@events.com
300225,ORG-300225,Organizer_300225,Individual,Indore,2.0,contact300225@events.com
300226,ORG-300226,Organizer_300226,Individual,Kolkata,6.0,contact300226@events.com
300227,ORG-300227,Organizer_300227,Agency,Chennai,2.0,contact300227@events.com
300228,ORG-300228,Organizer_300228,NGO,Bengaluru,14.0,contact300228@events.com
300229,ORG-300229,Organizer_300229,Community,Mumbai,15.0,invalid_email
300230,ORG-300230,Organizer_300230,Company,Mumbai,24.0,contact300230@events.com
300231,ORG-300231,Organizer_300231,Agency,Hyderabad,1.0,contact300231@events.com
300232,ORG-300232,Organizer_300232,NGO,Chennai,21.0,contact300232@events.com
300233,ORG-300233,Organizer_300233,Company,Hyderabad,19.0,contact300233@events.com
300234,ORG-300234,Organizer_300234,Individual,Chandigarh,,contact300234@events.com
300235,ORG-300235,Organizer_300235,Individual,Kolkata,21.0,invalid_email
300236,ORG-300236,Organizer_300236,Agency,Kolkata,7.0,contact300236@events.com
300237,ORG-300237,Organizer_300237,Agency,Gurugram,7.0,contact300237@events.com
300238,ORG-300238,Organizer_300238,Community,Kolkata,7.0,contact300238@events.com
300239,ORG-300239,Organizer_300239,Agency,Chennai,15.0,contact300239@events.com
300240,ORG-300240,Organizer_300240,Agency,Noida,10.0,contact300240@events.com
300241,ORG-300241,Organizer_300241,Community,Ranchi,,contact300241@events.com
300242,ORG-300242,Organizer_300242,Company,Kolkata,23.0,contact300242@events.com
300243,ORG-300243,Organizer_300243,Company,Pune,12.0,contact300243@events.com
300244,ORG-300244,Organizer_300244,Agency,Chandigarh,,contact300244@events.com
300245,ORG-300245,Organizer_300245,Company,Patna,12.0,contact300245@events.com
300246,ORG-300246,Organizer_300246,Individual,Pune,13.0,contact300246@events.com
300247,ORG-300247,Organizer_300247,Community,Indore,20.0,contact300247@events.com
300248,ORG-300248,Organizer_300248,Individual,Lucknow,7.0,contact300248@events.com
300249,ORG-300249,Organizer_300249,Individual,Bengaluru,22.0,contact300249@events.com
300250,ORG-300250,Organizer_300250,Agency,Patna,4.0,contact300250@events.com
300251,ORG-300251,Organizer_300251,Individual,Mumbai,3.0,contact300251@events.com
300252,ORG-300252,Organizer_300252,Individual,Indore,18.0,contact300252@events.com
300253,ORG-300253,Organizer_300253,Individual,Chennai,13.0,contact300253@events.com
300254,ORG-300254,Organizer_300254,Company,Bhopal,21.0,invalid_email
300255,ORG-300255,Organizer_300255,NGO,Chennai,6.0,contact300255@events.com
300256,ORG-300256,Organizer_300256,NGO,Chandigarh,18.0,contact300256@events.com
300257,ORG-300257,Organizer_300257,NGO,Noida,8.0,contact300257@events.com
300258,ORG-300258,Organizer_300258,Company,Gurugram,23.0,contact300258@events.com
300259,ORG-300259,Organizer_300259,NGO,Ahmedabad,19.0,contact300259@events.com
300260,ORG-300260,Organizer_300260,Individual,Chandigarh,,contact300260@events.com
300261,ORG-300261,Organizer_300261,NGO,Ahmedabad,14.0,contact300261@events.com
300262,ORG-300262,Organizer_300262,Community,Jaipur,,contact300262@events.com
300263,ORG-300263,Organizer_300263,Individual,Pune,19.0,contact300263@events.com
300264,ORG-300264,Organizer_300264,Individual,Hyderabad,11.0,contact300264@events.com
300265,ORG-300265,Organizer_300265,Company,Ahmedabad,10.0,contact300265@events.com
300266,ORG-300266,Organizer_300266,Agency,Kolkata,19.0,contact300266@events.com
300267,ORG-300267,Organizer_300267,Agency,Delhi,2.0,contact300267@events.com
300268,ORG-300268,Organizer_300268,Agency,Gaya,17.0,contact300268@events.com
300269,ORG-300269,Organizer_300269,Company,Bengaluru,18.0,contact300269@events.com
300270,ORG-300270,Organizer_300270,Individual,Chandigarh,15.0,contact300270@events.com
300271,ORG-300271,Organizer_300271,Agency,Indore,,contact300271@events.com
300272,ORG-300272,Organizer_300272,Individual,Ranchi,6.0,contact300272@events.com
300273,ORG-300273,Organizer_300273,Individual,Hyderabad,9.0,contact300273@events.com
300274,ORG-300274,Organizer_300274,Individual,Bhopal,13.0,contact300274@events.com
300275,ORG-300275,Organizer_300275,Company,Kolkata,2.0,contact300275@events.com
300276,ORG-300276,Organizer_300276,Community,Noida,12.0,contact300276@events.com
300277,ORG-300277,Organizer_300277,Company,Delhi,14.0,contact300277@events.com
300278,ORG-300278,Organizer_300278,Company,Bengaluru,19.0,invalid_email
300279,ORG-300279,Organizer_300279,Community,Gaya,15.0,contact300279@events.com
300280,ORG-300280,Organizer_300280,Company,Mumbai,,invalid_email
300281,ORG-300281,Organizer_300281,Community,Pune,18.0,contact300281@events.com
300282,ORG-300282,Organizer_300282,Company,Bengaluru,22.0,contact300282@events.com
300283,ORG-300283,Organizer_300283,Individual,Chandigarh,16.0,contact300283@events.com
300284,ORG-300284,Organizer_300284,Agency,Gurugram,8.0,contact300284@events.com
300285,ORG-300285,Organizer_300285,Agency,Noida,8.0,contact300285@events.com
300286,ORG-300286,Organizer_300286,Community,Gaya,12.0,contact300286@events.com
300287,ORG-300287,Organizer_300287,Individual,Pune,15.0,contact300287@events.com
300288,ORG-300288,Organizer_300288,Community,Gurugram,18.0,contact300288@events.com
300289,ORG-300289,Organizer_300289,Individual,Noida,13.0,contact300289@events.com
300290,ORG-300290,Organizer_300290,NGO,Hyderabad,2.0,contact300290@events.com
300291,ORG-300291,Organizer_300291,Company,Bengaluru,,contact300291@events.com
300292,ORG-300292,Organizer_300292,Individual,Gaya,17.0,contact300292@events.com
300293,ORG-300293,Organizer_300293,Community,Kolkata,2.0,contact300293@events.com
300294,ORG-300294,Organizer_300294,Individual,Delhi,16.0,contact300294@events.com
300295,ORG-300295,Organizer_300295,NGO,Patna,6.0,contact300295@events.com
300296,ORG-300296,Organizer_300296,Individual,Chennai,6.0,contact300296@events.com
300297,ORG-300297,Organizer_300297,NGO,Bengaluru,2.0,contact300297@events.com
300298,ORG-300298,Organizer_300298,Individual,Ranchi,24.0,contact300298@events.com
300299,ORG-300299,Organizer_300299,NGO,Kolkata,19.0,contact300299@events.com
300300,ORG-300300,Organizer_300300,NGO,Delhi,11.0,invalid_email
300301,ORG-300301,Organizer_300301,Company,Hyderabad,20.0,contact300301@events.com
300302,ORG-300302,Organizer_300302,Agency,Jaipur,7.0,contact300302@events.com
300303,ORG-300303,Organizer_300303,Company,Lucknow,24.0,contact300303@events.com
300304,ORG-300304,Organizer_300304,Company,Ranchi,2.0,contact300304@events.com
300305,ORG-300305,Organizer_300305,Individual,Gurugram,,contact300305@events.com
300306,ORG-300306,Organizer_300306,Individual,Pune,18.0,contact300306@events.com
300307,ORG-300307,Organizer_300307,Community,Pune,23.0,contact300307@events.com
300308,ORG-300308,Organizer_300308,Individual,Gaya,,contact300308@events.com
300309,ORG-300309,Organizer_300309,Company,Kolkata,24.0,contact300309@events.com
300310,ORG-300310,Organizer_300310,Community,Chandigarh,15.0,invalid_email
300311,ORG-300311,Organizer_300311,Company,Chennai,8.0,contact300311@events.com
300312,ORG-300312,Organizer_300312,Individual,Lucknow,13.0,contact300312@events.com
300313,ORG-300313,Organizer_300313,NGO,Ranchi,,contact300313@events.com
300314,ORG-300314,Organizer_300314,Company,Delhi,4.0,contact300314@events.com
300315,ORG-300315,Organizer_300315,Individual,Ahmedabad,5.0,contact300315@events.com
300316,ORG-300316,Organizer_300316,Company,Lucknow,10.0,invalid_email
300317,ORG-300317,Organizer_300317,Community,Gaya,14.0,contact300317@events.com
300318,ORG-300318,Organizer_300318,Agency,Pune,17.0,contact300318@events.com
300319,ORG-300319,Organizer_300319,NGO,Gaya,1.0,contact300319@events.com
300320,ORG-300320,Organizer_300320,Agency,Hyderabad,3.0,contact300320@events.com
300321,ORG-300321,Organizer_300321,NGO,Gaya,,contact300321@events.com
300322,ORG-300322,Organizer_300322,NGO,Hyderabad,19.0,contact300322@events.com
300323,ORG-300323,Organizer_300323,NGO,Mumbai,13.0,contact300323@events.com
300324,ORG-300324,Organizer_300324,NGO,Delhi,2.0,contact300324@events.com
300325,ORG-300325,Organizer_300325,Company,Mumbai,13.0,contact300325@events.com
300326,ORG-300326,Organizer_300326,Individual,Bengaluru,4.0,contact300326@events.com
300327,ORG-300327,Organizer_300327,NGO,Pune,10.0,contact300327@events.com
300328,ORG-300328,Organizer_300328,Individual,Chandigarh,10.0,contact300328@events.com
300329,ORG-300329,Organizer_300329,Company,Mumbai,8.0,contact300329@events.com
300330,ORG-300330,Organizer_300330,Individual,Hyderabad,11.0,contact300330@events.com
300331,ORG-300331,Organizer_300331,NGO,Lucknow,7.0,contact300331@events.com
300332,ORG-300332,Organizer_300332,NGO,Ranchi,11.0,invalid_email
300333,ORG-300333,Organizer_300333,Community,Ranchi,22.0,contact300333@events.com
300334,ORG-300334,Organizer_300334,Community,Pune,20.0,contact300334@events.com
300335,ORG-300335,Organizer_300335,Community,Noida,18.0,contact300335@events.com
300336,ORG-300336,Organizer_300336,Community,Hyderabad,13.0,contact300336@events.com
300337,ORG-300337,Organizer_300337,Agency,Chennai,24.0,contact300337@events.com
300338,ORG-300338,Organizer_300338,NGO,Chandigarh,19.0,contact300338@events.com
300339,ORG-300339,Organizer_300339,Agency,Ranchi,18.0,contact300339@events.com
300340,ORG-300340,Organizer_300340,NGO,Ahmedabad,7.0,invalid_email
300341,ORG-300341,Organizer_300341,Agency,Noida,16.0,invalid_email
300342,ORG-300342,Organizer_300342,Community,Noida,16.0,contact300342@events.com
300343,ORG-300343,Organizer_300343,Individual,Patna,4.0,contact300343@events.com
300344,ORG-300344,Organizer_300344,Company,Patna,23.0,contact300344@events.com
300345,ORG-300345,Organizer_300345,Community,Kolkata,8.0,contact300345@events.com
300346,ORG-300346,Organizer_300346,Company,Noida,5.0,contact300346@events.com
300347,ORG-300347,Organizer_300347,NGO,Indore,11.0,contact300347@events.com
300348,ORG-300348,Organizer_300348,Company,Delhi,13.0,contact300348@events.com
300349,ORG-300349,Organizer_300349,Company,Kolkata,20.0,contact300349@events.com
300350,ORG-300350,Organizer_300350,Company,Mumbai,10.0,contact300350@events.com
300351,ORG-300351,Organizer_300351,Agency,Chennai,10.0,contact300351@events.com
300352,ORG-300352,Organizer_300352,Company,Ranchi,,contact300352@events.com
300353,ORG-300353,Organizer_300353,Individual,Gaya,22.0,contact300353@events.com
300354,ORG-300354,Organizer_300354,NGO,Chandigarh,,contact300354@events.com
300355,ORG-300355,Organizer_300355,Agency,Ahmedabad,8.0,contact300355@events.com
300356,ORG-300356,Organizer_300356,Individual,Bengaluru,7.0,contact300356@events.com
300357,ORG-300357,Organizer_300357,NGO,Ranchi,23.0,contact300357@events.com
300358,ORG-300358,Organizer_300358,NGO,Ranchi,7.0,contact300358@events.com
300359,ORG-300359,Organizer_300359,NGO,Hyderabad,4.0,contact300359@events.com
300360,ORG-300360,Organizer_300360,Agency,Patna,19.0,contact300360@events.com
300361,ORG-300361,Organizer_300361,Company,Gaya,12.0,contact300361@events.com
300362,ORG-300362,Organizer_300362,Agency,Chandigarh,16.0,contact300362@events.com
300363,ORG-300363,Organizer_300363,Company,Bhopal,8.0,contact300363@events.com
300364,ORG-300364,Organizer_300364,Individual,Pune,,invalid_email
300365,ORG-300365,Organizer_300365,Individual,Patna,4.0,contact300365@events.com
300366,ORG-300366,Organizer_300366,Agency,Hyderabad,,contact300366@events.com
300367,ORG-300367,Organizer_300367,Individual,Delhi,8.0,contact300367@events.com
300368,ORG-300368,Organizer_300368,Agency,Chandigarh,6.0,contact300368@events.com
300369,ORG-300369,Organizer_300369,Individual,Mumbai,11.0,invalid_email
300370,ORG-300370,Organizer_300370,Agency,Noida,5.0,contact300370@events.com
300371,ORG-300371,Organizer_300371,Individual,Bengaluru,2.0,contact300371@events.com
300372,ORG-300372,Organizer_300372,NGO,Chandigarh,16.0,contact300372@events.com
300373,ORG-300373,Organizer_300373,NGO,Gaya,3.0,contact300373@events.com
300374,ORG-300374,Organizer_300374,Company,Mumbai,1.0,contact300374@events.com
300375,ORG-300375,Organizer_300375,Company,Noida,10.0,contact300375@events.com
300376,ORG-300376,Organizer_300376,Individual,Patna,7.0,contact300376@events.com
300377,ORG-300377,Organizer_300377,NGO,Bhopal,8.0,contact300377@events.com
300378,ORG-300378,Organizer_300378,Company,Ranchi,4.0,contact300378@events.com
300379,ORG-300379,Organizer_300379,Agency,Hyderabad,,contact300379@events.com
300380,ORG-300380,Organizer_300380,Company,Gurugram,23.0,contact300380@events.com
300381,ORG-300381,Organizer_300381,Agency,Indore,6.0,contact300381@events.com
300382,ORG-300382,Organizer_300382,Company,Kolkata,9.0,contact300382@events.com
300383,ORG-300383,Organizer_300383,NGO,Patna,18.0,contact300383@events.com
300384,ORG-300384,Organizer_300384,Individual,Ranchi,4.0,contact300384@events.com
300385,ORG-300385,Organizer_300385,Company,Lucknow,23.0,contact300385@events.com
300386,ORG-300386,Organizer_300386,Company,Ahmedabad,7.0,contact300386@events.com
300387,ORG-300387,Organizer_300387,NGO,Chandigarh,2.0,contact300387@events.com
300388,ORG-300388,Organizer_300388,Community,Delhi,12.0,contact300388@events.com
300389,ORG-300389,Organizer_300389,NGO,Bengaluru,,contact300389@events.com
300390,ORG-300390,Organizer_300390,Agency,Kolkata,9.0,contact300390@events.com
300391,ORG-300391,Organizer_300391,Individual,Hyderabad,19.0,invalid_email
300392,ORG-300392,Organizer_300392,Agency,Bengaluru,4.0,contact300392@events.com
300393,ORG-300393,Organizer_300393,Agency,Indore,4.0,contact300393@events.com
300394,ORG-300394,Organizer_300394,Agency,Ranchi,17.0,contact300394@events.com
300395,ORG-300395,Organizer_300395,Community,Patna,6.0,contact300395@events.com
300396,ORG-300396,Organizer_300396,Agency,Chennai,17.0,contact300396@events.com
300397,ORG-300397,Organizer_300397,NGO,Hyderabad,15.0,contact300397@events.com
300398,ORG-300398,Organizer_300398,Agency,Chennai,,contact300398@events.com
300399,ORG-300399,Organizer_300399,Company,Pune,15.0,contact300399@events.com
300400,ORG-300400,Organizer_300400,Community,Patna,21.0,contact300400@events.com
300401,ORG-300401,Organizer_300401,NGO,Gaya,13.0,contact300401@events.com
300402,ORG-300402,Organizer_300402,Individual,Bengaluru,2.0,contact300402@events.com
300403,ORG-300403,Organizer_300403,Agency,Gurugram,10.0,contact300403@events.com
300404,ORG-300404,Organizer_300404,Community,Bengaluru,23.0,invalid_email
300405,ORG-300405,Organizer_300405,Community,Mumbai,16.0,contact300405@events.com
300406,ORG-300406,Organizer_300406,NGO,Patna,13.0,contact300406@events.com
300407,ORG-300407,Organizer_300407,Individual,Bengaluru,10.0,contact300407@events.com
300408,ORG-300408,Organizer_300408,Individual,Kolkata,20.0,contact300408@events.com
300409,ORG-300409,Organizer_300409,Community,Lucknow,21.0,contact300409@events.com
300410,ORG-300410,Organizer_300410,Community,Chandigarh,9.0,contact300410@events.com
300411,ORG-300411,Organizer_300411,Company,Pune,16.0,contact300411@events.com
300412,ORG-300412,Organizer_300412,Company,Mumbai,2.0,invalid_email
300413,ORG-300413,Organizer_300413,Agency,Patna,24.0,contact300413@events.com
300414,ORG-300414,Organizer_300414,Company,Ahmedabad,,contact300414@events.com
300415,ORG-300415,Organizer_300415,Agency,Chandigarh,2.0,invalid_email
300416,ORG-300416,Organizer_300416,Company,Lucknow,21.0,contact300416@events.com
300417,ORG-300417,Organizer_300417,Agency,Gaya,24.0,contact300417@events.com
300418,ORG-300418,Organizer_300418,Company,Indore,19.0,contact300418@events.com
300419,ORG-300419,Organizer_300419,NGO,Indore,10.0,contact300419@events.com
300420,ORG-300420,Organizer_300420,Agency,Hyderabad,13.0,contact300420@events.com
300421,ORG-300421,Organizer_300421,Community,Chennai,8.0,contact300421@events.com
300422,ORG-300422,Organizer_300422,Community,Ranchi,20.0,invalid_email
300423,ORG-300423,Organizer_300423,NGO,Pune,,contact300423@events.com
300424,ORG-300424,Organizer_300424,Agency,Chennai,15.0,contact300424@events.com
300425,ORG-300425,Organizer_300425,Community,Gurugram,13.0,contact300425@events.com
300426,ORG-300426,Organizer_300426,NGO,Chennai,16.0,contact300426@events.com
300427,ORG-300427,Organizer_300427,Community,Bhopal,22.0,contact300427@events.com
300428,ORG-300428,Organizer_300428,Individual,Jaipur,12.0,contact300428@events.com
300429,ORG-300429,Organizer_300429,Company,Jaipur,4.0,contact300429@events.com
300430,ORG-300430,Organizer_300430,Community,Pune,3.0,contact300430@events.com
300431,ORG-300431,Organizer_300431,Individual,Ranchi,9.0,contact300431@events.com
300432,ORG-300432,Organizer_300432,Community,Ranchi,8.0,contact300432@events.com
300433,ORG-300433,Organizer_300433,Agency,Jaipur,24.0,contact300433@events.com
300434,ORG-300434,Organizer_300434,NGO,Gaya,17.0,contact300434@events.com
300435,ORG-300435,Organizer_300435,Company,Bengaluru,10.0,contact300435@events.com
300436,ORG-300436,Organizer_300436,Individual,Gaya,1.0,contact300436@events.com
300437,ORG-300437,Organizer_300437,NGO,Patna,18.0,contact300437@events.com
300438,ORG-300438,Organizer_300438,Community,Gurugram,8.0,contact300438@events.com
300439,ORG-300439,Organizer_300439,Community,Chandigarh,16.0,contact300439@events.com
300440,ORG-300440,Organizer_300440,NGO,Delhi,10.0,contact300440@events.com
300441,ORG-300441,Organizer_300441,Community,Gurugram,16.0,contact300441@events.com
300442,ORG-300442,Organizer_300442,Company,Bhopal,10.0,contact300442@events.com
300443,ORG-300443,Organizer_300443,NGO,Mumbai,2.0,contact300443@events.com
300444,ORG-300444,Organizer_300444,NGO,Patna,23.0,contact300444@events.com
300445,ORG-300445,Organizer_300445,Company,Kolkata,24.0,contact300445@events.com
300446,ORG-300446,Organizer_300446,Agency,Hyderabad,22.0,contact300446@events.com
300447,ORG-300447,Organizer_300447,Agency,Hyderabad,23.0,contact300447@events.com
300448,ORG-300448,Organizer_300448,NGO,Bhopal,15.0,contact300448@events.com
300449,ORG-300449,Organizer_300449,Individual,Hyderabad,3.0,contact300449@events.com
300450,ORG-300450,Organizer_300450,Community,Ranchi,24.0,contact300450@events.com
300451,ORG-300451,Organizer_300451,Individual,Noida,19.0,contact300451@events.com
300452,ORG-300452,Organizer_300452,NGO,Jaipur,23.0,contact300452@events.com
300453,ORG-300453,Organizer_300453,Community,Mumbai,2.0,contact300453@events.com
300454,ORG-300454,Organizer_300454,Community,Patna,16.0,contact300454@events.com
300455,ORG-300455,Organizer_300455,Company,Ranchi,8.0,contact300455@events.com
300456,ORG-300456,Organizer_300456,Individual,Lucknow,16.0,contact300456@events.com
300457,ORG-300457,Organizer_300457,Individual,Chennai,18.0,contact300457@events.com
300458,ORG-300458,Organizer_300458,Agency,Noida,19.0,contact300458@events.com
300459,ORG-300459,Organizer_300459,Individual,Hyderabad,,contact300459@events.com
300460,ORG-300460,Organizer_300460,Individual,Indore,24.0,contact300460@events.com
300461,ORG-300461,Organizer_300461,Community,Gaya,24.0,contact300461@events.com
300462,ORG-300462,Organizer_300462,Individual,Lucknow,5.0,contact300462@events.com
300463,ORG-300463,Organizer_300463,Company,Lucknow,12.0,contact300463@events.com
300464,ORG-300464,Organizer_300464,Individual,Noida,15.0,contact300464@events.com
300465,ORG-300465,Organizer_300465,NGO,Patna,5.0,contact300465@events.com
300466,ORG-300466,Organizer_300466,Individual,Bhopal,5.0,contact300466@events.com
300467,ORG-300467,Organizer_300467,NGO,Gurugram,12.0,contact300467@events.com
300468,ORG-300468,Organizer_300468,Community,Noida,7.0,contact300468@events.com
300469,ORG-300469,Organizer_300469,Individual,Bhopal,23.0,contact300469@events.com
300470,ORG-300470,Organizer_300470,Community,Gurugram,11.0,invalid_email
300471,ORG-300471,Organizer_300471,Agency,Pune,14.0,contact300471@events.com
300472,ORG-300472,Organizer_300472,NGO,Gaya,,contact300472@events.com
300473,ORG-300473,Organizer_300473,Individual,Noida,12.0,contact300473@events.com
300474,ORG-300474,Organizer_300474,Community,Indore,15.0,contact300474@events.com
300475,ORG-300475,Organizer_300475,Community,Kolkata,5.0,contact300475@events.com
300476,ORG-300476,Organizer_300476,Company,Ranchi,15.0,invalid_email
300477,ORG-300477,Organizer_300477,Community,Bengaluru,5.0,contact300477@events.com
300478,ORG-300478,Organizer_300478,Community,Chennai,,contact300478@events.com
300479,ORG-300479,Organizer_300479,NGO,Bengaluru,,contact300479@events.com
300480,ORG-300480,Organizer_300480,NGO,Mumbai,17.0,contact300480@events.com
300481,ORG-300481,Organizer_300481,Individual,Ahmedabad,6.0,contact300481@events.com
300482,ORG-300482,Organizer_300482,Agency,Jaipur,6.0,contact300482@events.com
300483,ORG-300483,Organizer_300483,Company,Hyderabad,1.0,contact300483@events.com
300484,ORG-300484,Organizer_300484,Individual,Mumbai,1.0,contact300484@events.com
300485,ORG-300485,Organizer_300485,NGO,Indore,20.0,contact300485@events.com
300486,ORG-300486,Organizer_300486,Agency,Bengaluru,3.0,contact300486@events.com
300487,ORG-300487,Organizer_300487,Agency,Bhopal,,contact300487@events.com
300488,ORG-300488,Organizer_300488,Individual,Noida,3.0,contact300488@events.com
300489,ORG-300489,Organizer_300489,NGO,Gaya,19.0,contact300489@events.com
300490,ORG-300490,Organizer_300490,Agency,Patna,5.0,contact300490@events.com
300491,ORG-300491,Organizer_300491,Company,Mumbai,13.0,contact300491@events.com
300492,ORG-300492,Organizer_300492,Agency,Chandigarh,22.0,contact300492@events.com
300493,ORG-300493,Organizer_300493,Agency,Chandigarh,3.0,contact300493@events.com
300494,ORG-300494,Organizer_300494,Company,Hyderabad,,contact300494@events.com
300495,ORG-300495,Organizer_300495,Company,Lucknow,21.0,contact300495@events.com
300496,ORG-300496,Organizer_300496,Community,Delhi,10.0,contact300496@events.com
300497,ORG-300497,Organizer_300497,Company,Bhopal,20.0,contact300497@events.com
300498,ORG-300498,Organizer_300498,Agency,Chandigarh,10.0,contact300498@events.com
300499,ORG-300499,Organizer_300499,Agency,Bengaluru,3.0,contact300499@events.com
300500,ORG-300500,Organizer_300500,NGO,Mumbai,17.0,contact300500@events.com
300501,ORG-300501,Organizer_300501,Company,Mumbai,15.0,contact300501@events.com
300502,ORG-300502,Organizer_300502,NGO,Patna,2.0,contact300502@events.com
300503,ORG-300503,Organizer_300503,Company,Ranchi,,contact300503@events.com
300504,ORG-300504,Organizer_300504,Agency,Noida,18.0,contact300504@events.com
300505,ORG-300505,Organizer_300505,Agency,Chandigarh,,contact300505@events.com
300506,ORG-300506,Organizer_300506,Individual,Delhi,9.0,contact300506@events.com
300507,ORG-300507,Organizer_300507,Individual,Pune,23.0,contact300507@events.com
300508,ORG-300508,Organizer_300508,Agency,Delhi,24.0,contact300508@events.com
300509,ORG-300509,Organizer_300509,Community,Bengaluru,9.0,contact300509@events.com
300510,ORG-300510,Organizer_300510,Individual,Pune,19.0,contact300510@events.com
300511,ORG-300511,Organizer_300511,Individual,Noida,7.0,contact300511@events.com
300512,ORG-300512,Organizer_300512,Individual,Jaipur,,contact300512@events.com
300513,ORG-300513,Organizer_300513,Individual,Delhi,8.0,invalid_email
300514,ORG-300514,Organizer_300514,NGO,Chandigarh,15.0,contact300514@events.com
300515,ORG-300515,Organizer_300515,NGO,Patna,3.0,contact300515@events.com
300516,ORG-300516,Organizer_300516,NGO,Patna,6.0,contact300516@events.com
300517,ORG-300517,Organizer_300517,Community,Hyderabad,7.0,contact300517@events.com
300518,ORG-300518,Organizer_300518,Individual,Delhi,24.0,contact300518@events.com
300519,ORG-300519,Organizer_300519,Individual,Kolkata,12.0,contact300519@events.com
300520,ORG-300520,Organizer_300520,Company,Lucknow,20.0,contact300520@events.com
300521,ORG-300521,Organizer_300521,Community,Patna,,contact300521@events.com
300522,ORG-300522,Organizer_300522,NGO,Noida,24.0,contact300522@events.com
300523,ORG-300523,Organizer_300523,Company,Chandigarh,21.0,contact300523@events.com
300524,ORG-300524,Organizer_300524,Individual,Gaya,2.0,contact300524@events.com
300525,ORG-300525,Organizer_300525,Community,Gaya,15.0,contact300525@events.com
300526,ORG-300526,Organizer_300526,Agency,Jaipur,18.0,contact300526@events.com
300527,ORG-300527,Organizer_300527,Agency,Gurugram,4.0,contact300527@events.com
300528,ORG-300528,Organizer_300528,Community,Jaipur,11.0,contact300528@events.com
300529,ORG-300529,Organizer_300529,Individual,Jaipur,19.0,contact300529@events.com
300530,ORG-300530,Organizer_300530,Company,Delhi,17.0,contact300530@events.com
300531,ORG-300531,Organizer_300531,NGO,Patna,15.0,contact300531@events.com
300532,ORG-300532,Organizer_300532,Company,Kolkata,16.0,contact300532@events.com
300533,ORG-300533,Organizer_300533,Community,Chennai,2.0,contact300533@events.com
300534,ORG-300534,Organizer_300534,Agency,Bengaluru,,invalid_email
300535,ORG-300535,Organizer_300535,Individual,Indore,8.0,contact300535@events.com
300536,ORG-300536,Organizer_300536,NGO,Chennai,18.0,contact300536@events.com
300537,ORG-300537,Organizer_300537,Individual,Jaipur,8.0,contact300537@events.com
300538,ORG-300538,Organizer_300538,NGO,Pune,3.0,contact300538@events.com
300539,ORG-300539,Organizer_300539,Individual,Noida,5.0,contact300539@events.com
300540,ORG-300540,Organizer_300540,NGO,Gaya,10.0,contact300540@events.com
300541,ORG-300541,Organizer_300541,Company,Gurugram,24.0,contact300541@events.com
300542,ORG-300542,Organizer_300542,NGO,Noida,,contact300542@events.com
300543,ORG-300543,Organizer_300543,Agency,Mumbai,19.0,invalid_email
300544,ORG-300544,Organizer_300544,Community,Delhi,15.0,contact300544@events.com
300545,ORG-300545,Organizer_300545,Agency,Indore,13.0,contact300545@events.com
300546,ORG-300546,Organizer_300546,Community,Bengaluru,23.0,contact300546@events.com
300547,ORG-300547,Organizer_300547,Company,Chandigarh,23.0,contact300547@events.com
300548,ORG-300548,Organizer_300548,Community,Bengaluru,7.0,contact300548@events.com
300549,ORG-300549,Organizer_300549,NGO,Noida,5.0,contact300549@events.com
300550,ORG-300550,Organizer_300550,Community,Mumbai,5.0,invalid_email
300551,ORG-300551,Organizer_300551,Agency,Chennai,2.0,contact300551@events.com
300552,ORG-300552,Organizer_300552,Agency,Bengaluru,,contact300552@events.com
300553,ORG-300553,Organizer_300553,Community,Hyderabad,15.0,contact300553@events.com
300554,ORG-300554,Organizer_300554,Company,Mumbai,14.0,contact300554@events.com
300555,ORG-300555,Organizer_300555,Individual,Lucknow,,contact300555@events.com
300556,ORG-300556,Organizer_300556,Agency,Bengaluru,4.0,contact300556@events.com
300557,ORG-300557,Organizer_300557,Company,Hyderabad,14.0,contact300557@events.com
300558,ORG-300558,Organizer_300558,Agency,Lucknow,5.0,contact300558@events.com
300559,ORG-300559,Organizer_300559,Individual,Patna,17.0,contact300559@events.com
300560,ORG-300560,Organizer_300560,Individual,Delhi,4.0,contact300560@events.com
300561,ORG-300561,Organizer_300561,Community,Kolkata,11.0,contact300561@events.com
300562,ORG-300562,Organizer_300562,NGO,Kolkata,10.0,contact300562@events.com
300563,ORG-300563,Organizer_300563,Community,Pune,5.0,contact300563@events.com
300564,ORG-300564,Organizer_300564,Agency,Bengaluru,5.0,contact300564@events.com
300565,ORG-300565,Organizer_300565,Agency,Ahmedabad,,contact300565@events.com
300566,ORG-300566,Organizer_300566,Agency,Hyderabad,20.0,contact300566@events.com
300567,ORG-300567,Organizer_300567,Company,Bhopal,5.0,contact300567@events.com
300568,ORG-300568,Organizer_300568,Individual,Bengaluru,16.0,contact300568@events.com
300569,ORG-300569,Organizer_300569,Community,Chandigarh,9.0,contact300569@events.com
300570,ORG-300570,Organizer_300570,Community,Ranchi,21.0,contact300570@events.com
300571,ORG-300571,Organizer_300571,NGO,Gaya,22.0,contact300571@events.com
300572,ORG-300572,Organizer_300572,NGO,Gaya,1.0,contact300572@events.com
300573,ORG-300573,Organizer_300573,Community,Ranchi,8.0,contact300573@events.com
300574,ORG-300574,Organizer_300574,Individual,Patna,21.0,contact300574@events.com
300575,ORG-300575,Organizer_300575,Community,Mumbai,7.0,contact300575@events.com
300576,ORG-300576,Organizer_300576,Agency,Ranchi,,contact300576@events.com
300577,ORG-300577,Organizer_300577,NGO,Hyderabad,18.0,contact300577@events.com
300578,ORG-300578,Organizer_300578,NGO,Bengaluru,,contact300578@events.com
300579,ORG-300579,Organizer_300579,Company,Delhi,11.0,invalid_email
300580,ORG-300580,Organizer_300580,Individual,Kolkata,3.0,contact300580@events.com
300581,ORG-300581,Organizer_300581,Individual,Lucknow,,contact300581@events.com
300582,ORG-300582,Organizer_300582,NGO,Mumbai,13.0,contact300582@events.com
300583,ORG-300583,Organizer_300583,Agency,Jaipur,9.0,contact300583@events.com
300584,ORG-300584,Organizer_300584,NGO,Gurugram,2.0,contact300584@events.com
300585,ORG-300585,Organizer_300585,Individual,Bhopal,1.0,contact300585@events.com
300586,ORG-300586,Organizer_300586,Agency,Mumbai,18.0,contact300586@events.com
300587,ORG-300587,Organizer_300587,NGO,Kolkata,,contact300587@events.com
300588,ORG-300588,Organizer_300588,Individual,Jaipur,,contact300588@events.com
300589,ORG-300589,Organizer_300589,Community,Patna,8.0,contact300589@events.com
300590,ORG-300590,Organizer_300590,Community,Chennai,14.0,contact300590@events.com
300591,ORG-300591,Organizer_300591,Individual,Chandigarh,22.0,contact300591@events.com
300592,ORG-300592,Organizer_300592,Company,Bhopal,4.0,contact300592@events.com
300593,ORG-300593,Organizer_300593,Agency,Indore,,contact300593@events.com
300594,ORG-300594,Organizer_300594,Community,Chennai,24.0,contact300594@events.com
300595,ORG-300595,Organizer_300595,Individual,Jaipur,6.0,invalid_email
300596,ORG-300596,Organizer_300596,Community,Chennai,,contact300596@events.com
300597,ORG-300597,Organizer_300597,NGO,Pune,11.0,contact300597@events.com
300598,ORG-300598,Organizer_300598,NGO,Jaipur,,contact300598@events.com
300599,ORG-300599,Organizer_300599,Company,Ranchi,19.0,contact300599@events.com
300600,ORG-300600,Organizer_300600,Agency,Hyderabad,2.0,contact300600@events.com
300601,ORG-300601,Organizer_300601,Company,Bengaluru,10.0,contact300601@events.com
300602,ORG-300602,Organizer_300602,NGO,Mumbai,12.0,invalid_email
300603,ORG-300603,Organizer_300603,NGO,Delhi,19.0,invalid_email
300604,ORG-300604,Organizer_300604,Community,Indore,3.0,contact300604@events.com
300605,ORG-300605,Organizer_300605,Individual,Lucknow,8.0,contact300605@events.com
300606,ORG-300606,Organizer_300606,Company,Gurugram,,contact300606@events.com
300607,ORG-300607,Organizer_300607,Company,Patna,19.0,contact300607@events.com
300608,ORG-300608,Organizer_300608,Agency,Lucknow,,contact300608@events.com
300609,ORG-300609,Organizer_300609,Agency,Mumbai,7.0,contact300609@events.com
300610,ORG-300610,Organizer_300610,Community,Chandigarh,23.0,invalid_email
300611,ORG-300611,Organizer_300611,NGO,Kolkata,1.0,contact300611@events.com
300612,ORG-300612,Organizer_300612,Agency,Hyderabad,22.0,contact300612@events.com
300613,ORG-300613,Organizer_300613,Individual,Gurugram,1.0,contact300613@events.com
300614,ORG-300614,Organizer_300614,Individual,Kolkata,1.0,contact300614@events.com
300615,ORG-300615,Organizer_300615,Individual,Delhi,4.0,contact300615@events.com
300616,ORG-300616,Organizer_300616,Individual,Chandigarh,1.0,contact300616@events.com
300617,ORG-300617,Organizer_300617,Individual,Kolkata,7.0,contact300617@events.com
300618,ORG-300618,Organizer_300618,Company,Hyderabad,22.0,contact300618@events.com
300619,ORG-300619,Organizer_300619,Community,Kolkata,21.0,contact300619@events.com
300620,ORG-300620,Organizer_300620,Agency,Ahmedabad,18.0,contact300620@events.com
300621,ORG-300621,Organizer_300621,Agency,Jaipur,1.0,contact300621@events.com
300622,ORG-300622,Organizer_300622,Agency,Kolkata,1.0,contact300622@events.com
300623,ORG-300623,Organizer_300623,Agency,Gaya,8.0,contact300623@events.com
300624,ORG-300624,Organizer_300624,Company,Ahmedabad,6.0,contact300624@events.com
300625,ORG-300625,Organizer_300625,Individual,Hyderabad,14.0,contact300625@events.com
300626,ORG-300626,Organizer_300626,Agency,Ahmedabad,8.0,contact300626@events.com
300627,ORG-300627,Organizer_300627,Agency,Patna,1.0,contact300627@events.com
300628,ORG-300628,Organizer_300628,Agency,Kolkata,23.0,contact300628@events.com
300629,ORG-300629,Organizer_300629,Individual,Delhi,23.0,contact300629@events.com
300630,ORG-300630,Organizer_300630,NGO,Chennai,1.0,contact300630@events.com
300631,ORG-300631,Organizer_300631,Individual,Ranchi,18.0,contact300631@events.com
300632,ORG-300632,Organizer_300632,Individual,Bengaluru,10.0,contact300632@events.com
300633,ORG-300633,Organizer_300633,Agency,Bengaluru,24.0,contact300633@events.com
300634,ORG-300634,Organizer_300634,Agency,Chennai,3.0,contact300634@events.com
300635,ORG-300635,Organizer_300635,Community,Bengaluru,9.0,contact300635@events.com
300636,ORG-300636,Organizer_300636,Company,Ranchi,1.0,invalid_email
300637,ORG-300637,Organizer_300637,Company,Patna,12.0,contact300637@events.com
300638,ORG-300638,Organizer_300638,Company,Jaipur,3.0,contact300638@events.com
300639,ORG-300639,Organizer_300639,Individual,Chennai,12.0,contact300639@events.com
300640,ORG-300640,Organizer_300640,Individual,Pune,7.0,contact300640@events.com
300641,ORG-300641,Organizer_300641,Individual,Pune,,contact300641@events.com
300642,ORG-300642,Organizer_300642,Individual,Mumbai,,contact300642@events.com
300643,ORG-300643,Organizer_300643,Agency,Indore,3.0,contact300643@events.com
300644,ORG-300644,Organizer_300644,Agency,Hyderabad,15.0,contact300644@events.com
300645,ORG-300645,Organizer_300645,Company,Jaipur,4.0,contact300645@events.com
300646,ORG-300646,Organizer_300646,Agency,Ranchi,6.0,contact300646@events.com
300647,ORG-300647,Organizer_300647,NGO,Lucknow,14.0,contact300647@events.com
300648,ORG-300648,Organizer_300648,NGO,Mumbai,7.0,contact300648@events.com
300649,ORG-300649,Organizer_300649,NGO,Chennai,8.0,contact300649@events.com
300650,ORG-300650,Organizer_300650,Company,Pune,7.0,contact300650@events.com
300651,ORG-300651,Organizer_300651,Community,Bhopal,,contact300651@events.com
300652,ORG-300652,Organizer_300652,Company,Chandigarh,3.0,contact300652@events.com
300653,ORG-300653,Organizer_300653,Company,Indore,6.0,contact300653@events.com
300654,ORG-300654,Organizer_300654,Individual,Mumbai,15.0,contact300654@events.com
300655,ORG-300655,Organizer_300655,NGO,Patna,18.0,contact300655@events.com
300656,ORG-300656,Organizer_300656,NGO,Chennai,10.0,invalid_email
300657,ORG-300657,Organizer_300657,Company,Mumbai,1.0,contact300657@events.com
300658,ORG-300658,Organizer_300658,Agency,Lucknow,23.0,contact300658@events.com
300659,ORG-300659,Organizer_300659,Agency,Ahmedabad,12.0,contact300659@events.com
300660,ORG-300660,Organizer_300660,Individual,Chennai,10.0,contact300660@events.com
300661,ORG-300661,Organizer_300661,Company,Bhopal,12.0,contact300661@events.com
300662,ORG-300662,Organizer_300662,Agency,Jaipur,7.0,contact300662@events.com
300663,ORG-300663,Organizer_300663,Company,Lucknow,20.0,contact300663@events.com
300664,ORG-300664,Organizer_300664,Community,Chandigarh,12.0,contact300664@events.com
300665,ORG-300665,Organizer_300665,NGO,Patna,24.0,contact300665@events.com
300666,ORG-300666,Organizer_300666,NGO,Ranchi,5.0,contact300666@events.com
300667,ORG-300667,Organizer_300667,Company,Hyderabad,10.0,contact300667@events.com
300668,ORG-300668,Organizer_300668,NGO,Pune,21.0,contact300668@events.com
300669,ORG-300669,Organizer_300669,Company,Chandigarh,19.0,contact300669@events.com
300670,ORG-300670,Organizer_300670,Individual,Hyderabad,20.0,contact300670@events.com
300671,ORG-300671,Organizer_300671,Community,Ranchi,14.0,contact300671@events.com
300672,ORG-300672,Organizer_300672,Agency,Gaya,12.0,contact300672@events.com
300673,ORG-300673,Organizer_300673,Company,Ranchi,2.0,contact300673@events.com
300674,ORG-300674,Organizer_300674,Agency,Ahmedabad,,contact300674@events.com
300675,ORG-300675,Organizer_300675,NGO,Ahmedabad,20.0,contact300675@events.com
300676,ORG-300676,Organizer_300676,Individual,Chennai,15.0,contact300676@events.com
300677,ORG-300677,Organizer_300677,Individual,Bhopal,6.0,contact300677@events.com
300678,ORG-300678,Organizer_300678,Company,Gurugram,21.0,contact300678@events.com
300679,ORG-300679,Organizer_300679,Agency,Kolkata,22.0,contact300679@events.com
300680,ORG-300680,Organizer_300680,Community,Gurugram,8.0,invalid_email
300681,ORG-300681,Organizer_300681,NGO,Patna,14.0,contact300681@events.com
300682,ORG-300682,Organizer_300682,NGO,Ranchi,2.0,contact300682@events.com
300683,ORG-300683,Organizer_300683,Community,Jaipur,4.0,invalid_email
300684,ORG-300684,Organizer_300684,Company,Patna,11.0,contact300684@events.com
300685,ORG-300685,Organizer_300685,NGO,Indore,12.0,contact300685@events.com
300686,ORG-300686,Organizer_300686,Individual,Patna,1.0,contact300686@events.com
300687,ORG-300687,Organizer_300687,Agency,Kolkata,4.0,invalid_email
300688,ORG-300688,Organizer_300688,Agency,Jaipur,7.0,contact300688@events.com
300689,ORG-300689,Organizer_300689,Community,Chennai,12.0,contact300689@events.com
300690,ORG-300690,Organizer_300690,Community,Chennai,12.0,contact300690@events.com
300691,ORG-300691,Organizer_300691,NGO,Hyderabad,2.0,contact300691@events.com
300692,ORG-300692,Organizer_300692,Community,Patna,21.0,contact300692@events.com
300693,ORG-300693,Organizer_300693,Individual,Delhi,8.0,contact300693@events.com
300694,ORG-300694,Organizer_300694,NGO,Chennai,21.0,contact300694@events.com
300695,ORG-300695,Organizer_300695,Company,Chandigarh,17.0,contact300695@events.com
300696,ORG-300696,Organizer_300696,Company,Ahmedabad,11.0,invalid_email
300697,ORG-300697,Organizer_300697,NGO,Chandigarh,,invalid_email
300698,ORG-300698,Organizer_300698,Community,Noida,11.0,contact300698@events.com
300699,ORG-300699,Organizer_300699,Company,Ahmedabad,6.0,contact300699@events.com
300700,ORG-300700,Organizer_300700,Community,Hyderabad,9.0,contact300700@events.com
300701,ORG-300701,Organizer_300701,Individual,Indore,,contact300701@events.com
300702,ORG-300702,Organizer_300702,Agency,Hyderabad,8.0,contact300702@events.com
300703,ORG-300703,Organizer_300703,NGO,Kolkata,20.0,contact300703@events.com
300704,ORG-300704,Organizer_300704,Agency,Patna,18.0,contact300704@events.com
300705,ORG-300705,Organizer_300705,Agency,Delhi,12.0,contact300705@events.com
300706,ORG-300706,Organizer_300706,Company,Ahmedabad,20.0,contact300706@events.com
300707,ORG-300707,Organizer_300707,Individual,Jaipur,8.0,contact300707@events.com
300708,ORG-300708,Organizer_300708,Community,Indore,2.0,contact300708@events.com
300709,ORG-300709,Organizer_300709,Individual,Gaya,,contact300709@events.com
300710,ORG-300710,Organizer_300710,Agency,Gaya,22.0,contact300710@events.com
300711,ORG-300711,Organizer_300711,Community,Patna,20.0,contact300711@events.com
300712,ORG-300712,Organizer_300712,Community,Hyderabad,6.0,invalid_email
300713,ORG-300713,Organizer_300713,NGO,Delhi,21.0,contact300713@events.com
300714,ORG-300714,Organizer_300714,NGO,Gurugram,,contact300714@events.com
300715,ORG-300715,Organizer_300715,Agency,Chennai,8.0,contact300715@events.com
300716,ORG-300716,Organizer_300716,Agency,Chennai,23.0,contact300716@events.com
300717,ORG-300717,Organizer_300717,Agency,Mumbai,9.0,contact300717@events.com
300718,ORG-300718,Organizer_300718,NGO,Patna,9.0,contact300718@events.com
300719,ORG-300719,Organizer_300719,NGO,Bengaluru,15.0,contact300719@events.com
300720,ORG-300720,Organizer_300720,Community,Chandigarh,21.0,contact300720@events.com
300721,ORG-300721,Organizer_300721,Individual,Delhi,2.0,contact300721@events.com
300722,ORG-300722,Organizer_300722,Agency,Gaya,5.0,contact300722@events.com
300723,ORG-300723,Organizer_300723,Agency,Delhi,4.0,contact300723@events.com
300724,ORG-300724,Organizer_300724,Individual,Chandigarh,24.0,contact300724@events.com
300725,ORG-300725,Organizer_300725,NGO,Ahmedabad,19.0,contact300725@events.com
300726,ORG-300726,Organizer_300726,Company,Bengaluru,18.0,contact300726@events.com
300727,ORG-300727,Organizer_300727,Community,Hyderabad,17.0,contact300727@events.com
300728,ORG-300728,Organizer_300728,Company,Gurugram,18.0,contact300728@events.com
300729,ORG-300729,Organizer_300729,Individual,Kolkata,18.0,contact300729@events.com
300730,ORG-300730,Organizer_300730,Company,Chandigarh,2.0,contact300730@events.com
300731,ORG-300731,Organizer_300731,NGO,Delhi,12.0,contact300731@events.com
300732,ORG-300732,Organizer_300732,Community,Jaipur,13.0,invalid_email
300733,ORG-300733,Organizer_300733,Individual,Chandigarh,12.0,contact300733@events.com
300734,ORG-300734,Organizer_300734,Agency,Bhopal,22.0,contact300734@events.com
300735,ORG-300735,Organizer_300735,NGO,Mumbai,6.0,contact300735@events.com
300736,ORG-300736,Organizer_300736,Company,Gaya,20.0,contact300736@events.com
300737,ORG-300737,Organizer_300737,Community,Gurugram,24.0,contact300737@events.com
300738,ORG-300738,Organizer_300738,Community,Chandigarh,10.0,contact300738@events.com
300739,ORG-300739,Organizer_300739,Agency,Ahmedabad,15.0,contact300739@events.com
300740,ORG-300740,Organizer_300740,Individual,Noida,13.0,contact300740@events.com
300741,ORG-300741,Organizer_300741,Agency,Bhopal,12.0,contact300741@events.com
300742,ORG-300742,Organizer_300742,NGO,Chandigarh,18.0,contact300742@events.com
300743,ORG-300743,Organizer_300743,NGO,Bhopal,24.0,contact300743@events.com
300744,ORG-300744,Organizer_300744,Company,Hyderabad,,contact300744@events.com
300745,ORG-300745,Organizer_300745,Agency,Delhi,20.0,invalid_email
300746,ORG-300746,Organizer_300746,Individual,Pune,14.0,contact300746@events.com
300747,ORG-300747,Organizer_300747,Agency,Mumbai,15.0,contact300747@events.com
300748,ORG-300748,Organizer_300748,Agency,Pune,2.0,contact300748@events.com
300749,ORG-300749,Organizer_300749,Agency,Bhopal,,contact300749@events.com
300750,ORG-300750,Organizer_300750,Company,Bhopal,24.0,contact300750@events.com
300751,ORG-300751,Organizer_300751,Agency,Gaya,11.0,contact300751@events.com
300752,ORG-300752,Organizer_300752,Company,Chennai,10.0,contact300752@events.com
300753,ORG-300753,Organizer_300753,Agency,Chennai,22.0,contact300753@events.com
300754,ORG-300754,Organizer_300754,Agency,Ahmedabad,3.0,contact300754@events.com
300755,ORG-300755,Organizer_300755,Company,Lucknow,19.0,contact300755@events.com
300756,ORG-300756,Organizer_300756,Company,Noida,5.0,contact300756@events.com
300757,ORG-300757,Organizer_300757,NGO,Ahmedabad,9.0,contact300757@events.com
300758,ORG-300758,Organizer_300758,NGO,Chandigarh,4.0,contact300758@events.com
300759,ORG-300759,Organizer_300759,Individual,Pune,5.0,contact300759@events.com
300760,ORG-300760,Organizer_300760,NGO,Chennai,1.0,contact300760@events.com
300761,ORG-300761,Organizer_300761,Individual,Kolkata,19.0,contact300761@events.com
300762,ORG-300762,Organizer_300762,NGO,Mumbai,19.0,contact300762@events.com
300763,ORG-300763,Organizer_300763,NGO,Gaya,5.0,contact300763@events.com
300764,ORG-300764,Organizer_300764,Company,Chennai,,contact300764@events.com
300765,ORG-300765,Organizer_300765,Agency,Ranchi,1.0,contact300765@events.com
300766,ORG-300766,Organizer_300766,NGO,Ranchi,3.0,contact300766@events.com
300767,ORG-300767,Organizer_300767,Company,Jaipur,6.0,contact300767@events.com
300768,ORG-300768,Organizer_300768,Individual,Gaya,24.0,contact300768@events.com
300769,ORG-300769,Organizer_300769,Company,Jaipur,21.0,contact300769@events.com
300770,ORG-300770,Organizer_300770,Individual,Bengaluru,21.0,invalid_email
300771,ORG-300771,Organizer_300771,NGO,Kolkata,,contact300771@events.com
300772,ORG-300772,Organizer_300772,Individual,Chennai,5.0,contact300772@events.com
300773,ORG-300773,Organizer_300773,Individual,Pune,22.0,contact300773@events.com
300774,ORG-300774,Organizer_300774,Community,Chandigarh,1.0,contact300774@events.com
300775,ORG-300775,Organizer_300775,Community,Indore,9.0,contact300775@events.com
300776,ORG-300776,Organizer_300776,Community,Patna,12.0,contact300776@events.com
300777,ORG-300777,Organizer_300777,Individual,Hyderabad,1.0,contact300777@events.com
300778,ORG-300778,Organizer_300778,Agency,Kolkata,3.0,invalid_email
300779,ORG-300779,Organizer_300779,Community,Hyderabad,18.0,contact300779@events.com
300780,ORG-300780,Organizer_300780,Community,Lucknow,23.0,contact300780@events.com
300781,ORG-300781,Organizer_300781,NGO,Bengaluru,22.0,contact300781@events.com
300782,ORG-300782,Organizer_300782,Individual,Lucknow,20.0,contact300782@events.com
300783,ORG-300783,Organizer_300783,Company,Ahmedabad,,contact300783@events.com
300784,ORG-300784,Organizer_300784,Agency,Patna,19.0,contact300784@events.com
300785,ORG-300785,Organizer_300785,Agency,Gurugram,16.0,contact300785@events.com
300786,ORG-300786,Organizer_300786,NGO,Gurugram,7.0,invalid_email
300787,ORG-300787,Organizer_300787,NGO,Ahmedabad,8.0,contact300787@events.com
300788,ORG-300788,Organizer_300788,Individual,Patna,7.0,contact300788@events.com
300789,ORG-300789,Organizer_300789,Agency,Gurugram,23.0,invalid_email
300790,ORG-300790,Organizer_300790,NGO,Hyderabad,13.0,invalid_email
300791,ORG-300791,Organizer_300791,Company,Gurugram,15.0,contact300791@events.com
300792,ORG-300792,Organizer_300792,Community,Lucknow,4.0,contact300792@events.com
300793,ORG-300793,Organizer_300793,NGO,Ranchi,14.0,contact300793@events.com
300794,ORG-300794,Organizer_300794,Community,Ranchi,5.0,contact300794@events.com
300795,ORG-300795,Organizer_300795,Agency,Gurugram,5.0,contact300795@events.com
300796,ORG-300796,Organizer_300796,Community,Hyderabad,11.0,contact300796@events.com
300797,ORG-300797,Organizer_300797,Individual,Lucknow,1.0,contact300797@events.com
300798,ORG-300798,Organizer_300798,Individual,Gaya,22.0,contact300798@events.com
300799,ORG-300799,Organizer_300799,Individual,Lucknow,,contact300799@events.com
300800,ORG-300800,Organizer_300800,NGO,Lucknow,11.0,contact300800@events.com
300801,ORG-300801,Organizer_300801,Agency,Gurugram,4.0,contact300801@events.com
300802,ORG-300802,Organizer_300802,NGO,Chennai,,contact300802@events.com
300803,ORG-300803,Organizer_300803,Company,Hyderabad,,invalid_email
300804,ORG-300804,Organizer_300804,NGO,Ranchi,17.0,invalid_email
300805,ORG-300805,Organizer_300805,Community,Hyderabad,11.0,contact300805@events.com
300806,ORG-300806,Organizer_300806,Company,Ranchi,,contact300806@events.com
300807,ORG-300807,Organizer_300807,NGO,Mumbai,18.0,invalid_email
300808,ORG-300808,Organizer_300808,NGO,Hyderabad,15.0,contact300808@events.com
300809,ORG-300809,Organizer_300809,Company,Ahmedabad,12.0,contact300809@events.com
300810,ORG-300810,Organizer_300810,Company,Bhopal,16.0,contact300810@events.com
300811,ORG-300811,Organizer_300811,Company,Pune,19.0,contact300811@events.com
300812,ORG-300812,Organizer_300812,Individual,Kolkata,17.0,contact300812@events.com
300813,ORG-300813,Organizer_300813,NGO,Bhopal,4.0,contact300813@events.com
300814,ORG-300814,Organizer_300814,Agency,Delhi,1.0,invalid_email
300815,ORG-300815,Organizer_300815,Community,Kolkata,21.0,contact300815@events.com
300816,ORG-300816,Organizer_300816,Agency,Chennai,,contact300816@events.com
300817,ORG-300817,Organizer_300817,Agency,Jaipur,9.0,contact300817@events.com
300818,ORG-300818,Organizer_300818,Company,Noida,22.0,contact300818@events.com
300819,ORG-300819,Organizer_300819,Community,Patna,,contact300819@events.com
300820,ORG-300820,Organizer_300820,Community,Gaya,4.0,contact300820@events.com
300821,ORG-300821,Organizer_300821,NGO,Bengaluru,18.0,contact300821@events.com
300822,ORG-300822,Organizer_300822,NGO,Pune,10.0,contact300822@events.com
300823,ORG-300823,Organizer_300823,Community,Chandigarh,1.0,contact300823@events.com
300824,ORG-300824,Organizer_300824,NGO,Indore,22.0,contact300824@events.com
300825,ORG-300825,Organizer_300825,Individual,Delhi,21.0,contact300825@events.com
300826,ORG-300826,Organizer_300826,Individual,Patna,8.0,contact300826@events.com
300827,ORG-300827,Organizer_300827,Company,Gurugram,2.0,contact300827@events.com
300828,ORG-300828,Organizer_300828,Company,Pune,12.0,invalid_email
300829,ORG-300829,Organizer_300829,Community,Indore,14.0,contact300829@events.com
300830,ORG-300830,Organizer_300830,Community,Ranchi,22.0,contact300830@events.com
300831,ORG-300831,Organizer_300831,Agency,Hyderabad,,contact300831@events.com
300832,ORG-300832,Organizer_300832,Community,Ranchi,22.0,invalid_email
300833,ORG-300833,Organizer_300833,Individual,Noida,19.0,contact300833@events.com
300834,ORG-300834,Organizer_300834,Community,Pune,7.0,contact300834@events.com
300835,ORG-300835,Organizer_300835,Agency,Bhopal,1.0,contact300835@events.com
300836,ORG-300836,Organizer_300836,Community,Pune,6.0,contact300836@events.com
300837,ORG-300837,Organizer_300837,Company,Ahmedabad,3.0,contact300837@events.com
300838,ORG-300838,Organizer_300838,NGO,Hyderabad,6.0,contact300838@events.com
300839,ORG-300839,Organizer_300839,NGO,Delhi,20.0,contact300839@events.com
300840,ORG-300840,Organizer_300840,NGO,Patna,15.0,contact300840@events.com
300841,ORG-300841,Organizer_300841,Community,Gaya,15.0,contact300841@events.com
300842,ORG-300842,Organizer_300842,Community,Delhi,15.0,invalid_email
300843,ORG-300843,Organizer_300843,Individual,Lucknow,2.0,contact300843@events.com
300844,ORG-300844,Organizer_300844,Individual,Indore,21.0,contact300844@events.com
300845,ORG-300845,Organizer_300845,Company,Indore,14.0,contact300845@events.com
300846,ORG-300846,Organizer_300846,Community,Patna,11.0,contact300846@events.com
300847,ORG-300847,Organizer_300847,Community,Mumbai,23.0,contact300847@events.com
300848,ORG-300848,Organizer_300848,Individual,Ranchi,5.0,contact300848@events.com
300849,ORG-300849,Organizer_300849,Community,Indore,23.0,contact300849@events.com
300850,ORG-300850,Organizer_300850,Company,Pune,19.0,contact300850@events.com
300851,ORG-300851,Organizer_300851,Community,Noida,5.0,contact300851@events.com
300852,ORG-300852,Organizer_300852,Company,Ranchi,20.0,contact300852@events.com
300853,ORG-300853,Organizer_300853,Company,Delhi,20.0,contact300853@events.com
300854,ORG-300854,Organizer_300854,Individual,Bhopal,7.0,invalid_email
300855,ORG-300855,Organizer_300855,Community,Noida,,contact300855@events.com
300856,ORG-300856,Organizer_300856,Community,Indore,19.0,contact300856@events.com
300857,ORG-300857,Organizer_300857,Agency,Gaya,24.0,contact300857@events.com
300858,ORG-300858,Organizer_300858,Company,Chennai,1.0,contact300858@events.com
300859,ORG-300859,Organizer_300859,NGO,Kolkata,15.0,contact300859@events.com
300860,ORG-300860,Organizer_300860,Individual,Chandigarh,16.0,contact300860@events.com
300861,ORG-300861,Organizer_300861,Agency,Gaya,4.0,contact300861@events.com
300862,ORG-300862,Organizer_300862,Agency,Mumbai,6.0,contact300862@events.com
300863,ORG-300863,Organizer_300863,Company,Bengaluru,,contact300863@events.com
300864,ORG-300864,Organizer_300864,Individual,Ranchi,24.0,contact300864@events.com
300865,ORG-300865,Organizer_300865,Agency,Mumbai,,contact300865@events.com
300866,ORG-300866,Organizer_300866,Community,Jaipur,17.0,contact300866@events.com
300867,ORG-300867,Organizer_300867,Community,Pune,,contact300867@events.com
300868,ORG-300868,Organizer_300868,Agency,Noida,9.0,contact300868@events.com
300869,ORG-300869,Organizer_300869,Agency,Noida,12.0,contact300869@events.com
300870,ORG-300870,Organizer_300870,Agency,Ranchi,9.0,contact300870@events.com
300871,ORG-300871,Organizer_300871,Community,Gaya,5.0,contact300871@events.com
300872,ORG-300872,Organizer_300872,Company,Hyderabad,14.0,contact300872@events.com
300873,ORG-300873,Organizer_300873,Company,Chennai,13.0,contact300873@events.com
300874,ORG-300874,Organizer_300874,Company,Gurugram,24.0,contact300874@events.com
300875,ORG-300875,Organizer_300875,Agency,Delhi,1.0,contact300875@events.com
300876,ORG-300876,Organizer_300876,Agency,Lucknow,2.0,invalid_email
300877,ORG-300877,Organizer_300877,Community,Noida,10.0,contact300877@events.com
300878,ORG-300878,Organizer_300878,Company,Lucknow,13.0,contact300878@events.com
300879,ORG-300879,Organizer_300879,Agency,Hyderabad,3.0,contact300879@events.com
300880,ORG-300880,Organizer_300880,Company,Noida,11.0,contact300880@events.com
300881,ORG-300881,Organizer_300881,Agency,Chennai,20.0,contact300881@events.com
300882,ORG-300882,Organizer_300882,Individual,Gaya,,contact300882@events.com
300883,ORG-300883,Organizer_300883,Individual,Patna,23.0,contact300883@events.com
300884,ORG-300884,Organizer_300884,Agency,Delhi,12.0,contact300884@events.com
300885,ORG-300885,Organizer_300885,Individual,Delhi,23.0,contact300885@events.com
300886,ORG-300886,Organizer_300886,Community,Gurugram,3.0,contact300886@events.com
300887,ORG-300887,Organizer_300887,Agency,Gaya,7.0,contact300887@events.com
300888,ORG-300888,Organizer_300888,Community,Gaya,3.0,invalid_email
300889,ORG-300889,Organizer_300889,Agency,Gurugram,11.0,contact300889@events.com
300890,ORG-300890,Organizer_300890,Agency,Bhopal,1.0,contact300890@events.com
300891,ORG-300891,Organizer_300891,Company,Patna,23.0,contact300891@events.com
300892,ORG-300892,Organizer_300892,Individual,Kolkata,22.0,contact300892@events.com
300893,ORG-300893,Organizer_300893,Community,Indore,14.0,contact300893@events.com
300894,ORG-300894,Organizer_300894,Agency,Kolkata,2.0,contact300894@events.com
300895,ORG-300895,Organizer_300895,Agency,Bhopal,3.0,contact300895@events.com
300896,ORG-300896,Organizer_300896,Agency,Indore,24.0,contact300896@events.com
300897,ORG-300897,Organizer_300897,NGO,Chandigarh,23.0,contact300897@events.com
300898,ORG-300898,Organizer_300898,Agency,Pune,23.0,contact300898@events.com
300899,ORG-300899,Organizer_300899,NGO,Ahmedabad,,contact300899@events.com
300900,ORG-300900,Organizer_300900,Community,Jaipur,,contact300900@events.com
300901,ORG-300901,Organizer_300901,Community,Chennai,16.0,contact300901@events.com
300902,ORG-300902,Organizer_300902,Agency,Delhi,12.0,contact300902@events.com
300903,ORG-300903,Organizer_300903,Agency,Chennai,7.0,contact300903@events.com
300904,ORG-300904,Organizer_300904,Individual,Noida,21.0,contact300904@events.com
300905,ORG-300905,Organizer_300905,Company,Jaipur,15.0,contact300905@events.com
300906,ORG-300906,Organizer_300906,Individual,Hyderabad,1.0,contact300906@events.com
300907,ORG-300907,Organizer_300907,Community,Mumbai,,contact300907@events.com
300908,ORG-300908,Organizer_300908,Agency,Hyderabad,23.0,contact300908@events.com
300909,ORG-300909,Organizer_300909,NGO,Bhopal,21.0,contact300909@events.com
300910,ORG-300910,Organizer_300910,Agency,Kolkata,14.0,contact300910@events.com
300911,ORG-300911,Organizer_300911,Community,Gaya,18.0,contact300911@events.com
300912,ORG-300912,Organizer_300912,Agency,Jaipur,21.0,contact300912@events.com
300913,ORG-300913,Organizer_300913,Agency,Pune,11.0,contact300913@events.com
300914,ORG-300914,Organizer_300914,NGO,Delhi,3.0,contact300914@events.com
300915,ORG-300915,Organizer_300915,Agency,Ahmedabad,5.0,contact300915@events.com
300916,ORG-300916,Organizer_300916,Company,Pune,,contact300916@events.com
300917,ORG-300917,Organizer_300917,Individual,Jaipur,13.0,contact300917@events.com
300918,ORG-300918,Organizer_300918,NGO,Pune,21.0,contact300918@events.com
300919,ORG-300919,Organizer_300919,Community,Kolkata,21.0,contact300919@events.com
300920,ORG-300920,Organizer_300920,NGO,Jaipur,10.0,contact300920@events.com
300921,ORG-300921,Organizer_300921,Individual,Hyderabad,1.0,contact300921@events.com
300922,ORG-300922,Organizer_300922,Individual,Gurugram,23.0,contact300922@events.com
300923,ORG-300923,Organizer_300923,Company,Lucknow,14.0,contact300923@events.com
300924,ORG-300924,Organizer_300924,Individual,Delhi,3.0,contact300924@events.com
300925,ORG-300925,Organizer_300925,Agency,Kolkata,20.0,contact300925@events.com
300926,ORG-300926,Organizer_300926,NGO,Ahmedabad,10.0,contact300926@events.com
300927,ORG-300927,Organizer_300927,NGO,Kolkata,16.0,contact300927@events.com
300928,ORG-300928,Organizer_300928,Individual,Ranchi,,contact300928@events.com
300929,ORG-300929,Organizer_300929,Company,Mumbai,15.0,contact300929@events.com
300930,ORG-300930,Organizer_300930,Agency,Chennai,1.0,contact300930@events.com
300931,ORG-300931,Organizer_300931,Individual,Hyderabad,2.0,contact300931@events.com
300932,ORG-300932,Organizer_300932,Company,Delhi,1.0,contact300932@events.com
300933,ORG-300933,Organizer_300933,Company,Mumbai,3.0,contact300933@events.com
300934,ORG-300934,Organizer_300934,Company,Indore,21.0,contact300934@events.com
300935,ORG-300935,Organizer_300935,Agency,Mumbai,12.0,contact300935@events.com
300936,ORG-300936,Organizer_300936,Company,Indore,1.0,invalid_email
300937,ORG-300937,Organizer_300937,Company,Jaipur,15.0,contact300937@events.com
300938,ORG-300938,Organizer_300938,NGO,Bengaluru,24.0,contact300938@events.com
300939,ORG-300939,Organizer_300939,NGO,Kolkata,5.0,contact300939@events.com
300940,ORG-300940,Organizer_300940,Community,Gaya,5.0,contact300940@events.com
300941,ORG-300941,Organizer_300941,NGO,Indore,20.0,contact300941@events.com
300942,ORG-300942,Organizer_300942,Individual,Delhi,13.0,contact300942@events.com
300943,ORG-300943,Organizer_300943,NGO,Indore,18.0,contact300943@events.com
300944,ORG-300944,Organizer_300944,Agency,Mumbai,12.0,contact300944@events.com
300945,ORG-300945,Organizer_300945,Agency,Bhopal,11.0,contact300945@events.com
300946,ORG-300946,Organizer_300946,Company,Hyderabad,18.0,contact300946@events.com
300947,ORG-300947,Organizer_300947,Individual,Hyderabad,11.0,contact300947@events.com
300948,ORG-300948,Organizer_300948,NGO,Chandigarh,6.0,contact300948@events.com
300949,ORG-300949,Organizer_300949,NGO,Mumbai,24.0,contact300949@events.com
300950,ORG-300950,Organizer_300950,NGO,Kolkata,23.0,contact300950@events.com
300951,ORG-300951,Organizer_300951,Company,Noida,23.0,contact300951@events.com
300952,ORG-300952,Organizer_300952,Individual,Jaipur,9.0,contact300952@events.com
300953,ORG-300953,Organizer_300953,Individual,Ahmedabad,23.0,contact300953@events.com
300954,ORG-300954,Organizer_300954,Company,Ahmedabad,,contact300954@events.com
300955,ORG-300955,Organizer_300955,Company,Indore,16.0,contact300955@events.com
300956,ORG-300956,Organizer_300956,NGO,Bengaluru,17.0,contact300956@events.com
300957,ORG-300957,Organizer_300957,Agency,Kolkata,11.0,contact300957@events.com
300958,ORG-300958,Organizer_300958,NGO,Ahmedabad,1.0,contact300958@events.com
300959,ORG-300959,Organizer_300959,Company,Delhi,11.0,contact300959@events.com
300960,ORG-300960,Organizer_300960,Individual,Bhopal,19.0,contact300960@events.com
300961,ORG-300961,Organizer_300961,Community,Gurugram,21.0,contact300961@events.com
300962,ORG-300962,Organizer_300962,Agency,Bhopal,,contact300962@events.com
300963,ORG-300963,Organizer_300963,Community,Pune,6.0,invalid_email
300964,ORG-300964,Organizer_300964,Agency,Delhi,24.0,contact300964@events.com
300965,ORG-300965,Organizer_300965,Individual,Indore,4.0,contact300965@events.com
300966,ORG-300966,Organizer_300966,Community,Indore,5.0,contact300966@events.com
300967,ORG-300967,Organizer_300967,Agency,Mumbai,3.0,contact300967@events.com
300968,ORG-300968,Organizer_300968,Individual,Gurugram,10.0,contact300968@events.com
300969,ORG-300969,Organizer_300969,Individual,Bengaluru,17.0,contact300969@events.com
300970,ORG-300970,Organizer_300970,NGO,Chandigarh,2.0,contact300970@events.com
300971,ORG-300971,Organizer_300971,NGO,Chandigarh,8.0,contact300971@events.com
300972,ORG-300972,Organizer_300972,Individual,Hyderabad,10.0,contact300972@events.com
300973,ORG-300973,Organizer_300973,Company,Noida,5.0,invalid_email
300974,ORG-300974,Organizer_300974,Community,Lucknow,23.0,contact300974@events.com
300975,ORG-300975,Organizer_300975,Company,Pune,22.0,contact300975@events.com
300976,ORG-300976,Organizer_300976,NGO,Chandigarh,18.0,contact300976@events.com
300977,ORG-300977,Organizer_300977,Individual,Delhi,16.0,contact300977@events.com
300978,ORG-300978,Organizer_300978,Individual,Bhopal,4.0,contact300978@events.com
300979,ORG-300979,Organizer_300979,Company,Noida,20.0,contact300979@events.com
300980,ORG-300980,Organizer_300980,Individual,Noida,4.0,contact300980@events.com
300981,ORG-300981,Organizer_300981,Community,Hyderabad,9.0,contact300981@events.com
300982,ORG-300982,Organizer_300982,Company,Lucknow,12.0,contact300982@events.com
300983,ORG-300983,Organizer_300983,Community,Gaya,9.0,contact300983@events.com
300984,ORG-300984,Organizer_300984,NGO,Bhopal,7.0,contact300984@events.com
300985,ORG-300985,Organizer_300985,Company,Ahmedabad,,contact300985@events.com
300986,ORG-300986,Organizer_300986,Agency,Patna,3.0,contact300986@events.com
300987,ORG-300987,Organizer_300987,Agency,Chandigarh,16.0,contact300987@events.com
300988,ORG-300988,Organizer_300988,Community,Gurugram,6.0,contact300988@events.com
300989,ORG-300989,Organizer_300989,Individual,Lucknow,,contact300989@events.com
300990,ORG-300990,Organizer_300990,Company,Bengaluru,20.0,contact300990@events.com
300991,ORG-300991,Organizer_300991,Community,Mumbai,6.0,contact300991@events.com
300992,ORG-300992,Organizer_300992,Individual,Jaipur,,contact300992@events.com
300993,ORG-300993,Organizer_300993,Community,Kolkata,10.0,invalid_email
300994,ORG-300994,Organizer_300994,Community,Noida,,contact300994@events.com
300995,ORG-300995,Organizer_300995,Individual,Chennai,,contact300995@events.com
300996,ORG-300996,Organizer_300996,Company,Noida,,contact300996@events.com
300997,ORG-300997,Organizer_300997,NGO,Lucknow,11.0,contact300997@events.com
300998,ORG-300998,Organizer_300998,Company,Chennai,22.0,contact300998@events.com
300999,ORG-300999,Organizer_300999,Individual,Bhopal,2.0,contact300999@events.com
301000,ORG-301000,Organizer_301000,Individual,Kolkata,3.0,contact301000@events.com
301001,ORG-301001,Organizer_301001,Company,Ranchi,12.0,contact301001@events.com
301002,ORG-301002,Organizer_301002,Company,Bengaluru,4.0,contact301002@events.com
301003,ORG-301003,Organizer_301003,Individual,Lucknow,24.0,contact301003@events.com
301004,ORG-301004,Organizer_301004,Individual,Jaipur,15.0,contact301004@events.com
301005,ORG-301005,Organizer_301005,NGO,Kolkata,2.0,contact301005@events.com
301006,ORG-301006,Organizer_301006,NGO,Indore,19.0,contact301006@events.com
301007,ORG-301007,Organizer_301007,Individual,Noida,10.0,contact301007@events.com
301008,ORG-301008,Organizer_301008,Agency,Kolkata,14.0,contact301008@events.com
301009,ORG-301009,Organizer_301009,Community,Chennai,19.0,contact301009@events.com
301010,ORG-301010,Organizer_301010,NGO,Ahmedabad,24.0,contact301010@events.com
301011,ORG-301011,Organizer_301011,Agency,Mumbai,,contact301011@events.com
301012,ORG-301012,Organizer_301012,NGO,Delhi,13.0,contact301012@events.com
301013,ORG-301013,Organizer_301013,NGO,Hyderabad,10.0,contact301013@events.com
301014,ORG-301014,Organizer_301014,Agency,Indore,21.0,contact301014@events.com
301015,ORG-301015,Organizer_301015,Individual,Ahmedabad,5.0,contact301015@events.com
301016,ORG-301016,Organizer_301016,Agency,Hyderabad,21.0,contact301016@events.com
301017,ORG-301017,Organizer_301017,Agency,Chennai,,contact301017@events.com
301018,ORG-301018,Organizer_301018,Individual,Noida,6.0,contact301018@events.com
301019,ORG-301019,Organizer_301019,Community,Kolkata,4.0,contact301019@events.com
301020,ORG-301020,Organizer_301020,Individual,Gurugram,5.0,contact301020@events.com
301021,ORG-301021,Organizer_301021,NGO,Patna,,contact301021@events.com
301022,ORG-301022,Organizer_301022,Company,Gurugram,9.0,contact301022@events.com
301023,ORG-301023,Organizer_301023,Community,Kolkata,,contact301023@events.com
301024,ORG-301024,Organizer_301024,NGO,Pune,8.0,contact301024@events.com
301025,ORG-301025,Organizer_301025,Agency,Kolkata,19.0,contact301025@events.com
301026,ORG-301026,Organizer_301026,Community,Ahmedabad,10.0,contact301026@events.com
301027,ORG-301027,Organizer_301027,Company,Patna,22.0,contact301027@events.com
301028,ORG-301028,Organizer_301028,NGO,Bhopal,8.0,contact301028@events.com
301029,ORG-301029,Organizer_301029,Community,Pune,6.0,contact301029@events.com
301030,ORG-301030,Organizer_301030,Community,Ranchi,,contact301030@events.com
301031,ORG-301031,Organizer_301031,Agency,Delhi,8.0,contact301031@events.com
301032,ORG-301032,Organizer_301032,NGO,Ranchi,18.0,contact301032@events.com
301033,ORG-301033,Organizer_301033,Community,Noida,24.0,contact301033@events.com
301034,ORG-301034,Organizer_301034,NGO,Ahmedabad,3.0,contact301034@events.com
301035,ORG-301035,Organizer_301035,Individual,Noida,11.0,contact301035@events.com
301036,ORG-301036,Organizer_301036,Individual,Mumbai,13.0,contact301036@events.com
301037,ORG-301037,Organizer_301037,Community,Bhopal,2.0,contact301037@events.com
301038,ORG-301038,Organizer_301038,NGO,Noida,4.0,contact301038@events.com
301039,ORG-301039,Organizer_301039,NGO,Ahmedabad,16.0,contact301039@events.com
301040,ORG-301040,Organizer_301040,Community,Chennai,16.0,contact301040@events.com
301041,ORG-301041,Organizer_301041,NGO,Jaipur,11.0,contact301041@events.com
301042,ORG-301042,Organizer_301042,NGO,Delhi,4.0,contact301042@events.com
301043,ORG-301043,Organizer_301043,Company,Bhopal,11.0,invalid_email
301044,ORG-301044,Organizer_301044,Agency,Bhopal,12.0,invalid_email
301045,ORG-301045,Organizer_301045,Community,Ahmedabad,6.0,contact301045@events.com
301046,ORG-301046,Organizer_301046,Agency,Delhi,2.0,contact301046@events.com
301047,ORG-301047,Organizer_301047,Agency,Delhi,23.0,contact301047@events.com
301048,ORG-301048,Organizer_301048,Company,Hyderabad,18.0,contact301048@events.com
301049,ORG-301049,Organizer_301049,Agency,Gaya,12.0,contact301049@events.com
301050,ORG-301050,Organizer_301050,Company,Ranchi,23.0,contact301050@events.com
301051,ORG-301051,Organizer_301051,Company,Noida,7.0,contact301051@events.com
301052,ORG-301052,Organizer_301052,Agency,Patna,,contact301052@events.com
301053,ORG-301053,Organizer_301053,Agency,Kolkata,20.0,invalid_email
301054,ORG-301054,Organizer_301054,Individual,Jaipur,,contact301054@events.com
301055,ORG-301055,Organizer_301055,NGO,Chandigarh,6.0,contact301055@events.com
301056,ORG-301056,Organizer_301056,Agency,Indore,,contact301056@events.com
301057,ORG-301057,Organizer_301057,Community,Ranchi,12.0,invalid_email
301058,ORG-301058,Organizer_301058,Individual,Indore,1.0,contact301058@events.com
301059,ORG-301059,Organizer_301059,Individual,Gaya,10.0,contact301059@events.com
301060,ORG-301060,Organizer_301060,NGO,Bengaluru,14.0,contact301060@events.com
301061,ORG-301061,Organizer_301061,Community,Kolkata,22.0,contact301061@events.com
301062,ORG-301062,Organizer_301062,NGO,Bhopal,1.0,contact301062@events.com
301063,ORG-301063,Organizer_301063,NGO,Chennai,2.0,contact301063@events.com
301064,ORG-301064,Organizer_301064,NGO,Bengaluru,10.0,contact301064@events.com
301065,ORG-301065,Organizer_301065,Individual,Chandigarh,5.0,contact301065@events.com
301066,ORG-301066,Organizer_301066,Agency,Chennai,,contact301066@events.com
301067,ORG-301067,Organizer_301067,Company,Chandigarh,9.0,contact301067@events.com
301068,ORG-301068,Organizer_301068,Agency,Bengaluru,,contact301068@events.com
301069,ORG-301069,Organizer_301069,Individual,Pune,9.0,contact301069@events.com
301070,ORG-301070,Organizer_301070,Individual,Patna,11.0,contact301070@events.com
301071,ORG-301071,Organizer_301071,Company,Indore,,contact301071@events.com
301072,ORG-301072,Organizer_301072,Individual,Jaipur,3.0,invalid_email
301073,ORG-301073,Organizer_301073,Individual,Chennai,7.0,contact301073@events.com
301074,ORG-301074,Organizer_301074,Agency,Ahmedabad,23.0,contact301074@events.com
301075,ORG-301075,Organizer_301075,Community,Ranchi,15.0,contact301075@events.com
301076,ORG-301076,Organizer_301076,NGO,Bhopal,12.0,contact301076@events.com
301077,ORG-301077,Organizer_301077,Community,Jaipur,6.0,contact301077@events.com
301078,ORG-301078,Organizer_301078,NGO,Lucknow,20.0,contact301078@events.com
301079,ORG-301079,Organizer_301079,Agency,Jaipur,10.0,contact301079@events.com
301080,ORG-301080,Organizer_301080,Individual,Mumbai,18.0,contact301080@events.com
301081,ORG-301081,Organizer_301081,Community,Pune,17.0,contact301081@events.com
301082,ORG-301082,Organizer_301082,Agency,Noida,20.0,contact301082@events.com
301083,ORG-301083,Organizer_301083,Company,Bhopal,7.0,contact301083@events.com
301084,ORG-301084,Organizer_301084,Community,Jaipur,11.0,contact301084@events.com
301085,ORG-301085,Organizer_301085,Company,Ahmedabad,11.0,contact301085@events.com
301086,ORG-301086,Organizer_301086,Community,Indore,5.0,contact301086@events.com
301087,ORG-301087,Organizer_301087,NGO,Mumbai,,contact301087@events.com
301088,ORG-301088,Organizer_301088,Agency,Hyderabad,4.0,contact301088@events.com
301089,ORG-301089,Organizer_301089,Company,Chandigarh,13.0,contact301089@events.com
301090,ORG-301090,Organizer_301090,NGO,Gaya,,contact301090@events.com
301091,ORG-301091,Organizer_301091,Community,Gurugram,5.0,contact301091@events.com
301092,ORG-301092,Organizer_301092,Community,Mumbai,13.0,contact301092@events.com
301093,ORG-301093,Organizer_301093,Community,Mumbai,,contact301093@events.com
301094,ORG-301094,Organizer_301094,Community,Chandigarh,12.0,contact301094@events.com
301095,ORG-301095,Organizer_301095,Individual,Pune,11.0,contact301095@events.com
301096,ORG-301096,Organizer_301096,Community,Gaya,17.0,contact301096@events.com
301097,ORG-301097,Organizer_301097,NGO,Pune,15.0,contact301097@events.com
301098,ORG-301098,Organizer_301098,NGO,Bengaluru,8.0,contact301098@events.com
301099,ORG-301099,Organizer_301099,Agency,Patna,2.0,contact301099@events.com
301100,ORG-301100,Organizer_301100,Agency,Lucknow,,contact301100@events.com
301101,ORG-301101,Organizer_301101,Individual,Mumbai,5.0,contact301101@events.com
301102,ORG-301102,Organizer_301102,Individual,Patna,22.0,contact301102@events.com
301103,ORG-301103,Organizer_301103,Agency,Jaipur,18.0,contact301103@events.com
301104,ORG-301104,Organizer_301104,Individual,Patna,3.0,contact301104@events.com
301105,ORG-301105,Organizer_301105,NGO,Gurugram,24.0,contact301105@events.com
301106,ORG-301106,Organizer_301106,NGO,Delhi,14.0,contact301106@events.com
301107,ORG-301107,Organizer_301107,Company,Chandigarh,12.0,contact301107@events.com
301108,ORG-301108,Organizer_301108,Company,Patna,17.0,contact301108@events.com
301109,ORG-301109,Organizer_301109,Individual,Bhopal,13.0,contact301109@events.com
301110,ORG-301110,Organizer_301110,NGO,Noida,20.0,contact301110@events.com
301111,ORG-301111,Organizer_301111,Agency,Noida,6.0,contact301111@events.com
301112,ORG-301112,Organizer_301112,Community,Bengaluru,,contact301112@events.com
301113,ORG-301113,Organizer_301113,NGO,Chandigarh,24.0,contact301113@events.com
301114,ORG-301114,Organizer_301114,NGO,Delhi,14.0,invalid_email
301115,ORG-301115,Organizer_301115,Individual,Pune,16.0,contact301115@events.com
301116,ORG-301116,Organizer_301116,Company,Mumbai,13.0,contact301116@events.com
301117,ORG-301117,Organizer_301117,Company,Hyderabad,20.0,contact301117@events.com
301118,ORG-301118,Organizer_301118,Community,Pune,22.0,contact301118@events.com
301119,ORG-301119,Organizer_301119,Agency,Chennai,5.0,contact301119@events.com
301120,ORG-301120,Organizer_301120,Individual,Ranchi,19.0,contact301120@events.com
301121,ORG-301121,Organizer_301121,Agency,Kolkata,19.0,contact301121@events.com
301122,ORG-301122,Organizer_301122,NGO,Gaya,21.0,contact301122@events.com
301123,ORG-301123,Organizer_301123,Community,Delhi,21.0,contact301123@events.com
301124,ORG-301124,Organizer_301124,Individual,Jaipur,24.0,contact301124@events.com
301125,ORG-301125,Organizer_301125,Community,Noida,18.0,contact301125@events.com
301126,ORG-301126,Organizer_301126,NGO,Kolkata,2.0,contact301126@events.com
301127,ORG-301127,Organizer_301127,Company,Bengaluru,16.0,contact301127@events.com
301128,ORG-301128,Organizer_301128,Community,Lucknow,8.0,contact301128@events.com
301129,ORG-301129,Organizer_301129,Company,Indore,17.0,invalid_email
301130,ORG-301130,Organizer_301130,Individual,Chandigarh,24.0,contact301130@events.com
301131,ORG-301131,Organizer_301131,Agency,Jaipur,2.0,contact301131@events.com
301132,ORG-301132,Organizer_301132,NGO,Kolkata,24.0,contact301132@events.com
301133,ORG-301133,Organizer_301133,Company,Pune,21.0,invalid_email
301134,ORG-301134,Organizer_301134,Individual,Bengaluru,16.0,contact301134@events.com
301135,ORG-301135,Organizer_301135,Community,Kolkata,7.0,contact301135@events.com
301136,ORG-301136,Organizer_301136,Individual,Lucknow,2.0,contact301136@events.com
301137,ORG-301137,Organizer_301137,Agency,Patna,8.0,contact301137@events.com
301138,ORG-301138,Organizer_301138,Individual,Lucknow,23.0,contact301138@events.com
301139,ORG-301139,Organizer_301139,Company,Lucknow,17.0,contact301139@events.com
301140,ORG-301140,Organizer_301140,Individual,Noida,21.0,contact301140@events.com
301141,ORG-301141,Organizer_301141,NGO,Mumbai,2.0,contact301141@events.com
301142,ORG-301142,Organizer_301142,Community,Gaya,,contact301142@events.com
301143,ORG-301143,Organizer_301143,NGO,Chandigarh,,contact301143@events.com
301144,ORG-301144,Organizer_301144,NGO,Chennai,,contact301144@events.com
301145,ORG-301145,Organizer_301145,Company,Gaya,15.0,contact301145@events.com
301146,ORG-301146,Organizer_301146,Company,Gaya,2.0,contact301146@events.com
301147,ORG-301147,Organizer_301147,Community,Jaipur,11.0,invalid_email
301148,ORG-301148,Organizer_301148,Community,Mumbai,2.0,contact301148@events.com
301149,ORG-301149,Organizer_301149,NGO,Chennai,22.0,contact301149@events.com
301150,ORG-301150,Organizer_301150,Agency,Ranchi,23.0,contact301150@events.com
301151,ORG-301151,Organizer_301151,Agency,Kolkata,15.0,contact301151@events.com
301152,ORG-301152,Organizer_301152,Individual,Jaipur,7.0,contact301152@events.com
301153,ORG-301153,Organizer_301153,Individual,Gurugram,13.0,contact301153@events.com
301154,ORG-301154,Organizer_301154,Agency,Bhopal,21.0,contact301154@events.com
301155,ORG-301155,Organizer_301155,Community,Lucknow,14.0,contact301155@events.com
301156,ORG-301156,Organizer_301156,Company,Gaya,14.0,contact301156@events.com
301157,ORG-301157,Organizer_301157,Individual,Bhopal,14.0,contact301157@events.com
301158,ORG-301158,Organizer_301158,Agency,Indore,4.0,contact301158@events.com
301159,ORG-301159,Organizer_301159,Individual,Indore,19.0,contact301159@events.com
301160,ORG-301160,Organizer_301160,Agency,Chandigarh,18.0,contact301160@events.com
301161,ORG-301161,Organizer_301161,NGO,Bengaluru,,contact301161@events.com
301162,ORG-301162,Organizer_301162,NGO,Bhopal,12.0,contact301162@events.com
301163,ORG-301163,Organizer_301163,NGO,Mumbai,20.0,contact301163@events.com
301164,ORG-301164,Organizer_301164,Company,Pune,22.0,contact301164@events.com
301165,ORG-301165,Organizer_301165,Community,Mumbai,7.0,contact301165@events.com
301166,ORG-301166,Organizer_301166,NGO,Indore,19.0,contact301166@events.com
301167,ORG-301167,Organizer_301167,Company,Bhopal,18.0,contact301167@events.com
301168,ORG-301168,Organizer_301168,Individual,Pune,2.0,contact301168@events.com
301169,ORG-301169,Organizer_301169,Community,Delhi,6.0,contact301169@events.com
301170,ORG-301170,Organizer_301170,Community,Kolkata,23.0,contact301170@events.com
301171,ORG-301171,Organizer_301171,NGO,Gurugram,19.0,contact301171@events.com
301172,ORG-301172,Organizer_301172,Individual,Noida,,contact301172@events.com
301173,ORG-301173,Organizer_301173,Community,Ahmedabad,21.0,contact301173@events.com
301174,ORG-301174,Organizer_301174,Company,Gurugram,16.0,contact301174@events.com
301175,ORG-301175,Organizer_301175,NGO,Chennai,3.0,contact301175@events.com
301176,ORG-301176,Organizer_301176,Individual,Bengaluru,12.0,contact301176@events.com
301177,ORG-301177,Organizer_301177,Company,Indore,4.0,contact301177@events.com
301178,ORG-301178,Organizer_301178,NGO,Bengaluru,4.0,contact301178@events.com
301179,ORG-301179,Organizer_301179,Agency,Ahmedabad,,contact301179@events.com
301180,ORG-301180,Organizer_301180,Community,Hyderabad,9.0,contact301180@events.com
301181,ORG-301181,Organizer_301181,Individual,Patna,,contact301181@events.com
301182,ORG-301182,Organizer_301182,Company,Mumbai,20.0,invalid_email
301183,ORG-301183,Organizer_301183,Agency,Delhi,9.0,contact301183@events.com
301184,ORG-301184,Organizer_301184,Community,Jaipur,13.0,contact301184@events.com
301185,ORG-301185,Organizer_301185,Agency,Mumbai,12.0,invalid_email
301186,ORG-301186,Organizer_301186,Agency,Ahmedabad,11.0,contact301186@events.com
301187,ORG-301187,Organizer_301187,Individual,Mumbai,,contact301187@events.com
301188,ORG-301188,Organizer_301188,Company,Gaya,12.0,invalid_email
301189,ORG-301189,Organizer_301189,Agency,Chandigarh,7.0,contact301189@events.com
301190,ORG-301190,Organizer_301190,Community,Delhi,19.0,contact301190@events.com
301191,ORG-301191,Organizer_301191,Company,Gaya,,contact301191@events.com
301192,ORG-301192,Organizer_301192,Individual,Mumbai,3.0,contact301192@events.com
301193,ORG-301193,Organizer_301193,Individual,Lucknow,2.0,contact301193@events.com
301194,ORG-301194,Organizer_301194,NGO,Patna,15.0,contact301194@events.com
301195,ORG-301195,Organizer_301195,Agency,Chandigarh,2.0,contact301195@events.com
301196,ORG-301196,Organizer_301196,NGO,Hyderabad,14.0,invalid_email
301197,ORG-301197,Organizer_301197,Company,Patna,4.0,contact301197@events.com
301198,ORG-301198,Organizer_301198,Agency,Chandigarh,3.0,contact301198@events.com
301199,ORG-301199,Organizer_301199,Individual,Mumbai,17.0,contact301199@events.com
301200,ORG-301200,Organizer_301200,Individual,Chandigarh,,contact301200@events.com
301201,ORG-301201,Organizer_301201,NGO,Pune,23.0,invalid_email
301202,ORG-301202,Organizer_301202,Company,Ranchi,19.0,contact301202@events.com
301203,ORG-301203,Organizer_301203,Individual,Lucknow,8.0,contact301203@events.com
301204,ORG-301204,Organizer_301204,NGO,Lucknow,,invalid_email
301205,ORG-301205,Organizer_301205,Community,Gurugram,1.0,contact301205@events.com
301206,ORG-301206,Organizer_301206,Agency,Bhopal,4.0,contact301206@events.com
301207,ORG-301207,Organizer_301207,Individual,Ranchi,10.0,contact301207@events.com
301208,ORG-301208,Organizer_301208,NGO,Gaya,11.0,contact301208@events.com
301209,ORG-301209,Organizer_301209,Community,Gaya,,contact301209@events.com
301210,ORG-301210,Organizer_301210,Agency,Hyderabad,2.0,invalid_email
301211,ORG-301211,Organizer_301211,Individual,Indore,2.0,invalid_email
301212,ORG-301212,Organizer_301212,NGO,Pune,14.0,contact301212@events.com
301213,ORG-301213,Organizer_301213,NGO,Delhi,1.0,contact301213@events.com
301214,ORG-301214,Organizer_301214,Individual,Pune,17.0,contact301214@events.com
301215,ORG-301215,Organizer_301215,Community,Gaya,7.0,contact301215@events.com
301216,ORG-301216,Organizer_301216,Company,Gurugram,4.0,contact301216@events.com
301217,ORG-301217,Organizer_301217,NGO,Bhopal,12.0,contact301217@events.com
301218,ORG-301218,Organizer_301218,NGO,Noida,23.0,contact301218@events.com
301219,ORG-301219,Organizer_301219,NGO,Bengaluru,,contact301219@events.com
301220,ORG-301220,Organizer_301220,Agency,Mumbai,4.0,contact301220@events.com
301221,ORG-301221,Organizer_301221,Individual,Bhopal,15.0,contact301221@events.com
301222,ORG-301222,Organizer_301222,NGO,Jaipur,6.0,contact301222@events.com
301223,ORG-301223,Organizer_301223,NGO,Mumbai,14.0,contact301223@events.com
301224,ORG-301224,Organizer_301224,Individual,Pune,17.0,contact301224@events.com
301225,ORG-301225,Organizer_301225,Agency,Delhi,13.0,contact301225@events.com
301226,ORG-301226,Organizer_301226,Agency,Patna,22.0,contact301226@events.com
301227,ORG-301227,Organizer_301227,Agency,Patna,8.0,contact301227@events.com
301228,ORG-301228,Organizer_301228,Company,Bhopal,3.0,contact301228@events.com
301229,ORG-301229,Organizer_301229,Community,Bengaluru,20.0,contact301229@events.com
301230,ORG-301230,Organizer_301230,Individual,Chennai,15.0,contact301230@events.com
301231,ORG-301231,Organizer_301231,Individual,Ranchi,10.0,contact301231@events.com
301232,ORG-301232,Organizer_301232,Agency,Chennai,24.0,contact301232@events.com
301233,ORG-301233,Organizer_301233,Individual,Chandigarh,5.0,contact301233@events.com
301234,ORG-301234,Organizer_301234,Company,Lucknow,13.0,contact301234@events.com
301235,ORG-301235,Organizer_301235,Individual,Gurugram,8.0,contact301235@events.com
301236,ORG-301236,Organizer_301236,Agency,Patna,22.0,invalid_email
301237,ORG-301237,Organizer_301237,Agency,Lucknow,14.0,contact301237@events.com
301238,ORG-301238,Organizer_301238,Company,Mumbai,4.0,contact301238@events.com
301239,ORG-301239,Organizer_301239,Individual,Pune,17.0,contact301239@events.com
301240,ORG-301240,Organizer_301240,NGO,Ahmedabad,23.0,contact301240@events.com
301241,ORG-301241,Organizer_301241,Agency,Hyderabad,23.0,contact301241@events.com
301242,ORG-301242,Organizer_301242,Community,Ranchi,16.0,contact301242@events.com
301243,ORG-301243,Organizer_301243,Individual,Lucknow,9.0,contact301243@events.com
301244,ORG-301244,Organizer_301244,NGO,Chennai,9.0,contact301244@events.com
301245,ORG-301245,Organizer_301245,Individual,Gurugram,9.0,contact301245@events.com
301246,ORG-301246,Organizer_301246,NGO,Gaya,5.0,contact301246@events.com
301247,ORG-301247,Organizer_301247,Agency,Ahmedabad,3.0,contact301247@events.com
301248,ORG-301248,Organizer_301248,Company,Jaipur,10.0,contact301248@events.com
301249,ORG-301249,Organizer_301249,Company,Bengaluru,,contact301249@events.com
301250,ORG-301250,Organizer_301250,Individual,Bhopal,6.0,contact301250@events.com
301251,ORG-301251,Organizer_301251,Community,Kolkata,5.0,contact301251@events.com
301252,ORG-301252,Organizer_301252,Individual,Delhi,11.0,contact301252@events.com
301253,ORG-301253,Organizer_301253,Company,Gaya,8.0,contact301253@events.com
301254,ORG-301254,Organizer_301254,Company,Ranchi,,contact301254@events.com
301255,ORG-301255,Organizer_301255,Individual,Pune,20.0,contact301255@events.com
301256,ORG-301256,Organizer_301256,NGO,Kolkata,9.0,contact301256@events.com
301257,ORG-301257,Organizer_301257,Individual,Pune,,contact301257@events.com
301258,ORG-301258,Organizer_301258,Individual,Gaya,,contact301258@events.com
301259,ORG-301259,Organizer_301259,NGO,Chandigarh,12.0,contact301259@events.com
301260,ORG-301260,Organizer_301260,Community,Bhopal,24.0,contact301260@events.com
301261,ORG-301261,Organizer_301261,Company,Noida,,contact301261@events.com
301262,ORG-301262,Organizer_301262,Company,Chandigarh,1.0,contact301262@events.com
301263,ORG-301263,Organizer_301263,NGO,Pune,13.0,contact301263@events.com
301264,ORG-301264,Organizer_301264,Company,Kolkata,18.0,contact301264@events.com
301265,ORG-301265,Organizer_301265,Agency,Kolkata,12.0,contact301265@events.com
301266,ORG-301266,Organizer_301266,Community,Noida,15.0,contact301266@events.com
301267,ORG-301267,Organizer_301267,Community,Gaya,9.0,contact301267@events.com
301268,ORG-301268,Organizer_301268,Agency,Patna,24.0,contact301268@events.com
301269,ORG-301269,Organizer_301269,Community,Lucknow,4.0,contact301269@events.com
301270,ORG-301270,Organizer_301270,NGO,Patna,3.0,contact301270@events.com
301271,ORG-301271,Organizer_301271,Individual,Chennai,,contact301271@events.com
301272,ORG-301272,Organizer_301272,Company,Ahmedabad,8.0,contact301272@events.com
301273,ORG-301273,Organizer_301273,Individual,Chandigarh,,contact301273@events.com
301274,ORG-301274,Organizer_301274,Company,Chennai,15.0,contact301274@events.com
301275,ORG-301275,Organizer_301275,NGO,Noida,,contact301275@events.com
301276,ORG-301276,Organizer_301276,Company,Chandigarh,8.0,contact301276@events.com
301277,ORG-301277,Organizer_301277,Company,Bhopal,1.0,contact301277@events.com
301278,ORG-301278,Organizer_301278,NGO,Lucknow,,contact301278@events.com
301279,ORG-301279,Organizer_301279,Individual,Kolkata,18.0,contact301279@events.com
301280,ORG-301280,Organizer_301280,Community,Kolkata,16.0,contact301280@events.com
301281,ORG-301281,Organizer_301281,Company,Gaya,14.0,contact301281@events.com
301282,ORG-301282,Organizer_301282,Community,Ahmedabad,20.0,invalid_email
301283,ORG-301283,Organizer_301283,Agency,Pune,4.0,contact301283@events.com
301284,ORG-301284,Organizer_301284,Agency,Lucknow,21.0,contact301284@events.com
301285,ORG-301285,Organizer_301285,Agency,Jaipur,4.0,contact301285@events.com
301286,ORG-301286,Organizer_301286,Company,Indore,,contact301286@events.com
301287,ORG-301287,Organizer_301287,Agency,Gaya,11.0,contact301287@events.com
301288,ORG-301288,Organizer_301288,NGO,Kolkata,16.0,contact301288@events.com
301289,ORG-301289,Organizer_301289,Individual,Ranchi,14.0,contact301289@events.com
301290,ORG-301290,Organizer_301290,Community,Gurugram,15.0,contact301290@events.com
301291,ORG-301291,Organizer_301291,Individual,Pune,21.0,contact301291@events.com
301292,ORG-301292,Organizer_301292,Company,Gurugram,,contact301292@events.com
301293,ORG-301293,Organizer_301293,Community,Jaipur,21.0,contact301293@events.com
301294,ORG-301294,Organizer_301294,Community,Ranchi,15.0,contact301294@events.com
301295,ORG-301295,Organizer_301295,Community,Jaipur,10.0,contact301295@events.com
301296,ORG-301296,Organizer_301296,NGO,Patna,20.0,contact301296@events.com
301297,ORG-301297,Organizer_301297,Agency,Delhi,2.0,contact301297@events.com
301298,ORG-301298,Organizer_301298,NGO,Kolkata,14.0,contact301298@events.com
301299,ORG-301299,Organizer_301299,Individual,Gaya,5.0,contact301299@events.com
301300,ORG-301300,Organizer_301300,Community,Patna,24.0,contact301300@events.com
301301,ORG-301301,Organizer_301301,Agency,Mumbai,24.0,contact301301@events.com
301302,ORG-301302,Organizer_301302,NGO,Kolkata,14.0,contact301302@events.com
301303,ORG-301303,Organizer_301303,Company,Delhi,7.0,invalid_email
301304,ORG-301304,Organizer_301304,Community,Kolkata,1.0,contact301304@events.com
301305,ORG-301305,Organizer_301305,Individual,Bhopal,16.0,contact301305@events.com
301306,ORG-301306,Organizer_301306,Community,Noida,9.0,contact301306@events.com
301307,ORG-301307,Organizer_301307,Company,Mumbai,10.0,contact301307@events.com
301308,ORG-301308,Organizer_301308,Individual,Patna,22.0,contact301308@events.com
301309,ORG-301309,Organizer_301309,Individual,Bengaluru,16.0,contact301309@events.com
301310,ORG-301310,Organizer_301310,Community,Chandigarh,14.0,contact301310@events.com
301311,ORG-301311,Organizer_301311,Individual,Lucknow,10.0,contact301311@events.com
301312,ORG-301312,Organizer_301312,Company,Delhi,1.0,contact301312@events.com
301313,ORG-301313,Organizer_301313,Individual,Delhi,11.0,contact301313@events.com
301314,ORG-301314,Organizer_301314,Individual,Kolkata,1.0,contact301314@events.com
301315,ORG-301315,Organizer_301315,Company,Gurugram,2.0,contact301315@events.com
301316,ORG-301316,Organizer_301316,Company,Mumbai,24.0,contact301316@events.com
301317,ORG-301317,Organizer_301317,Community,Ahmedabad,11.0,contact301317@events.com
301318,ORG-301318,Organizer_301318,Community,Pune,9.0,contact301318@events.com
301319,ORG-301319,Organizer_301319,Individual,Pune,10.0,contact301319@events.com
301320,ORG-301320,Organizer_301320,Community,Ahmedabad,24.0,invalid_email
301321,ORG-301321,Organizer_301321,Company,Patna,1.0,invalid_email
301322,ORG-301322,Organizer_301322,Community,Lucknow,1.0,contact301322@events.com
301323,ORG-301323,Organizer_301323,NGO,Gurugram,13.0,contact301323@events.com
301324,ORG-301324,Organizer_301324,Individual,Indore,,contact301324@events.com
301325,ORG-301325,Organizer_301325,Agency,Bengaluru,16.0,contact301325@events.com
301326,ORG-301326,Organizer_301326,Community,Mumbai,2.0,contact301326@events.com
301327,ORG-301327,Organizer_301327,Agency,Chandigarh,24.0,contact301327@events.com
301328,ORG-301328,Organizer_301328,Individual,Kolkata,11.0,contact301328@events.com
301329,ORG-301329,Organizer_301329,Agency,Delhi,9.0,contact301329@events.com
301330,ORG-301330,Organizer_301330,Individual,Noida,9.0,contact301330@events.com
301331,ORG-301331,Organizer_301331,Company,Bhopal,10.0,contact301331@events.com
301332,ORG-301332,Organizer_301332,Community,Delhi,24.0,contact301332@events.com
301333,ORG-301333,Organizer_301333,Individual,Noida,22.0,contact301333@events.com
301334,ORG-301334,Organizer_301334,Company,Hyderabad,13.0,contact301334@events.com
301335,ORG-301335,Organizer_301335,Company,Pune,18.0,contact301335@events.com
301336,ORG-301336,Organizer_301336,Community,Bhopal,9.0,contact301336@events.com
301337,ORG-301337,Organizer_301337,NGO,Delhi,16.0,contact301337@events.com
301338,ORG-301338,Organizer_301338,NGO,Hyderabad,10.0,contact301338@events.com
301339,ORG-301339,Organizer_301339,Community,Noida,20.0,contact301339@events.com
301340,ORG-301340,Organizer_301340,Agency,Lucknow,20.0,contact301340@events.com
301341,ORG-301341,Organizer_301341,Company,Jaipur,2.0,contact301341@events.com
301342,ORG-301342,Organizer_301342,Company,Indore,13.0,contact301342@events.com
301343,ORG-301343,Organizer_301343,Community,Noida,22.0,contact301343@events.com
301344,ORG-301344,Organizer_301344,NGO,Indore,24.0,contact301344@events.com
301345,ORG-301345,Organizer_301345,Agency,Hyderabad,23.0,contact301345@events.com
301346,ORG-301346,Organizer_301346,NGO,Hyderabad,6.0,contact301346@events.com
301347,ORG-301347,Organizer_301347,NGO,Mumbai,5.0,invalid_email
301348,ORG-301348,Organizer_301348,Individual,Ahmedabad,3.0,contact301348@events.com
301349,ORG-301349,Organizer_301349,Company,Kolkata,24.0,contact301349@events.com
301350,ORG-301350,Organizer_301350,Community,Kolkata,10.0,contact301350@events.com
301351,ORG-301351,Organizer_301351,Agency,Patna,17.0,contact301351@events.com
301352,ORG-301352,Organizer_301352,Individual,Mumbai,22.0,contact301352@events.com
301353,ORG-301353,Organizer_301353,Agency,Ranchi,22.0,contact301353@events.com
301354,ORG-301354,Organizer_301354,Individual,Hyderabad,8.0,contact301354@events.com
301355,ORG-301355,Organizer_301355,NGO,Indore,1.0,contact301355@events.com
301356,ORG-301356,Organizer_301356,Community,Chandigarh,10.0,contact301356@events.com
301357,ORG-301357,Organizer_301357,Community,Noida,23.0,contact301357@events.com
301358,ORG-301358,Organizer_301358,Company,Gaya,4.0,contact301358@events.com
301359,ORG-301359,Organizer_301359,Company,Gurugram,,contact301359@events.com
301360,ORG-301360,Organizer_301360,Community,Lucknow,12.0,contact301360@events.com
301361,ORG-301361,Organizer_301361,Company,Kolkata,11.0,contact301361@events.com
301362,ORG-301362,Organizer_301362,NGO,Lucknow,,contact301362@events.com
301363,ORG-301363,Organizer_301363,Agency,Chandigarh,1.0,contact301363@events.com
301364,ORG-301364,Organizer_301364,NGO,Ahmedabad,1.0,contact301364@events.com
301365,ORG-301365,Organizer_301365,Community,Pune,16.0,contact301365@events.com
301366,ORG-301366,Organizer_301366,Individual,Patna,24.0,contact301366@events.com
301367,ORG-301367,Organizer_301367,Individual,Mumbai,2.0,contact301367@events.com
301368,ORG-301368,Organizer_301368,NGO,Jaipur,13.0,contact301368@events.com
301369,ORG-301369,Organizer_301369,Agency,Jaipur,17.0,contact301369@events.com
301370,ORG-301370,Organizer_301370,Agency,Delhi,5.0,contact301370@events.com
301371,ORG-301371,Organizer_301371,Agency,Jaipur,5.0,contact301371@events.com
301372,ORG-301372,Organizer_301372,Community,Gaya,,contact301372@events.com
301373,ORG-301373,Organizer_301373,NGO,Bhopal,8.0,contact301373@events.com
301374,ORG-301374,Organizer_301374,NGO,Ahmedabad,5.0,invalid_email
301375,ORG-301375,Organizer_301375,Agency,Jaipur,21.0,contact301375@events.com
301376,ORG-301376,Organizer_301376,Agency,Bengaluru,12.0,contact301376@events.com
301377,ORG-301377,Organizer_301377,Agency,Bengaluru,17.0,contact301377@events.com
301378,ORG-301378,Organizer_301378,Company,Lucknow,18.0,invalid_email
301379,ORG-301379,Organizer_301379,NGO,Kolkata,21.0,contact301379@events.com
301380,ORG-301380,Organizer_301380,Community,Gaya,11.0,contact301380@events.com
301381,ORG-301381,Organizer_301381,Company,Delhi,,invalid_email
301382,ORG-301382,Organizer_301382,Agency,Chennai,13.0,invalid_email
301383,ORG-301383,Organizer_301383,Company,Kolkata,11.0,contact301383@events.com
301384,ORG-301384,Organizer_301384,Individual,Noida,10.0,contact301384@events.com
301385,ORG-301385,Organizer_301385,NGO,Ahmedabad,1.0,contact301385@events.com
301386,ORG-301386,Organizer_301386,Company,Chennai,18.0,contact301386@events.com
301387,ORG-301387,Organizer_301387,Agency,Mumbai,19.0,invalid_email
301388,ORG-301388,Organizer_301388,NGO,Lucknow,8.0,contact301388@events.com
301389,ORG-301389,Organizer_301389,NGO,Mumbai,17.0,contact301389@events.com
301390,ORG-301390,Organizer_301390,Individual,Ranchi,1.0,contact301390@events.com
301391,ORG-301391,Organizer_301391,Community,Delhi,10.0,contact301391@events.com
301392,ORG-301392,Organizer_301392,Agency,Kolkata,18.0,contact301392@events.com
301393,ORG-301393,Organizer_301393,Individual,Indore,14.0,contact301393@events.com
301394,ORG-301394,Organizer_301394,Community,Patna,18.0,contact301394@events.com
301395,ORG-301395,Organizer_301395,Agency,Ahmedabad,2.0,invalid_email
301396,ORG-301396,Organizer_301396,Community,Chennai,,contact301396@events.com
301397,ORG-301397,Organizer_301397,Company,Ranchi,24.0,contact301397@events.com
301398,ORG-301398,Organizer_301398,Community,Kolkata,10.0,contact301398@events.com
301399,ORG-301399,Organizer_301399,Individual,Indore,24.0,contact301399@events.com
301400,ORG-301400,Organizer_301400,Agency,Gaya,18.0,contact301400@events.com
301401,ORG-301401,Organizer_301401,Community,Ranchi,,contact301401@events.com
301402,ORG-301402,Organizer_301402,Company,Ranchi,23.0,contact301402@events.com
301403,ORG-301403,Organizer_301403,Agency,Jaipur,9.0,contact301403@events.com
301404,ORG-301404,Organizer_301404,Company,Kolkata,4.0,contact301404@events.com
301405,ORG-301405,Organizer_301405,Company,Gaya,17.0,contact301405@events.com
301406,ORG-301406,Organizer_301406,Company,Lucknow,1.0,contact301406@events.com
301407,ORG-301407,Organizer_301407,Agency,Bhopal,1.0,contact301407@events.com
301408,ORG-301408,Organizer_301408,Individual,Ahmedabad,5.0,contact301408@events.com
301409,ORG-301409,Organizer_301409,NGO,Mumbai,1.0,contact301409@events.com
301410,ORG-301410,Organizer_301410,Individual,Noida,1.0,contact301410@events.com
301411,ORG-301411,Organizer_301411,NGO,Lucknow,23.0,contact301411@events.com
301412,ORG-301412,Organizer_301412,Individual,Mumbai,23.0,contact301412@events.com
301413,ORG-301413,Organizer_301413,Community,Noida,5.0,contact301413@events.com
301414,ORG-301414,Organizer_301414,Company,Gurugram,14.0,contact301414@events.com
301415,ORG-301415,Organizer_301415,Individual,Delhi,17.0,contact301415@events.com
301416,ORG-301416,Organizer_301416,Agency,Patna,10.0,contact301416@events.com
301417,ORG-301417,Organizer_301417,Agency,Delhi,10.0,contact301417@events.com
301418,ORG-301418,Organizer_301418,Agency,Pune,22.0,contact301418@events.com
301419,ORG-301419,Organizer_301419,Individual,Ranchi,7.0,contact301419@events.com
301420,ORG-301420,Organizer_301420,NGO,Mumbai,3.0,contact301420@events.com
301421,ORG-301421,Organizer_301421,Company,Hyderabad,7.0,contact301421@events.com
301422,ORG-301422,Organizer_301422,NGO,Gurugram,18.0,contact301422@events.com
301423,ORG-301423,Organizer_301423,Community,Kolkata,3.0,contact301423@events.com
301424,ORG-301424,Organizer_301424,Individual,Pune,12.0,contact301424@events.com
301425,ORG-301425,Organizer_301425,Agency,Delhi,4.0,contact301425@events.com
301426,ORG-301426,Organizer_301426,Company,Jaipur,15.0,contact301426@events.com
301427,ORG-301427,Organizer_301427,Company,Pune,2.0,contact301427@events.com
301428,ORG-301428,Organizer_301428,Agency,Jaipur,24.0,contact301428@events.com
301429,ORG-301429,Organizer_301429,NGO,Bengaluru,9.0,contact301429@events.com
301430,ORG-301430,Organizer_301430,Company,Bhopal,7.0,contact301430@events.com
301431,ORG-301431,Organizer_301431,Individual,Noida,5.0,contact301431@events.com
301432,ORG-301432,Organizer_301432,Agency,Indore,21.0,contact301432@events.com
301433,ORG-301433,Organizer_301433,Community,Indore,1.0,contact301433@events.com
301434,ORG-301434,Organizer_301434,Company,Lucknow,14.0,invalid_email
301435,ORG-301435,Organizer_301435,Community,Delhi,24.0,contact301435@events.com
301436,ORG-301436,Organizer_301436,Community,Bhopal,5.0,contact301436@events.com
301437,ORG-301437,Organizer_301437,Community,Bengaluru,5.0,contact301437@events.com
301438,ORG-301438,Organizer_301438,Individual,Chennai,20.0,contact301438@events.com
301439,ORG-301439,Organizer_301439,Agency,Jaipur,23.0,contact301439@events.com
301440,ORG-301440,Organizer_301440,Individual,Bhopal,3.0,contact301440@events.com
301441,ORG-301441,Organizer_301441,Agency,Ranchi,10.0,contact301441@events.com
301442,ORG-301442,Organizer_301442,Community,Patna,24.0,contact301442@events.com
301443,ORG-301443,Organizer_301443,Company,Ranchi,12.0,contact301443@events.com
301444,ORG-301444,Organizer_301444,NGO,Patna,,contact301444@events.com
301445,ORG-301445,Organizer_301445,Agency,Jaipur,18.0,invalid_email
301446,ORG-301446,Organizer_301446,Company,Hyderabad,8.0,contact301446@events.com
301447,ORG-301447,Organizer_301447,Company,Pune,20.0,contact301447@events.com
301448,ORG-301448,Organizer_301448,NGO,Bengaluru,12.0,contact301448@events.com
301449,ORG-301449,Organizer_301449,Company,Gaya,18.0,contact301449@events.com
301450,ORG-301450,Organizer_301450,NGO,Ahmedabad,14.0,contact301450@events.com
301451,ORG-301451,Organizer_301451,Community,Ahmedabad,16.0,contact301451@events.com
301452,ORG-301452,Organizer_301452,NGO,Chandigarh,16.0,contact301452@events.com
301453,ORG-301453,Organizer_301453,Company,Chandigarh,11.0,contact301453@events.com
301454,ORG-301454,Organizer_301454,Company,Jaipur,22.0,contact301454@events.com
301455,ORG-301455,Organizer_301455,Individual,Mumbai,9.0,invalid_email
301456,ORG-301456,Organizer_301456,Community,Jaipur,13.0,contact301456@events.com
301457,ORG-301457,Organizer_301457,Community,Patna,2.0,contact301457@events.com
301458,ORG-301458,Organizer_301458,Individual,Pune,14.0,contact301458@events.com
301459,ORG-301459,Organizer_301459,NGO,Gaya,16.0,contact301459@events.com
301460,ORG-301460,Organizer_301460,Individual,Mumbai,24.0,contact301460@events.com
301461,ORG-301461,Organizer_301461,Individual,Chandigarh,10.0,contact301461@events.com
301462,ORG-301462,Organizer_301462,NGO,Jaipur,4.0,invalid_email
301463,ORG-301463,Organizer_301463,Individual,Ranchi,20.0,contact301463@events.com
301464,ORG-301464,Organizer_301464,Individual,Ranchi,13.0,contact301464@events.com
301465,ORG-301465,Organizer_301465,Agency,Patna,1.0,contact301465@events.com
301466,ORG-301466,Organizer_301466,Agency,Lucknow,6.0,contact301466@events.com
301467,ORG-301467,Organizer_301467,Agency,Delhi,7.0,contact301467@events.com
301468,ORG-301468,Organizer_301468,Agency,Gurugram,6.0,contact301468@events.com
301469,ORG-301469,Organizer_301469,Agency,Chennai,3.0,contact301469@events.com
301470,ORG-301470,Organizer_301470,Company,Chandigarh,17.0,contact301470@events.com
301471,ORG-301471,Organizer_301471,Agency,Kolkata,24.0,contact301471@events.com
301472,ORG-301472,Organizer_301472,Company,Bhopal,3.0,contact301472@events.com
301473,ORG-301473,Organizer_301473,Individual,Hyderabad,7.0,contact301473@events.com
301474,ORG-301474,Organizer_301474,Company,Ranchi,2.0,contact301474@events.com
301475,ORG-301475,Organizer_301475,Community,Delhi,21.0,contact301475@events.com
301476,ORG-301476,Organizer_301476,Agency,Patna,16.0,contact301476@events.com
301477,ORG-301477,Organizer_301477,Company,Mumbai,18.0,contact301477@events.com
301478,ORG-301478,Organizer_301478,Company,Gaya,8.0,contact301478@events.com
301479,ORG-301479,Organizer_301479,NGO,Bengaluru,7.0,contact301479@events.com
301480,ORG-301480,Organizer_301480,Community,Delhi,19.0,contact301480@events.com
301481,ORG-301481,Organizer_301481,Agency,Pune,23.0,contact301481@events.com
301482,ORG-301482,Organizer_301482,Individual,Kolkata,7.0,contact301482@events.com
301483,ORG-301483,Organizer_301483,Agency,Gurugram,23.0,contact301483@events.com
301484,ORG-301484,Organizer_301484,Agency,Ranchi,3.0,contact301484@events.com
301485,ORG-301485,Organizer_301485,Individual,Chennai,3.0,contact301485@events.com
301486,ORG-301486,Organizer_301486,Community,Pune,2.0,contact301486@events.com
301487,ORG-301487,Organizer_301487,Individual,Chennai,2.0,contact301487@events.com
301488,ORG-301488,Organizer_301488,Company,Noida,19.0,contact301488@events.com
301489,ORG-301489,Organizer_301489,Agency,Bhopal,17.0,contact301489@events.com
301490,ORG-301490,Organizer_301490,Individual,Ranchi,18.0,contact301490@events.com
301491,ORG-301491,Organizer_301491,Company,Pune,7.0,contact301491@events.com
301492,ORG-301492,Organizer_301492,Individual,Patna,17.0,contact301492@events.com
301493,ORG-301493,Organizer_301493,NGO,Jaipur,21.0,contact301493@events.com
301494,ORG-301494,Organizer_301494,Individual,Delhi,10.0,contact301494@events.com
301495,ORG-301495,Organizer_301495,Company,Lucknow,5.0,invalid_email
301496,ORG-301496,Organizer_301496,Agency,Gaya,14.0,contact301496@events.com
301497,ORG-301497,Organizer_301497,NGO,Ahmedabad,17.0,contact301497@events.com
301498,ORG-301498,Organizer_301498,Agency,Bengaluru,22.0,invalid_email
301499,ORG-301499,Organizer_301499,Company,Delhi,6.0,contact301499@events.com
301500,ORG-301500,Organizer_301500,NGO,Indore,17.0,contact301500@events.com
301501,ORG-301501,Organizer_301501,Community,Pune,20.0,contact301501@events.com
301502,ORG-301502,Organizer_301502,Community,Bhopal,12.0,contact301502@events.com
301503,ORG-301503,Organizer_301503,Agency,Indore,15.0,contact301503@events.com
301504,ORG-301504,Organizer_301504,Individual,Gaya,17.0,contact301504@events.com
301505,ORG-301505,Organizer_301505,Individual,Lucknow,3.0,contact301505@events.com
301506,ORG-301506,Organizer_301506,NGO,Ahmedabad,23.0,contact301506@events.com
301507,ORG-301507,Organizer_301507,Community,Bhopal,14.0,contact301507@events.com
301508,ORG-301508,Organizer_301508,Agency,Jaipur,11.0,contact301508@events.com
301509,ORG-301509,Organizer_301509,Community,Kolkata,7.0,contact301509@events.com
301510,ORG-301510,Organizer_301510,Agency,Gurugram,13.0,contact301510@events.com
301511,ORG-301511,Organizer_301511,Individual,Gurugram,21.0,invalid_email
301512,ORG-301512,Organizer_301512,Community,Jaipur,17.0,contact301512@events.com
301513,ORG-301513,Organizer_301513,Agency,Ranchi,18.0,contact301513@events.com
301514,ORG-301514,Organizer_301514,Individual,Hyderabad,15.0,contact301514@events.com
301515,ORG-301515,Organizer_301515,Community,Chandigarh,14.0,contact301515@events.com
301516,ORG-301516,Organizer_301516,Community,Kolkata,9.0,contact301516@events.com
301517,ORG-301517,Organizer_301517,Community,Indore,24.0,contact301517@events.com
301518,ORG-301518,Organizer_301518,Individual,Hyderabad,9.0,contact301518@events.com
301519,ORG-301519,Organizer_301519,NGO,Bengaluru,13.0,contact301519@events.com
301520,ORG-301520,Organizer_301520,Individual,Lucknow,16.0,contact301520@events.com
301521,ORG-301521,Organizer_301521,NGO,Gaya,21.0,contact301521@events.com
301522,ORG-301522,Organizer_301522,Individual,Delhi,23.0,contact301522@events.com
301523,ORG-301523,Organizer_301523,Individual,Pune,16.0,contact301523@events.com
301524,ORG-301524,Organizer_301524,NGO,Delhi,17.0,contact301524@events.com
301525,ORG-301525,Organizer_301525,NGO,Pune,19.0,contact301525@events.com
301526,ORG-301526,Organizer_301526,Agency,Kolkata,18.0,contact301526@events.com
301527,ORG-301527,Organizer_301527,Individual,Mumbai,23.0,contact301527@events.com
301528,ORG-301528,Organizer_301528,Community,Pune,21.0,contact301528@events.com
301529,ORG-301529,Organizer_301529,Community,Lucknow,5.0,contact301529@events.com
301530,ORG-301530,Organizer_301530,Company,Chandigarh,8.0,contact301530@events.com
301531,ORG-301531,Organizer_301531,NGO,Noida,15.0,contact301531@events.com
301532,ORG-301532,Organizer_301532,Community,Chennai,16.0,contact301532@events.com
301533,ORG-301533,Organizer_301533,Agency,Patna,4.0,contact301533@events.com
301534,ORG-301534,Organizer_301534,Individual,Gurugram,10.0,contact301534@events.com
301535,ORG-301535,Organizer_301535,Individual,Gaya,22.0,contact301535@events.com
301536,ORG-301536,Organizer_301536,Company,Noida,5.0,contact301536@events.com
301537,ORG-301537,Organizer_301537,Individual,Jaipur,14.0,contact301537@events.com
301538,ORG-301538,Organizer_301538,Agency,Noida,12.0,contact301538@events.com
301539,ORG-301539,Organizer_301539,Company,Bengaluru,2.0,contact301539@events.com
301540,ORG-301540,Organizer_301540,Agency,Jaipur,7.0,contact301540@events.com
301541,ORG-301541,Organizer_301541,Company,Mumbai,22.0,contact301541@events.com
301542,ORG-301542,Organizer_301542,NGO,Jaipur,4.0,contact301542@events.com
301543,ORG-301543,Organizer_301543,Company,Ranchi,24.0,contact301543@events.com
301544,ORG-301544,Organizer_301544,NGO,Mumbai,18.0,contact301544@events.com
301545,ORG-301545,Organizer_301545,Agency,Mumbai,22.0,contact301545@events.com
301546,ORG-301546,Organizer_301546,Community,Bhopal,5.0,contact301546@events.com
301547,ORG-301547,Organizer_301547,Company,Lucknow,,contact301547@events.com
301548,ORG-301548,Organizer_301548,Company,Ahmedabad,13.0,contact301548@events.com
301549,ORG-301549,Organizer_301549,Company,Noida,11.0,contact301549@events.com
301550,ORG-301550,Organizer_301550,NGO,Noida,11.0,contact301550@events.com
301551,ORG-301551,Organizer_301551,Individual,Ahmedabad,11.0,contact301551@events.com
301552,ORG-301552,Organizer_301552,Company,Noida,6.0,contact301552@events.com
301553,ORG-301553,Organizer_301553,NGO,Patna,7.0,contact301553@events.com
301554,ORG-301554,Organizer_301554,NGO,Noida,10.0,contact301554@events.com
301555,ORG-301555,Organizer_301555,Agency,Bhopal,23.0,contact301555@events.com
301556,ORG-301556,Organizer_301556,Agency,Mumbai,18.0,invalid_email
301557,ORG-301557,Organizer_301557,Community,Jaipur,3.0,invalid_email
301558,ORG-301558,Organizer_301558,NGO,Bhopal,17.0,contact301558@events.com
301559,ORG-301559,Organizer_301559,Individual,Kolkata,7.0,contact301559@events.com
301560,ORG-301560,Organizer_301560,Company,Delhi,12.0,contact301560@events.com
301561,ORG-301561,Organizer_301561,Individual,Ahmedabad,1.0,contact301561@events.com
301562,ORG-301562,Organizer_301562,Company,Ahmedabad,13.0,contact301562@events.com
301563,ORG-301563,Organizer_301563,NGO,Pune,11.0,contact301563@events.com
301564,ORG-301564,Organizer_301564,Community,Noida,9.0,contact301564@events.com
301565,ORG-301565,Organizer_301565,Agency,Patna,22.0,contact301565@events.com
301566,ORG-301566,Organizer_301566,NGO,Bengaluru,21.0,contact301566@events.com
301567,ORG-301567,Organizer_301567,NGO,Bengaluru,3.0,contact301567@events.com
301568,ORG-301568,Organizer_301568,Community,Bhopal,19.0,contact301568@events.com
301569,ORG-301569,Organizer_301569,Company,Delhi,3.0,contact301569@events.com
301570,ORG-301570,Organizer_301570,NGO,Pune,2.0,contact301570@events.com
301571,ORG-301571,Organizer_301571,Agency,Lucknow,18.0,invalid_email
301572,ORG-301572,Organizer_301572,NGO,Hyderabad,19.0,contact301572@events.com
301573,ORG-301573,Organizer_301573,NGO,Jaipur,7.0,contact301573@events.com
301574,ORG-301574,Organizer_301574,Individual,Delhi,6.0,contact301574@events.com
301575,ORG-301575,Organizer_301575,Individual,Mumbai,3.0,contact301575@events.com
301576,ORG-301576,Organizer_301576,NGO,Noida,17.0,contact301576@events.com
301577,ORG-301577,Organizer_301577,Individual,Delhi,,contact301577@events.com
301578,ORG-301578,Organizer_301578,Agency,Ranchi,16.0,contact301578@events.com
301579,ORG-301579,Organizer_301579,Community,Noida,,contact301579@events.com
301580,ORG-301580,Organizer_301580,Company,Bhopal,14.0,contact301580@events.com
301581,ORG-301581,Organizer_301581,Individual,Gurugram,2.0,contact301581@events.com
301582,ORG-301582,Organizer_301582,Individual,Bhopal,23.0,contact301582@events.com
301583,ORG-301583,Organizer_301583,Agency,Delhi,15.0,contact301583@events.com
301584,ORG-301584,Organizer_301584,Agency,Jaipur,4.0,contact301584@events.com
301585,ORG-301585,Organizer_301585,Company,Mumbai,15.0,contact301585@events.com
301586,ORG-301586,Organizer_301586,Company,Patna,24.0,contact301586@events.com
301587,ORG-301587,Organizer_301587,NGO,Chennai,7.0,contact301587@events.com
301588,ORG-301588,Organizer_301588,Agency,Bengaluru,10.0,contact301588@events.com
301589,ORG-301589,Organizer_301589,Community,Chennai,22.0,contact301589@events.com
301590,ORG-301590,Organizer_301590,Community,Ahmedabad,1.0,contact301590@events.com
301591,ORG-301591,Organizer_301591,Company,Gaya,,contact301591@events.com
301592,ORG-301592,Organizer_301592,Community,Chandigarh,5.0,contact301592@events.com
301593,ORG-301593,Organizer_301593,NGO,Noida,22.0,contact301593@events.com
301594,ORG-301594,Organizer_301594,Agency,Chennai,15.0,contact301594@events.com
301595,ORG-301595,Organizer_301595,Agency,Jaipur,23.0,contact301595@events.com
301596,ORG-301596,Organizer_301596,Individual,Pune,23.0,contact301596@events.com
301597,ORG-301597,Organizer_301597,NGO,Jaipur,19.0,invalid_email
301598,ORG-301598,Organizer_301598,NGO,Ranchi,1.0,contact301598@events.com
301599,ORG-301599,Organizer_301599,Agency,Chandigarh,3.0,contact301599@events.com
301600,ORG-301600,Organizer_301600,Agency,Bengaluru,14.0,contact301600@events.com
301601,ORG-301601,Organizer_301601,Community,Ranchi,6.0,contact301601@events.com
301602,ORG-301602,Organizer_301602,Company,Ranchi,,contact301602@events.com
301603,ORG-301603,Organizer_301603,Company,Hyderabad,,contact301603@events.com
301604,ORG-301604,Organizer_301604,Agency,Kolkata,12.0,invalid_email
301605,ORG-301605,Organizer_301605,Community,Patna,22.0,contact301605@events.com
301606,ORG-301606,Organizer_301606,Community,Pune,20.0,invalid_email
301607,ORG-301607,Organizer_301607,Company,Ranchi,17.0,contact301607@events.com
301608,ORG-301608,Organizer_301608,Individual,Kolkata,13.0,contact301608@events.com
301609,ORG-301609,Organizer_301609,Individual,Pune,16.0,contact301609@events.com
301610,ORG-301610,Organizer_301610,NGO,Chandigarh,12.0,contact301610@events.com
301611,ORG-301611,Organizer_301611,Agency,Patna,14.0,contact301611@events.com
301612,ORG-301612,Organizer_301612,Community,Mumbai,15.0,contact301612@events.com
301613,ORG-301613,Organizer_301613,Individual,Patna,7.0,contact301613@events.com
301614,ORG-301614,Organizer_301614,Company,Hyderabad,19.0,contact301614@events.com
301615,ORG-301615,Organizer_301615,NGO,Kolkata,20.0,invalid_email
301616,ORG-301616,Organizer_301616,Community,Delhi,11.0,invalid_email
301617,ORG-301617,Organizer_301617,Company,Noida,4.0,contact301617@events.com
301618,ORG-301618,Organizer_301618,NGO,Hyderabad,8.0,invalid_email
301619,ORG-301619,Organizer_301619,Agency,Indore,20.0,contact301619@events.com
301620,ORG-301620,Organizer_301620,Agency,Lucknow,2.0,contact301620@events.com
301621,ORG-301621,Organizer_301621,Community,Ranchi,17.0,contact301621@events.com
301622,ORG-301622,Organizer_301622,Agency,Lucknow,23.0,invalid_email
301623,ORG-301623,Organizer_301623,Company,Hyderabad,14.0,contact301623@events.com
301624,ORG-301624,Organizer_301624,Agency,Delhi,16.0,contact301624@events.com
301625,ORG-301625,Organizer_301625,Individual,Gaya,8.0,contact301625@events.com
301626,ORG-301626,Organizer_301626,NGO,Hyderabad,16.0,contact301626@events.com
301627,ORG-301627,Organizer_301627,NGO,Gurugram,,contact301627@events.com
301628,ORG-301628,Organizer_301628,Community,Chennai,7.0,contact301628@events.com
301629,ORG-301629,Organizer_301629,Agency,Pune,10.0,contact301629@events.com
301630,ORG-301630,Organizer_301630,Agency,Ahmedabad,12.0,contact301630@events.com
301631,ORG-301631,Organizer_301631,NGO,Chennai,17.0,contact301631@events.com
301632,ORG-301632,Organizer_301632,NGO,Lucknow,1.0,contact301632@events.com
301633,ORG-301633,Organizer_301633,Company,Chandigarh,13.0,contact301633@events.com
301634,ORG-301634,Organizer_301634,NGO,Gaya,21.0,contact301634@events.com
301635,ORG-301635,Organizer_301635,Company,Ahmedabad,,contact301635@events.com
301636,ORG-301636,Organizer_301636,Individual,Pune,4.0,contact301636@events.com
301637,ORG-301637,Organizer_301637,Individual,Delhi,,contact301637@events.com
301638,ORG-301638,Organizer_301638,Community,Bengaluru,,contact301638@events.com
301639,ORG-301639,Organizer_301639,Company,Jaipur,17.0,contact301639@events.com
301640,ORG-301640,Organizer_301640,NGO,Ahmedabad,9.0,contact301640@events.com
301641,ORG-301641,Organizer_301641,NGO,Mumbai,5.0,contact301641@events.com
301642,ORG-301642,Organizer_301642,Individual,Gaya,8.0,contact301642@events.com
301643,ORG-301643,Organizer_301643,Community,Gaya,22.0,contact301643@events.com
301644,ORG-301644,Organizer_301644,Company,Chandigarh,22.0,contact301644@events.com
301645,ORG-301645,Organizer_301645,Company,Chennai,,contact301645@events.com
301646,ORG-301646,Organizer_301646,NGO,Indore,16.0,contact301646@events.com
301647,ORG-301647,Organizer_301647,Company,Patna,6.0,contact301647@events.com
301648,ORG-301648,Organizer_301648,Company,Chandigarh,8.0,contact301648@events.com
301649,ORG-301649,Organizer_301649,NGO,Mumbai,,contact301649@events.com
301650,ORG-301650,Organizer_301650,Company,Indore,24.0,contact301650@events.com
301651,ORG-301651,Organizer_301651,Community,Delhi,18.0,contact301651@events.com
301652,ORG-301652,Organizer_301652,Agency,Patna,9.0,contact301652@events.com
301653,ORG-301653,Organizer_301653,Company,Chandigarh,21.0,contact301653@events.com
301654,ORG-301654,Organizer_301654,Individual,Bengaluru,,contact301654@events.com
301655,ORG-301655,Organizer_301655,Individual,Chennai,11.0,contact301655@events.com
301656,ORG-301656,Organizer_301656,Individual,Chandigarh,4.0,contact301656@events.com
301657,ORG-301657,Organizer_301657,NGO,Noida,12.0,contact301657@events.com
301658,ORG-301658,Organizer_301658,Individual,Gurugram,23.0,invalid_email
301659,ORG-301659,Organizer_301659,NGO,Mumbai,9.0,contact301659@events.com
301660,ORG-301660,Organizer_301660,Company,Bengaluru,,contact301660@events.com
301661,ORG-301661,Organizer_301661,Community,Bhopal,14.0,contact301661@events.com
301662,ORG-301662,Organizer_301662,Company,Jaipur,19.0,contact301662@events.com
301663,ORG-301663,Organizer_301663,Company,Ahmedabad,7.0,contact301663@events.com
301664,ORG-301664,Organizer_301664,Individual,Delhi,18.0,contact301664@events.com
301665,ORG-301665,Organizer_301665,Individual,Lucknow,,contact301665@events.com
301666,ORG-301666,Organizer_301666,Community,Chennai,14.0,contact301666@events.com
301667,ORG-301667,Organizer_301667,NGO,Bhopal,8.0,contact301667@events.com
301668,ORG-301668,Organizer_301668,Agency,Gaya,17.0,contact301668@events.com
301669,ORG-301669,Organizer_301669,Individual,Kolkata,5.0,contact301669@events.com
301670,ORG-301670,Organizer_301670,NGO,Lucknow,6.0,contact301670@events.com
301671,ORG-301671,Organizer_301671,NGO,Lucknow,8.0,contact301671@events.com
301672,ORG-301672,Organizer_301672,Community,Pune,22.0,contact301672@events.com
301673,ORG-301673,Organizer_301673,Agency,Gurugram,11.0,contact301673@events.com
301674,ORG-301674,Organizer_301674,Company,Bengaluru,7.0,contact301674@events.com
301675,ORG-301675,Organizer_301675,Company,Noida,1.0,contact301675@events.com
301676,ORG-301676,Organizer_301676,NGO,Pune,23.0,contact301676@events.com
301677,ORG-301677,Organizer_301677,Individual,Lucknow,4.0,contact301677@events.com
301678,ORG-301678,Organizer_301678,Individual,Pune,1.0,invalid_email
301679,ORG-301679,Organizer_301679,NGO,Chandigarh,16.0,contact301679@events.com
301680,ORG-301680,Organizer_301680,Agency,Pune,23.0,invalid_email
301681,ORG-301681,Organizer_301681,NGO,Kolkata,10.0,contact301681@events.com
301682,ORG-301682,Organizer_301682,NGO,Gaya,,contact301682@events.com
301683,ORG-301683,Organizer_301683,Agency,Ahmedabad,16.0,contact301683@events.com
301684,ORG-301684,Organizer_301684,Individual,Bhopal,9.0,contact301684@events.com
301685,ORG-301685,Organizer_301685,Community,Pune,4.0,contact301685@events.com
301686,ORG-301686,Organizer_301686,Individual,Patna,23.0,contact301686@events.com
301687,ORG-301687,Organizer_301687,Individual,Chandigarh,1.0,contact301687@events.com
301688,ORG-301688,Organizer_301688,Company,Chandigarh,4.0,contact301688@events.com
301689,ORG-301689,Organizer_301689,Company,Indore,16.0,contact301689@events.com
301690,ORG-301690,Organizer_301690,Individual,Indore,16.0,contact301690@events.com
301691,ORG-301691,Organizer_301691,Individual,Hyderabad,15.0,invalid_email
301692,ORG-301692,Organizer_301692,Community,Jaipur,10.0,contact301692@events.com
301693,ORG-301693,Organizer_301693,Agency,Bhopal,7.0,invalid_email
301694,ORG-301694,Organizer_301694,Agency,Pune,22.0,contact301694@events.com
301695,ORG-301695,Organizer_301695,Agency,Ranchi,18.0,contact301695@events.com
301696,ORG-301696,Organizer_301696,Agency,Mumbai,24.0,invalid_email
301697,ORG-301697,Organizer_301697,Agency,Ranchi,1.0,contact301697@events.com
301698,ORG-301698,Organizer_301698,Company,Gurugram,8.0,contact301698@events.com
301699,ORG-301699,Organizer_301699,Community,Jaipur,11.0,contact301699@events.com
301700,ORG-301700,Organizer_301700,Agency,Pune,,contact301700@events.com
301701,ORG-301701,Organizer_301701,Individual,Chennai,7.0,contact301701@events.com
301702,ORG-301702,Organizer_301702,Company,Patna,3.0,contact301702@events.com
301703,ORG-301703,Organizer_301703,Company,Mumbai,16.0,contact301703@events.com
301704,ORG-301704,Organizer_301704,Individual,Chandigarh,17.0,contact301704@events.com
301705,ORG-301705,Organizer_301705,NGO,Noida,14.0,contact301705@events.com
301706,ORG-301706,Organizer_301706,Individual,Hyderabad,5.0,contact301706@events.com
301707,ORG-301707,Organizer_301707,NGO,Kolkata,10.0,contact301707@events.com
301708,ORG-301708,Organizer_301708,NGO,Bhopal,,contact301708@events.com
301709,ORG-301709,Organizer_301709,Individual,Kolkata,17.0,contact301709@events.com
301710,ORG-301710,Organizer_301710,NGO,Bengaluru,15.0,contact301710@events.com
301711,ORG-301711,Organizer_301711,Individual,Jaipur,,contact301711@events.com
301712,ORG-301712,Organizer_301712,NGO,Gaya,11.0,contact301712@events.com
301713,ORG-301713,Organizer_301713,Agency,Ahmedabad,24.0,contact301713@events.com
301714,ORG-301714,Organizer_301714,Community,Delhi,6.0,contact301714@events.com
301715,ORG-301715,Organizer_301715,NGO,Hyderabad,9.0,contact301715@events.com
301716,ORG-301716,Organizer_301716,Community,Delhi,13.0,contact301716@events.com
301717,ORG-301717,Organizer_301717,Agency,Kolkata,,contact301717@events.com
301718,ORG-301718,Organizer_301718,Agency,Noida,24.0,contact301718@events.com
301719,ORG-301719,Organizer_301719,Community,Gaya,6.0,contact301719@events.com
301720,ORG-301720,Organizer_301720,Company,Bengaluru,12.0,contact301720@events.com
301721,ORG-301721,Organizer_301721,Community,Bhopal,22.0,contact301721@events.com
301722,ORG-301722,Organizer_301722,Agency,Patna,15.0,contact301722@events.com
301723,ORG-301723,Organizer_301723,NGO,Chandigarh,20.0,contact301723@events.com
301724,ORG-301724,Organizer_301724,Company,Patna,10.0,invalid_email
301725,ORG-301725,Organizer_301725,Agency,Chennai,14.0,contact301725@events.com
301726,ORG-301726,Organizer_301726,Individual,Jaipur,7.0,contact301726@events.com
301727,ORG-301727,Organizer_301727,Individual,Hyderabad,2.0,contact301727@events.com
301728,ORG-301728,Organizer_301728,Company,Bhopal,7.0,invalid_email
301729,ORG-301729,Organizer_301729,Community,Chandigarh,14.0,contact301729@events.com
301730,ORG-301730,Organizer_301730,Agency,Jaipur,4.0,contact301730@events.com
301731,ORG-301731,Organizer_301731,Agency,Indore,5.0,contact301731@events.com
301732,ORG-301732,Organizer_301732,Company,Patna,,contact301732@events.com
301733,ORG-301733,Organizer_301733,NGO,Chandigarh,17.0,contact301733@events.com
301734,ORG-301734,Organizer_301734,Agency,Lucknow,15.0,contact301734@events.com
301735,ORG-301735,Organizer_301735,NGO,Bengaluru,12.0,contact301735@events.com
301736,ORG-301736,Organizer_301736,Company,Ranchi,13.0,contact301736@events.com
301737,ORG-301737,Organizer_301737,Community,Bhopal,,contact301737@events.com
301738,ORG-301738,Organizer_301738,Individual,Jaipur,6.0,contact301738@events.com
301739,ORG-301739,Organizer_301739,Company,Hyderabad,2.0,contact301739@events.com
301740,ORG-301740,Organizer_301740,Company,Noida,14.0,contact301740@events.com
301741,ORG-301741,Organizer_301741,Individual,Patna,,contact301741@events.com
301742,ORG-301742,Organizer_301742,Agency,Bhopal,2.0,contact301742@events.com
301743,ORG-301743,Organizer_301743,Individual,Noida,19.0,contact301743@events.com
301744,ORG-301744,Organizer_301744,Community,Mumbai,8.0,contact301744@events.com
301745,ORG-301745,Organizer_301745,Company,Gaya,19.0,contact301745@events.com
301746,ORG-301746,Organizer_301746,Community,Gaya,13.0,contact301746@events.com
301747,ORG-301747,Organizer_301747,Company,Mumbai,19.0,contact301747@events.com
301748,ORG-301748,Organizer_301748,Community,Kolkata,22.0,invalid_email
301749,ORG-301749,Organizer_301749,Agency,Delhi,20.0,contact301749@events.com
301750,ORG-301750,Organizer_301750,Company,Delhi,5.0,contact301750@events.com
301751,ORG-301751,Organizer_301751,Community,Gurugram,,contact301751@events.com
301752,ORG-301752,Organizer_301752,Company,Hyderabad,19.0,contact301752@events.com
301753,ORG-301753,Organizer_301753,Community,Gaya,24.0,contact301753@events.com
301754,ORG-301754,Organizer_301754,Agency,Lucknow,2.0,contact301754@events.com
301755,ORG-301755,Organizer_301755,Individual,Hyderabad,20.0,contact301755@events.com
301756,ORG-301756,Organizer_301756,NGO,Ahmedabad,21.0,contact301756@events.com
301757,ORG-301757,Organizer_301757,Community,Pune,14.0,contact301757@events.com
301758,ORG-301758,Organizer_301758,Individual,Patna,19.0,contact301758@events.com
301759,ORG-301759,Organizer_301759,NGO,Bengaluru,17.0,contact301759@events.com
301760,ORG-301760,Organizer_301760,Individual,Bhopal,2.0,contact301760@events.com
301761,ORG-301761,Organizer_301761,Company,Indore,10.0,contact301761@events.com
301762,ORG-301762,Organizer_301762,Community,Indore,15.0,contact301762@events.com
301763,ORG-301763,Organizer_301763,Individual,Delhi,13.0,contact301763@events.com
301764,ORG-301764,Organizer_301764,Individual,Indore,5.0,contact301764@events.com
301765,ORG-301765,Organizer_301765,Individual,Lucknow,2.0,contact301765@events.com
301766,ORG-301766,Organizer_301766,Individual,Chennai,18.0,invalid_email
301767,ORG-301767,Organizer_301767,Community,Mumbai,4.0,contact301767@events.com
301768,ORG-301768,Organizer_301768,Company,Patna,21.0,contact301768@events.com
301769,ORG-301769,Organizer_301769,Company,Jaipur,22.0,contact301769@events.com
301770,ORG-301770,Organizer_301770,NGO,Gaya,8.0,contact301770@events.com
301771,ORG-301771,Organizer_301771,NGO,Pune,2.0,contact301771@events.com
301772,ORG-301772,Organizer_301772,Community,Bengaluru,21.0,invalid_email
301773,ORG-301773,Organizer_301773,NGO,Kolkata,21.0,contact301773@events.com
301774,ORG-301774,Organizer_301774,Community,Indore,8.0,contact301774@events.com
301775,ORG-301775,Organizer_301775,NGO,Ranchi,10.0,contact301775@events.com
301776,ORG-301776,Organizer_301776,Agency,Chennai,5.0,invalid_email
301777,ORG-301777,Organizer_301777,Company,Pune,18.0,contact301777@events.com
301778,ORG-301778,Organizer_301778,Agency,Gurugram,19.0,contact301778@events.com
301779,ORG-301779,Organizer_301779,Community,Kolkata,17.0,contact301779@events.com
301780,ORG-301780,Organizer_301780,Community,Hyderabad,23.0,contact301780@events.com
301781,ORG-301781,Organizer_301781,Individual,Ranchi,23.0,contact301781@events.com
301782,ORG-301782,Organizer_301782,Agency,Hyderabad,3.0,contact301782@events.com
301783,ORG-301783,Organizer_301783,Community,Ranchi,21.0,contact301783@events.com
301784,ORG-301784,Organizer_301784,Community,Ranchi,,contact301784@events.com
301785,ORG-301785,Organizer_301785,Agency,Indore,,contact301785@events.com
301786,ORG-301786,Organizer_301786,Individual,Pune,9.0,contact301786@events.com
301787,ORG-301787,Organizer_301787,Individual,Hyderabad,9.0,contact301787@events.com
301788,ORG-301788,Organizer_301788,Company,Gaya,7.0,contact301788@events.com
301789,ORG-301789,Organizer_301789,Company,Patna,8.0,contact301789@events.com
301790,ORG-301790,Organizer_301790,Agency,Gaya,15.0,contact301790@events.com
301791,ORG-301791,Organizer_301791,Company,Kolkata,10.0,contact301791@events.com
301792,ORG-301792,Organizer_301792,Community,Noida,24.0,contact301792@events.com
301793,ORG-301793,Organizer_301793,Agency,Bengaluru,12.0,contact301793@events.com
301794,ORG-301794,Organizer_301794,NGO,Hyderabad,20.0,contact301794@events.com
301795,ORG-301795,Organizer_301795,Agency,Noida,17.0,contact301795@events.com
301796,ORG-301796,Organizer_301796,Agency,Ranchi,23.0,contact301796@events.com
301797,ORG-301797,Organizer_301797,Company,Delhi,24.0,contact301797@events.com
301798,ORG-301798,Organizer_301798,Company,Ahmedabad,18.0,contact301798@events.com
301799,ORG-301799,Organizer_301799,Agency,Chennai,,contact301799@events.com
301800,ORG-301800,Organizer_301800,NGO,Hyderabad,11.0,contact301800@events.com
301801,ORG-301801,Organizer_301801,Community,Jaipur,3.0,contact301801@events.com
301802,ORG-301802,Organizer_301802,Agency,Mumbai,23.0,contact301802@events.com
301803,ORG-301803,Organizer_301803,Agency,Chandigarh,4.0,contact301803@events.com
301804,ORG-301804,Organizer_301804,Community,Pune,20.0,contact301804@events.com
301805,ORG-301805,Organizer_301805,Company,Chandigarh,3.0,contact301805@events.com
301806,ORG-301806,Organizer_301806,Agency,Ahmedabad,20.0,contact301806@events.com
301807,ORG-301807,Organizer_301807,Company,Delhi,18.0,contact301807@events.com
301808,ORG-301808,Organizer_301808,Company,Bengaluru,14.0,contact301808@events.com
301809,ORG-301809,Organizer_301809,NGO,Kolkata,15.0,contact301809@events.com
301810,ORG-301810,Organizer_301810,Agency,Patna,3.0,contact301810@events.com
301811,ORG-301811,Organizer_301811,Company,Ranchi,24.0,contact301811@events.com
301812,ORG-301812,Organizer_301812,Company,Mumbai,,contact301812@events.com
301813,ORG-301813,Organizer_301813,NGO,Delhi,7.0,contact301813@events.com
301814,ORG-301814,Organizer_301814,Individual,Bhopal,16.0,contact301814@events.com
301815,ORG-301815,Organizer_301815,Agency,Ahmedabad,11.0,invalid_email
301816,ORG-301816,Organizer_301816,Company,Noida,3.0,contact301816@events.com
301817,ORG-301817,Organizer_301817,Community,Jaipur,10.0,contact301817@events.com
301818,ORG-301818,Organizer_301818,Company,Patna,8.0,contact301818@events.com
301819,ORG-301819,Organizer_301819,NGO,Kolkata,1.0,contact301819@events.com
301820,ORG-301820,Organizer_301820,Company,Chennai,5.0,contact301820@events.com
301821,ORG-301821,Organizer_301821,Agency,Ahmedabad,14.0,contact301821@events.com
301822,ORG-301822,Organizer_301822,Individual,Chandigarh,8.0,contact301822@events.com
301823,ORG-301823,Organizer_301823,Company,Delhi,23.0,contact301823@events.com
301824,ORG-301824,Organizer_301824,Company,Kolkata,17.0,contact301824@events.com
301825,ORG-301825,Organizer_301825,Agency,Chandigarh,1.0,contact301825@events.com
301826,ORG-301826,Organizer_301826,Community,Indore,15.0,contact301826@events.com
301827,ORG-301827,Organizer_301827,NGO,Delhi,3.0,contact301827@events.com
301828,ORG-301828,Organizer_301828,Company,Pune,15.0,contact301828@events.com
301829,ORG-301829,Organizer_301829,Community,Pune,1.0,contact301829@events.com
301830,ORG-301830,Organizer_301830,Agency,Chandigarh,15.0,contact301830@events.com
301831,ORG-301831,Organizer_301831,Agency,Ahmedabad,20.0,contact301831@events.com
301832,ORG-301832,Organizer_301832,Company,Mumbai,9.0,contact301832@events.com
301833,ORG-301833,Organizer_301833,Agency,Hyderabad,4.0,contact301833@events.com
301834,ORG-301834,Organizer_301834,NGO,Pune,4.0,contact301834@events.com
301835,ORG-301835,Organizer_301835,NGO,Indore,11.0,contact301835@events.com
301836,ORG-301836,Organizer_301836,Community,Ranchi,16.0,contact301836@events.com
301837,ORG-301837,Organizer_301837,Individual,Bhopal,16.0,contact301837@events.com
301838,ORG-301838,Organizer_301838,Company,Noida,5.0,contact301838@events.com
301839,ORG-301839,Organizer_301839,NGO,Jaipur,9.0,contact301839@events.com
301840,ORG-301840,Organizer_301840,NGO,Ranchi,16.0,contact301840@events.com
301841,ORG-301841,Organizer_301841,Community,Indore,23.0,contact301841@events.com
301842,ORG-301842,Organizer_301842,Individual,Bengaluru,24.0,contact301842@events.com
301843,ORG-301843,Organizer_301843,NGO,Noida,11.0,contact301843@events.com
301844,ORG-301844,Organizer_301844,NGO,Gurugram,17.0,contact301844@events.com
301845,ORG-301845,Organizer_301845,Community,Gurugram,6.0,contact301845@events.com
301846,ORG-301846,Organizer_301846,Company,Pune,3.0,invalid_email
301847,ORG-301847,Organizer_301847,Agency,Indore,17.0,contact301847@events.com
301848,ORG-301848,Organizer_301848,Agency,Indore,20.0,contact301848@events.com
301849,ORG-301849,Organizer_301849,Community,Hyderabad,1.0,contact301849@events.com
301850,ORG-301850,Organizer_301850,Company,Patna,11.0,contact301850@events.com
301851,ORG-301851,Organizer_301851,Company,Ranchi,,contact301851@events.com
301852,ORG-301852,Organizer_301852,Individual,Lucknow,23.0,contact301852@events.com
301853,ORG-301853,Organizer_301853,Individual,Indore,10.0,contact301853@events.com
301854,ORG-301854,Organizer_301854,Agency,Chennai,16.0,contact301854@events.com
301855,ORG-301855,Organizer_301855,Individual,Jaipur,20.0,contact301855@events.com
301856,ORG-301856,Organizer_301856,Individual,Bengaluru,10.0,contact301856@events.com
301857,ORG-301857,Organizer_301857,Company,Indore,4.0,contact301857@events.com
301858,ORG-301858,Organizer_301858,Agency,Chennai,3.0,invalid_email
301859,ORG-301859,Organizer_301859,NGO,Ranchi,,contact301859@events.com
301860,ORG-301860,Organizer_301860,Individual,Jaipur,21.0,contact301860@events.com
301861,ORG-301861,Organizer_301861,Agency,Lucknow,19.0,contact301861@events.com
301862,ORG-301862,Organizer_301862,NGO,Delhi,7.0,contact301862@events.com
301863,ORG-301863,Organizer_301863,Individual,Ahmedabad,12.0,contact301863@events.com
301864,ORG-301864,Organizer_301864,NGO,Kolkata,3.0,contact301864@events.com
301865,ORG-301865,Organizer_301865,Company,Delhi,8.0,contact301865@events.com
301866,ORG-301866,Organizer_301866,NGO,Pune,5.0,contact301866@events.com
301867,ORG-301867,Organizer_301867,Company,Chandigarh,1.0,invalid_email
301868,ORG-301868,Organizer_301868,Agency,Gurugram,7.0,contact301868@events.com
301869,ORG-301869,Organizer_301869,Individual,Delhi,8.0,contact301869@events.com
301870,ORG-301870,Organizer_301870,Company,Delhi,11.0,contact301870@events.com
301871,ORG-301871,Organizer_301871,Agency,Delhi,24.0,contact301871@events.com
301872,ORG-301872,Organizer_301872,NGO,Bengaluru,18.0,contact301872@events.com
301873,ORG-301873,Organizer_301873,NGO,Delhi,15.0,contact301873@events.com
301874,ORG-301874,Organizer_301874,Community,Pune,23.0,contact301874@events.com
301875,ORG-301875,Organizer_301875,Individual,Mumbai,19.0,contact301875@events.com
301876,ORG-301876,Organizer_301876,Community,Ranchi,,contact301876@events.com
301877,ORG-301877,Organizer_301877,Community,Lucknow,15.0,contact301877@events.com
301878,ORG-301878,Organizer_301878,Individual,Delhi,11.0,contact301878@events.com
301879,ORG-301879,Organizer_301879,Agency,Patna,7.0,contact301879@events.com
301880,ORG-301880,Organizer_301880,Company,Gaya,21.0,contact301880@events.com
301881,ORG-301881,Organizer_301881,Community,Ahmedabad,13.0,contact301881@events.com
301882,ORG-301882,Organizer_301882,NGO,Jaipur,4.0,contact301882@events.com
301883,ORG-301883,Organizer_301883,NGO,Ranchi,19.0,contact301883@events.com
301884,ORG-301884,Organizer_301884,Individual,Lucknow,24.0,contact301884@events.com
301885,ORG-301885,Organizer_301885,Individual,Gurugram,,contact301885@events.com
301886,ORG-301886,Organizer_301886,Community,Delhi,22.0,contact301886@events.com
301887,ORG-301887,Organizer_301887,Agency,Jaipur,4.0,invalid_email
301888,ORG-301888,Organizer_301888,Agency,Bhopal,24.0,contact301888@events.com
301889,ORG-301889,Organizer_301889,Community,Gurugram,18.0,contact301889@events.com
301890,ORG-301890,Organizer_301890,Company,Patna,24.0,contact301890@events.com
301891,ORG-301891,Organizer_301891,Company,Indore,6.0,invalid_email
301892,ORG-301892,Organizer_301892,Community,Hyderabad,11.0,contact301892@events.com
301893,ORG-301893,Organizer_301893,Individual,Jaipur,1.0,contact301893@events.com
301894,ORG-301894,Organizer_301894,Company,Gurugram,3.0,contact301894@events.com
301895,ORG-301895,Organizer_301895,Individual,Bhopal,8.0,contact301895@events.com
301896,ORG-301896,Organizer_301896,NGO,Noida,23.0,contact301896@events.com
301897,ORG-301897,Organizer_301897,Community,Lucknow,7.0,contact301897@events.com
301898,ORG-301898,Organizer_301898,NGO,Patna,1.0,contact301898@events.com
301899,ORG-301899,Organizer_301899,Individual,Mumbai,,contact301899@events.com
301900,ORG-301900,Organizer_301900,Agency,Pune,,contact301900@events.com
301901,ORG-301901,Organizer_301901,Community,Bengaluru,9.0,contact301901@events.com
301902,ORG-301902,Organizer_301902,Individual,Patna,,contact301902@events.com
301903,ORG-301903,Organizer_301903,Community,Chennai,15.0,contact301903@events.com
301904,ORG-301904,Organizer_301904,Individual,Noida,18.0,contact301904@events.com
301905,ORG-301905,Organizer_301905,Agency,Bhopal,1.0,invalid_email
301906,ORG-301906,Organizer_301906,Company,Jaipur,17.0,contact301906@events.com
301907,ORG-301907,Organizer_301907,Company,Chennai,1.0,contact301907@events.com
301908,ORG-301908,Organizer_301908,NGO,Hyderabad,12.0,invalid_email
301909,ORG-301909,Organizer_301909,Community,Patna,6.0,invalid_email
301910,ORG-301910,Organizer_301910,Agency,Noida,13.0,contact301910@events.com
301911,ORG-301911,Organizer_301911,Individual,Jaipur,17.0,contact301911@events.com
301912,ORG-301912,Organizer_301912,Community,Hyderabad,7.0,contact301912@events.com
301913,ORG-301913,Organizer_301913,Community,Hyderabad,1.0,contact301913@events.com
301914,ORG-301914,Organizer_301914,Individual,Kolkata,3.0,contact301914@events.com
301915,ORG-301915,Organizer_301915,NGO,Lucknow,15.0,contact301915@events.com
301916,ORG-301916,Organizer_301916,Company,Kolkata,14.0,contact301916@events.com
301917,ORG-301917,Organizer_301917,Company,Chennai,15.0,contact301917@events.com
301918,ORG-301918,Organizer_301918,Community,Lucknow,9.0,contact301918@events.com
301919,ORG-301919,Organizer_301919,Community,Indore,22.0,contact301919@events.com
301920,ORG-301920,Organizer_301920,Individual,Gaya,8.0,contact301920@events.com
301921,ORG-301921,Organizer_301921,Individual,Gurugram,13.0,contact301921@events.com
301922,ORG-301922,Organizer_301922,Agency,Delhi,7.0,contact301922@events.com
301923,ORG-301923,Organizer_301923,NGO,Lucknow,14.0,contact301923@events.com
301924,ORG-301924,Organizer_301924,Individual,Chandigarh,18.0,contact301924@events.com
301925,ORG-301925,Organizer_301925,Company,Ahmedabad,24.0,contact301925@events.com
301926,ORG-301926,Organizer_301926,Individual,Jaipur,17.0,contact301926@events.com
301927,ORG-301927,Organizer_301927,Company,Pune,19.0,contact301927@events.com
301928,ORG-301928,Organizer_301928,Individual,Ahmedabad,16.0,contact301928@events.com
301929,ORG-301929,Organizer_301929,Individual,Delhi,,invalid_email
301930,ORG-301930,Organizer_301930,Community,Chandigarh,8.0,contact301930@events.com
301931,ORG-301931,Organizer_301931,Individual,Chandigarh,2.0,contact301931@events.com
301932,ORG-301932,Organizer_301932,NGO,Noida,18.0,contact301932@events.com
301933,ORG-301933,Organizer_301933,Agency,Jaipur,5.0,contact301933@events.com
301934,ORG-301934,Organizer_301934,Agency,Bengaluru,9.0,contact301934@events.com
301935,ORG-301935,Organizer_301935,Company,Bengaluru,9.0,contact301935@events.com
301936,ORG-301936,Organizer_301936,Individual,Ranchi,,contact301936@events.com
301937,ORG-301937,Organizer_301937,NGO,Bhopal,24.0,contact301937@events.com
301938,ORG-301938,Organizer_301938,NGO,Noida,3.0,contact301938@events.com
301939,ORG-301939,Organizer_301939,NGO,Ranchi,11.0,contact301939@events.com
301940,ORG-301940,Organizer_301940,Individual,Indore,18.0,contact301940@events.com
301941,ORG-301941,Organizer_301941,Company,Chandigarh,1.0,contact301941@events.com
301942,ORG-301942,Organizer_301942,Individual,Lucknow,3.0,contact301942@events.com
301943,ORG-301943,Organizer_301943,Agency,Delhi,,contact301943@events.com
301944,ORG-301944,Organizer_301944,Company,Mumbai,4.0,contact301944@events.com
301945,ORG-301945,Organizer_301945,NGO,Delhi,17.0,contact301945@events.com
301946,ORG-301946,Organizer_301946,Agency,Delhi,5.0,contact301946@events.com
301947,ORG-301947,Organizer_301947,Individual,Hyderabad,5.0,contact301947@events.com
301948,ORG-301948,Organizer_301948,Company,Lucknow,12.0,contact301948@events.com
301949,ORG-301949,Organizer_301949,Community,Delhi,16.0,contact301949@events.com
301950,ORG-301950,Organizer_301950,NGO,Gurugram,16.0,contact301950@events.com
301951,ORG-301951,Organizer_301951,Agency,Ahmedabad,19.0,contact301951@events.com
301952,ORG-301952,Organizer_301952,Community,Jaipur,6.0,contact301952@events.com
301953,ORG-301953,Organizer_301953,Company,Lucknow,12.0,contact301953@events.com
301954,ORG-301954,Organizer_301954,Individual,Ahmedabad,1.0,contact301954@events.com
301955,ORG-301955,Organizer_301955,NGO,Gaya,20.0,contact301955@events.com
301956,ORG-301956,Organizer_301956,Company,Gaya,,invalid_email
301957,ORG-301957,Organizer_301957,Individual,Chandigarh,8.0,contact301957@events.com
301958,ORG-301958,Organizer_301958,Community,Chennai,,contact301958@events.com
301959,ORG-301959,Organizer_301959,Company,Gaya,11.0,contact301959@events.com
301960,ORG-301960,Organizer_301960,Individual,Hyderabad,10.0,contact301960@events.com
301961,ORG-301961,Organizer_301961,NGO,Pune,,invalid_email
301962,ORG-301962,Organizer_301962,Agency,Gaya,13.0,contact301962@events.com
301963,ORG-301963,Organizer_301963,Individual,Pune,21.0,contact301963@events.com
301964,ORG-301964,Organizer_301964,Company,Gaya,8.0,contact301964@events.com
301965,ORG-301965,Organizer_301965,Company,Gurugram,19.0,invalid_email
301966,ORG-301966,Organizer_301966,NGO,Noida,,contact301966@events.com
301967,ORG-301967,Organizer_301967,Individual,Kolkata,24.0,contact301967@events.com
301968,ORG-301968,Organizer_301968,Agency,Ranchi,14.0,contact301968@events.com
301969,ORG-301969,Organizer_301969,Company,Noida,22.0,contact301969@events.com
301970,ORG-301970,Organizer_301970,Company,Gurugram,11.0,contact301970@events.com
301971,ORG-301971,Organizer_301971,Agency,Jaipur,23.0,contact301971@events.com
301972,ORG-301972,Organizer_301972,Agency,Ahmedabad,,contact301972@events.com
301973,ORG-301973,Organizer_301973,Company,Chennai,8.0,invalid_email
301974,ORG-301974,Organizer_301974,NGO,Lucknow,16.0,contact301974@events.com
301975,ORG-301975,Organizer_301975,Company,Indore,,invalid_email
301976,ORG-301976,Organizer_301976,Company,Patna,,contact301976@events.com
301977,ORG-301977,Organizer_301977,Community,Patna,1.0,contact301977@events.com
301978,ORG-301978,Organizer_301978,Individual,Noida,12.0,contact301978@events.com
301979,ORG-301979,Organizer_301979,Agency,Gurugram,12.0,contact301979@events.com
301980,ORG-301980,Organizer_301980,Agency,Pune,15.0,contact301980@events.com
301981,ORG-301981,Organizer_301981,Agency,Patna,4.0,contact301981@events.com
301982,ORG-301982,Organizer_301982,NGO,Ranchi,12.0,contact301982@events.com
301983,ORG-301983,Organizer_301983,Agency,Noida,,contact301983@events.com
301984,ORG-301984,Organizer_301984,Company,Chandigarh,18.0,contact301984@events.com
301985,ORG-301985,Organizer_301985,Individual,Indore,10.0,contact301985@events.com
301986,ORG-301986,Organizer_301986,Community,Indore,7.0,contact301986@events.com
301987,ORG-301987,Organizer_301987,Community,Bhopal,20.0,invalid_email
301988,ORG-301988,Organizer_301988,NGO,Bengaluru,,contact301988@events.com
301989,ORG-301989,Organizer_301989,Agency,Lucknow,8.0,contact301989@events.com
301990,ORG-301990,Organizer_301990,Agency,Gaya,15.0,contact301990@events.com
301991,ORG-301991,Organizer_301991,Individual,Chandigarh,24.0,contact301991@events.com
301992,ORG-301992,Organizer_301992,Community,Gaya,7.0,contact301992@events.com
301993,ORG-301993,Organizer_301993,Company,Ahmedabad,14.0,contact301993@events.com
301994,ORG-301994,Organizer_301994,Individual,Jaipur,18.0,contact301994@events.com
301995,ORG-301995,Organizer_301995,Community,Noida,24.0,contact301995@events.com
301996,ORG-301996,Organizer_301996,Agency,Ranchi,10.0,contact301996@events.com
301997,ORG-301997,Organizer_301997,Community,Delhi,17.0,contact301997@events.com
301998,ORG-301998,Organizer_301998,Company,Bhopal,11.0,contact301998@events.com
301999,ORG-301999,Organizer_301999,NGO,Jaipur,24.0,contact301999@events.com
302000,ORG-302000,Organizer_302000,Community,Noida,4.0,invalid_email
300052,ORG-300052,Organizer_300052,Agency,Patna,6.0,contact300052@events.com
301328,ORG-301328,Organizer_301328,Individual,Kolkata,11.0,contact301328@events.com
301489,ORG-301489,Organizer_301489,Agency,Bhopal,17.0,contact301489@events.com
301433,ORG-301433,Organizer_301433,Community,Indore,1.0,contact301433@events.com
300418,ORG-300418,Organizer_300418,Company,Indore,19.0,contact300418@events.com
300270,ORG-300270,Organizer_300270,Individual,Chandigarh,15.0,contact300270@events.com
300192,ORG-300192,Organizer_300192,Agency,Chandigarh,11.0,contact300192@events.com
301890,ORG-301890,Organizer_301890,Company,Patna,24.0,contact301890@events.com
301344,ORG-301344,Organizer_301344,NGO,Indore,24.0,contact301344@events.com
301792,ORG-301792,Organizer_301792,Community,Noida,24.0,contact301792@events.com
300437,ORG-300437,Organizer_300437,NGO,Patna,18.0,contact300437@events.com
300157,ORG-300157,Organizer_300157,Community,Indore,8.0,contact300157@events.com
301857,ORG-301857,Organizer_301857,Company,Indore,4.0,contact301857@events.com
301469,ORG-301469,Organizer_301469,Agency,Chennai,3.0,contact301469@events.com
300267,ORG-300267,Organizer_300267,Agency,Delhi,2.0,contact300267@events.com
300661,ORG-300661,Organizer_300661,Company,Bhopal,12.0,contact300661@events.com
301739,ORG-301739,Organizer_301739,Company,Hyderabad,2.0,contact301739@events.com
300493,ORG-300493,Organizer_300493,Agency,Chandigarh,3.0,contact300493@events.com
301522,ORG-301522,Organizer_301522,Individual,Delhi,23.0,contact301522@events.com
300034,ORG-300034,Organizer_300034,Agency,Patna,,contact300034@events.com
301598,ORG-301598,Organizer_301598,NGO,Ranchi,1.0,contact301598@events.com
300612,ORG-300612,Organizer_300612,Agency,Hyderabad,22.0,contact300612@events.com
301817,ORG-301817,Organizer_301817,Community,Jaipur,10.0,contact301817@events.com
301990,ORG-301990,Organizer_301990,Agency,Gaya,15.0,contact301990@events.com
301764,ORG-301764,Organizer_301764,Individual,Indore,5.0,contact301764@events.com
301748,ORG-301748,Organizer_301748,Community,Kolkata,22.0,invalid_email
300150,ORG-300150,Organizer_300150,NGO,Delhi,5.0,contact300150@events.com
300669,ORG-300669,Organizer_300669,Company,Chandigarh,19.0,contact300669@events.com
300611,ORG-300611,Organizer_300611,NGO,Kolkata,1.0,contact300611@events.com
301114,ORG-301114,Organizer_301114,NGO,Delhi,14.0,invalid_email
301313,ORG-301313,Organizer_301313,Individual,Delhi,11.0,contact301313@events.com
301868,ORG-301868,Organizer_301868,Agency,Gurugram,7.0,contact301868@events.com
300967,ORG-300967,Organizer_300967,Agency,Mumbai,3.0,contact300967@events.com
300784,ORG-300784,Organizer_300784,Agency,Patna,19.0,contact300784@events.com
300484,ORG-300484,Organizer_300484,Individual,Mumbai,1.0,contact300484@events.com
300121,ORG-300121,Organizer_300121,NGO,Bengaluru,13.0,contact300121@events.com
301729,ORG-301729,Organizer_301729,Community,Chandigarh,14.0,contact301729@events.com
300363,ORG-300363,Organizer_300363,Company,Bhopal,8.0,contact300363@events.com
300620,ORG-300620,Organizer_300620,Agency,Ahmedabad,18.0,contact300620@events.com
300945,ORG-300945,Organizer_300945,Agency,Bhopal,11.0,contact300945@events.com
300116,ORG-300116,Organizer_300116,Individual,Delhi,9.0,contact300116@events.com
301449,ORG-301449,Organizer_301449,Company,Gaya,18.0,contact301449@events.com
301272,ORG-301272,Organizer_301272,Company,Ahmedabad,8.0,contact301272@events.com
301093,ORG-301093,Organizer_301093,Community,Mumbai,,contact301093@events.com
300223,ORG-300223,Organizer_300223,NGO,Kolkata,4.0,contact300223@events.com
300479,ORG-300479,Organizer_300479,NGO,Bengaluru,,contact300479@events.com
301448,ORG-301448,Organizer_301448,NGO,Bengaluru,12.0,contact301448@events.com
301315,ORG-301315,Organizer_301315,Company,Gurugram,2.0,contact301315@events.com
301961,ORG-301961,Organizer_301961,NGO,Pune,,invalid_email
300510,ORG-300510,Organizer_300510,Individual,Pune,19.0,contact300510@events.com
301032,ORG-301032,Organizer_301032,NGO,Ranchi,18.0,contact301032@events.com
300209,ORG-300209,Organizer_300209,NGO,Patna,8.0,contact300209@events.com
300558,ORG-300558,Organizer_300558,Agency,Lucknow,5.0,contact300558@events.com
300547,ORG-300547,Organizer_300547,Company,Chandigarh,23.0,contact300547@events.com
300601,ORG-300601,Organizer_300601,Company,Bengaluru,10.0,contact300601@events.com
301417,ORG-301417,Organizer_301417,Agency,Delhi,10.0,contact301417@events.com
300690,ORG-300690,Organizer_300690,Community,Chennai,12.0,contact300690@events.com
300177,ORG-300177,Organizer_300177,Agency,Delhi,8.0,contact300177@events.com
300127,ORG-300127,Organizer_300127,Community,Jaipur,6.0,contact300127@events.com
300990,ORG-300990,Organizer_300990,Company,Bengaluru,20.0,contact300990@events.com
300182,ORG-300182,Organizer_300182,Community,Lucknow,15.0,contact300182@events.com
301074,ORG-301074,Organizer_301074,Agency,Ahmedabad,23.0,contact301074@events.com
300426,ORG-300426,Organizer_300426,NGO,Chennai,16.0,contact300426@events.com
301259,ORG-301259,Organizer_301259,NGO,Chandigarh,12.0,contact301259@events.com
301933,ORG-301933,Organizer_301933,Agency,Jaipur,5.0,contact301933@events.com
301429,ORG-301429,Organizer_301429,NGO,Bengaluru,9.0,contact301429@events.com
300781,ORG-300781,Organizer_300781,NGO,Bengaluru,22.0,contact300781@events.com
300549,ORG-300549,Organizer_300549,NGO,Noida,5.0,contact300549@events.com
300929,ORG-300929,Organizer_300929,Company,Mumbai,15.0,contact300929@events.com
300993,ORG-300993,Organizer_300993,Community,Kolkata,10.0,invalid_email
301827,ORG-301827,Organizer_301827,NGO,Delhi,3.0,contact301827@events.com
301221,ORG-301221,Organizer_301221,Individual,Bhopal,15.0,contact301221@events.com
300590,ORG-300590,Organizer_300590,Community,Chennai,14.0,contact300590@events.com
300142,ORG-300142,Organizer_300142,Company,Gurugram,23.0,contact300142@events.com
300087,ORG-300087,Organizer_300087,Agency,Mumbai,23.0,contact300087@events.com
300369,ORG-300369,Organizer_300369,Individual,Mumbai,11.0,invalid_email
301963,ORG-301963,Organizer_301963,Individual,Pune,21.0,contact301963@events.com
300976,ORG-300976,Organizer_300976,NGO,Chandigarh,18.0,contact300976@events.com
301438,ORG-301438,Organizer_301438,Individual,Chennai,20.0,contact301438@events.com
301270,ORG-301270,Organizer_301270,NGO,Patna,3.0,contact301270@events.com
301668,ORG-301668,Organizer_301668,Agency,Gaya,17.0,contact301668@events.com
300829,ORG-300829,Organizer_300829,Community,Indore,14.0,contact300829@events.com
300588,ORG-300588,Organizer_300588,Individual,Jaipur,,contact300588@events.com
300218,ORG-300218,Organizer_300218,Individual,Ahmedabad,16.0,contact300218@events.com
300048,ORG-300048,Organizer_300048,NGO,Gurugram,7.0,contact300048@events.com
301891,ORG-301891,Organizer_301891,Company,Indore,6.0,invalid_email
300773,ORG-300773,Organizer_300773,Individual,Pune,22.0,contact300773@events.com
300856,ORG-300856,Organizer_300856,Community,Indore,19.0,contact300856@events.com
300294,ORG-300294,Organizer_300294,Individual,Delhi,16.0,contact300294@events.com
300944,ORG-300944,Organizer_300944,Agency,Mumbai,12.0,contact300944@events.com
300632,ORG-300632,Organizer_300632,Individual,Bengaluru,10.0,contact300632@events.com
300016,ORG-300016,Organizer_300016,Individual,Bhopal,,contact300016@events.com
300956,ORG-300956,Organizer_300956,NGO,Bengaluru,17.0,contact300956@events.com
301693,ORG-301693,Organizer_301693,Agency,Bhopal,7.0,invalid_email
301765,ORG-301765,Organizer_301765,Individual,Lucknow,2.0,contact301765@events.com
301204,ORG-301204,Organizer_301204,NGO,Lucknow,,invalid_email
300013,ORG-300013,Organizer_300013,Community,Noida,1.0,contact300013@events.com
300195,ORG-300195,Organizer_300195,Agency,Ranchi,14.0,contact300195@events.com
301432,ORG-301432,Organizer_301432,Agency,Indore,21.0,contact301432@events.com
301350,ORG-301350,Organizer_301350,Community,Kolkata,10.0,contact301350@events.com
